Time,Tp,Cl,pH,Redox,Leit,Trueb,Cl_2,Fm,Fm_2,EVENT
2016-10-30 00:00:00,10.7,0.16,8.39,749.0,210.0,0.017,0.095,1436.0,881.0,False
2016-10-30 00:01:00,10.7,0.16,8.38,749.0,206.0,0.017,0.095,1387.0,886.0,False
2016-10-30 00:02:00,10.7,0.16,8.38,749.0,206.0,0.017,0.095,1394.0,873.0,False
2016-10-30 00:03:00,10.7,0.16,8.38,749.0,206.0,0.018,0.095,1391.0,884.0,False
2016-10-30 00:04:00,10.7,0.16,8.38,749.0,206.0,0.017,0.095,1394.0,880.0,False
2016-10-30 00:05:00,10.7,0.16,8.38,749.0,206.0,0.017,0.095,1371.0,876.0,False
2016-10-30 00:06:00,10.7,0.16,8.38,749.0,206.0,0.018,0.095,1412.0,880.0,False
2016-10-30 00:07:00,10.7,0.16,8.38,750.0,206.0,0.017,0.095,1336.0,879.0,False
2016-10-30 00:08:00,10.7,0.16,8.38,749.0,210.0,0.017,0.096,1365.0,881.0,False
2016-10-30 00:09:00,10.7,0.16,8.38,749.0,206.0,0.017,0.095,1395.0,876.0,False
2016-10-30 00:10:00,10.7,0.16,8.38,749.0,210.0,0.017,0.097,1356.0,879.0,False
2016-10-30 00:11:00,10.7,0.16,8.37,748.0,206.0,0.018,0.097,1406.0,881.0,False
2016-10-30 00:12:00,10.7,0.16,8.37,749.0,210.0,0.017,0.096,1371.0,886.0,False
2016-10-30 00:13:00,10.7,0.16,8.37,749.0,206.0,0.017,0.097,1402.0,878.0,False
2016-10-30 00:14:00,10.7,0.16,8.37,749.0,206.0,0.016,0.097,1405.0,876.0,False
2016-10-30 00:15:00,10.7,0.16,8.38,749.0,206.0,0.021,0.097,1391.0,878.0,False
2016-10-30 00:16:00,10.7,0.16,8.37,749.0,206.0,0.017,0.097,1383.0,879.0,False
2016-10-30 00:17:00,10.7,0.16,8.37,749.0,206.0,0.016,0.097,1378.0,879.0,False
2016-10-30 00:18:00,10.7,0.16,8.37,749.0,206.0,0.017,0.097,1355.0,876.0,False
2016-10-30 00:19:00,10.7,0.16,8.37,749.0,206.0,0.017,0.097,1376.0,884.0,False
2016-10-30 00:20:00,10.7,0.16,8.37,749.0,206.0,0.018,0.097,1361.0,878.0,False
2016-10-30 00:21:00,10.7,0.16,8.37,748.0,206.0,0.017,0.097,1370.0,878.0,False
2016-10-30 00:22:00,10.7,0.16,8.37,749.0,210.0,0.017,0.097,1378.0,879.0,False
2016-10-30 00:23:00,10.7,0.16,8.37,749.0,210.0,0.018,0.098,1362.0,876.0,False
2016-10-30 00:24:00,10.7,0.16,8.38,749.0,210.0,0.018,0.097,1379.0,881.0,False
2016-10-30 00:25:00,10.7,0.16,8.38,749.0,206.0,0.017,0.097,1343.0,875.0,False
2016-10-30 00:26:00,10.7,0.16,8.38,749.0,206.0,0.017,0.097,1391.0,876.0,False
2016-10-30 00:27:00,10.7,0.16,8.38,749.0,206.0,0.018,0.098,1385.0,875.0,False
2016-10-30 00:28:00,10.7,0.16,8.38,749.0,206.0,0.018,0.097,1400.0,870.0,False
2016-10-30 00:29:00,10.7,0.16,8.38,749.0,210.0,0.017,0.097,1371.0,880.0,False
2016-10-30 00:30:00,10.7,0.16,8.38,749.0,206.0,0.017,0.098,1405.0,876.0,False
2016-10-30 00:31:00,10.7,0.16,8.38,749.0,210.0,0.018,0.098,1368.0,873.0,False
2016-10-30 00:32:00,10.7,0.16,8.38,749.0,210.0,0.018,0.098,1377.0,872.0,False
2016-10-30 00:33:00,10.7,0.16,8.39,749.0,210.0,0.018,0.098,1355.0,876.0,False
2016-10-30 00:34:00,10.7,0.16,8.39,749.0,206.0,0.017,0.098,1393.0,879.0,False
2016-10-30 00:35:00,10.7,0.16,8.38,749.0,210.0,0.018,0.098,1379.0,875.0,False
2016-10-30 00:36:00,10.7,0.16,8.38,749.0,210.0,0.017,0.097,1395.0,875.0,False
2016-10-30 00:37:00,10.7,0.16,8.38,749.0,210.0,0.017,0.097,1353.0,878.0,False
2016-10-30 00:38:00,10.7,0.16,8.39,749.0,210.0,0.017,0.097,1379.0,884.0,False
2016-10-30 00:39:00,10.7,0.16,8.39,749.0,210.0,0.018,0.097,1366.0,875.0,False
2016-10-30 00:40:00,10.7,0.16,8.39,749.0,210.0,0.018,0.097,1372.0,872.0,False
2016-10-30 00:41:00,10.7,0.16,8.39,748.0,210.0,0.017,0.097,1348.0,879.0,False
2016-10-30 00:42:00,10.7,0.16,8.38,749.0,210.0,0.018,0.098,1401.0,870.0,False
2016-10-30 00:43:00,10.7,0.16,8.39,749.0,210.0,0.017,0.098,1414.0,880.0,False
2016-10-30 00:44:00,10.7,0.16,8.39,749.0,210.0,0.018,0.097,1355.0,920.0,False
2016-10-30 00:45:00,10.7,0.15,8.39,749.0,210.0,0.018,0.098,1413.0,930.0,False
2016-10-30 00:46:00,10.7,0.15,8.39,749.0,210.0,0.02,0.097,1326.0,931.0,False
2016-10-30 00:47:00,10.7,0.15,8.39,749.0,210.0,0.018,0.097,1406.0,939.0,False
2016-10-30 00:48:00,10.7,0.15,8.38,749.0,210.0,0.017,0.097,1393.0,944.0,False
2016-10-30 00:49:00,10.7,0.15,8.39,749.0,210.0,0.018,0.097,1359.0,942.0,False
2016-10-30 00:50:00,10.7,0.15,8.39,749.0,210.0,0.018,0.097,1405.0,943.0,False
2016-10-30 00:51:00,10.7,0.15,8.39,749.0,210.0,0.017,0.097,1349.0,942.0,False
2016-10-30 00:52:00,10.7,0.15,8.39,749.0,210.0,0.017,0.097,1381.0,938.0,False
2016-10-30 00:53:00,10.7,0.15,8.39,749.0,210.0,0.017,0.097,1406.0,931.0,False
2016-10-30 00:54:00,10.7,0.15,8.39,749.0,210.0,0.018,0.095,1371.0,943.0,False
2016-10-30 00:55:00,10.7,0.16,8.38,750.0,210.0,0.018,0.097,1370.0,939.0,False
2016-10-30 00:56:00,10.7,0.16,8.38,749.0,210.0,0.018,0.095,1402.0,939.0,False
2016-10-30 00:57:00,10.7,0.16,8.38,749.0,210.0,0.017,0.095,1372.0,944.0,False
2016-10-30 00:58:00,10.7,0.16,8.38,749.0,210.0,0.018,0.095,1402.0,943.0,False
2016-10-30 00:59:00,10.7,0.16,8.38,749.0,210.0,0.018,0.095,1327.0,938.0,False
2016-10-30 01:00:00,10.7,0.16,8.38,749.0,210.0,0.017,0.096,1385.0,938.0,False
2016-10-30 01:01:00,10.7,0.16,8.38,749.0,210.0,0.017,0.095,1377.0,937.0,False
2016-10-30 01:02:00,10.7,0.16,8.38,749.0,210.0,0.017,0.097,1339.0,945.0,False
2016-10-30 01:03:00,10.7,0.16,8.38,748.0,210.0,0.017,0.097,1387.0,936.0,False
2016-10-30 01:04:00,10.7,0.16,8.37,749.0,210.0,0.017,0.097,1391.0,942.0,False
2016-10-30 01:05:00,10.7,0.16,8.38,749.0,210.0,0.017,0.095,1347.0,945.0,False
2016-10-30 01:06:00,10.7,0.16,8.38,749.0,210.0,0.017,0.095,1384.0,938.0,False
2016-10-30 01:07:00,10.7,0.16,8.38,749.0,210.0,0.017,0.095,1344.0,949.0,False
2016-10-30 01:08:00,10.7,0.16,8.37,749.0,210.0,0.017,0.095,1365.0,937.0,False
2016-10-30 01:09:00,10.7,0.16,8.38,749.0,210.0,0.017,0.097,1341.0,937.0,False
2016-10-30 01:10:00,10.7,0.16,8.37,749.0,210.0,0.019,0.095,1365.0,944.0,False
2016-10-30 01:11:00,10.7,0.16,8.38,749.0,210.0,0.016,0.095,1381.0,945.0,False
2016-10-30 01:12:00,10.7,0.16,8.37,749.0,210.0,0.017,0.097,1364.0,939.0,False
2016-10-30 01:13:00,10.7,0.16,8.37,749.0,210.0,0.017,0.095,1383.0,939.0,False
2016-10-30 01:14:00,10.7,0.16,8.37,749.0,210.0,0.017,0.095,1333.0,944.0,False
2016-10-30 01:15:00,10.7,0.16,8.37,749.0,210.0,0.017,0.095,1377.0,937.0,False
2016-10-30 01:16:00,10.7,0.16,8.36,749.0,210.0,0.017,0.095,1388.0,942.0,False
2016-10-30 01:17:00,10.7,0.16,8.36,749.0,210.0,0.017,0.097,1355.0,937.0,False
2016-10-30 01:18:00,10.7,0.16,8.36,749.0,210.0,0.017,0.097,1368.0,942.0,False
2016-10-30 01:19:00,10.7,0.16,8.36,749.0,210.0,0.017,0.097,1349.0,938.0,False
2016-10-30 01:20:00,10.7,0.16,8.36,749.0,210.0,0.017,0.095,1349.0,936.0,False
2016-10-30 01:21:00,10.7,0.16,8.35,750.0,210.0,0.017,0.095,1347.0,937.0,False
2016-10-30 01:22:00,10.7,0.16,8.36,749.0,210.0,0.017,0.095,1385.0,943.0,False
2016-10-30 01:23:00,10.7,0.16,8.35,749.0,210.0,0.018,0.095,1365.0,937.0,False
2016-10-30 01:24:00,10.7,0.16,8.35,749.0,210.0,0.017,0.097,1376.0,942.0,False
2016-10-30 01:25:00,10.7,0.16,8.35,749.0,210.0,0.017,0.097,1354.0,945.0,False
2016-10-30 01:26:00,10.7,0.16,8.35,750.0,210.0,0.018,0.097,1353.0,938.0,False
2016-10-30 01:27:00,10.7,0.16,8.34,750.0,210.0,0.017,0.096,1402.0,942.0,False
2016-10-30 01:28:00,10.7,0.16,8.35,749.0,210.0,0.017,0.095,1318.0,945.0,False
2016-10-30 01:29:00,10.7,0.16,8.34,750.0,210.0,0.017,0.095,1385.0,942.0,False
2016-10-30 01:30:00,10.7,0.16,8.35,750.0,210.0,0.021,0.097,1347.0,938.0,False
2016-10-30 01:31:00,10.7,0.16,8.34,749.0,210.0,0.018,0.095,1368.0,942.0,False
2016-10-30 01:32:00,10.7,0.16,8.34,749.0,210.0,0.017,0.095,1320.0,947.0,False
2016-10-30 01:33:00,10.7,0.16,8.34,749.0,210.0,0.017,0.095,1368.0,939.0,False
2016-10-30 01:34:00,10.7,0.16,8.34,750.0,210.0,0.017,0.095,1370.0,944.0,False
2016-10-30 01:35:00,10.7,0.16,8.34,750.0,210.0,0.018,0.095,1385.0,937.0,False
2016-10-30 01:36:00,10.7,0.16,8.34,749.0,210.0,0.018,0.095,1356.0,937.0,False
2016-10-30 01:37:00,10.7,0.16,8.34,749.0,210.0,0.017,0.095,1333.0,931.0,False
2016-10-30 01:38:00,10.7,0.16,8.34,749.0,210.0,0.018,0.095,1366.0,936.0,False
2016-10-30 01:39:00,10.7,0.16,8.35,749.0,210.0,0.019,0.095,1359.0,937.0,False
2016-10-30 01:40:00,10.7,0.16,8.35,749.0,210.0,0.018,0.095,1384.0,936.0,False
2016-10-30 01:41:00,10.7,0.16,8.35,749.0,210.0,0.017,0.095,1348.0,936.0,False
2016-10-30 01:42:00,10.7,0.16,8.35,749.0,210.0,0.018,0.095,1366.0,937.0,False
2016-10-30 01:43:00,10.7,0.16,8.35,749.0,210.0,0.018,0.095,1343.0,934.0,False
2016-10-30 01:44:00,10.7,0.16,8.35,749.0,210.0,0.017,0.095,1332.0,936.0,False
2016-10-30 01:45:00,10.7,0.16,8.36,749.0,210.0,0.018,0.095,1358.0,936.0,False
2016-10-30 01:46:00,10.7,0.16,8.35,749.0,210.0,0.017,0.095,1339.0,942.0,False
2016-10-30 01:47:00,10.7,0.16,8.36,749.0,210.0,0.018,0.095,1347.0,939.0,False
2016-10-30 01:48:00,10.7,0.15,8.36,749.0,210.0,0.017,0.095,1354.0,938.0,False
2016-10-30 01:49:00,10.7,0.16,8.36,749.0,210.0,0.017,0.095,1350.0,934.0,False
2016-10-30 01:50:00,10.7,0.16,8.36,749.0,210.0,0.019,0.095,1329.0,945.0,False
2016-10-30 01:51:00,10.7,0.16,8.36,749.0,210.0,0.018,0.095,1358.0,937.0,False
2016-10-30 01:52:00,10.7,0.16,8.37,749.0,210.0,0.018,0.095,1337.0,936.0,False
2016-10-30 01:53:00,10.7,0.16,8.37,749.0,210.0,0.018,0.094,1376.0,937.0,False
2016-10-30 01:54:00,10.7,0.16,8.38,749.0,210.0,0.017,0.095,1350.0,942.0,False
2016-10-30 01:55:00,10.7,0.16,8.38,749.0,210.0,0.016,0.095,1358.0,944.0,False
2016-10-30 01:56:00,10.7,0.16,8.38,749.0,210.0,0.017,0.095,1372.0,937.0,False
2016-10-30 01:57:00,10.7,0.16,8.39,750.0,210.0,0.018,0.095,1391.0,934.0,False
2016-10-30 01:58:00,10.7,0.16,8.38,749.0,210.0,0.017,0.094,1327.0,939.0,False
2016-10-30 01:59:00,10.7,0.16,8.38,748.0,210.0,0.018,0.094,1372.0,939.0,False
2016-10-30 02:00:00,10.7,0.16,8.38,748.0,210.0,0.017,0.094,1303.0,938.0,False
2016-10-30 02:01:00,10.7,0.16,8.38,748.0,210.0,0.017,0.095,1349.0,943.0,False
2016-10-30 02:02:00,10.7,0.16,8.38,749.0,210.0,0.017,0.095,1378.0,943.0,False
2016-10-30 02:03:00,10.7,0.16,8.38,749.0,210.0,0.017,0.095,1359.0,936.0,False
2016-10-30 02:04:00,10.7,0.16,8.39,749.0,210.0,0.019,0.095,1371.0,938.0,False
2016-10-30 02:05:00,10.7,0.16,8.39,748.0,210.0,0.017,0.094,1336.0,938.0,False
2016-10-30 02:06:00,10.7,0.16,8.39,749.0,210.0,0.019,0.095,1381.0,943.0,False
2016-10-30 02:07:00,10.7,0.16,8.4,747.0,210.0,0.02,0.095,1395.0,936.0,False
2016-10-30 02:08:00,10.7,0.15,8.4,749.0,210.0,0.019,0.094,1342.0,934.0,False
2016-10-30 02:09:00,10.7,0.15,8.39,747.0,210.0,0.018,0.094,1365.0,938.0,False
2016-10-30 02:10:00,10.7,0.15,8.4,749.0,210.0,0.019,0.095,1337.0,942.0,False
2016-10-30 02:11:00,10.7,0.16,8.41,749.0,210.0,0.017,0.094,1361.0,939.0,False
2016-10-30 02:12:00,10.7,0.15,8.4,748.0,210.0,0.02,0.095,1343.0,938.0,False
2016-10-30 02:13:00,10.7,0.16,8.41,748.0,210.0,0.02,0.095,1332.0,937.0,False
2016-10-30 02:14:00,10.7,0.16,8.41,749.0,210.0,0.02,0.095,1376.0,934.0,False
2016-10-30 02:15:00,10.7,0.16,8.41,748.0,210.0,0.02,0.095,1368.0,942.0,False
2016-10-30 02:16:00,10.7,0.16,8.41,747.0,210.0,0.022,0.095,1335.0,937.0,False
2016-10-30 02:17:00,10.7,0.16,8.41,749.0,210.0,0.018,0.095,1341.0,939.0,False
2016-10-30 02:18:00,10.7,0.16,8.41,749.0,210.0,0.021,0.095,1326.0,934.0,False
2016-10-30 02:19:00,10.7,0.16,8.41,748.0,210.0,0.017,0.095,1341.0,942.0,False
2016-10-30 02:20:00,10.7,0.16,8.41,749.0,210.0,0.021,0.095,1343.0,950.0,False
2016-10-30 02:21:00,10.7,0.16,8.41,749.0,210.0,0.017,0.095,1381.0,942.0,False
2016-10-30 02:22:00,10.7,0.16,8.41,749.0,210.0,0.021,0.095,1356.0,944.0,False
2016-10-30 02:23:00,10.7,0.16,8.41,748.0,210.0,0.017,0.095,1324.0,942.0,False
2016-10-30 02:24:00,10.7,0.16,8.41,748.0,210.0,0.021,0.095,1320.0,945.0,False
2016-10-30 02:25:00,10.7,0.16,8.4,749.0,210.0,0.022,0.095,1306.0,936.0,False
2016-10-30 02:26:00,10.7,0.16,8.41,749.0,210.0,0.021,0.095,1349.0,943.0,False
2016-10-30 02:27:00,10.7,0.16,8.41,749.0,210.0,0.017,0.095,1342.0,938.0,False
2016-10-30 02:28:00,10.7,0.16,8.4,749.0,210.0,0.018,0.095,1331.0,934.0,False
2016-10-30 02:29:00,10.7,0.16,8.39,749.0,210.0,0.022,0.095,1356.0,939.0,False
2016-10-30 02:30:00,10.7,0.16,8.4,748.0,210.0,0.018,0.095,1353.0,934.0,False
2016-10-30 02:31:00,10.7,0.16,8.41,749.0,210.0,0.021,0.095,1310.0,938.0,False
2016-10-30 02:32:00,10.7,0.16,8.4,749.0,210.0,0.018,0.095,1321.0,936.0,False
2016-10-30 02:33:00,10.7,0.16,8.4,749.0,210.0,0.018,0.095,1350.0,943.0,False
2016-10-30 02:34:00,10.7,0.16,8.39,749.0,210.0,0.016,0.095,1388.0,942.0,False
2016-10-30 02:35:00,,,,,,,,,,False
2016-10-30 02:36:00,,,,,,,,,,False
2016-10-30 02:37:00,,,,,,,,,,False
2016-10-30 02:38:00,,,,,,,,,,False
2016-10-30 02:39:00,,,,,,,,,,False
2016-10-30 02:40:00,,,,,,,,,,False
2016-10-30 02:41:00,,,,,,,,,,False
2016-10-30 02:42:00,,,,,,,,,,False
2016-10-30 02:43:00,,,,,,,,,,False
2016-10-30 02:44:00,,,,,,,,,,False
2016-10-30 02:45:00,,,,,,,,,,False
2016-10-30 02:46:00,,,,,,,,,,False
2016-10-30 02:47:00,,,,,,,,,,False
2016-10-30 02:48:00,,,,,,,,,,False
2016-10-30 02:49:00,,,,,,,,,,False
2016-10-30 02:50:00,,,,,,,,,,False
2016-10-30 02:51:00,,,,,,,,,,False
2016-10-30 02:52:00,,,,,,,,,,False
2016-10-30 02:53:00,,,,,,,,,,False
2016-10-30 02:54:00,,,,,,,,,,False
2016-10-30 02:55:00,,,,,,,,,,False
2016-10-30 02:56:00,,,,,,,,,,False
2016-10-30 02:57:00,,,,,,,,,,False
2016-10-30 02:58:00,,,,,,,,,,False
2016-10-30 02:59:00,,,,,,,,,,False
2016-10-30 02:00:00,,,,,,,,,,False
2016-10-30 02:01:00,,,,,,,,,,False
2016-10-30 02:02:00,,,,,,,,,,False
2016-10-30 02:03:00,,,,,,,,,,False
2016-10-30 02:04:00,,,,,,,,,,False
2016-10-30 02:05:00,,,,,,,,,,False
2016-10-30 02:06:00,,,,,,,,,,False
2016-10-30 02:07:00,,,,,,,,,,False
2016-10-30 02:08:00,,,,,,,,,,False
2016-10-30 02:09:00,,,,,,,,,,False
2016-10-30 02:10:00,,,,,,,,,,False
2016-10-30 02:11:00,,,,,,,,,,False
2016-10-30 02:12:00,,,,,,,,,,False
2016-10-30 02:13:00,,,,,,,,,,False
2016-10-30 02:14:00,,,,,,,,,,False
2016-10-30 02:15:00,,,,,,,,,,False
2016-10-30 02:16:00,,,,,,,,,,False
2016-10-30 02:17:00,,,,,,,,,,False
2016-10-30 02:18:00,,,,,,,,,,False
2016-10-30 02:19:00,,,,,,,,,,False
2016-10-30 02:20:00,,,,,,,,,,False
2016-10-30 02:21:00,,,,,,,,,,False
2016-10-30 02:22:00,,,,,,,,,,False
2016-10-30 02:23:00,,,,,,,,,,False
2016-10-30 02:24:00,,,,,,,,,,False
2016-10-30 02:25:00,,,,,,,,,,False
2016-10-30 02:26:00,,,,,,,,,,False
2016-10-30 02:27:00,,,,,,,,,,False
2016-10-30 02:28:00,,,,,,,,,,False
2016-10-30 02:29:00,,,,,,,,,,False
2016-10-30 02:30:00,,,,,,,,,,False
2016-10-30 02:31:00,,,,,,,,,,False
2016-10-30 02:32:00,,,,,,,,,,False
2016-10-30 02:33:00,,,,,,,,,,False
2016-10-30 02:34:00,,,,,,,,,,False
2016-10-30 02:35:00,10.7,0.16,8.39,749.0,210.0,0.022,0.095,1376.0,942.0,False
2016-10-30 02:36:00,10.7,0.16,8.39,749.0,210.0,0.021,0.095,1341.0,936.0,False
2016-10-30 02:37:00,10.7,0.16,8.39,749.0,210.0,0.02,0.095,1319.0,936.0,False
2016-10-30 02:38:00,10.7,0.16,8.38,749.0,210.0,0.017,0.095,1329.0,936.0,False
2016-10-30 02:39:00,10.7,0.16,8.39,749.0,210.0,0.023,0.095,1347.0,939.0,False
2016-10-30 02:40:00,10.7,0.16,8.38,749.0,206.0,0.018,0.095,1310.0,939.0,False
2016-10-30 02:41:00,10.7,0.15,8.38,749.0,206.0,0.023,0.097,1361.0,938.0,False
2016-10-30 02:42:00,10.7,0.15,8.38,750.0,210.0,0.018,0.095,1335.0,937.0,False
2016-10-30 02:43:00,10.7,0.16,8.38,749.0,206.0,0.021,0.097,1342.0,938.0,False
2016-10-30 02:44:00,10.7,0.16,8.37,750.0,210.0,0.018,0.095,1343.0,930.0,False
2016-10-30 02:45:00,10.7,0.16,8.37,750.0,210.0,0.018,0.095,1336.0,931.0,False
2016-10-30 02:46:00,10.7,0.16,8.37,749.0,206.0,0.018,0.095,1347.0,936.0,False
2016-10-30 02:47:00,10.7,0.16,8.37,750.0,210.0,0.018,0.095,1335.0,936.0,False
2016-10-30 02:48:00,10.7,0.16,8.37,749.0,206.0,0.02,0.095,1325.0,939.0,False
2016-10-30 02:49:00,10.7,0.16,8.37,749.0,206.0,0.021,0.097,1355.0,943.0,False
2016-10-30 02:50:00,10.7,0.16,8.36,750.0,206.0,0.021,0.095,1341.0,937.0,False
2016-10-30 02:51:00,10.7,0.16,8.37,750.0,210.0,0.018,0.096,1337.0,938.0,False
2016-10-30 02:52:00,10.7,0.16,8.37,750.0,210.0,0.021,0.095,1350.0,938.0,False
2016-10-30 02:53:00,10.7,0.16,8.36,749.0,210.0,0.019,0.095,1349.0,945.0,False
2016-10-30 02:54:00,10.7,0.16,8.38,749.0,206.0,0.02,0.095,1347.0,939.0,False
2016-10-30 02:55:00,10.7,0.16,8.37,750.0,206.0,0.019,0.095,1341.0,938.0,False
2016-10-30 02:56:00,10.7,0.16,8.37,750.0,206.0,0.018,0.097,1355.0,942.0,False
2016-10-30 02:57:00,10.7,0.16,8.37,749.0,210.0,0.02,0.095,1348.0,939.0,False
2016-10-30 02:58:00,10.7,0.16,8.38,749.0,206.0,0.019,0.095,1341.0,934.0,False
2016-10-30 02:59:00,10.7,0.16,8.37,750.0,210.0,0.019,0.095,1362.0,936.0,False
2016-10-30 03:00:00,10.7,0.16,8.37,749.0,206.0,0.02,0.095,1335.0,943.0,False
2016-10-30 03:01:00,10.7,0.16,8.38,748.0,206.0,0.02,0.095,1326.0,944.0,False
2016-10-30 03:02:00,10.7,0.16,8.38,750.0,206.0,0.02,0.095,1336.0,944.0,False
2016-10-30 03:03:00,10.7,0.16,8.39,749.0,206.0,0.019,0.095,1319.0,945.0,False
2016-10-30 03:04:00,10.7,0.16,8.39,748.0,206.0,0.02,0.095,1329.0,938.0,False
2016-10-30 03:05:00,10.7,0.16,8.39,749.0,206.0,0.019,0.095,1349.0,942.0,False
2016-10-30 03:06:00,10.7,0.16,8.39,749.0,206.0,0.02,0.095,1321.0,949.0,False
2016-10-30 03:07:00,10.7,0.16,8.39,749.0,206.0,0.02,0.094,1332.0,950.0,False
2016-10-30 03:08:00,10.7,0.16,8.39,749.0,206.0,0.019,0.094,1348.0,938.0,False
2016-10-30 03:09:00,10.7,0.16,8.4,749.0,206.0,0.019,0.094,1350.0,936.0,False
2016-10-30 03:10:00,10.7,0.16,8.4,749.0,206.0,0.019,0.094,1366.0,932.0,False
2016-10-30 03:11:00,10.7,0.16,8.41,748.0,206.0,0.019,0.094,1329.0,938.0,False
2016-10-30 03:12:00,10.7,0.16,8.41,748.0,206.0,0.02,0.094,1342.0,942.0,False
2016-10-30 03:13:00,10.7,0.16,8.41,749.0,206.0,0.02,0.094,1350.0,932.0,False
2016-10-30 03:14:00,10.7,0.16,8.42,749.0,206.0,0.019,0.092,1339.0,934.0,False
2016-10-30 03:15:00,10.7,0.16,8.42,748.0,206.0,0.019,0.094,1326.0,932.0,False
2016-10-30 03:16:00,10.7,0.16,8.42,748.0,206.0,0.021,0.092,1337.0,938.0,False
2016-10-30 03:17:00,10.7,0.16,8.42,748.0,206.0,0.019,0.092,1349.0,938.0,False
2016-10-30 03:18:00,10.7,0.16,8.43,749.0,206.0,0.018,0.092,1354.0,943.0,False
2016-10-30 03:19:00,10.7,0.16,8.42,748.0,206.0,0.018,0.092,1358.0,939.0,False
2016-10-30 03:20:00,10.7,0.16,8.42,748.0,206.0,0.018,0.092,1356.0,942.0,False
2016-10-30 03:21:00,10.7,0.16,8.42,748.0,206.0,0.018,0.092,1332.0,943.0,False
2016-10-30 03:22:00,10.7,0.16,8.42,748.0,206.0,0.018,0.092,1356.0,944.0,False
2016-10-30 03:23:00,10.7,0.16,8.42,748.0,206.0,0.018,0.091,1354.0,943.0,False
2016-10-30 03:24:00,10.7,0.16,8.41,747.0,206.0,0.018,0.091,1343.0,939.0,False
2016-10-30 03:25:00,10.7,0.16,8.42,748.0,206.0,0.018,0.091,1356.0,942.0,False
2016-10-30 03:26:00,10.7,0.16,8.41,748.0,206.0,0.018,0.091,1361.0,938.0,False
2016-10-30 03:27:00,10.7,0.17,8.41,749.0,206.0,0.018,0.091,1347.0,932.0,False
2016-10-30 03:28:00,10.7,0.17,8.41,747.0,206.0,0.018,0.091,1349.0,938.0,False
2016-10-30 03:29:00,10.7,0.17,8.41,746.0,206.0,0.018,0.091,1347.0,943.0,False
2016-10-30 03:30:00,10.7,0.16,8.41,748.0,206.0,0.017,0.091,1336.0,934.0,False
2016-10-30 03:31:00,10.7,0.17,8.41,748.0,206.0,0.018,0.091,1390.0,937.0,False
2016-10-30 03:32:00,10.7,0.17,8.4,748.0,206.0,0.018,0.091,1325.0,932.0,False
2016-10-30 03:33:00,10.7,0.17,8.41,748.0,206.0,0.018,0.091,1356.0,944.0,False
2016-10-30 03:34:00,10.7,0.17,8.41,748.0,206.0,0.018,0.091,1331.0,942.0,False
2016-10-30 03:35:00,10.7,0.16,8.4,748.0,206.0,0.018,0.091,1349.0,944.0,False
2016-10-30 03:36:00,10.7,0.17,8.41,748.0,206.0,0.018,0.092,1356.0,939.0,False
2016-10-30 03:37:00,10.7,0.17,8.41,749.0,206.0,0.019,0.092,1344.0,944.0,False
2016-10-30 03:38:00,10.7,0.17,8.4,748.0,206.0,0.019,0.092,1337.0,947.0,False
2016-10-30 03:39:00,10.7,0.17,8.4,748.0,206.0,0.019,0.092,1372.0,943.0,False
2016-10-30 03:40:00,10.7,0.17,8.4,749.0,206.0,0.018,0.092,1337.0,939.0,False
2016-10-30 03:41:00,10.7,0.17,8.4,749.0,206.0,0.018,0.091,1332.0,944.0,False
2016-10-30 03:42:00,10.7,0.17,8.39,749.0,206.0,0.018,0.092,1335.0,943.0,False
2016-10-30 03:43:00,10.7,0.17,8.39,749.0,206.0,0.018,0.092,1359.0,949.0,False
2016-10-30 03:44:00,10.7,0.16,8.4,749.0,206.0,0.019,0.092,1371.0,939.0,False
2016-10-30 03:45:00,10.7,0.16,8.39,748.0,206.0,0.018,0.092,1350.0,942.0,False
2016-10-30 03:46:00,10.7,0.16,8.39,747.0,206.0,0.018,0.092,1342.0,938.0,False
2016-10-30 03:47:00,10.7,0.16,8.39,748.0,206.0,0.018,0.092,1329.0,939.0,False
2016-10-30 03:48:00,10.7,0.16,8.39,748.0,206.0,0.018,0.092,1376.0,942.0,False
2016-10-30 03:49:00,10.7,0.16,8.39,749.0,206.0,0.018,0.092,1356.0,942.0,False
2016-10-30 03:50:00,10.7,0.16,8.39,749.0,206.0,0.018,0.094,1326.0,942.0,False
2016-10-30 03:51:00,10.7,0.16,8.39,748.0,206.0,0.018,0.092,1376.0,936.0,False
2016-10-30 03:52:00,10.7,0.16,8.39,749.0,206.0,0.018,0.092,1306.0,936.0,False
2016-10-30 03:53:00,10.7,0.16,8.38,749.0,206.0,0.018,0.092,1333.0,942.0,False
2016-10-30 03:54:00,10.7,0.16,8.39,749.0,206.0,0.018,0.094,1355.0,932.0,False
2016-10-30 03:55:00,10.7,0.16,8.39,749.0,206.0,0.018,0.092,1335.0,938.0,False
2016-10-30 03:56:00,10.7,0.16,8.38,749.0,206.0,0.018,0.094,1349.0,944.0,False
2016-10-30 03:57:00,10.7,0.16,8.38,749.0,206.0,0.018,0.094,1331.0,947.0,False
2016-10-30 03:58:00,10.7,0.16,8.37,749.0,206.0,0.019,0.094,1335.0,939.0,False
2016-10-30 03:59:00,10.7,0.17,8.38,749.0,206.0,0.018,0.094,1354.0,939.0,False
2016-10-30 04:00:00,10.7,0.17,8.38,748.0,206.0,0.018,0.092,1324.0,934.0,False
2016-10-30 04:01:00,10.7,0.17,8.38,749.0,206.0,0.017,0.092,1344.0,936.0,False
2016-10-30 04:02:00,10.7,0.17,8.38,749.0,206.0,0.017,0.094,1333.0,932.0,False
2016-10-30 04:03:00,10.7,0.17,8.38,749.0,206.0,0.017,0.094,1336.0,938.0,False
2016-10-30 04:04:00,10.7,0.17,8.37,749.0,206.0,0.017,0.094,1339.0,942.0,False
2016-10-30 04:05:00,10.7,0.17,8.37,749.0,206.0,0.018,0.094,1362.0,936.0,False
2016-10-30 04:06:00,10.7,0.17,8.37,749.0,206.0,0.017,0.095,1362.0,938.0,False
2016-10-30 04:07:00,10.7,0.17,8.38,749.0,206.0,0.018,0.095,1325.0,932.0,False
2016-10-30 04:08:00,10.7,0.17,8.38,749.0,206.0,0.018,0.094,1337.0,932.0,False
2016-10-30 04:09:00,10.7,0.17,8.38,749.0,206.0,0.018,0.094,1358.0,942.0,False
2016-10-30 04:10:00,10.7,0.17,8.38,749.0,206.0,0.018,0.095,1337.0,947.0,False
2016-10-30 04:11:00,10.7,0.17,8.37,749.0,206.0,0.018,0.094,1354.0,936.0,False
2016-10-30 04:12:00,10.7,0.17,8.37,750.0,206.0,0.018,0.095,1356.0,938.0,False
2016-10-30 04:13:00,10.7,0.17,8.37,749.0,206.0,0.018,0.095,1341.0,943.0,False
2016-10-30 04:14:00,10.7,0.17,8.37,748.0,206.0,0.018,0.095,1349.0,937.0,False
2016-10-30 04:15:00,10.7,0.17,8.37,749.0,206.0,0.018,0.095,1350.0,927.0,False
2016-10-30 04:16:00,10.7,0.17,8.38,749.0,206.0,0.017,0.095,1361.0,936.0,False
2016-10-30 04:17:00,10.7,0.17,8.37,749.0,206.0,0.017,0.095,1341.0,942.0,False
2016-10-30 04:18:00,10.7,0.17,8.37,750.0,206.0,0.017,0.095,1355.0,943.0,False
2016-10-30 04:19:00,10.7,0.17,8.37,749.0,206.0,0.018,0.095,1350.0,943.0,False
2016-10-30 04:20:00,10.7,0.17,8.37,749.0,206.0,0.018,0.095,1315.0,938.0,False
2016-10-30 04:21:00,10.7,0.17,8.37,750.0,206.0,0.018,0.095,1325.0,942.0,False
2016-10-30 04:22:00,10.7,0.17,8.38,749.0,206.0,0.017,0.095,1378.0,934.0,False
2016-10-30 04:23:00,10.7,0.17,8.37,749.0,206.0,0.018,0.095,1342.0,939.0,False
2016-10-30 04:24:00,10.7,0.17,8.37,750.0,206.0,0.017,0.095,1372.0,937.0,False
2016-10-30 04:25:00,10.7,0.17,8.37,749.0,206.0,0.017,0.095,1343.0,939.0,False
2016-10-30 04:26:00,10.7,0.17,8.37,750.0,206.0,0.017,0.095,1332.0,942.0,False
2016-10-30 04:27:00,10.7,0.17,8.37,750.0,206.0,0.017,0.095,1344.0,932.0,False
2016-10-30 04:28:00,10.7,0.17,8.37,750.0,206.0,0.017,0.095,1348.0,931.0,False
2016-10-30 04:29:00,10.7,0.17,8.36,749.0,206.0,0.017,0.095,1332.0,943.0,False
2016-10-30 04:30:00,10.7,0.17,8.36,750.0,206.0,0.018,0.095,1331.0,944.0,False
2016-10-30 04:31:00,10.7,0.17,8.36,749.0,206.0,0.017,0.095,1353.0,938.0,False
2016-10-30 04:32:00,10.7,0.17,8.36,749.0,206.0,0.017,0.095,1344.0,939.0,False
2016-10-30 04:33:00,10.7,0.17,8.36,749.0,206.0,0.017,0.095,1321.0,937.0,False
2016-10-30 04:34:00,10.7,0.17,8.37,749.0,206.0,0.018,0.095,1333.0,943.0,False
2016-10-30 04:35:00,10.7,0.17,8.36,750.0,206.0,0.018,0.097,1344.0,942.0,False
2016-10-30 04:36:00,10.7,0.17,8.37,750.0,210.0,0.018,0.095,1350.0,939.0,False
2016-10-30 04:37:00,10.7,0.17,8.36,749.0,206.0,0.018,0.095,1326.0,939.0,False
2016-10-30 04:38:00,10.7,0.17,8.36,750.0,206.0,0.018,0.095,1361.0,937.0,False
2016-10-30 04:39:00,10.7,0.17,8.36,749.0,210.0,0.017,0.095,1356.0,938.0,False
2016-10-30 04:40:00,10.7,0.18,8.36,750.0,206.0,0.018,0.095,1347.0,938.0,False
2016-10-30 04:41:00,10.7,0.17,8.37,750.0,206.0,0.019,0.097,1348.0,945.0,False
2016-10-30 04:42:00,10.7,0.17,8.36,749.0,206.0,0.017,0.097,1341.0,938.0,False
2016-10-30 04:43:00,10.7,0.17,8.35,749.0,210.0,0.018,0.097,1350.0,944.0,False
2016-10-30 04:44:00,10.7,0.17,8.35,749.0,210.0,0.017,0.097,1347.0,938.0,False
2016-10-30 04:45:00,10.7,0.17,8.36,750.0,206.0,0.017,0.097,1332.0,937.0,False
2016-10-30 04:46:00,10.7,0.18,8.35,750.0,206.0,0.017,0.098,1342.0,936.0,False
2016-10-30 04:47:00,10.7,0.18,8.35,749.0,206.0,0.017,0.097,1371.0,942.0,False
2016-10-30 04:48:00,10.7,0.17,8.34,750.0,206.0,0.017,0.096,1327.0,938.0,False
2016-10-30 04:49:00,10.7,0.17,8.35,750.0,206.0,0.017,0.097,1348.0,938.0,False
2016-10-30 04:50:00,10.7,0.17,8.35,750.0,206.0,0.017,0.097,1354.0,934.0,False
2016-10-30 04:51:00,10.7,0.17,8.35,750.0,206.0,0.017,0.097,1379.0,943.0,False
2016-10-30 04:52:00,10.7,0.17,8.34,749.0,210.0,0.018,0.097,1368.0,942.0,False
2016-10-30 04:53:00,10.7,0.17,8.35,750.0,210.0,0.018,0.098,1353.0,938.0,False
2016-10-30 04:54:00,10.7,0.17,8.35,750.0,210.0,0.018,0.098,1344.0,937.0,False
2016-10-30 04:55:00,10.7,0.17,8.34,750.0,210.0,0.018,0.098,1344.0,944.0,False
2016-10-30 04:56:00,10.7,0.17,8.34,750.0,210.0,0.018,0.098,1348.0,934.0,False
2016-10-30 04:57:00,10.7,0.17,8.34,749.0,210.0,0.018,0.098,1353.0,931.0,False
2016-10-30 04:58:00,10.7,0.17,8.34,750.0,210.0,0.017,0.097,1373.0,931.0,False
2016-10-30 04:59:00,10.7,0.17,8.34,750.0,210.0,0.018,0.098,1364.0,934.0,False
2016-10-30 05:00:00,10.7,0.17,8.34,750.0,210.0,0.017,0.098,1370.0,936.0,False
2016-10-30 05:01:00,10.7,0.17,8.34,749.0,210.0,0.017,0.098,1347.0,934.0,False
2016-10-30 05:02:00,10.7,0.17,8.35,750.0,210.0,0.017,0.098,1359.0,936.0,False
2016-10-30 05:03:00,10.7,0.17,8.35,750.0,210.0,0.017,0.098,1332.0,939.0,False
2016-10-30 05:04:00,10.7,0.17,8.35,749.0,210.0,0.017,0.098,1349.0,942.0,False
2016-10-30 05:05:00,10.7,0.17,8.35,750.0,210.0,0.018,0.098,1326.0,936.0,False
2016-10-30 05:06:00,10.7,0.17,8.35,749.0,210.0,0.017,0.096,1358.0,939.0,False
2016-10-30 05:07:00,10.7,0.17,8.36,750.0,210.0,0.017,0.098,1335.0,943.0,False
2016-10-30 05:08:00,10.7,0.17,8.36,749.0,210.0,0.017,0.098,1337.0,937.0,False
2016-10-30 05:09:00,10.7,0.17,8.36,749.0,210.0,0.017,0.098,1359.0,937.0,False
2016-10-30 05:10:00,10.7,0.17,8.37,750.0,210.0,0.017,0.096,1349.0,944.0,False
2016-10-30 05:11:00,10.7,0.17,8.36,750.0,210.0,0.017,0.097,1339.0,939.0,False
2016-10-30 05:12:00,10.7,0.17,8.37,750.0,210.0,0.017,0.097,1378.0,947.0,False
2016-10-30 05:13:00,10.7,0.17,8.36,750.0,210.0,0.017,0.097,1324.0,943.0,False
2016-10-30 05:14:00,10.7,0.17,8.36,749.0,210.0,0.017,0.098,1365.0,943.0,False
2016-10-30 05:15:00,10.7,0.17,8.37,750.0,210.0,0.017,0.097,1362.0,938.0,False
2016-10-30 05:16:00,10.7,0.17,8.37,749.0,210.0,0.019,0.097,1348.0,943.0,False
2016-10-30 05:17:00,10.7,0.17,8.37,749.0,210.0,0.02,0.098,1339.0,943.0,False
2016-10-30 05:18:00,10.7,0.17,8.36,749.0,210.0,0.018,0.098,1343.0,944.0,False
2016-10-30 05:19:00,10.7,0.17,8.37,750.0,210.0,0.02,0.098,1358.0,942.0,False
2016-10-30 05:20:00,10.7,0.17,8.37,750.0,210.0,0.019,0.099,1329.0,938.0,False
2016-10-30 05:21:00,10.7,0.17,8.37,750.0,210.0,0.018,0.099,1381.0,937.0,False
2016-10-30 05:22:00,10.7,0.17,8.36,749.0,210.0,0.019,0.099,1333.0,937.0,False
2016-10-30 05:23:00,10.7,0.17,8.36,750.0,210.0,0.017,0.098,1376.0,944.0,False
2016-10-30 05:24:00,10.7,0.18,8.36,750.0,210.0,0.017,0.099,1344.0,937.0,False
2016-10-30 05:25:00,10.7,0.18,8.36,749.0,210.0,0.022,0.099,1350.0,932.0,False
2016-10-30 05:26:00,10.7,0.18,8.36,750.0,210.0,0.018,0.099,1326.0,942.0,False
2016-10-30 05:27:00,10.7,0.17,8.36,750.0,210.0,0.018,0.099,1356.0,942.0,False
2016-10-30 05:28:00,10.7,0.17,8.36,750.0,210.0,0.02,0.099,1335.0,942.0,False
2016-10-30 05:29:00,10.7,0.17,8.36,750.0,210.0,0.018,0.099,1373.0,943.0,False
2016-10-30 05:30:00,10.7,0.17,8.36,750.0,210.0,0.018,0.099,1354.0,934.0,False
2016-10-30 05:31:00,10.7,0.17,8.36,750.0,210.0,0.018,0.099,1364.0,938.0,False
2016-10-30 05:32:00,10.7,0.17,8.35,750.0,210.0,0.018,0.099,1376.0,936.0,False
2016-10-30 05:33:00,10.7,0.17,8.35,750.0,210.0,0.018,0.101,1331.0,938.0,False
2016-10-30 05:34:00,10.7,0.17,8.36,750.0,210.0,0.018,0.101,1368.0,938.0,False
2016-10-30 05:35:00,10.7,0.17,8.36,750.0,210.0,0.018,0.101,1350.0,944.0,False
2016-10-30 05:36:00,10.7,0.17,8.36,750.0,210.0,0.018,0.101,1356.0,945.0,False
2016-10-30 05:37:00,10.7,0.17,8.36,750.0,210.0,0.018,0.101,1355.0,943.0,False
2016-10-30 05:38:00,10.7,0.17,8.36,750.0,210.0,0.018,0.101,1354.0,942.0,False
2016-10-30 05:39:00,10.7,0.16,8.36,750.0,210.0,0.018,0.101,1353.0,939.0,False
2016-10-30 05:40:00,10.7,0.16,8.36,750.0,210.0,0.018,0.099,1376.0,939.0,False
2016-10-30 05:41:00,10.7,0.16,8.36,750.0,210.0,0.019,0.101,1384.0,936.0,False
2016-10-30 05:42:00,10.7,0.16,8.36,750.0,210.0,0.018,0.101,1332.0,934.0,False
2016-10-30 05:43:00,10.7,0.16,8.36,750.0,210.0,0.018,0.101,1384.0,936.0,False
2016-10-30 05:44:00,10.7,0.16,8.36,750.0,210.0,0.018,0.101,1337.0,942.0,False
2016-10-30 05:45:00,10.7,0.17,8.36,750.0,210.0,0.018,0.101,1364.0,939.0,False
2016-10-30 05:46:00,10.7,0.17,8.36,750.0,210.0,0.018,0.101,1321.0,936.0,False
2016-10-30 05:47:00,10.7,0.17,8.36,749.0,210.0,0.018,0.101,1327.0,938.0,False
2016-10-30 05:48:00,10.7,0.17,8.36,750.0,210.0,0.018,0.101,1370.0,936.0,False
2016-10-30 05:49:00,10.7,0.17,8.36,750.0,210.0,0.019,0.101,1337.0,942.0,False
2016-10-30 05:50:00,10.7,0.17,8.36,750.0,210.0,0.018,0.101,1365.0,942.0,False
2016-10-30 05:51:00,10.7,0.17,8.36,750.0,210.0,0.018,0.101,1370.0,931.0,False
2016-10-30 05:52:00,10.7,0.18,8.36,751.0,210.0,0.018,0.101,1390.0,930.0,False
2016-10-30 05:53:00,10.7,0.18,8.36,750.0,210.0,0.018,0.101,1364.0,932.0,False
2016-10-30 05:54:00,10.7,0.18,8.36,750.0,210.0,0.018,0.101,1365.0,932.0,False
2016-10-30 05:55:00,10.7,0.17,8.36,750.0,210.0,0.018,0.101,1348.0,936.0,False
2016-10-30 05:56:00,10.7,0.17,8.36,750.0,210.0,0.018,0.101,1337.0,936.0,False
2016-10-30 05:57:00,10.7,0.17,8.36,750.0,210.0,0.017,0.101,1354.0,944.0,False
2016-10-30 05:58:00,10.7,0.17,8.37,750.0,210.0,0.017,0.102,1347.0,934.0,False
2016-10-30 05:59:00,10.7,0.17,8.36,751.0,210.0,0.018,0.102,1337.0,942.0,False
2016-10-30 06:00:00,10.7,0.17,8.36,750.0,210.0,0.018,0.101,1379.0,938.0,False
2016-10-30 06:01:00,10.7,0.17,8.36,750.0,210.0,0.018,0.102,1327.0,934.0,False
2016-10-30 06:02:00,10.7,0.17,8.36,750.0,210.0,0.018,0.102,1358.0,936.0,False
2016-10-30 06:03:00,10.7,0.17,8.37,750.0,210.0,0.019,0.102,1361.0,939.0,False
2016-10-30 06:04:00,10.7,0.17,8.36,750.0,210.0,0.018,0.102,1377.0,937.0,False
2016-10-30 06:05:00,10.7,0.17,8.36,750.0,210.0,0.018,0.102,1350.0,937.0,False
2016-10-30 06:06:00,10.7,0.17,8.36,750.0,210.0,0.018,0.102,1385.0,936.0,False
2016-10-30 06:07:00,10.7,0.17,8.35,751.0,210.0,0.018,0.102,1343.0,945.0,False
2016-10-30 06:08:00,10.7,0.17,8.35,750.0,210.0,0.018,0.102,1393.0,939.0,False
2016-10-30 06:09:00,10.7,0.17,8.36,751.0,210.0,0.018,0.102,1381.0,938.0,False
2016-10-30 06:10:00,10.7,0.17,8.36,751.0,210.0,0.018,0.102,1372.0,936.0,False
2016-10-30 06:11:00,10.7,0.17,8.36,750.0,210.0,0.017,0.102,1378.0,936.0,False
2016-10-30 06:12:00,10.7,0.17,8.36,750.0,210.0,0.018,0.102,1381.0,934.0,False
2016-10-30 06:13:00,10.7,0.17,8.36,750.0,210.0,0.02,0.103,1391.0,939.0,False
2016-10-30 06:14:00,10.7,0.17,8.36,750.0,210.0,0.02,0.102,1383.0,937.0,False
2016-10-30 06:15:00,10.7,0.17,8.36,750.0,210.0,0.018,0.102,1385.0,939.0,False
2016-10-30 06:16:00,10.7,0.16,8.36,750.0,210.0,0.018,0.102,1395.0,942.0,False
2016-10-30 06:17:00,10.7,0.16,8.36,749.0,210.0,0.018,0.102,1361.0,937.0,False
2016-10-30 06:18:00,10.7,0.16,8.36,750.0,210.0,0.018,0.101,1377.0,934.0,False
2016-10-30 06:19:00,10.7,0.16,8.36,750.0,210.0,0.018,0.102,1373.0,937.0,False
2016-10-30 06:20:00,10.7,0.16,8.37,750.0,210.0,0.018,0.102,1349.0,939.0,False
2016-10-30 06:21:00,10.7,0.17,8.36,750.0,210.0,0.017,0.101,1358.0,942.0,False
2016-10-30 06:22:00,10.7,0.16,8.36,750.0,210.0,0.017,0.101,1362.0,942.0,False
2016-10-30 06:23:00,10.7,0.17,8.36,750.0,210.0,0.018,0.102,1348.0,934.0,False
2016-10-30 06:24:00,10.7,0.17,8.36,750.0,210.0,0.018,0.102,1366.0,942.0,False
2016-10-30 06:25:00,10.7,0.17,8.37,750.0,210.0,0.018,0.101,1390.0,944.0,False
2016-10-30 06:26:00,10.7,0.17,8.36,750.0,210.0,0.018,0.101,1364.0,943.0,False
2016-10-30 06:27:00,10.7,0.18,8.37,750.0,210.0,0.018,0.101,1353.0,942.0,False
2016-10-30 06:28:00,10.7,0.17,8.37,750.0,210.0,0.018,0.101,1376.0,936.0,False
2016-10-30 06:29:00,10.7,0.18,8.37,750.0,210.0,0.019,0.102,1381.0,943.0,False
2016-10-30 06:30:00,10.7,0.18,8.37,750.0,210.0,0.018,0.102,1368.0,939.0,False
2016-10-30 06:31:00,10.7,0.17,8.37,751.0,210.0,0.017,0.101,1396.0,944.0,False
2016-10-30 06:32:00,10.7,0.17,8.37,750.0,210.0,0.017,0.101,1390.0,943.0,False
2016-10-30 06:33:00,10.7,0.17,8.37,750.0,210.0,0.017,0.101,1394.0,944.0,False
2016-10-30 06:34:00,10.7,0.17,8.37,750.0,210.0,0.017,0.102,1387.0,939.0,False
2016-10-30 06:35:00,10.7,0.17,8.37,750.0,210.0,0.017,0.101,1405.0,950.0,False
2016-10-30 06:36:00,10.7,0.17,8.37,750.0,210.0,0.017,0.101,1384.0,944.0,False
2016-10-30 06:37:00,10.7,0.17,8.38,750.0,210.0,0.017,0.101,1396.0,939.0,False
2016-10-30 06:38:00,10.7,0.17,8.38,750.0,210.0,0.017,0.101,1362.0,944.0,False
2016-10-30 06:39:00,10.7,0.17,8.38,750.0,210.0,0.016,0.102,1405.0,944.0,False
2016-10-30 06:40:00,10.7,0.17,8.38,750.0,210.0,0.017,0.102,1366.0,945.0,False
2016-10-30 06:41:00,10.7,0.17,8.38,750.0,210.0,0.018,0.101,1379.0,949.0,False
2016-10-30 06:42:00,10.7,0.17,8.38,750.0,210.0,0.017,0.101,1408.0,945.0,False
2016-10-30 06:43:00,10.7,0.17,8.38,749.0,210.0,0.017,0.101,1349.0,942.0,False
2016-10-30 06:44:00,10.7,0.17,8.38,750.0,210.0,0.017,0.101,1417.0,944.0,False
2016-10-30 06:45:00,10.7,0.17,8.38,750.0,210.0,0.018,0.102,1390.0,943.0,False
2016-10-30 06:46:00,10.7,0.17,8.39,750.0,210.0,0.018,0.101,1359.0,943.0,False
2016-10-30 06:47:00,10.7,0.17,8.39,750.0,210.0,0.018,0.101,1391.0,937.0,False
2016-10-30 06:48:00,10.7,0.17,8.39,750.0,210.0,0.018,0.101,1407.0,942.0,False
2016-10-30 06:49:00,10.7,0.17,8.38,750.0,210.0,0.017,0.101,1384.0,937.0,False
2016-10-30 06:50:00,10.7,0.17,8.39,750.0,210.0,0.017,0.101,1431.0,932.0,False
2016-10-30 06:51:00,10.7,0.17,8.39,750.0,210.0,0.017,0.101,1359.0,931.0,False
2016-10-30 06:52:00,10.7,0.17,8.39,750.0,210.0,0.017,0.099,1343.0,938.0,False
2016-10-30 06:53:00,10.7,0.17,8.39,750.0,210.0,0.017,0.101,1298.0,938.0,False
2016-10-30 06:54:00,10.7,0.17,8.39,750.0,210.0,0.017,0.099,1313.0,937.0,False
2016-10-30 06:55:00,10.7,0.17,8.39,750.0,210.0,0.017,0.099,1283.0,937.0,False
2016-10-30 06:56:00,10.7,0.17,8.39,749.0,210.0,0.017,0.099,1315.0,942.0,False
2016-10-30 06:57:00,10.7,0.17,8.39,749.0,210.0,0.018,0.099,1315.0,939.0,False
2016-10-30 06:58:00,10.7,0.16,8.39,750.0,210.0,0.018,0.099,1339.0,939.0,False
2016-10-30 06:59:00,10.7,0.16,8.39,750.0,210.0,0.017,0.099,1335.0,939.0,False
2016-10-30 07:00:00,10.7,0.16,8.39,750.0,210.0,0.018,0.101,1304.0,938.0,False
2016-10-30 07:01:00,10.7,0.17,8.39,749.0,210.0,0.017,0.099,1291.0,943.0,False
2016-10-30 07:02:00,10.7,0.16,8.39,750.0,210.0,0.018,0.099,1361.0,936.0,False
2016-10-30 07:03:00,10.7,0.17,8.39,750.0,210.0,0.017,0.099,1315.0,938.0,False
2016-10-30 07:04:00,10.7,0.17,8.38,750.0,210.0,0.018,0.099,1329.0,943.0,False
2016-10-30 07:05:00,10.7,0.17,8.38,750.0,210.0,0.018,0.099,1310.0,944.0,False
2016-10-30 07:06:00,10.7,0.17,8.38,750.0,210.0,0.018,0.101,1356.0,949.0,False
2016-10-30 07:07:00,10.7,0.17,8.38,750.0,210.0,0.018,0.101,1329.0,913.0,False
2016-10-30 07:08:00,10.7,0.17,8.38,749.0,210.0,0.018,0.101,1343.0,858.0,False
2016-10-30 07:09:00,10.7,0.17,8.38,750.0,210.0,0.018,0.101,1325.0,841.0,False
2016-10-30 07:10:00,10.7,0.17,8.38,749.0,210.0,0.018,0.101,1332.0,839.0,False
2016-10-30 07:11:00,10.7,0.17,8.38,750.0,210.0,0.018,0.101,1336.0,835.0,False
2016-10-30 07:12:00,10.7,0.17,8.37,750.0,210.0,0.018,0.101,1339.0,841.0,False
2016-10-30 07:13:00,10.7,0.17,8.38,750.0,210.0,0.018,0.101,1372.0,843.0,False
2016-10-30 07:14:00,10.7,0.17,8.37,749.0,210.0,0.018,0.101,1371.0,844.0,False
2016-10-30 07:15:00,10.7,0.17,8.38,750.0,210.0,0.018,0.101,1364.0,837.0,False
2016-10-30 07:16:00,10.7,0.17,8.37,750.0,210.0,0.017,0.101,1337.0,840.0,False
2016-10-30 07:17:00,10.7,0.17,8.38,750.0,210.0,0.017,0.102,1361.0,843.0,False
2016-10-30 07:18:00,10.7,0.17,8.37,749.0,210.0,0.018,0.101,1365.0,839.0,False
2016-10-30 07:19:00,10.7,0.17,8.37,750.0,210.0,0.017,0.101,1354.0,839.0,False
2016-10-30 07:20:00,10.7,0.17,8.37,749.0,210.0,0.018,0.101,1365.0,834.0,False
2016-10-30 07:21:00,10.7,0.17,8.37,750.0,210.0,0.018,0.101,1384.0,839.0,False
2016-10-30 07:22:00,10.7,0.17,8.37,750.0,210.0,0.018,0.101,1371.0,844.0,False
2016-10-30 07:23:00,10.7,0.17,8.37,750.0,210.0,0.018,0.101,1354.0,841.0,False
2016-10-30 07:24:00,10.7,0.17,8.38,750.0,210.0,0.018,0.101,1349.0,844.0,False
2016-10-30 07:25:00,10.7,0.17,8.37,750.0,210.0,0.018,0.101,1370.0,840.0,False
2016-10-30 07:26:00,10.7,0.17,8.37,750.0,210.0,0.018,0.101,1355.0,840.0,False
2016-10-30 07:27:00,10.7,0.17,8.37,750.0,210.0,0.019,0.101,1379.0,841.0,False
2016-10-30 07:28:00,10.7,0.17,8.37,750.0,210.0,0.018,0.101,1387.0,843.0,False
2016-10-30 07:29:00,10.7,0.17,8.38,750.0,210.0,0.018,0.099,1395.0,844.0,False
2016-10-30 07:30:00,10.7,0.17,8.37,749.0,210.0,0.019,0.099,1366.0,846.0,False
2016-10-30 07:31:00,10.7,0.17,8.38,749.0,210.0,0.018,0.099,1364.0,847.0,False
2016-10-30 07:32:00,10.7,0.17,8.38,750.0,210.0,0.019,0.101,1342.0,843.0,False
2016-10-30 07:33:00,10.7,0.17,8.38,749.0,210.0,0.019,0.099,1388.0,840.0,False
2016-10-30 07:34:00,10.7,0.17,8.38,750.0,210.0,0.018,0.099,1399.0,840.0,False
2016-10-30 07:35:00,10.7,0.17,8.38,750.0,210.0,0.018,0.099,1373.0,833.0,False
2016-10-30 07:36:00,10.7,0.17,8.38,749.0,210.0,0.018,0.099,1410.0,840.0,False
2016-10-30 07:37:00,10.7,0.17,8.38,750.0,210.0,0.017,0.099,1396.0,844.0,False
2016-10-30 07:38:00,10.7,0.17,8.38,749.0,210.0,0.017,0.099,1388.0,847.0,False
2016-10-30 07:39:00,10.7,0.17,8.38,750.0,210.0,0.017,0.099,1402.0,843.0,False
2016-10-30 07:40:00,10.7,0.17,8.38,749.0,210.0,0.018,0.099,1396.0,841.0,False
2016-10-30 07:41:00,10.7,0.17,8.38,750.0,210.0,0.018,0.099,1383.0,840.0,False
2016-10-30 07:42:00,10.7,0.17,8.38,749.0,210.0,0.018,0.099,1439.0,843.0,False
2016-10-30 07:43:00,10.7,0.17,8.38,750.0,210.0,0.018,0.099,1373.0,840.0,False
2016-10-30 07:44:00,10.7,0.17,8.38,749.0,210.0,0.018,0.099,1406.0,839.0,False
2016-10-30 07:45:00,10.7,0.17,8.38,750.0,210.0,0.018,0.099,1393.0,839.0,False
2016-10-30 07:46:00,10.7,0.17,8.38,749.0,210.0,0.019,0.099,1394.0,840.0,False
2016-10-30 07:47:00,10.7,0.17,8.37,749.0,210.0,0.018,0.099,1376.0,847.0,False
2016-10-30 07:48:00,10.7,0.17,8.38,750.0,210.0,0.018,0.099,1385.0,850.0,False
2016-10-30 07:49:00,10.7,0.17,8.37,749.0,210.0,0.018,0.099,1393.0,843.0,False
2016-10-30 07:50:00,10.7,0.17,8.37,749.0,210.0,0.018,0.101,1407.0,844.0,False
2016-10-30 07:51:00,10.7,0.17,8.37,750.0,210.0,0.018,0.101,1410.0,844.0,False
2016-10-30 07:52:00,10.7,0.17,8.37,750.0,210.0,0.018,0.101,1413.0,841.0,False
2016-10-30 07:53:00,10.7,0.17,8.37,750.0,210.0,0.018,0.101,1391.0,846.0,False
2016-10-30 07:54:00,10.7,0.17,8.37,750.0,210.0,0.018,0.101,1408.0,843.0,False
2016-10-30 07:55:00,10.7,0.17,8.37,750.0,210.0,0.018,0.101,1437.0,841.0,False
2016-10-30 07:56:00,10.7,0.17,8.37,750.0,210.0,0.018,0.101,1425.0,847.0,False
2016-10-30 07:57:00,10.7,0.17,8.37,750.0,210.0,0.018,0.101,1423.0,844.0,False
2016-10-30 07:58:00,10.7,0.17,8.36,749.0,210.0,0.018,0.101,1413.0,841.0,False
2016-10-30 07:59:00,10.7,0.17,8.37,750.0,210.0,0.018,0.101,1423.0,840.0,False
2016-10-30 08:00:00,10.7,0.17,8.37,750.0,210.0,0.059,0.101,1401.0,841.0,False
2016-10-30 08:01:00,10.7,0.17,8.36,749.0,210.0,0.018,0.102,1423.0,837.0,False
2016-10-30 08:02:00,10.7,0.17,8.36,750.0,210.0,0.017,0.102,1430.0,806.0,False
2016-10-30 08:03:00,10.7,0.17,8.37,749.0,210.0,0.017,0.101,1422.0,795.0,False
2016-10-30 08:04:00,10.7,0.17,8.37,750.0,210.0,0.017,0.102,1436.0,785.0,False
2016-10-30 08:05:00,10.7,0.17,8.37,750.0,210.0,0.018,0.101,1429.0,787.0,False
2016-10-30 08:06:00,10.7,0.16,8.37,750.0,210.0,0.017,0.101,1418.0,787.0,False
2016-10-30 08:07:00,10.7,0.16,8.37,749.0,210.0,0.018,0.102,1437.0,787.0,False
2016-10-30 08:08:00,10.7,0.16,8.37,750.0,210.0,0.018,0.101,1422.0,777.0,False
2016-10-30 08:09:00,10.7,0.16,8.37,750.0,210.0,0.018,0.101,1417.0,780.0,False
2016-10-30 08:10:00,10.7,0.16,8.37,750.0,210.0,0.02,0.101,1424.0,787.0,False
2016-10-30 08:11:00,10.7,0.16,8.37,749.0,210.0,0.019,0.101,1451.0,788.0,False
2016-10-30 08:12:00,10.7,0.16,8.37,749.0,210.0,0.018,0.101,1443.0,783.0,False
2016-10-30 08:13:00,10.7,0.16,8.37,750.0,210.0,0.018,0.101,1393.0,788.0,False
2016-10-30 08:14:00,10.7,0.16,8.37,750.0,210.0,0.017,0.101,1424.0,787.0,False
2016-10-30 08:15:00,10.7,0.16,8.37,750.0,210.0,0.018,0.099,1431.0,788.0,False
2016-10-30 08:16:00,10.7,0.16,8.37,750.0,210.0,0.018,0.099,1434.0,785.0,False
2016-10-30 08:17:00,10.7,0.16,8.38,749.0,210.0,0.022,0.099,1457.0,785.0,False
2016-10-30 08:18:00,10.7,0.16,8.38,749.0,210.0,0.02,0.101,1486.0,785.0,False
2016-10-30 08:19:00,10.7,0.16,8.37,749.0,210.0,0.019,0.099,1453.0,785.0,False
2016-10-30 08:20:00,10.7,0.17,8.37,749.0,210.0,0.018,0.099,1440.0,787.0,False
2016-10-30 08:21:00,10.7,0.17,8.38,749.0,210.0,0.017,0.099,1478.0,792.0,False
2016-10-30 08:22:00,10.7,0.17,8.38,749.0,210.0,0.019,0.099,1416.0,799.0,False
2016-10-30 08:23:00,10.7,0.17,8.37,750.0,210.0,0.019,0.099,1453.0,806.0,False
2016-10-30 08:24:00,10.7,0.17,8.38,749.0,210.0,0.019,0.099,1446.0,798.0,False
2016-10-30 08:25:00,10.7,0.17,8.38,749.0,210.0,0.018,0.099,1489.0,800.0,False
2016-10-30 08:26:00,10.7,0.17,8.38,749.0,210.0,0.021,0.099,1489.0,809.0,False
2016-10-30 08:27:00,10.7,0.17,8.38,749.0,210.0,0.018,0.099,1407.0,803.0,False
2016-10-30 08:28:00,10.7,0.17,8.38,750.0,210.0,0.017,0.099,1452.0,800.0,False
2016-10-30 08:29:00,10.7,0.17,8.38,750.0,210.0,0.018,0.099,1459.0,803.0,False
2016-10-30 08:30:00,10.7,0.17,8.37,750.0,210.0,0.017,0.099,1439.0,791.0,False
2016-10-30 08:31:00,10.7,0.17,8.38,750.0,210.0,0.019,0.099,1469.0,800.0,False
2016-10-30 08:32:00,10.7,0.17,8.38,750.0,210.0,0.021,0.099,1471.0,805.0,False
2016-10-30 08:33:00,10.7,0.17,8.38,750.0,210.0,0.018,0.099,1453.0,806.0,False
2016-10-30 08:34:00,10.7,0.17,8.38,749.0,210.0,0.018,0.099,1445.0,804.0,False
2016-10-30 08:35:00,10.7,0.17,8.38,750.0,210.0,0.018,0.099,1468.0,805.0,False
2016-10-30 08:36:00,10.7,0.17,8.38,749.0,210.0,0.018,0.099,1460.0,811.0,False
2016-10-30 08:37:00,10.7,0.17,8.38,749.0,210.0,0.018,0.099,1459.0,803.0,False
2016-10-30 08:38:00,10.7,0.17,8.38,749.0,210.0,0.018,0.099,1460.0,806.0,False
2016-10-30 08:39:00,10.7,0.17,8.38,749.0,210.0,0.017,0.099,1486.0,803.0,False
2016-10-30 08:40:00,10.7,0.17,8.38,749.0,210.0,0.018,0.099,1442.0,809.0,False
2016-10-30 08:41:00,10.7,0.17,8.38,749.0,210.0,0.018,0.099,1436.0,805.0,False
2016-10-30 08:42:00,10.7,0.17,8.38,749.0,210.0,0.017,0.099,1440.0,797.0,False
2016-10-30 08:43:00,10.7,0.17,8.38,749.0,210.0,0.017,0.099,1471.0,798.0,False
2016-10-30 08:44:00,10.7,0.17,8.37,750.0,210.0,0.017,0.099,1452.0,806.0,False
2016-10-30 08:45:00,10.7,0.17,8.37,749.0,210.0,0.017,0.099,1466.0,803.0,False
2016-10-30 08:46:00,10.7,0.17,8.38,750.0,210.0,0.017,0.099,1445.0,800.0,False
2016-10-30 08:47:00,10.7,0.17,8.37,749.0,210.0,0.017,0.099,1472.0,805.0,False
2016-10-30 08:48:00,10.7,0.16,8.37,749.0,210.0,0.017,0.099,1454.0,804.0,False
2016-10-30 08:49:00,10.7,0.16,8.38,749.0,210.0,0.017,0.099,1471.0,804.0,False
2016-10-30 08:50:00,10.7,0.16,8.38,749.0,210.0,0.017,0.099,1434.0,811.0,False
2016-10-30 08:51:00,10.7,0.16,8.37,749.0,210.0,0.017,0.099,1469.0,806.0,False
2016-10-30 08:52:00,10.7,0.16,8.37,749.0,210.0,0.017,0.099,1491.0,806.0,False
2016-10-30 08:53:00,10.7,0.16,8.37,749.0,210.0,0.017,0.099,1471.0,809.0,False
2016-10-30 08:54:00,10.7,0.16,8.36,749.0,210.0,0.017,0.099,1458.0,806.0,False
2016-10-30 08:55:00,10.7,0.17,8.36,749.0,210.0,0.017,0.099,1481.0,806.0,False
2016-10-30 08:56:00,10.7,0.17,8.36,749.0,210.0,0.017,0.099,1454.0,799.0,False
2016-10-30 08:57:00,10.7,0.17,8.36,749.0,210.0,0.017,0.099,1487.0,799.0,False
2016-10-30 08:58:00,10.7,0.17,8.35,750.0,210.0,0.017,0.099,1478.0,797.0,False
2016-10-30 08:59:00,10.7,0.17,8.35,750.0,210.0,0.017,0.099,1457.0,810.0,False
2016-10-30 09:00:00,10.7,0.17,8.35,750.0,210.0,0.017,0.099,1462.0,811.0,False
2016-10-30 09:01:00,10.7,0.17,8.35,749.0,210.0,0.018,0.099,1458.0,815.0,False
2016-10-30 09:02:00,10.7,0.17,8.34,750.0,210.0,0.017,0.099,1468.0,815.0,False
2016-10-30 09:03:00,10.7,0.18,8.34,750.0,210.0,0.017,0.099,1495.0,806.0,False
2016-10-30 09:04:00,10.7,0.18,8.34,750.0,210.0,0.018,0.099,1468.0,805.0,False
2016-10-30 09:05:00,10.7,0.18,8.33,749.0,210.0,0.018,0.099,1491.0,800.0,False
2016-10-30 09:06:00,10.7,0.18,8.34,750.0,210.0,0.018,0.101,1489.0,805.0,False
2016-10-30 09:07:00,10.7,0.17,8.33,750.0,210.0,0.018,0.101,1422.0,812.0,False
2016-10-30 09:08:00,10.7,0.17,8.33,750.0,210.0,0.018,0.099,1478.0,811.0,False
2016-10-30 09:09:00,10.7,0.17,8.33,750.0,210.0,0.019,0.099,1475.0,804.0,False
2016-10-30 09:10:00,10.7,0.17,8.33,750.0,210.0,0.018,0.099,1497.0,806.0,False
2016-10-30 09:11:00,10.7,0.17,8.33,750.0,210.0,0.018,0.099,1486.0,800.0,False
2016-10-30 09:12:00,10.7,0.17,8.32,750.0,210.0,0.018,0.099,1494.0,803.0,False
2016-10-30 09:13:00,10.7,0.17,8.33,750.0,210.0,0.018,0.099,1465.0,805.0,False
2016-10-30 09:14:00,10.7,0.17,8.32,750.0,210.0,0.018,0.101,1530.0,812.0,False
2016-10-30 09:15:00,10.7,0.17,8.33,750.0,210.0,0.017,0.101,1468.0,804.0,False
2016-10-30 09:16:00,10.7,0.17,8.32,750.0,210.0,0.017,0.101,1465.0,806.0,False
2016-10-30 09:17:00,10.7,0.17,8.32,750.0,210.0,0.017,0.101,1509.0,810.0,False
2016-10-30 09:18:00,10.7,0.17,8.32,750.0,210.0,0.017,0.099,1498.0,805.0,False
2016-10-30 09:19:00,10.7,0.17,8.32,750.0,210.0,0.023,0.101,1510.0,803.0,False
2016-10-30 09:20:00,10.7,0.17,8.32,750.0,210.0,0.018,0.101,1486.0,810.0,False
2016-10-30 09:21:00,10.7,0.17,8.33,750.0,210.0,0.017,0.101,1487.0,810.0,False
2016-10-30 09:22:00,10.7,0.16,8.32,750.0,210.0,0.017,0.101,1460.0,810.0,False
2016-10-30 09:23:00,10.7,0.16,8.33,750.0,210.0,0.018,0.101,1520.0,805.0,False
2016-10-30 09:24:00,10.7,0.16,8.33,750.0,210.0,0.017,0.099,1500.0,804.0,False
2016-10-30 09:25:00,10.7,0.17,8.33,750.0,210.0,0.017,0.099,1454.0,806.0,False
2016-10-30 09:26:00,10.7,0.16,8.33,750.0,210.0,0.018,0.099,1498.0,806.0,False
2016-10-30 09:27:00,10.7,0.16,8.33,750.0,210.0,0.017,0.099,1500.0,805.0,False
2016-10-30 09:28:00,10.7,0.17,8.33,750.0,210.0,0.017,0.099,1506.0,804.0,False
2016-10-30 09:29:00,10.7,0.17,8.33,750.0,210.0,0.017,0.099,1482.0,811.0,False
2016-10-30 09:30:00,10.7,0.16,8.34,750.0,210.0,0.017,0.099,1527.0,809.0,False
2016-10-30 09:31:00,10.7,0.17,8.34,750.0,210.0,0.017,0.099,1399.0,806.0,False
2016-10-30 09:32:00,10.7,0.17,8.34,750.0,210.0,0.017,0.099,1418.0,810.0,False
2016-10-30 09:33:00,10.7,0.17,8.35,750.0,210.0,0.017,0.099,1423.0,804.0,False
2016-10-30 09:34:00,10.7,0.17,8.35,749.0,210.0,0.021,0.099,1417.0,804.0,False
2016-10-30 09:35:00,10.7,0.17,8.35,749.0,210.0,0.018,0.099,1430.0,805.0,False
2016-10-30 09:36:00,10.7,0.17,8.35,750.0,210.0,0.018,0.099,1442.0,806.0,False
2016-10-30 09:37:00,10.7,0.17,8.36,749.0,210.0,0.017,0.099,1434.0,810.0,False
2016-10-30 09:38:00,10.7,0.17,8.36,749.0,210.0,0.017,0.098,1422.0,811.0,False
2016-10-30 09:39:00,10.7,0.17,8.36,749.0,210.0,0.017,0.099,1437.0,806.0,False
2016-10-30 09:40:00,10.7,0.17,8.36,750.0,210.0,0.019,0.099,1436.0,804.0,False
2016-10-30 09:41:00,10.7,0.17,8.37,750.0,210.0,0.028,0.099,1449.0,800.0,False
2016-10-30 09:42:00,10.7,0.17,8.37,749.0,210.0,0.017,0.098,1430.0,803.0,False
2016-10-30 09:43:00,10.7,0.17,8.37,749.0,210.0,0.02,0.098,1460.0,800.0,False
2016-10-30 09:44:00,10.7,0.17,8.37,749.0,210.0,0.018,0.098,1407.0,800.0,False
2016-10-30 09:45:00,10.7,0.17,8.38,749.0,210.0,0.017,0.098,1446.0,812.0,False
2016-10-30 09:46:00,10.7,0.17,8.38,749.0,210.0,0.017,0.098,1460.0,809.0,False
2016-10-30 09:47:00,10.7,0.17,8.38,749.0,210.0,0.017,0.099,1443.0,810.0,False
2016-10-30 09:48:00,10.7,0.17,8.37,749.0,210.0,0.018,0.098,1418.0,811.0,False
2016-10-30 09:49:00,10.7,0.17,8.38,749.0,210.0,0.018,0.098,1459.0,799.0,False
2016-10-30 09:50:00,10.7,0.17,8.38,749.0,210.0,0.018,0.099,1436.0,806.0,False
2016-10-30 09:51:00,10.7,0.17,8.38,749.0,210.0,0.018,0.099,1440.0,795.0,False
2016-10-30 09:52:00,10.7,0.17,8.39,750.0,210.0,0.018,0.099,1406.0,798.0,False
2016-10-30 09:53:00,10.7,0.17,8.38,749.0,210.0,0.018,0.099,1446.0,799.0,False
2016-10-30 09:54:00,10.7,0.17,8.38,749.0,210.0,0.021,0.099,1408.0,800.0,False
2016-10-30 09:55:00,10.7,0.16,8.38,750.0,210.0,0.018,0.099,1483.0,804.0,False
2016-10-30 09:56:00,10.7,0.16,8.38,749.0,210.0,0.018,0.099,1395.0,804.0,False
2016-10-30 09:57:00,10.7,0.16,8.38,749.0,210.0,0.018,0.099,1442.0,806.0,False
2016-10-30 09:58:00,10.7,0.16,8.38,750.0,210.0,0.018,0.099,1429.0,812.0,False
2016-10-30 09:59:00,10.7,0.16,8.38,750.0,210.0,0.018,0.099,1414.0,820.0,False
2016-10-30 10:00:00,10.7,0.16,8.38,749.0,210.0,0.018,0.099,1423.0,809.0,False
2016-10-30 10:01:00,10.7,0.16,8.38,750.0,210.0,0.018,0.099,1410.0,811.0,False
2016-10-30 10:02:00,10.7,0.16,8.37,749.0,210.0,0.019,0.099,1410.0,810.0,False
2016-10-30 10:03:00,10.7,0.16,8.37,749.0,210.0,0.018,0.099,1434.0,810.0,False
2016-10-30 10:04:00,10.7,0.16,8.38,750.0,210.0,0.018,0.099,1417.0,809.0,False
2016-10-30 10:05:00,10.7,0.16,8.37,750.0,210.0,0.017,0.099,1436.0,804.0,False
2016-10-30 10:06:00,10.7,0.17,8.37,749.0,210.0,0.018,0.099,1428.0,806.0,False
2016-10-30 10:07:00,10.7,0.17,8.38,749.0,210.0,0.018,0.099,1424.0,799.0,False
2016-10-30 10:08:00,10.7,0.17,8.37,749.0,210.0,0.017,0.099,1420.0,806.0,False
2016-10-30 10:09:00,10.7,0.17,8.37,749.0,210.0,0.017,0.099,1428.0,805.0,False
2016-10-30 10:10:00,10.7,0.17,8.37,749.0,210.0,0.017,0.099,1401.0,800.0,False
2016-10-30 10:11:00,10.7,0.17,8.37,749.0,210.0,0.018,0.099,1412.0,804.0,False
2016-10-30 10:12:00,10.7,0.17,8.38,750.0,210.0,0.017,0.099,1422.0,810.0,False
2016-10-30 10:13:00,10.7,0.17,8.37,749.0,210.0,0.017,0.099,1418.0,804.0,False
2016-10-30 10:14:00,10.7,0.17,8.37,750.0,210.0,0.018,0.099,1424.0,809.0,False
2016-10-30 10:15:00,10.7,0.17,8.37,750.0,210.0,0.024,0.099,1431.0,806.0,False
2016-10-30 10:16:00,10.7,0.17,8.38,749.0,210.0,0.018,0.099,1406.0,810.0,False
2016-10-30 10:17:00,10.7,0.17,8.38,750.0,210.0,0.017,0.099,1425.0,809.0,False
2016-10-30 10:18:00,10.7,0.17,8.37,750.0,210.0,0.018,0.099,1454.0,810.0,False
2016-10-30 10:19:00,10.7,0.17,8.38,750.0,210.0,0.018,0.099,1422.0,814.0,False
2016-10-30 10:20:00,10.7,0.17,8.37,749.0,210.0,0.017,0.099,1442.0,811.0,False
2016-10-30 10:21:00,10.7,0.17,8.37,750.0,210.0,0.018,0.099,1400.0,814.0,False
2016-10-30 10:22:00,10.7,0.17,8.37,750.0,210.0,0.018,0.099,1422.0,806.0,False
2016-10-30 10:23:00,10.7,0.17,8.37,749.0,210.0,0.018,0.099,1437.0,811.0,False
2016-10-30 10:24:00,10.7,0.17,8.38,750.0,210.0,0.017,0.099,1459.0,809.0,False
2016-10-30 10:25:00,10.7,0.17,8.38,750.0,210.0,0.018,0.099,1393.0,800.0,False
2016-10-30 10:26:00,10.7,0.17,8.37,750.0,210.0,0.018,0.099,1412.0,800.0,False
2016-10-30 10:27:00,10.7,0.17,8.37,750.0,210.0,0.018,0.099,1414.0,803.0,False
2016-10-30 10:28:00,10.7,0.17,8.37,749.0,210.0,0.018,0.099,1414.0,809.0,False
2016-10-30 10:29:00,10.7,0.17,8.38,750.0,210.0,0.019,0.099,1406.0,810.0,False
2016-10-30 10:30:00,10.7,0.17,8.37,749.0,210.0,0.017,0.099,1399.0,809.0,False
2016-10-30 10:31:00,10.7,0.16,8.37,749.0,210.0,0.017,0.099,1402.0,805.0,False
2016-10-30 10:32:00,10.7,0.17,8.38,750.0,210.0,0.018,0.099,1430.0,804.0,False
2016-10-30 10:33:00,10.7,0.17,8.37,749.0,210.0,0.017,0.099,1407.0,803.0,False
2016-10-30 10:34:00,10.7,0.17,8.37,749.0,210.0,0.017,0.099,1440.0,809.0,False
2016-10-30 10:35:00,10.7,0.17,8.37,749.0,210.0,0.017,0.099,1370.0,806.0,False
2016-10-30 10:36:00,10.7,0.17,8.37,749.0,210.0,0.019,0.099,1451.0,809.0,False
2016-10-30 10:37:00,10.7,0.16,8.37,750.0,210.0,0.017,0.099,1414.0,809.0,False
2016-10-30 10:38:00,10.7,0.16,8.37,750.0,210.0,0.017,0.099,1391.0,809.0,False
2016-10-30 10:39:00,10.7,0.16,8.37,749.0,210.0,0.017,0.099,1434.0,809.0,False
2016-10-30 10:40:00,10.7,0.16,8.37,749.0,210.0,0.017,0.099,1399.0,810.0,False
2016-10-30 10:41:00,10.7,0.16,8.37,749.0,210.0,0.017,0.099,1401.0,809.0,False
2016-10-30 10:42:00,10.7,0.16,8.38,749.0,210.0,0.017,0.098,1416.0,810.0,False
2016-10-30 10:43:00,10.7,0.16,8.37,749.0,210.0,0.017,0.099,1388.0,809.0,False
2016-10-30 10:44:00,10.7,0.17,8.38,749.0,210.0,0.017,0.099,1390.0,809.0,False
2016-10-30 10:45:00,10.7,0.17,8.38,749.0,210.0,0.017,0.098,1384.0,809.0,False
2016-10-30 10:46:00,10.7,0.17,8.38,749.0,210.0,0.017,0.099,1418.0,810.0,False
2016-10-30 10:47:00,10.7,0.17,8.38,750.0,210.0,0.017,0.099,1424.0,812.0,False
2016-10-30 10:48:00,10.7,0.17,8.37,749.0,210.0,0.017,0.098,1407.0,804.0,False
2016-10-30 10:49:00,10.7,0.17,8.38,749.0,210.0,0.017,0.098,1388.0,805.0,False
2016-10-30 10:50:00,10.8,0.17,8.37,749.0,210.0,0.016,0.098,1383.0,804.0,False
2016-10-30 10:51:00,10.7,0.17,8.38,749.0,210.0,0.017,0.099,1429.0,809.0,False
2016-10-30 10:52:00,10.7,0.17,8.38,749.0,210.0,0.017,0.098,1387.0,804.0,False
2016-10-30 10:53:00,10.8,0.17,8.38,749.0,210.0,0.017,0.099,1412.0,804.0,False
2016-10-30 10:54:00,10.8,0.17,8.37,750.0,210.0,0.017,0.099,1412.0,805.0,False
2016-10-30 10:55:00,10.8,0.17,8.38,749.0,210.0,0.017,0.099,1385.0,811.0,False
2016-10-30 10:56:00,10.7,0.17,8.37,750.0,210.0,0.018,0.099,1446.0,805.0,False
2016-10-30 10:57:00,10.7,0.17,8.38,750.0,210.0,0.021,0.099,1394.0,805.0,False
2016-10-30 10:58:00,10.8,0.17,8.38,749.0,210.0,0.018,0.099,1399.0,805.0,False
2016-10-30 10:59:00,10.7,0.17,8.37,749.0,210.0,0.017,0.099,1430.0,812.0,False
2016-10-30 11:00:00,10.7,0.17,8.37,750.0,210.0,0.017,0.099,1413.0,803.0,False
2016-10-30 11:01:00,10.8,0.17,8.38,750.0,210.0,0.018,0.099,1414.0,799.0,False
2016-10-30 11:02:00,10.7,0.17,8.38,749.0,210.0,0.018,0.099,1422.0,806.0,False
2016-10-30 11:03:00,10.7,0.17,8.38,749.0,210.0,0.017,0.099,1394.0,803.0,False
2016-10-30 11:04:00,10.8,0.17,8.37,749.0,210.0,0.017,0.099,1401.0,799.0,False
2016-10-30 11:05:00,10.7,0.17,8.37,750.0,210.0,0.018,0.099,1390.0,809.0,False
2016-10-30 11:06:00,10.7,0.17,8.38,749.0,210.0,0.017,0.099,1396.0,803.0,False
2016-10-30 11:07:00,10.8,0.17,8.37,749.0,210.0,0.017,0.099,1394.0,805.0,False
2016-10-30 11:08:00,10.8,0.17,8.37,749.0,210.0,0.017,0.099,1414.0,806.0,False
2016-10-30 11:09:00,10.7,0.16,8.37,749.0,210.0,0.017,0.099,1407.0,805.0,False
2016-10-30 11:10:00,10.8,0.16,8.37,749.0,210.0,0.021,0.099,1383.0,811.0,False
2016-10-30 11:11:00,10.7,0.16,8.37,750.0,210.0,0.017,0.099,1406.0,811.0,False
2016-10-30 11:12:00,10.8,0.16,8.37,750.0,210.0,0.018,0.099,1400.0,810.0,False
2016-10-30 11:13:00,10.8,0.16,8.37,749.0,210.0,0.021,0.099,1447.0,809.0,False
2016-10-30 11:14:00,10.8,0.17,8.37,749.0,210.0,0.018,0.099,1402.0,811.0,False
2016-10-30 11:15:00,10.7,0.17,8.37,750.0,210.0,0.018,0.099,1428.0,805.0,False
2016-10-30 11:16:00,10.8,0.17,8.37,749.0,210.0,0.017,0.099,1395.0,800.0,False
2016-10-30 11:17:00,10.7,0.17,8.37,749.0,210.0,0.017,0.099,1408.0,805.0,False
2016-10-30 11:18:00,10.8,0.17,8.37,749.0,210.0,0.019,0.099,1370.0,803.0,False
2016-10-30 11:19:00,10.8,0.17,8.38,750.0,210.0,0.017,0.099,1413.0,804.0,False
2016-10-30 11:20:00,10.8,0.17,8.36,749.0,210.0,0.017,0.099,1410.0,811.0,False
2016-10-30 11:21:00,10.8,0.18,8.37,750.0,210.0,0.017,0.099,1436.0,810.0,False
2016-10-30 11:22:00,10.8,0.17,8.37,749.0,210.0,0.017,0.099,1390.0,809.0,False
2016-10-30 11:23:00,10.8,0.17,8.37,749.0,210.0,0.018,0.099,1384.0,811.0,False
2016-10-30 11:24:00,10.8,0.17,8.37,750.0,210.0,0.017,0.099,1407.0,809.0,False
2016-10-30 11:25:00,10.8,0.17,8.36,749.0,210.0,0.017,0.099,1356.0,810.0,False
2016-10-30 11:26:00,10.8,0.17,8.37,750.0,210.0,0.017,0.099,1390.0,800.0,False
2016-10-30 11:27:00,10.8,0.17,8.37,749.0,210.0,0.017,0.099,1425.0,804.0,False
2016-10-30 11:28:00,10.8,0.17,8.37,750.0,210.0,0.017,0.099,1394.0,805.0,False
2016-10-30 11:29:00,10.8,0.17,8.37,749.0,210.0,0.018,0.099,1370.0,809.0,False
2016-10-30 11:30:00,10.8,0.17,8.37,750.0,210.0,0.018,0.099,1414.0,804.0,False
2016-10-30 11:31:00,10.8,0.17,8.37,750.0,210.0,0.018,0.099,1368.0,799.0,False
2016-10-30 11:32:00,10.8,0.17,8.38,749.0,210.0,0.018,0.099,1401.0,805.0,False
2016-10-30 11:33:00,10.8,0.17,8.37,749.0,210.0,0.018,0.099,1407.0,804.0,False
2016-10-30 11:34:00,10.8,0.17,8.37,750.0,210.0,0.018,0.099,1358.0,800.0,False
2016-10-30 11:35:00,10.8,0.17,8.37,749.0,210.0,0.018,0.099,1396.0,803.0,False
2016-10-30 11:36:00,10.8,0.17,8.38,750.0,210.0,0.018,0.099,1362.0,800.0,False
2016-10-30 11:37:00,10.8,0.17,8.37,749.0,210.0,0.018,0.099,1385.0,814.0,False
2016-10-30 11:38:00,10.8,0.17,8.37,750.0,210.0,0.018,0.099,1393.0,805.0,False
2016-10-30 11:39:00,10.8,0.17,8.37,750.0,210.0,0.018,0.099,1381.0,804.0,False
2016-10-30 11:40:00,10.8,0.17,8.37,750.0,210.0,0.018,0.099,1393.0,803.0,False
2016-10-30 11:41:00,10.8,0.17,8.38,750.0,210.0,0.018,0.099,1412.0,805.0,False
2016-10-30 11:42:00,10.8,0.17,8.38,749.0,210.0,0.018,0.099,1364.0,804.0,False
2016-10-30 11:43:00,10.8,0.17,8.38,749.0,210.0,0.019,0.099,1402.0,812.0,False
2016-10-30 11:44:00,10.8,0.17,8.37,750.0,210.0,0.018,0.099,1402.0,805.0,False
2016-10-30 11:45:00,10.8,0.17,8.37,750.0,210.0,0.017,0.099,1410.0,806.0,False
2016-10-30 11:46:00,10.8,0.17,8.38,750.0,210.0,0.018,0.099,1420.0,805.0,False
2016-10-30 11:47:00,10.8,0.17,8.38,750.0,210.0,0.02,0.099,1387.0,799.0,False
2016-10-30 11:48:00,10.8,0.17,8.38,749.0,210.0,0.017,0.099,1394.0,805.0,False
2016-10-30 11:49:00,10.8,0.16,8.37,749.0,210.0,0.019,0.099,1417.0,805.0,False
2016-10-30 11:50:00,10.8,0.17,8.38,749.0,210.0,0.017,0.099,1376.0,803.0,False
2016-10-30 11:51:00,10.8,0.17,8.38,749.0,210.0,0.019,0.099,1395.0,805.0,False
2016-10-30 11:52:00,10.8,0.17,8.38,749.0,210.0,0.017,0.099,1373.0,805.0,False
2016-10-30 11:53:00,10.8,0.17,8.37,750.0,210.0,0.017,0.099,1378.0,803.0,False
2016-10-30 11:54:00,10.8,0.17,8.37,750.0,210.0,0.017,0.099,1353.0,803.0,False
2016-10-30 11:55:00,10.8,0.17,8.38,749.0,210.0,0.018,0.099,1410.0,799.0,False
2016-10-30 11:56:00,10.8,0.17,8.38,750.0,210.0,0.018,0.099,1387.0,799.0,False
2016-10-30 11:57:00,10.8,0.17,8.38,750.0,210.0,0.017,0.099,1390.0,800.0,False
2016-10-30 11:58:00,10.8,0.17,8.38,750.0,210.0,0.018,0.099,1377.0,805.0,False
2016-10-30 11:59:00,10.8,0.17,8.38,750.0,210.0,0.017,0.101,1423.0,809.0,False
2016-10-30 12:00:00,10.8,0.17,8.38,750.0,210.0,0.017,0.099,1410.0,803.0,False
2016-10-30 12:01:00,10.8,0.17,8.38,750.0,210.0,0.017,0.099,1354.0,811.0,False
2016-10-30 12:02:00,10.8,0.17,8.38,750.0,210.0,0.017,0.099,1378.0,806.0,False
2016-10-30 12:03:00,10.8,0.17,8.38,750.0,210.0,0.017,0.099,1341.0,810.0,False
2016-10-30 12:04:00,10.8,0.17,8.38,750.0,210.0,0.017,0.101,1364.0,812.0,False
2016-10-30 12:05:00,10.8,0.17,8.38,749.0,210.0,0.017,0.101,1335.0,810.0,False
2016-10-30 12:06:00,10.8,0.17,8.38,750.0,210.0,0.018,0.101,1422.0,811.0,False
2016-10-30 12:07:00,10.8,0.17,8.38,749.0,210.0,0.017,0.099,1347.0,800.0,False
2016-10-30 12:08:00,10.8,0.17,8.38,750.0,210.0,0.023,0.101,1385.0,809.0,False
2016-10-30 12:09:00,10.8,0.17,8.37,750.0,210.0,0.019,0.101,1368.0,805.0,False
2016-10-30 12:10:00,10.8,0.17,8.38,750.0,210.0,0.017,0.101,1376.0,806.0,False
2016-10-30 12:11:00,10.8,0.17,8.38,750.0,210.0,0.019,0.101,1370.0,811.0,False
2016-10-30 12:12:00,10.8,0.17,8.37,750.0,210.0,0.017,0.102,1391.0,804.0,False
2016-10-30 12:13:00,10.8,0.17,8.37,750.0,210.0,0.017,0.101,1377.0,805.0,False
2016-10-30 12:14:00,10.8,0.17,8.38,749.0,210.0,0.018,0.101,1393.0,805.0,False
2016-10-30 12:15:00,10.8,0.17,8.38,750.0,210.0,0.019,0.101,1368.0,809.0,False
2016-10-30 12:16:00,10.8,0.17,8.38,750.0,210.0,0.019,0.101,1413.0,810.0,False
2016-10-30 12:17:00,10.8,0.17,8.38,750.0,210.0,0.017,0.101,1359.0,809.0,False
2016-10-30 12:18:00,10.8,0.17,8.38,750.0,210.0,0.017,0.101,1366.0,805.0,False
2016-10-30 12:19:00,10.8,0.17,8.38,750.0,210.0,0.045,0.101,1379.0,809.0,False
2016-10-30 12:20:00,10.8,0.17,8.38,750.0,210.0,0.019,0.101,1324.0,804.0,False
2016-10-30 12:21:00,10.8,0.17,8.38,750.0,210.0,0.018,0.101,1372.0,803.0,False
2016-10-30 12:22:00,10.8,0.17,8.38,750.0,210.0,0.017,0.101,1350.0,810.0,False
2016-10-30 12:23:00,10.8,0.17,8.38,750.0,210.0,0.017,0.101,1372.0,800.0,False
2016-10-30 12:24:00,10.8,0.17,8.38,750.0,210.0,0.017,0.102,1362.0,800.0,False
2016-10-30 12:25:00,10.8,0.17,8.38,750.0,210.0,0.019,0.101,1399.0,803.0,False
2016-10-30 12:26:00,10.8,0.17,8.38,749.0,210.0,0.017,0.101,1393.0,804.0,False
2016-10-30 12:27:00,10.8,0.17,8.37,750.0,210.0,0.019,0.101,1406.0,806.0,False
2016-10-30 12:28:00,10.8,0.17,8.38,750.0,210.0,0.017,0.101,1349.0,805.0,False
2016-10-30 12:29:00,10.8,0.17,8.38,750.0,210.0,0.017,0.101,1391.0,805.0,False
2016-10-30 12:30:00,10.8,0.17,8.37,749.0,210.0,0.017,0.101,1407.0,809.0,False
2016-10-30 12:31:00,10.8,0.17,8.38,750.0,210.0,0.017,0.101,1394.0,811.0,False
2016-10-30 12:32:00,10.8,0.17,8.38,750.0,210.0,0.017,0.101,1391.0,809.0,False
2016-10-30 12:33:00,10.8,0.17,8.37,750.0,210.0,0.018,0.101,1368.0,805.0,False
2016-10-30 12:34:00,10.8,0.17,8.38,750.0,210.0,0.017,0.101,1402.0,795.0,False
2016-10-30 12:35:00,10.8,0.17,8.37,750.0,210.0,0.016,0.101,1339.0,803.0,False
2016-10-30 12:36:00,10.8,0.17,8.38,750.0,210.0,0.017,0.101,1393.0,805.0,False
2016-10-30 12:37:00,10.8,0.17,8.37,750.0,210.0,0.017,0.101,1383.0,812.0,False
2016-10-30 12:38:00,10.8,0.17,8.37,749.0,210.0,0.017,0.101,1394.0,804.0,False
2016-10-30 12:39:00,10.8,0.17,8.37,749.0,210.0,0.017,0.101,1393.0,803.0,False
2016-10-30 12:40:00,10.8,0.17,8.37,750.0,210.0,0.017,0.101,1355.0,805.0,False
2016-10-30 12:41:00,10.8,0.17,8.37,749.0,210.0,0.024,0.101,1395.0,806.0,False
2016-10-30 12:42:00,10.8,0.17,8.37,750.0,210.0,0.017,0.101,1396.0,803.0,False
2016-10-30 12:43:00,10.8,0.17,8.38,750.0,210.0,0.018,0.101,1371.0,799.0,False
2016-10-30 12:44:00,10.8,0.17,8.37,750.0,210.0,0.018,0.102,1379.0,805.0,False
2016-10-30 12:45:00,10.8,0.17,8.37,749.0,210.0,0.018,0.102,1339.0,815.0,False
2016-10-30 12:46:00,10.8,0.17,8.37,750.0,210.0,0.018,0.101,1384.0,809.0,False
2016-10-30 12:47:00,10.8,0.17,8.37,750.0,210.0,0.018,0.102,1362.0,803.0,False
2016-10-30 12:48:00,10.8,0.17,8.37,750.0,210.0,0.018,0.102,1337.0,800.0,False
2016-10-30 12:49:00,10.8,0.17,8.37,750.0,210.0,0.018,0.102,1366.0,804.0,False
2016-10-30 12:50:00,10.8,0.17,8.37,750.0,210.0,0.018,0.102,1383.0,798.0,False
2016-10-30 12:51:00,10.8,0.17,8.37,750.0,210.0,0.02,0.102,1362.0,800.0,False
2016-10-30 12:52:00,10.8,0.17,8.37,750.0,210.0,0.018,0.102,1387.0,804.0,False
2016-10-30 12:53:00,10.8,0.17,8.37,750.0,210.0,0.017,0.102,1387.0,798.0,False
2016-10-30 12:54:00,10.8,0.17,8.37,750.0,210.0,0.018,0.102,1393.0,806.0,False
2016-10-30 12:55:00,10.8,0.17,8.37,749.0,210.0,0.018,0.102,1336.0,810.0,False
2016-10-30 12:56:00,10.8,0.17,8.37,749.0,210.0,0.018,0.102,1347.0,809.0,False
2016-10-30 12:57:00,10.8,0.17,8.37,750.0,210.0,0.018,0.101,1364.0,805.0,False
2016-10-30 12:58:00,10.8,0.17,8.37,750.0,210.0,0.019,0.102,1336.0,806.0,False
2016-10-30 12:59:00,10.8,0.17,8.37,750.0,210.0,0.019,0.101,1359.0,803.0,False
2016-10-30 13:00:00,10.8,0.17,8.37,750.0,210.0,0.017,0.101,1364.0,809.0,False
2016-10-30 13:01:00,10.8,0.16,8.37,750.0,210.0,0.017,0.101,1359.0,810.0,False
2016-10-30 13:02:00,10.8,0.17,8.37,750.0,210.0,0.017,0.103,1355.0,804.0,False
2016-10-30 13:03:00,10.8,0.17,8.37,751.0,210.0,0.017,0.102,1355.0,803.0,False
2016-10-30 13:04:00,10.8,0.17,8.37,750.0,210.0,0.017,0.101,1344.0,805.0,False
2016-10-30 13:05:00,10.8,0.17,8.37,750.0,210.0,0.017,0.102,1335.0,810.0,False
2016-10-30 13:06:00,10.8,0.17,8.37,750.0,210.0,0.017,0.102,1358.0,803.0,False
2016-10-30 13:07:00,10.8,0.17,8.38,750.0,210.0,0.017,0.101,1343.0,797.0,False
2016-10-30 13:08:00,10.8,0.17,8.37,750.0,210.0,0.017,0.101,1364.0,803.0,False
2016-10-30 13:09:00,10.8,0.17,8.37,750.0,210.0,0.017,0.101,1347.0,798.0,False
2016-10-30 13:10:00,10.8,0.17,8.37,750.0,210.0,0.017,0.101,1361.0,804.0,False
2016-10-30 13:11:00,10.8,0.17,8.37,750.0,210.0,0.016,0.101,1388.0,806.0,False
2016-10-30 13:12:00,10.8,0.18,8.37,750.0,210.0,0.017,0.102,1329.0,804.0,False
2016-10-30 13:13:00,10.8,0.18,8.37,749.0,210.0,0.018,0.101,1359.0,805.0,False
2016-10-30 13:14:00,10.8,0.18,8.37,750.0,210.0,0.017,0.102,1327.0,804.0,False
2016-10-30 13:15:00,10.8,0.17,8.38,750.0,210.0,0.017,0.102,1372.0,804.0,False
2016-10-30 13:16:00,10.8,0.17,8.37,750.0,210.0,0.017,0.103,1336.0,799.0,False
2016-10-30 13:17:00,10.8,0.17,8.37,750.0,210.0,0.018,0.102,1356.0,799.0,False
2016-10-30 13:18:00,10.8,0.17,8.38,751.0,210.0,0.017,0.102,1342.0,798.0,False
2016-10-30 13:19:00,10.8,0.17,8.38,749.0,210.0,0.017,0.102,1326.0,805.0,False
2016-10-30 13:20:00,10.8,0.17,8.38,749.0,210.0,0.016,0.102,1349.0,806.0,False
2016-10-30 13:21:00,10.8,0.17,8.37,750.0,210.0,0.018,0.102,1361.0,805.0,False
2016-10-30 13:22:00,10.8,0.17,8.37,750.0,210.0,0.017,0.101,1365.0,809.0,False
2016-10-30 13:23:00,10.8,0.17,8.37,750.0,210.0,0.017,0.101,1341.0,797.0,False
2016-10-30 13:24:00,10.8,0.17,8.38,749.0,210.0,0.017,0.101,1368.0,798.0,False
2016-10-30 13:25:00,10.8,0.17,8.38,750.0,210.0,0.017,0.102,1349.0,799.0,False
2016-10-30 13:26:00,10.8,0.17,8.37,750.0,210.0,0.017,0.102,1370.0,797.0,False
2016-10-30 13:27:00,10.8,0.17,8.38,750.0,210.0,0.017,0.102,1333.0,803.0,False
2016-10-30 13:28:00,10.8,0.17,8.38,750.0,210.0,0.017,0.102,1355.0,809.0,False
2016-10-30 13:29:00,10.9,0.17,8.38,750.0,210.0,0.017,0.102,1378.0,804.0,False
2016-10-30 13:30:00,10.9,0.17,8.38,750.0,210.0,0.017,0.102,1348.0,811.0,False
2016-10-30 13:31:00,10.9,0.17,8.38,750.0,210.0,0.017,0.102,1359.0,810.0,False
2016-10-30 13:32:00,10.9,0.17,8.38,750.0,210.0,0.017,0.102,1314.0,804.0,False
2016-10-30 13:33:00,10.9,0.17,8.37,750.0,210.0,0.017,0.102,1337.0,811.0,False
2016-10-30 13:34:00,10.9,0.17,8.38,750.0,210.0,0.017,0.102,1313.0,800.0,False
2016-10-30 13:35:00,10.9,0.17,8.38,750.0,210.0,0.018,0.101,1333.0,799.0,False
2016-10-30 13:36:00,10.8,0.17,8.38,750.0,210.0,0.017,0.102,1343.0,800.0,False
2016-10-30 13:37:00,10.9,0.17,8.38,750.0,210.0,0.017,0.101,1314.0,806.0,False
2016-10-30 13:38:00,10.9,0.17,8.38,750.0,210.0,0.017,0.102,1387.0,799.0,False
2016-10-30 13:39:00,10.9,0.17,8.39,750.0,210.0,0.017,0.102,1341.0,799.0,False
2016-10-30 13:40:00,10.9,0.17,8.38,750.0,210.0,0.019,0.102,1361.0,804.0,False
2016-10-30 13:41:00,10.8,0.17,8.38,750.0,210.0,0.018,0.101,1344.0,804.0,False
2016-10-30 13:42:00,10.9,0.17,8.39,750.0,210.0,0.016,0.101,1368.0,799.0,False
2016-10-30 13:43:00,10.9,0.17,8.38,750.0,210.0,0.016,0.101,1355.0,804.0,False
2016-10-30 13:44:00,10.9,0.17,8.38,749.0,210.0,0.016,0.101,1384.0,809.0,False
2016-10-30 13:45:00,10.9,0.17,8.39,750.0,210.0,0.016,0.101,1324.0,810.0,False
2016-10-30 13:46:00,10.8,0.17,8.38,750.0,210.0,0.018,0.101,1368.0,803.0,False
2016-10-30 13:47:00,10.9,0.17,8.38,750.0,210.0,0.027,0.101,1339.0,804.0,False
2016-10-30 13:48:00,10.9,0.17,8.39,750.0,210.0,0.017,0.101,1339.0,809.0,False
2016-10-30 13:49:00,10.9,0.17,8.38,750.0,210.0,0.017,0.101,1344.0,805.0,False
2016-10-30 13:50:00,10.9,0.17,8.38,749.0,210.0,0.017,0.101,1320.0,800.0,False
2016-10-30 13:51:00,10.8,0.17,8.39,750.0,210.0,0.017,0.101,1349.0,809.0,False
2016-10-30 13:52:00,10.9,0.17,8.39,750.0,210.0,0.018,0.101,1332.0,800.0,False
2016-10-30 13:53:00,10.8,0.17,8.39,750.0,210.0,0.017,0.099,1376.0,800.0,False
2016-10-30 13:54:00,10.9,0.17,8.39,749.0,210.0,0.018,0.101,1384.0,800.0,False
2016-10-30 13:55:00,10.9,0.17,8.39,749.0,210.0,0.017,0.101,1310.0,799.0,False
2016-10-30 13:56:00,10.9,0.17,8.39,750.0,210.0,0.016,0.099,1333.0,804.0,False
2016-10-30 13:57:00,10.8,0.17,8.39,749.0,210.0,0.018,0.101,1318.0,804.0,False
2016-10-30 13:58:00,10.9,0.17,8.39,750.0,210.0,0.017,0.101,1327.0,800.0,False
2016-10-30 13:59:00,10.9,0.17,8.39,750.0,210.0,0.017,0.101,1307.0,799.0,False
2016-10-30 14:00:00,10.8,0.17,8.39,750.0,210.0,0.017,0.101,1326.0,800.0,False
2016-10-30 14:01:00,10.9,0.17,8.39,750.0,210.0,0.017,0.099,1324.0,804.0,False
2016-10-30 14:02:00,10.9,0.16,8.4,750.0,210.0,0.017,0.101,1355.0,806.0,False
2016-10-30 14:03:00,10.8,0.17,8.39,750.0,206.0,0.017,0.101,1329.0,804.0,False
2016-10-30 14:04:00,10.9,0.17,8.4,750.0,210.0,0.017,0.101,1358.0,806.0,False
2016-10-30 14:05:00,10.9,0.17,8.4,749.0,210.0,0.017,0.101,1353.0,806.0,False
2016-10-30 14:06:00,10.9,0.16,8.39,750.0,210.0,0.017,0.101,1296.0,803.0,False
2016-10-30 14:07:00,10.8,0.16,8.4,749.0,210.0,0.017,0.101,1339.0,804.0,False
2016-10-30 14:08:00,10.9,0.16,8.4,750.0,207.0,0.017,0.101,1341.0,805.0,False
2016-10-30 14:09:00,10.9,0.16,8.41,749.0,207.0,0.017,0.101,1333.0,803.0,False
2016-10-30 14:10:00,10.9,0.16,8.41,750.0,206.0,0.017,0.101,1318.0,810.0,False
2016-10-30 14:11:00,10.9,0.16,8.4,750.0,206.0,0.017,0.099,1370.0,805.0,False
2016-10-30 14:12:00,10.9,0.16,8.41,749.0,207.0,0.017,0.101,1336.0,804.0,False
2016-10-30 14:13:00,10.8,0.16,8.41,749.0,206.0,0.017,0.099,1348.0,809.0,False
2016-10-30 14:14:00,10.8,0.16,8.41,749.0,206.0,0.017,0.101,1319.0,810.0,False
2016-10-30 14:15:00,10.8,0.16,8.41,749.0,207.0,0.018,0.101,1307.0,810.0,False
2016-10-30 14:16:00,10.9,0.16,8.41,749.0,206.0,0.017,0.099,1350.0,806.0,False
2016-10-30 14:17:00,10.9,0.16,8.41,750.0,206.0,0.017,0.099,1310.0,805.0,False
2016-10-30 14:18:00,10.8,0.16,8.41,749.0,206.0,0.017,0.099,1336.0,805.0,False
2016-10-30 14:19:00,10.9,0.16,8.41,750.0,206.0,0.017,0.099,1297.0,806.0,False
2016-10-30 14:20:00,10.8,0.16,8.41,749.0,207.0,0.017,0.099,1365.0,812.0,False
2016-10-30 14:21:00,10.9,0.16,8.41,749.0,206.0,0.018,0.101,1335.0,811.0,False
2016-10-30 14:22:00,10.8,0.16,8.41,749.0,207.0,0.019,0.099,1347.0,804.0,False
2016-10-30 14:23:00,10.8,0.17,8.41,749.0,206.0,0.017,0.099,1326.0,804.0,False
2016-10-30 14:24:00,10.9,0.17,8.41,749.0,206.0,0.018,0.099,1337.0,809.0,False
2016-10-30 14:25:00,10.9,0.17,8.41,749.0,206.0,0.017,0.101,1368.0,803.0,False
2016-10-30 14:26:00,10.9,0.17,8.41,750.0,206.0,0.017,0.099,1339.0,811.0,False
2016-10-30 14:27:00,10.9,0.17,8.41,750.0,206.0,0.017,0.099,1332.0,810.0,False
2016-10-30 14:28:00,10.8,0.17,8.41,749.0,207.0,0.017,0.101,1327.0,799.0,False
2016-10-30 14:29:00,10.9,0.17,8.41,749.0,207.0,0.017,0.099,1331.0,804.0,False
2016-10-30 14:30:00,10.9,0.17,8.41,750.0,207.0,0.017,0.101,1332.0,799.0,False
2016-10-30 14:31:00,10.9,0.17,8.41,749.0,207.0,0.017,0.101,1339.0,805.0,False
2016-10-30 14:32:00,10.9,0.17,8.41,750.0,206.0,0.018,0.101,1343.0,806.0,False
2016-10-30 14:33:00,10.9,0.17,8.41,749.0,207.0,0.017,0.101,1327.0,806.0,False
2016-10-30 14:34:00,10.8,0.17,8.41,749.0,206.0,0.017,0.101,1324.0,805.0,False
2016-10-30 14:35:00,10.8,0.16,8.4,750.0,206.0,0.017,0.099,1336.0,806.0,False
2016-10-30 14:36:00,10.8,0.16,8.41,749.0,206.0,0.016,0.099,1302.0,804.0,False
2016-10-30 14:37:00,10.8,0.16,8.41,749.0,206.0,0.017,0.099,1319.0,806.0,False
2016-10-30 14:38:00,10.8,0.16,8.41,749.0,207.0,0.017,0.101,1289.0,806.0,False
2016-10-30 14:39:00,10.8,0.16,8.41,750.0,207.0,0.017,0.101,1344.0,805.0,False
2016-10-30 14:40:00,10.8,0.16,8.41,750.0,206.0,0.017,0.101,1318.0,803.0,False
2016-10-30 14:41:00,10.8,0.16,8.41,749.0,207.0,0.017,0.101,1306.0,809.0,False
2016-10-30 14:42:00,10.9,0.16,8.41,749.0,206.0,0.017,0.101,1344.0,811.0,False
2016-10-30 14:43:00,10.9,0.16,8.41,750.0,203.0,0.017,0.101,1329.0,804.0,False
2016-10-30 14:44:00,10.8,0.17,8.41,750.0,206.0,0.017,0.101,1339.0,805.0,False
2016-10-30 14:45:00,10.8,0.17,8.41,750.0,206.0,0.017,0.101,1333.0,806.0,False
2016-10-30 14:46:00,10.8,0.16,8.4,750.0,203.0,0.017,0.101,1315.0,803.0,False
2016-10-30 14:47:00,10.8,0.16,8.4,750.0,203.0,0.017,0.101,1298.0,805.0,False
2016-10-30 14:48:00,10.9,0.16,8.4,749.0,203.0,0.017,0.102,1318.0,810.0,False
2016-10-30 14:49:00,10.9,0.16,8.39,750.0,203.0,0.017,0.102,1297.0,806.0,False
2016-10-30 14:50:00,10.9,0.16,8.39,750.0,203.0,0.017,0.102,1312.0,811.0,False
2016-10-30 14:51:00,10.9,0.16,8.39,749.0,203.0,0.017,0.102,1331.0,803.0,False
2016-10-30 14:52:00,10.8,0.16,8.4,750.0,203.0,0.017,0.101,1295.0,805.0,False
2016-10-30 14:53:00,10.9,0.16,8.39,750.0,203.0,0.017,0.102,1318.0,799.0,False
2016-10-30 14:54:00,10.8,0.16,8.39,750.0,203.0,0.016,0.101,1313.0,809.0,False
2016-10-30 14:55:00,10.8,0.16,8.39,750.0,203.0,0.017,0.101,1332.0,805.0,False
2016-10-30 14:56:00,10.8,0.16,8.39,750.0,203.0,0.017,0.101,1332.0,803.0,False
2016-10-30 14:57:00,10.8,0.16,8.39,750.0,203.0,0.017,0.101,1349.0,803.0,False
2016-10-30 14:58:00,10.9,0.16,8.39,750.0,203.0,0.017,0.101,1319.0,805.0,False
2016-10-30 14:59:00,10.9,0.16,8.39,750.0,203.0,0.016,0.101,1287.0,806.0,False
2016-10-30 15:00:00,10.9,0.16,8.38,749.0,203.0,0.016,0.101,1320.0,811.0,False
2016-10-30 15:01:00,10.9,0.17,8.39,750.0,203.0,0.017,0.101,1319.0,804.0,False
2016-10-30 15:02:00,10.8,0.17,8.39,750.0,203.0,0.017,0.101,1348.0,800.0,False
2016-10-30 15:03:00,10.9,0.16,8.39,750.0,203.0,0.017,0.101,1321.0,803.0,False
2016-10-30 15:04:00,10.9,0.17,8.38,750.0,203.0,0.017,0.101,1306.0,804.0,False
2016-10-30 15:05:00,10.9,0.17,8.39,750.0,203.0,0.017,0.101,1347.0,799.0,False
2016-10-30 15:06:00,10.9,0.17,8.38,750.0,203.0,0.016,0.099,1292.0,805.0,False
2016-10-30 15:07:00,10.8,0.17,8.38,750.0,203.0,0.016,0.101,1327.0,806.0,False
2016-10-30 15:08:00,10.8,0.17,8.38,750.0,203.0,0.017,0.101,1312.0,798.0,False
2016-10-30 15:09:00,10.9,0.16,8.38,750.0,203.0,0.017,0.101,1302.0,805.0,False
2016-10-30 15:10:00,10.8,0.16,8.38,750.0,203.0,0.017,0.101,1300.0,800.0,False
2016-10-30 15:11:00,10.8,0.16,8.38,750.0,203.0,0.016,0.101,1295.0,806.0,False
2016-10-30 15:12:00,10.9,0.16,8.38,750.0,203.0,0.016,0.101,1344.0,803.0,False
2016-10-30 15:13:00,10.8,0.16,8.37,749.0,203.0,0.017,0.099,1290.0,803.0,False
2016-10-30 15:14:00,10.9,0.16,8.38,750.0,203.0,0.016,0.101,1303.0,803.0,False
2016-10-30 15:15:00,10.9,0.16,8.38,750.0,203.0,0.016,0.101,1343.0,799.0,False
2016-10-30 15:16:00,10.8,0.16,8.37,749.0,203.0,0.016,0.101,1302.0,804.0,False
2016-10-30 15:17:00,10.9,0.16,8.37,750.0,203.0,0.017,0.099,1319.0,804.0,False
2016-10-30 15:18:00,10.8,0.16,8.37,750.0,203.0,0.016,0.099,1320.0,805.0,False
2016-10-30 15:19:00,10.8,0.16,8.37,750.0,203.0,0.016,0.099,1327.0,800.0,False
2016-10-30 15:20:00,10.9,0.16,8.38,749.0,203.0,0.017,0.099,1237.0,800.0,False
2016-10-30 15:21:00,10.9,0.16,8.38,749.0,203.0,0.017,0.099,1262.0,805.0,False
2016-10-30 15:22:00,10.9,0.16,8.38,750.0,203.0,0.017,0.099,1281.0,803.0,False
2016-10-30 15:23:00,10.9,0.16,8.38,749.0,203.0,0.017,0.099,1273.0,803.0,False
2016-10-30 15:24:00,10.8,0.16,8.38,750.0,203.0,0.017,0.099,1289.0,799.0,False
2016-10-30 15:25:00,10.9,0.16,8.39,750.0,203.0,0.017,0.099,1287.0,804.0,False
2016-10-30 15:26:00,10.9,0.16,8.38,750.0,203.0,0.017,0.099,1292.0,800.0,False
2016-10-30 15:27:00,10.8,0.16,8.38,750.0,203.0,0.017,0.099,1269.0,799.0,False
2016-10-30 15:28:00,10.9,0.16,8.37,749.0,203.0,0.017,0.099,1271.0,800.0,False
2016-10-30 15:29:00,10.8,0.16,8.38,749.0,203.0,0.02,0.099,1302.0,803.0,False
2016-10-30 15:30:00,10.9,0.16,8.38,749.0,203.0,0.017,0.098,1289.0,806.0,False
2016-10-30 15:31:00,10.8,0.16,8.38,749.0,203.0,0.016,0.099,1254.0,805.0,False
2016-10-30 15:32:00,10.8,0.16,8.37,750.0,203.0,0.016,0.098,1271.0,804.0,False
2016-10-30 15:33:00,10.9,0.16,8.37,749.0,203.0,0.016,0.098,1273.0,805.0,False
2016-10-30 15:34:00,10.9,0.16,8.38,749.0,203.0,0.016,0.098,1255.0,803.0,False
2016-10-30 15:35:00,10.9,0.16,8.37,750.0,203.0,0.018,0.098,1254.0,805.0,False
2016-10-30 15:36:00,10.8,0.16,8.38,749.0,203.0,0.017,0.098,1287.0,800.0,False
2016-10-30 15:37:00,10.9,0.16,8.37,749.0,207.0,0.016,0.097,1261.0,800.0,False
2016-10-30 15:38:00,10.8,0.16,8.37,750.0,203.0,0.016,0.098,1266.0,803.0,False
2016-10-30 15:39:00,10.8,0.16,8.38,750.0,203.0,0.017,0.098,1248.0,806.0,False
2016-10-30 15:40:00,10.9,0.16,8.37,749.0,203.0,0.017,0.097,1295.0,803.0,False
2016-10-30 15:41:00,10.8,0.16,8.37,750.0,203.0,0.017,0.097,1280.0,799.0,False
2016-10-30 15:42:00,10.9,0.16,8.37,749.0,203.0,0.017,0.097,1250.0,803.0,False
2016-10-30 15:43:00,10.9,0.16,8.37,749.0,206.0,0.017,0.097,1261.0,806.0,False
2016-10-30 15:44:00,10.9,0.16,8.38,749.0,206.0,0.017,0.097,1287.0,803.0,False
2016-10-30 15:45:00,10.9,0.16,8.37,749.0,206.0,0.017,0.097,1268.0,809.0,False
2016-10-30 15:46:00,10.8,0.16,8.37,749.0,206.0,0.017,0.097,1281.0,814.0,False
2016-10-30 15:47:00,10.8,0.16,8.37,749.0,207.0,0.017,0.097,1262.0,806.0,False
2016-10-30 15:48:00,10.8,0.16,8.37,749.0,206.0,0.018,0.097,1271.0,799.0,False
2016-10-30 15:49:00,10.9,0.16,8.37,749.0,207.0,0.016,0.097,1262.0,797.0,False
2016-10-30 15:50:00,10.9,0.16,8.37,749.0,206.0,0.017,0.097,1274.0,795.0,False
2016-10-30 15:51:00,10.8,0.16,8.37,749.0,206.0,0.017,0.097,1245.0,797.0,False
2016-10-30 15:52:00,10.8,0.16,8.36,749.0,206.0,0.016,0.097,1290.0,793.0,False
2016-10-30 15:53:00,10.8,0.16,8.36,749.0,207.0,0.017,0.097,1302.0,803.0,False
2016-10-30 15:54:00,10.9,0.16,8.37,749.0,207.0,0.017,0.097,1274.0,800.0,False
2016-10-30 15:55:00,10.8,0.16,8.37,749.0,207.0,0.017,0.097,1295.0,804.0,False
2016-10-30 15:56:00,10.8,0.15,8.37,749.0,207.0,0.016,0.097,1252.0,792.0,False
2016-10-30 15:57:00,10.8,0.16,8.37,749.0,206.0,0.017,0.097,1263.0,795.0,False
2016-10-30 15:58:00,10.9,0.15,8.37,749.0,207.0,0.017,0.097,1258.0,798.0,False
2016-10-30 15:59:00,10.8,0.15,8.36,749.0,206.0,0.019,0.097,1290.0,799.0,False
2016-10-30 16:00:00,10.8,0.15,8.37,749.0,207.0,0.017,0.097,1245.0,799.0,False
2016-10-30 16:01:00,10.8,0.15,8.36,750.0,206.0,0.016,0.097,1273.0,797.0,False
2016-10-30 16:02:00,10.9,0.15,8.36,749.0,206.0,0.017,0.097,1277.0,797.0,False
2016-10-30 16:03:00,10.9,0.15,8.36,749.0,207.0,0.016,0.095,1278.0,798.0,False
2016-10-30 16:04:00,10.9,0.15,8.36,749.0,207.0,0.017,0.095,1256.0,803.0,False
2016-10-30 16:05:00,10.9,0.16,8.37,749.0,206.0,0.019,0.095,1251.0,792.0,False
2016-10-30 16:06:00,10.9,0.16,8.36,749.0,207.0,0.017,0.095,1251.0,795.0,False
2016-10-30 16:07:00,10.9,0.16,8.36,748.0,207.0,0.017,0.095,1261.0,800.0,False
2016-10-30 16:08:00,10.9,0.16,8.36,749.0,207.0,0.017,0.095,1243.0,798.0,False
2016-10-30 16:09:00,10.9,0.16,8.36,749.0,207.0,0.017,0.095,1243.0,795.0,False
2016-10-30 16:10:00,10.9,0.16,8.37,749.0,207.0,0.017,0.095,1280.0,797.0,False
2016-10-30 16:11:00,10.9,0.16,8.37,749.0,207.0,0.016,0.095,1267.0,799.0,False
2016-10-30 16:12:00,10.9,0.16,8.37,748.0,206.0,0.017,0.095,1256.0,798.0,False
2016-10-30 16:13:00,10.9,0.16,8.37,749.0,207.0,0.017,0.095,1269.0,797.0,False
2016-10-30 16:14:00,10.8,0.16,8.37,748.0,207.0,0.017,0.095,1244.0,797.0,False
2016-10-30 16:15:00,10.9,0.16,8.37,748.0,207.0,0.017,0.095,1274.0,797.0,False
2016-10-30 16:16:00,10.9,0.16,8.37,749.0,206.0,0.017,0.095,1252.0,797.0,False
2016-10-30 16:17:00,10.9,0.16,8.36,748.0,206.0,0.017,0.095,1269.0,798.0,False
2016-10-30 16:18:00,10.8,0.16,8.37,749.0,206.0,0.017,0.094,1251.0,798.0,False
2016-10-30 16:19:00,10.9,0.16,8.37,749.0,206.0,0.018,0.095,1255.0,798.0,False
2016-10-30 16:20:00,10.9,0.16,8.37,749.0,207.0,0.018,0.095,1269.0,800.0,False
2016-10-30 16:21:00,10.9,0.16,8.37,749.0,207.0,0.017,0.095,1268.0,795.0,False
2016-10-30 16:22:00,10.9,0.16,8.37,748.0,207.0,0.017,0.094,1252.0,805.0,False
2016-10-30 16:23:00,10.8,0.16,8.37,748.0,206.0,0.017,0.094,1245.0,803.0,False
2016-10-30 16:24:00,10.8,0.16,8.37,747.0,206.0,0.017,0.094,1243.0,800.0,False
2016-10-30 16:25:00,10.8,0.16,8.37,748.0,207.0,0.017,0.094,1283.0,797.0,False
2016-10-30 16:26:00,10.8,0.16,8.37,747.0,206.0,0.017,0.094,1258.0,793.0,False
2016-10-30 16:27:00,10.9,0.16,8.37,748.0,206.0,0.017,0.092,1260.0,797.0,False
2016-10-30 16:28:00,10.8,0.16,8.38,747.0,206.0,0.017,0.094,1263.0,795.0,False
2016-10-30 16:29:00,10.9,0.16,8.37,749.0,207.0,0.018,0.094,1266.0,795.0,False
2016-10-30 16:30:00,10.9,0.16,8.37,748.0,206.0,0.018,0.094,1267.0,803.0,False
2016-10-30 16:31:00,10.8,0.16,8.37,747.0,206.0,0.018,0.094,1266.0,805.0,False
2016-10-30 16:32:00,10.9,0.16,8.37,749.0,206.0,0.017,0.094,1255.0,800.0,False
2016-10-30 16:33:00,10.9,0.16,8.37,748.0,206.0,0.019,0.092,1283.0,798.0,False
2016-10-30 16:34:00,10.8,0.16,8.38,748.0,207.0,0.017,0.092,1231.0,799.0,False
2016-10-30 16:35:00,10.9,0.16,8.38,748.0,207.0,0.017,0.092,1267.0,803.0,False
2016-10-30 16:36:00,10.8,0.16,8.38,748.0,206.0,0.018,0.092,1250.0,804.0,False
2016-10-30 16:37:00,10.9,0.16,8.38,747.0,207.0,0.018,0.094,1231.0,805.0,False
2016-10-30 16:38:00,10.9,0.16,8.38,748.0,206.0,0.018,0.094,1291.0,803.0,False
2016-10-30 16:39:00,10.9,0.16,8.38,747.0,207.0,0.018,0.092,1228.0,799.0,False
2016-10-30 16:40:00,10.9,0.16,8.38,748.0,207.0,0.018,0.094,1271.0,804.0,False
2016-10-30 16:41:00,10.8,0.16,8.39,747.0,207.0,0.019,0.092,1252.0,800.0,False
2016-10-30 16:42:00,10.8,0.16,8.38,746.0,207.0,0.02,0.092,1268.0,803.0,False
2016-10-30 16:43:00,10.9,0.16,8.38,748.0,206.0,0.018,0.092,1262.0,800.0,False
2016-10-30 16:44:00,10.9,0.16,8.39,747.0,207.0,0.018,0.092,1261.0,800.0,False
2016-10-30 16:45:00,10.8,0.17,8.38,747.0,207.0,0.018,0.092,1266.0,800.0,False
2016-10-30 16:46:00,10.8,0.17,8.38,747.0,206.0,0.018,0.092,1291.0,804.0,False
2016-10-30 16:47:00,10.9,0.17,8.39,747.0,206.0,0.018,0.092,1285.0,800.0,False
2016-10-30 16:48:00,10.9,0.17,8.39,747.0,207.0,0.02,0.092,1248.0,800.0,False
2016-10-30 16:49:00,10.8,0.17,8.39,747.0,207.0,0.018,0.091,1283.0,799.0,False
2016-10-30 16:50:00,10.9,0.17,8.39,747.0,206.0,0.018,0.091,1256.0,805.0,False
2016-10-30 16:51:00,10.9,0.17,8.39,746.0,207.0,0.018,0.091,1263.0,804.0,False
2016-10-30 16:52:00,10.8,0.17,8.39,747.0,206.0,0.017,0.091,1284.0,803.0,False
2016-10-30 16:53:00,10.8,0.17,8.39,746.0,207.0,0.022,0.091,1271.0,799.0,False
2016-10-30 16:54:00,10.9,0.17,8.39,746.0,206.0,0.017,0.091,1262.0,797.0,False
2016-10-30 16:55:00,10.8,0.17,8.39,746.0,207.0,0.017,0.091,1284.0,803.0,False
2016-10-30 16:56:00,10.9,0.17,8.39,748.0,207.0,0.017,0.091,1261.0,803.0,False
2016-10-30 16:57:00,10.9,0.16,8.39,746.0,206.0,0.017,0.091,1285.0,800.0,False
2016-10-30 16:58:00,10.9,0.17,8.39,746.0,206.0,0.017,0.091,1260.0,804.0,False
2016-10-30 16:59:00,10.8,0.17,8.39,746.0,206.0,0.018,0.091,1309.0,804.0,False
2016-10-30 17:00:00,10.9,0.16,8.39,747.0,207.0,0.018,0.091,1274.0,799.0,False
2016-10-30 17:01:00,10.9,0.17,8.39,746.0,206.0,0.017,0.091,1337.0,803.0,False
2016-10-30 17:02:00,10.8,0.16,8.39,747.0,206.0,0.018,0.091,1255.0,803.0,False
2016-10-30 17:03:00,10.8,0.16,8.39,747.0,206.0,0.017,0.091,1261.0,792.0,False
2016-10-30 17:04:00,10.8,0.16,8.39,747.0,206.0,0.017,0.091,1245.0,799.0,False
2016-10-30 17:05:00,10.8,0.16,8.39,747.0,206.0,0.017,0.091,1306.0,798.0,False
2016-10-30 17:06:00,10.9,0.16,8.39,746.0,206.0,0.017,0.091,1255.0,799.0,False
2016-10-30 17:07:00,10.9,0.16,8.4,747.0,206.0,0.019,0.091,1290.0,800.0,False
2016-10-30 17:08:00,10.9,0.16,8.4,747.0,206.0,0.017,0.091,1290.0,803.0,False
2016-10-30 17:09:00,10.9,0.16,8.4,746.0,207.0,0.017,0.091,1298.0,803.0,False
2016-10-30 17:10:00,10.8,0.16,8.4,746.0,206.0,0.017,0.091,1256.0,805.0,False
2016-10-30 17:11:00,10.9,0.16,8.39,746.0,206.0,0.017,0.091,1266.0,803.0,False
2016-10-30 17:12:00,10.9,0.16,8.4,746.0,206.0,0.016,0.091,1307.0,793.0,False
2016-10-30 17:13:00,10.8,0.16,8.41,746.0,207.0,0.016,0.091,1260.0,798.0,False
2016-10-30 17:14:00,10.9,0.16,8.41,746.0,206.0,0.017,0.091,1268.0,810.0,False
2016-10-30 17:15:00,10.9,0.16,8.41,746.0,207.0,0.017,0.091,1280.0,806.0,False
2016-10-30 17:16:00,10.9,0.16,8.41,747.0,206.0,0.018,0.091,1315.0,798.0,False
2016-10-30 17:17:00,10.9,0.16,8.41,746.0,207.0,0.018,0.091,1240.0,800.0,False
2016-10-30 17:18:00,10.9,0.16,8.42,746.0,206.0,0.017,0.091,1290.0,806.0,False
2016-10-30 17:19:00,10.9,0.16,8.41,747.0,206.0,0.017,0.091,1250.0,810.0,False
2016-10-30 17:20:00,10.9,0.16,8.42,746.0,206.0,0.017,0.091,1287.0,812.0,False
2016-10-30 17:21:00,10.9,0.16,8.41,746.0,206.0,0.017,0.091,1273.0,804.0,False
2016-10-30 17:22:00,10.8,0.16,8.43,746.0,206.0,0.017,0.091,1248.0,799.0,False
2016-10-30 17:23:00,10.8,0.16,8.43,746.0,206.0,0.017,0.091,1252.0,803.0,False
2016-10-30 17:24:00,10.9,0.16,8.43,746.0,207.0,0.017,0.09,1324.0,804.0,False
2016-10-30 17:25:00,10.9,0.17,8.43,746.0,206.0,0.017,0.091,1261.0,805.0,False
2016-10-30 17:26:00,10.8,0.17,8.43,746.0,206.0,0.018,0.091,1278.0,798.0,False
2016-10-30 17:27:00,10.8,0.17,8.43,746.0,207.0,0.018,0.091,1295.0,805.0,False
2016-10-30 17:28:00,10.8,0.17,8.43,747.0,206.0,0.018,0.091,1291.0,803.0,False
2016-10-30 17:29:00,10.8,0.17,8.43,746.0,206.0,0.039,0.091,1280.0,803.0,False
2016-10-30 17:30:00,10.8,0.17,8.43,746.0,206.0,0.019,0.091,1289.0,805.0,False
2016-10-30 17:31:00,10.8,0.17,8.43,746.0,206.0,0.017,0.091,1266.0,803.0,False
2016-10-30 17:32:00,10.9,0.17,8.43,746.0,207.0,0.017,0.091,1287.0,810.0,False
2016-10-30 17:33:00,10.9,0.17,8.43,746.0,206.0,0.016,0.091,1269.0,806.0,False
2016-10-30 17:34:00,10.9,0.16,8.43,747.0,206.0,0.016,0.091,1269.0,804.0,False
2016-10-30 17:35:00,10.9,0.16,8.43,746.0,206.0,0.016,0.091,1262.0,806.0,False
2016-10-30 17:36:00,10.9,0.16,8.43,746.0,206.0,0.017,0.091,1269.0,805.0,False
2016-10-30 17:37:00,10.8,0.16,8.43,746.0,207.0,0.017,0.091,1252.0,799.0,False
2016-10-30 17:38:00,10.9,0.16,8.43,747.0,207.0,0.019,0.091,1278.0,803.0,False
2016-10-30 17:39:00,10.8,0.16,8.43,746.0,206.0,0.017,0.091,1267.0,800.0,False
2016-10-30 17:40:00,10.8,0.16,8.44,747.0,207.0,0.017,0.091,1319.0,803.0,False
2016-10-30 17:41:00,10.8,0.16,8.43,747.0,206.0,0.017,0.091,1248.0,809.0,False
2016-10-30 17:42:00,10.8,0.16,8.43,746.0,206.0,0.017,0.091,1310.0,804.0,False
2016-10-30 17:43:00,10.8,0.16,8.43,747.0,206.0,0.017,0.091,1287.0,803.0,False
2016-10-30 17:44:00,10.9,0.16,8.44,746.0,206.0,0.018,0.091,1319.0,804.0,False
2016-10-30 17:45:00,10.9,0.16,8.43,746.0,206.0,0.017,0.091,1313.0,805.0,False
2016-10-30 17:46:00,10.9,0.16,8.44,746.0,206.0,0.017,0.091,1269.0,804.0,False
2016-10-30 17:47:00,10.9,0.16,8.44,746.0,207.0,0.017,0.091,1292.0,811.0,False
2016-10-30 17:48:00,10.8,0.16,8.44,746.0,206.0,0.017,0.091,1304.0,805.0,False
2016-10-30 17:49:00,10.9,0.16,8.44,746.0,206.0,0.024,0.091,1289.0,804.0,False
2016-10-30 17:50:00,10.9,0.16,8.44,746.0,206.0,0.017,0.091,1269.0,804.0,False
2016-10-30 17:51:00,10.9,0.16,8.44,746.0,207.0,0.016,0.091,1295.0,805.0,False
2016-10-30 17:52:00,10.9,0.16,8.45,747.0,207.0,0.016,0.091,1262.0,805.0,False
2016-10-30 17:53:00,10.8,0.16,8.45,746.0,207.0,0.016,0.091,1296.0,811.0,False
2016-10-30 17:54:00,10.8,0.16,8.45,746.0,206.0,0.016,0.091,1258.0,805.0,False
2016-10-30 17:55:00,10.9,0.16,8.45,746.0,206.0,0.016,0.091,1269.0,799.0,False
2016-10-30 17:56:00,10.8,0.16,8.45,747.0,206.0,0.016,0.091,1298.0,804.0,False
2016-10-30 17:57:00,10.8,0.16,8.45,746.0,206.0,0.017,0.09,1291.0,805.0,False
2016-10-30 17:58:00,10.8,0.16,8.46,747.0,207.0,0.017,0.091,1313.0,805.0,False
2016-10-30 17:59:00,10.9,0.16,8.47,746.0,206.0,0.016,0.091,1260.0,804.0,False
2016-10-30 18:00:00,10.8,0.16,8.47,746.0,207.0,0.016,0.091,1281.0,803.0,False
2016-10-30 18:01:00,10.9,0.16,8.47,747.0,206.0,0.016,0.091,1271.0,806.0,False
2016-10-30 18:02:00,10.8,0.16,8.46,746.0,206.0,0.016,0.091,1291.0,800.0,False
2016-10-30 18:03:00,10.9,0.16,8.47,746.0,206.0,0.019,0.091,1297.0,811.0,False
2016-10-30 18:04:00,10.9,0.16,8.47,746.0,203.0,0.016,0.091,1261.0,806.0,False
2016-10-30 18:05:00,10.9,0.16,8.47,746.0,203.0,0.016,0.091,1278.0,800.0,False
2016-10-30 18:06:00,10.9,0.16,8.47,746.0,206.0,0.017,0.091,1309.0,806.0,False
2016-10-30 18:07:00,10.8,0.16,8.47,746.0,206.0,0.017,0.091,1256.0,803.0,False
2016-10-30 18:08:00,10.8,0.16,8.47,746.0,203.0,0.017,0.091,1278.0,811.0,False
2016-10-30 18:09:00,10.9,0.16,8.47,747.0,203.0,0.017,0.091,1271.0,803.0,False
2016-10-30 18:10:00,10.9,0.16,8.47,746.0,206.0,0.017,0.091,1296.0,800.0,False
2016-10-30 18:11:00,10.9,0.16,8.47,746.0,203.0,0.017,0.091,1277.0,810.0,False
2016-10-30 18:12:00,10.9,0.16,8.47,746.0,203.0,0.017,0.091,1295.0,814.0,False
2016-10-30 18:13:00,10.9,0.16,8.47,746.0,203.0,0.017,0.091,1263.0,809.0,False
2016-10-30 18:14:00,10.8,0.16,8.46,746.0,203.0,0.017,0.092,1313.0,812.0,False
2016-10-30 18:15:00,10.8,0.16,8.46,747.0,203.0,0.017,0.092,1273.0,805.0,False
2016-10-30 18:16:00,10.8,0.16,8.46,746.0,203.0,0.017,0.092,1287.0,805.0,False
2016-10-30 18:17:00,10.9,0.16,8.45,747.0,203.0,0.017,0.092,1295.0,798.0,False
2016-10-30 18:18:00,10.8,0.16,8.45,746.0,203.0,0.017,0.092,1269.0,803.0,False
2016-10-30 18:19:00,10.9,0.16,8.45,747.0,203.0,0.017,0.092,1285.0,804.0,False
2016-10-30 18:20:00,10.8,0.16,8.46,746.0,203.0,0.017,0.092,1281.0,809.0,False
2016-10-30 18:21:00,10.9,0.16,8.45,746.0,203.0,0.017,0.092,1273.0,798.0,False
2016-10-30 18:22:00,10.9,0.16,8.45,746.0,203.0,0.017,0.092,1285.0,800.0,False
2016-10-30 18:23:00,10.9,0.16,8.45,746.0,203.0,0.017,0.094,1295.0,799.0,False
2016-10-30 18:24:00,10.9,0.16,8.45,747.0,203.0,0.017,0.094,1281.0,800.0,False
2016-10-30 18:25:00,10.8,0.16,8.44,747.0,203.0,0.017,0.092,1287.0,806.0,False
2016-10-30 18:26:00,10.9,0.16,8.44,747.0,203.0,0.019,0.092,1287.0,804.0,False
2016-10-30 18:27:00,10.8,0.16,8.44,747.0,203.0,0.017,0.094,1260.0,800.0,False
2016-10-30 18:28:00,10.8,0.16,8.43,747.0,203.0,0.017,0.094,1278.0,800.0,False
2016-10-30 18:29:00,10.8,0.16,8.43,747.0,203.0,0.017,0.094,1268.0,805.0,False
2016-10-30 18:30:00,10.9,0.16,8.43,747.0,203.0,0.017,0.094,1309.0,795.0,False
2016-10-30 18:31:00,10.8,0.16,8.43,748.0,203.0,0.018,0.094,1244.0,809.0,False
2016-10-30 18:32:00,10.9,0.16,8.43,747.0,203.0,0.018,0.094,1290.0,798.0,False
2016-10-30 18:33:00,10.9,0.16,8.43,748.0,203.0,0.018,0.094,1252.0,797.0,False
2016-10-30 18:34:00,10.8,0.16,8.43,747.0,203.0,0.019,0.094,1285.0,797.0,False
2016-10-30 18:35:00,10.9,0.16,8.43,747.0,203.0,0.018,0.094,1280.0,799.0,False
2016-10-30 18:36:00,10.9,0.16,8.43,748.0,203.0,0.018,0.095,1269.0,803.0,False
2016-10-30 18:37:00,10.9,0.16,8.43,748.0,203.0,0.018,0.094,1287.0,798.0,False
2016-10-30 18:38:00,10.8,0.16,8.42,747.0,203.0,0.018,0.094,1281.0,798.0,False
2016-10-30 18:39:00,10.9,0.16,8.42,747.0,203.0,0.018,0.094,1267.0,795.0,False
2016-10-30 18:40:00,10.8,0.16,8.41,748.0,203.0,0.018,0.094,1285.0,806.0,False
2016-10-30 18:41:00,10.9,0.16,8.41,747.0,203.0,0.019,0.095,1255.0,804.0,False
2016-10-30 18:42:00,10.8,0.16,8.41,747.0,203.0,0.025,0.094,1290.0,803.0,False
2016-10-30 18:43:00,10.9,0.16,8.42,747.0,203.0,0.019,0.095,1280.0,800.0,False
2016-10-30 18:44:00,10.9,0.16,8.41,747.0,203.0,0.018,0.094,1262.0,806.0,False
2016-10-30 18:45:00,10.9,0.17,8.41,748.0,203.0,0.018,0.095,1256.0,806.0,False
2016-10-30 18:46:00,10.9,0.16,8.41,748.0,203.0,0.019,0.094,1312.0,809.0,False
2016-10-30 18:47:00,10.9,0.16,8.41,749.0,203.0,0.019,0.095,1268.0,804.0,False
2016-10-30 18:48:00,10.8,0.16,8.41,748.0,203.0,0.019,0.094,1278.0,795.0,False
2016-10-30 18:49:00,10.9,0.16,8.41,748.0,203.0,0.019,0.095,1296.0,799.0,False
2016-10-30 18:50:00,10.9,0.17,8.41,747.0,203.0,0.019,0.095,1290.0,806.0,False
2016-10-30 18:51:00,10.8,0.16,8.41,748.0,203.0,0.019,0.095,1284.0,799.0,False
2016-10-30 18:52:00,10.9,0.16,8.41,748.0,203.0,0.019,0.095,1261.0,799.0,False
2016-10-30 18:53:00,10.9,0.16,8.39,748.0,203.0,0.02,0.095,1269.0,803.0,False
2016-10-30 18:54:00,10.9,0.16,8.39,748.0,203.0,0.02,0.095,1300.0,806.0,False
2016-10-30 18:55:00,10.8,0.16,8.4,748.0,203.0,0.02,0.095,1263.0,812.0,False
2016-10-30 18:56:00,10.9,0.16,8.39,748.0,203.0,0.02,0.095,1325.0,809.0,False
2016-10-30 18:57:00,10.9,0.16,8.39,748.0,203.0,0.02,0.095,1258.0,809.0,False
2016-10-30 18:58:00,10.9,0.16,8.39,749.0,203.0,0.02,0.095,1275.0,803.0,False
2016-10-30 18:59:00,10.9,0.16,8.39,749.0,203.0,0.02,0.095,1289.0,799.0,False
2016-10-30 19:00:00,10.9,0.16,8.4,749.0,203.0,0.021,0.095,1260.0,799.0,False
2016-10-30 19:01:00,10.9,0.16,8.4,748.0,203.0,0.021,0.095,1300.0,803.0,False
2016-10-30 19:02:00,10.8,0.16,8.39,748.0,203.0,0.02,0.095,1255.0,806.0,False
2016-10-30 19:03:00,10.9,0.16,8.4,749.0,203.0,0.02,0.095,1262.0,806.0,False
2016-10-30 19:04:00,10.9,0.16,8.4,748.0,203.0,0.02,0.095,1284.0,806.0,False
2016-10-30 19:05:00,10.8,0.16,8.39,749.0,203.0,0.02,0.095,1304.0,799.0,False
2016-10-30 19:06:00,10.8,0.16,8.39,749.0,203.0,0.021,0.095,1268.0,799.0,False
2016-10-30 19:07:00,10.9,0.16,8.39,749.0,203.0,0.027,0.095,1290.0,803.0,False
2016-10-30 19:08:00,10.9,0.16,8.4,748.0,203.0,0.02,0.095,1268.0,799.0,False
2016-10-30 19:09:00,10.8,0.16,8.39,746.0,203.0,0.02,0.095,1273.0,804.0,False
2016-10-30 19:10:00,10.9,0.16,8.4,749.0,203.0,0.02,0.095,1250.0,803.0,False
2016-10-30 19:11:00,10.9,0.16,8.39,748.0,203.0,0.02,0.095,1296.0,809.0,False
2016-10-30 19:12:00,10.8,0.16,8.39,748.0,203.0,0.02,0.095,1269.0,804.0,False
2016-10-30 19:13:00,10.9,0.16,8.41,748.0,203.0,0.019,0.095,1292.0,800.0,False
2016-10-30 19:14:00,10.9,0.16,8.39,749.0,203.0,0.019,0.094,1263.0,803.0,False
2016-10-30 19:15:00,10.9,0.16,8.4,748.0,203.0,0.02,0.095,1303.0,806.0,False
2016-10-30 19:16:00,10.9,0.16,8.4,748.0,203.0,0.02,0.095,1275.0,806.0,False
2016-10-30 19:17:00,10.9,0.16,8.39,749.0,207.0,0.02,0.095,1287.0,800.0,False
2016-10-30 19:18:00,10.9,0.16,8.39,749.0,203.0,0.02,0.094,1275.0,810.0,False
2016-10-30 19:19:00,10.8,0.16,8.39,748.0,203.0,0.02,0.094,1289.0,818.0,False
2016-10-30 19:20:00,10.9,0.16,8.39,746.0,206.0,0.02,0.095,1285.0,814.0,False
2016-10-30 19:21:00,10.8,0.16,8.39,748.0,203.0,0.019,0.095,1261.0,809.0,False
2016-10-30 19:22:00,10.9,0.16,8.39,748.0,206.0,0.02,0.095,1275.0,810.0,False
2016-10-30 19:23:00,10.9,0.16,8.39,748.0,203.0,0.02,0.094,1283.0,806.0,False
2016-10-30 19:24:00,10.8,0.16,8.39,749.0,203.0,0.034,0.094,1263.0,806.0,False
2016-10-30 19:25:00,10.9,0.16,8.39,748.0,203.0,0.021,0.094,1260.0,799.0,False
2016-10-30 19:26:00,10.9,0.16,8.39,748.0,203.0,0.019,0.094,1251.0,803.0,False
2016-10-30 19:27:00,10.9,0.16,8.39,749.0,203.0,0.019,0.094,1278.0,800.0,False
2016-10-30 19:28:00,10.9,0.16,8.39,748.0,206.0,0.018,0.094,1248.0,806.0,False
2016-10-30 19:29:00,10.9,0.16,8.39,748.0,203.0,0.019,0.094,1261.0,806.0,False
2016-10-30 19:30:00,10.8,0.16,8.39,747.0,203.0,0.018,0.094,1277.0,806.0,False
2016-10-30 19:31:00,10.8,0.16,8.39,748.0,203.0,0.019,0.094,1256.0,806.0,False
2016-10-30 19:32:00,10.9,0.16,8.39,749.0,203.0,0.019,0.094,1254.0,805.0,False
2016-10-30 19:33:00,10.9,0.16,8.39,748.0,203.0,0.018,0.095,1273.0,803.0,False
2016-10-30 19:34:00,10.9,0.16,8.39,748.0,203.0,0.018,0.094,1300.0,805.0,False
2016-10-30 19:35:00,10.9,0.16,8.39,748.0,203.0,0.018,0.094,1228.0,799.0,False
2016-10-30 19:36:00,10.9,0.16,8.39,748.0,203.0,0.026,0.094,1287.0,799.0,False
2016-10-30 19:37:00,10.9,0.16,8.39,747.0,203.0,0.02,0.092,1244.0,793.0,False
2016-10-30 19:38:00,10.8,0.16,8.39,749.0,203.0,0.018,0.094,1287.0,791.0,False
2016-10-30 19:39:00,10.9,0.16,8.39,748.0,203.0,0.018,0.094,1268.0,797.0,False
2016-10-30 19:40:00,10.8,0.16,8.39,748.0,206.0,0.018,0.094,1243.0,803.0,False
2016-10-30 19:41:00,10.9,0.16,8.39,748.0,206.0,0.018,0.095,1275.0,799.0,False
2016-10-30 19:42:00,11.0,0.16,8.39,748.0,203.0,0.018,0.095,1234.0,800.0,False
2016-10-30 19:43:00,10.9,0.16,8.39,748.0,203.0,0.018,0.094,1275.0,797.0,False
2016-10-30 19:44:00,11.0,0.16,8.39,748.0,203.0,0.018,0.094,1267.0,799.0,False
2016-10-30 19:45:00,10.9,0.16,8.39,748.0,203.0,0.018,0.094,1267.0,803.0,False
2016-10-30 19:46:00,10.9,0.16,8.39,748.0,203.0,0.017,0.094,1256.0,804.0,False
2016-10-30 19:47:00,10.9,0.16,8.39,748.0,203.0,0.018,0.094,1275.0,810.0,False
2016-10-30 19:48:00,10.9,0.16,8.39,746.0,203.0,0.018,0.094,1289.0,809.0,False
2016-10-30 19:49:00,11.0,0.16,8.39,748.0,203.0,0.018,0.094,1271.0,804.0,False
2016-10-30 19:50:00,10.9,0.16,8.39,749.0,203.0,0.018,0.094,1284.0,804.0,False
2016-10-30 19:51:00,11.0,0.16,8.39,747.0,203.0,0.018,0.092,1244.0,803.0,False
2016-10-30 19:52:00,10.9,0.16,8.39,748.0,203.0,0.018,0.094,1290.0,795.0,False
2016-10-30 19:53:00,10.9,0.16,8.39,748.0,203.0,0.018,0.092,1237.0,800.0,False
2016-10-30 19:54:00,10.9,0.16,8.39,749.0,203.0,0.018,0.092,1258.0,804.0,False
2016-10-30 19:55:00,10.9,0.16,8.39,747.0,203.0,0.018,0.094,1254.0,806.0,False
2016-10-30 19:56:00,10.9,0.16,8.39,748.0,203.0,0.018,0.092,1232.0,803.0,False
2016-10-30 19:57:00,11.0,0.16,8.39,748.0,203.0,0.018,0.094,1256.0,804.0,False
2016-10-30 19:58:00,11.0,0.16,8.4,748.0,203.0,0.018,0.092,1250.0,800.0,False
2016-10-30 19:59:00,10.9,0.16,8.39,748.0,203.0,0.018,0.092,1240.0,804.0,False
2016-10-30 20:00:00,10.9,0.17,8.39,748.0,203.0,0.018,0.094,1240.0,798.0,False
2016-10-30 20:01:00,11.0,0.17,8.39,748.0,203.0,0.018,0.092,1274.0,804.0,False
2016-10-30 20:02:00,10.9,0.16,8.39,749.0,203.0,0.018,0.092,1266.0,799.0,False
2016-10-30 20:03:00,10.9,0.16,8.39,748.0,203.0,0.018,0.092,1231.0,804.0,False
2016-10-30 20:04:00,10.9,0.16,8.39,748.0,203.0,0.018,0.092,1278.0,800.0,False
2016-10-30 20:05:00,10.9,0.17,8.39,747.0,203.0,0.018,0.094,1238.0,799.0,False
2016-10-30 20:06:00,11.0,0.17,8.39,748.0,203.0,0.018,0.094,1261.0,793.0,False
2016-10-30 20:07:00,11.0,0.17,8.39,749.0,203.0,0.018,0.092,1229.0,809.0,False
2016-10-30 20:08:00,10.9,0.16,8.39,748.0,203.0,0.018,0.092,1250.0,809.0,False
2016-10-30 20:09:00,10.8,0.16,8.39,748.0,203.0,0.018,0.094,1234.0,809.0,False
2016-10-30 20:10:00,10.9,0.16,8.38,747.0,203.0,0.018,0.094,1246.0,809.0,False
2016-10-30 20:11:00,10.9,0.16,8.38,748.0,203.0,0.018,0.094,1295.0,805.0,False
2016-10-30 20:12:00,11.0,0.16,8.39,749.0,203.0,0.017,0.094,1243.0,800.0,False
2016-10-30 20:13:00,10.9,0.16,8.38,749.0,203.0,0.018,0.094,1234.0,803.0,False
2016-10-30 20:14:00,10.9,0.16,8.38,749.0,203.0,0.017,0.094,1248.0,809.0,False
2016-10-30 20:15:00,10.9,0.16,8.38,749.0,203.0,0.017,0.094,1239.0,804.0,False
2016-10-30 20:16:00,11.0,0.16,8.37,749.0,203.0,0.017,0.094,1237.0,806.0,False
2016-10-30 20:17:00,10.9,0.16,8.38,748.0,203.0,0.017,0.094,1261.0,809.0,False
2016-10-30 20:18:00,10.8,0.16,8.37,748.0,203.0,0.017,0.094,1280.0,804.0,False
2016-10-30 20:19:00,11.0,0.16,8.37,747.0,203.0,0.017,0.094,1214.0,810.0,False
2016-10-30 20:20:00,10.9,0.16,8.37,747.0,203.0,0.017,0.095,1237.0,811.0,False
2016-10-30 20:21:00,11.0,0.16,8.37,749.0,203.0,0.017,0.095,1222.0,806.0,False
2016-10-30 20:22:00,11.0,0.16,8.36,749.0,203.0,0.017,0.094,1237.0,800.0,False
2016-10-30 20:23:00,11.0,0.15,8.36,749.0,203.0,0.017,0.094,1197.0,803.0,False
2016-10-30 20:24:00,10.8,0.16,8.36,749.0,203.0,0.018,0.095,1240.0,799.0,False
2016-10-30 20:25:00,10.9,0.16,8.36,749.0,203.0,0.017,0.095,1219.0,809.0,False
2016-10-30 20:26:00,10.9,0.16,8.35,749.0,203.0,0.018,0.095,1226.0,809.0,False
2016-10-30 20:27:00,11.0,0.16,8.36,749.0,203.0,0.017,0.094,1248.0,806.0,False
2016-10-30 20:28:00,10.9,0.16,8.35,749.0,203.0,0.017,0.094,1217.0,806.0,False
2016-10-30 20:29:00,10.9,0.16,8.36,749.0,203.0,0.017,0.094,1251.0,803.0,False
2016-10-30 20:30:00,11.0,0.16,8.35,749.0,203.0,0.017,0.095,1238.0,805.0,False
2016-10-30 20:31:00,10.9,0.16,8.35,749.0,203.0,0.017,0.094,1225.0,798.0,False
2016-10-30 20:32:00,10.8,0.16,8.35,749.0,203.0,0.017,0.094,1219.0,800.0,False
2016-10-30 20:33:00,11.0,0.16,8.35,748.0,203.0,0.017,0.094,1216.0,799.0,False
2016-10-30 20:34:00,10.8,0.16,8.35,749.0,203.0,0.017,0.094,1223.0,811.0,False
2016-10-30 20:35:00,10.9,0.16,8.35,749.0,203.0,0.017,0.092,1219.0,805.0,False
2016-10-30 20:36:00,10.9,0.16,8.35,748.0,203.0,0.017,0.094,1222.0,803.0,False
2016-10-30 20:37:00,10.9,0.16,8.35,749.0,203.0,0.017,0.095,1194.0,811.0,False
2016-10-30 20:38:00,10.9,0.16,8.35,749.0,203.0,0.017,0.094,1214.0,809.0,False
2016-10-30 20:39:00,11.0,0.16,8.35,749.0,203.0,0.017,0.095,1217.0,809.0,False
2016-10-30 20:40:00,11.0,0.16,8.35,749.0,203.0,0.018,0.094,1216.0,803.0,False
2016-10-30 20:41:00,10.9,0.16,8.35,749.0,203.0,0.017,0.094,1216.0,804.0,False
2016-10-30 20:42:00,11.0,0.16,8.35,749.0,203.0,0.017,0.094,1228.0,803.0,False
2016-10-30 20:43:00,10.9,0.16,8.35,748.0,203.0,0.017,0.091,1202.0,799.0,False
2016-10-30 20:44:00,10.9,0.16,8.35,747.0,203.0,0.017,0.092,1233.0,804.0,False
2016-10-30 20:45:00,11.0,0.16,8.36,749.0,203.0,0.017,0.092,1210.0,803.0,False
2016-10-30 20:46:00,11.0,0.16,8.35,748.0,203.0,0.017,0.094,1234.0,803.0,False
2016-10-30 20:47:00,10.9,0.16,8.35,748.0,203.0,0.017,0.094,1239.0,810.0,False
2016-10-30 20:48:00,10.9,0.16,8.36,749.0,206.0,0.017,0.094,1208.0,804.0,False
2016-10-30 20:49:00,11.0,0.16,8.36,749.0,206.0,0.017,0.094,1222.0,799.0,False
2016-10-30 20:50:00,11.0,0.16,8.36,749.0,206.0,0.017,0.092,1225.0,806.0,False
2016-10-30 20:51:00,11.0,0.16,8.36,749.0,206.0,0.017,0.094,1221.0,800.0,False
2016-10-30 20:52:00,10.9,0.16,8.36,748.0,206.0,0.017,0.091,1196.0,803.0,False
2016-10-30 20:53:00,10.9,0.16,8.36,748.0,206.0,0.017,0.092,1193.0,805.0,False
2016-10-30 20:54:00,10.9,0.16,8.36,747.0,206.0,0.017,0.092,1192.0,805.0,False
2016-10-30 20:55:00,10.9,0.16,8.37,748.0,206.0,0.017,0.092,1152.0,812.0,False
2016-10-30 20:56:00,10.9,0.16,8.36,749.0,206.0,0.017,0.092,1216.0,804.0,False
2016-10-30 20:57:00,11.0,0.16,8.36,748.0,206.0,0.017,0.091,1223.0,804.0,False
2016-10-30 20:58:00,10.9,0.16,8.37,748.0,206.0,0.018,0.094,1233.0,806.0,False
2016-10-30 20:59:00,10.9,0.16,8.37,747.0,206.0,0.017,0.091,1167.0,810.0,False
2016-10-30 21:00:00,10.9,0.16,8.37,748.0,206.0,0.017,0.092,1193.0,799.0,False
2016-10-30 21:01:00,11.0,0.16,8.37,748.0,206.0,0.018,0.092,1196.0,809.0,False
2016-10-30 21:02:00,10.9,0.16,8.36,748.0,206.0,0.017,0.091,1211.0,804.0,False
2016-10-30 21:03:00,11.0,0.16,8.37,747.0,206.0,0.018,0.092,1197.0,806.0,False
2016-10-30 21:04:00,11.0,0.16,8.37,747.0,206.0,0.018,0.092,1234.0,806.0,False
2016-10-30 21:05:00,11.0,0.16,8.37,747.0,206.0,0.017,0.092,1202.0,811.0,False
2016-10-30 21:06:00,10.9,0.16,8.37,749.0,206.0,0.018,0.092,1229.0,805.0,False
2016-10-30 21:07:00,10.9,0.16,8.37,748.0,206.0,0.017,0.092,1221.0,806.0,False
2016-10-30 21:08:00,10.9,0.16,8.37,748.0,206.0,0.017,0.091,1210.0,810.0,False
2016-10-30 21:09:00,11.0,0.16,8.37,747.0,206.0,0.017,0.091,1223.0,805.0,False
2016-10-30 21:10:00,10.9,0.16,8.38,747.0,206.0,0.017,0.091,1243.0,805.0,False
2016-10-30 21:11:00,11.0,0.16,8.37,748.0,206.0,0.017,0.091,1208.0,806.0,False
2016-10-30 21:12:00,11.0,0.16,8.37,747.0,206.0,0.017,0.092,1214.0,799.0,False
2016-10-30 21:13:00,11.0,0.16,8.38,748.0,206.0,0.017,0.091,1223.0,803.0,False
2016-10-30 21:14:00,10.9,0.16,8.37,747.0,206.0,0.017,0.091,1223.0,809.0,False
2016-10-30 21:15:00,11.0,0.17,8.37,748.0,206.0,0.017,0.091,1243.0,806.0,False
2016-10-30 21:16:00,11.0,0.16,8.37,747.0,206.0,0.017,0.091,1231.0,811.0,False
2016-10-30 21:17:00,10.9,0.16,8.37,748.0,206.0,0.017,0.091,1243.0,804.0,False
2016-10-30 21:18:00,11.0,0.16,8.37,747.0,206.0,0.018,0.091,1217.0,809.0,False
2016-10-30 21:19:00,10.9,0.16,8.37,748.0,206.0,0.017,0.091,1217.0,803.0,False
2016-10-30 21:20:00,11.0,0.16,8.37,747.0,206.0,0.017,0.091,1219.0,799.0,False
2016-10-30 21:21:00,11.0,0.16,8.37,747.0,206.0,0.017,0.091,1208.0,805.0,False
2016-10-30 21:22:00,11.0,0.16,8.37,747.0,206.0,0.017,0.091,1209.0,809.0,False
2016-10-30 21:23:00,10.9,0.16,8.36,749.0,206.0,0.017,0.091,1211.0,812.0,False
2016-10-30 21:24:00,11.0,0.16,8.36,747.0,206.0,0.018,0.091,1228.0,811.0,False
2016-10-30 21:25:00,10.9,0.16,8.37,748.0,206.0,0.017,0.091,1215.0,804.0,False
2016-10-30 21:26:00,11.0,0.16,8.36,748.0,206.0,0.017,0.091,1204.0,811.0,False
2016-10-30 21:27:00,10.9,0.16,8.36,747.0,206.0,0.017,0.091,1260.0,810.0,False
2016-10-30 21:28:00,10.9,0.16,8.37,749.0,206.0,0.017,0.091,1209.0,810.0,False
2016-10-30 21:29:00,10.9,0.16,8.36,749.0,206.0,0.017,0.091,1217.0,814.0,False
2016-10-30 21:30:00,10.9,0.16,8.36,748.0,206.0,0.017,0.091,1226.0,817.0,False
2016-10-30 21:31:00,10.9,0.16,8.36,748.0,206.0,0.017,0.091,1248.0,814.0,False
2016-10-30 21:32:00,11.0,0.16,8.36,748.0,206.0,0.018,0.091,1196.0,814.0,False
2016-10-30 21:33:00,10.9,0.16,8.36,748.0,206.0,0.018,0.091,1228.0,806.0,False
2016-10-30 21:34:00,10.9,0.16,8.36,748.0,206.0,0.017,0.091,1250.0,800.0,False
2016-10-30 21:35:00,10.9,0.16,8.36,747.0,206.0,0.017,0.091,1248.0,805.0,False
2016-10-30 21:36:00,11.0,0.16,8.36,747.0,206.0,0.017,0.091,1231.0,804.0,False
2016-10-30 21:37:00,11.0,0.16,8.36,749.0,206.0,0.017,0.091,1232.0,800.0,False
2016-10-30 21:38:00,10.9,0.16,8.36,748.0,206.0,0.017,0.091,1228.0,803.0,False
2016-10-30 21:39:00,10.9,0.16,8.37,748.0,206.0,0.017,0.091,1231.0,799.0,False
2016-10-30 21:40:00,10.9,0.16,8.36,747.0,206.0,0.017,0.091,1248.0,803.0,False
2016-10-30 21:41:00,10.9,0.16,8.37,747.0,206.0,0.017,0.091,1228.0,793.0,False
2016-10-30 21:42:00,10.9,0.16,8.37,747.0,206.0,0.016,0.092,1248.0,799.0,False
2016-10-30 21:43:00,10.9,0.16,8.37,749.0,206.0,0.016,0.091,1226.0,799.0,False
2016-10-30 21:44:00,10.9,0.16,8.37,747.0,206.0,0.017,0.091,1221.0,797.0,False
2016-10-30 21:45:00,10.9,0.16,8.37,748.0,206.0,0.016,0.091,1214.0,805.0,False
2016-10-30 21:46:00,10.9,0.16,8.37,748.0,206.0,0.016,0.091,1240.0,803.0,False
2016-10-30 21:47:00,10.9,0.16,8.37,749.0,206.0,0.016,0.091,1246.0,805.0,False
2016-10-30 21:48:00,10.9,0.16,8.37,748.0,206.0,0.017,0.091,1271.0,811.0,False
2016-10-30 21:49:00,10.9,0.16,8.37,747.0,206.0,0.017,0.091,1258.0,805.0,False
2016-10-30 21:50:00,10.9,0.16,8.37,748.0,206.0,0.017,0.091,1256.0,811.0,False
2016-10-30 21:51:00,10.9,0.16,8.37,747.0,206.0,0.017,0.091,1250.0,810.0,False
2016-10-30 21:52:00,10.9,0.16,8.38,747.0,206.0,0.017,0.091,1268.0,805.0,False
2016-10-30 21:53:00,11.0,0.16,8.38,747.0,206.0,0.017,0.091,1248.0,805.0,False
2016-10-30 21:54:00,10.9,0.16,8.38,747.0,206.0,0.017,0.091,1228.0,809.0,False
2016-10-30 21:55:00,10.9,0.16,8.38,747.0,206.0,0.017,0.091,1274.0,809.0,False
2016-10-30 21:56:00,10.9,0.16,8.38,747.0,206.0,0.018,0.091,1221.0,805.0,False
2016-10-30 21:57:00,10.9,0.16,8.37,747.0,206.0,0.017,0.091,1266.0,804.0,False
2016-10-30 21:58:00,10.9,0.16,8.38,747.0,206.0,0.017,0.091,1248.0,805.0,False
2016-10-30 21:59:00,10.9,0.16,8.38,747.0,206.0,0.017,0.091,1254.0,810.0,False
2016-10-30 22:00:00,11.0,0.16,8.39,746.0,206.0,0.017,0.091,1233.0,809.0,False
2016-10-30 22:01:00,10.9,0.16,8.39,747.0,206.0,0.017,0.091,1250.0,806.0,False
2016-10-30 22:02:00,11.0,0.16,8.39,748.0,206.0,0.017,0.091,1228.0,806.0,False
2016-10-30 22:03:00,10.9,0.16,8.39,748.0,206.0,0.017,0.091,1252.0,800.0,False
2016-10-30 22:04:00,11.0,0.16,8.39,747.0,206.0,0.017,0.091,1223.0,800.0,False
2016-10-30 22:05:00,10.9,0.16,8.39,746.0,206.0,0.017,0.091,1239.0,799.0,False
2016-10-30 22:06:00,10.9,0.16,8.39,746.0,206.0,0.017,0.091,1262.0,805.0,False
2016-10-30 22:07:00,10.9,0.16,8.39,746.0,206.0,0.017,0.091,1245.0,809.0,False
2016-10-30 22:08:00,10.9,0.16,8.39,748.0,206.0,0.017,0.091,1239.0,806.0,False
2016-10-30 22:09:00,10.9,0.16,8.39,748.0,206.0,0.017,0.091,1256.0,810.0,False
2016-10-30 22:10:00,10.9,0.16,8.39,747.0,206.0,0.017,0.091,1233.0,815.0,False
2016-10-30 22:11:00,10.9,0.16,8.38,746.0,206.0,0.017,0.09,1267.0,806.0,False
2016-10-30 22:12:00,10.9,0.16,8.39,746.0,206.0,0.018,0.091,1268.0,811.0,False
2016-10-30 22:13:00,11.0,0.16,8.39,746.0,206.0,0.018,0.091,1280.0,811.0,False
2016-10-30 22:14:00,11.0,0.16,8.39,746.0,206.0,0.017,0.091,1274.0,803.0,False
2016-10-30 22:15:00,10.9,0.16,8.39,746.0,206.0,0.02,0.091,1251.0,804.0,False
2016-10-30 22:16:00,10.9,0.16,8.39,746.0,206.0,0.021,0.091,1250.0,800.0,False
2016-10-30 22:17:00,11.0,0.16,8.39,746.0,206.0,0.018,0.09,1231.0,800.0,False
2016-10-30 22:18:00,10.9,0.16,8.39,746.0,210.0,0.018,0.091,1268.0,804.0,False
2016-10-30 22:19:00,10.9,0.16,8.39,746.0,206.0,0.018,0.091,1238.0,799.0,False
2016-10-30 22:20:00,10.9,0.16,8.39,746.0,210.0,0.018,0.091,1248.0,800.0,False
2016-10-30 22:21:00,11.0,0.16,8.39,746.0,210.0,0.018,0.09,1245.0,804.0,False
2016-10-30 22:22:00,10.9,0.16,8.39,746.0,210.0,0.018,0.09,1226.0,814.0,False
2016-10-30 22:23:00,11.0,0.16,8.39,746.0,206.0,0.018,0.09,1232.0,806.0,False
2016-10-30 22:24:00,11.0,0.16,8.4,746.0,206.0,0.018,0.09,1246.0,804.0,False
2016-10-30 22:25:00,10.9,0.16,8.4,747.0,206.0,0.018,0.09,1228.0,809.0,False
2016-10-30 22:26:00,11.0,0.16,8.4,747.0,210.0,0.023,0.09,1228.0,805.0,False
2016-10-30 22:27:00,11.0,0.16,8.4,747.0,206.0,0.018,0.09,1331.0,804.0,False
2016-10-30 22:28:00,11.0,0.16,8.4,746.0,206.0,0.018,0.09,1306.0,803.0,False
2016-10-30 22:29:00,10.9,0.16,8.4,746.0,206.0,0.018,0.091,1298.0,804.0,False
2016-10-30 22:30:00,11.0,0.16,8.39,747.0,206.0,0.018,0.09,1297.0,804.0,False
2016-10-30 22:31:00,11.0,0.16,8.39,746.0,210.0,0.018,0.09,1292.0,800.0,False
2016-10-30 22:32:00,11.0,0.16,8.39,747.0,210.0,0.018,0.09,1295.0,804.0,False
2016-10-30 22:33:00,10.9,0.16,8.39,746.0,210.0,0.018,0.09,1298.0,798.0,False
2016-10-30 22:34:00,11.0,0.16,8.4,746.0,206.0,0.018,0.09,1303.0,804.0,False
2016-10-30 22:35:00,10.9,0.16,8.39,746.0,210.0,0.018,0.09,1268.0,803.0,False
2016-10-30 22:36:00,11.0,0.16,8.4,747.0,210.0,0.018,0.09,1303.0,803.0,False
2016-10-30 22:37:00,10.9,0.16,8.39,746.0,210.0,0.017,0.09,1290.0,806.0,False
2016-10-30 22:38:00,11.0,0.16,8.4,747.0,210.0,0.021,0.091,1302.0,806.0,False
2016-10-30 22:39:00,11.0,0.16,8.39,747.0,210.0,0.018,0.091,1296.0,810.0,False
2016-10-30 22:40:00,11.0,0.16,8.39,746.0,210.0,0.018,0.09,1250.0,806.0,False
2016-10-30 22:41:00,10.9,0.16,8.39,746.0,210.0,0.018,0.091,1304.0,804.0,False
2016-10-30 22:42:00,10.9,0.16,8.39,747.0,210.0,0.017,0.091,1303.0,805.0,False
2016-10-30 22:43:00,10.9,0.16,8.39,747.0,207.0,0.017,0.091,1292.0,810.0,False
2016-10-30 22:44:00,11.0,0.16,8.39,747.0,210.0,0.018,0.091,1307.0,811.0,False
2016-10-30 22:45:00,10.9,0.16,8.39,746.0,206.0,0.018,0.091,1277.0,800.0,False
2016-10-30 22:46:00,11.0,0.16,8.38,746.0,210.0,0.018,0.091,1307.0,805.0,False
2016-10-30 22:47:00,10.9,0.16,8.38,748.0,210.0,0.018,0.091,1283.0,806.0,False
2016-10-30 22:48:00,10.9,0.16,8.38,746.0,210.0,0.017,0.091,1297.0,805.0,False
2016-10-30 22:49:00,10.8,0.16,8.38,746.0,210.0,0.017,0.091,1306.0,804.0,False
2016-10-30 22:50:00,10.9,0.16,8.38,747.0,210.0,0.017,0.091,1289.0,800.0,False
2016-10-30 22:51:00,10.9,0.16,8.38,747.0,210.0,0.017,0.091,1260.0,804.0,False
2016-10-30 22:52:00,10.9,0.16,8.38,746.0,210.0,0.017,0.091,1300.0,805.0,False
2016-10-30 22:53:00,10.9,0.16,8.38,747.0,210.0,0.017,0.091,1298.0,797.0,False
2016-10-30 22:54:00,10.9,0.16,8.38,746.0,206.0,0.017,0.091,1268.0,804.0,False
2016-10-30 22:55:00,10.9,0.16,8.38,748.0,210.0,0.017,0.091,1318.0,810.0,False
2016-10-30 22:56:00,10.9,0.16,8.38,747.0,210.0,0.017,0.091,1285.0,800.0,False
2016-10-30 22:57:00,10.9,0.16,8.38,747.0,206.0,0.017,0.091,1314.0,804.0,False
2016-10-30 22:58:00,10.9,0.16,8.38,747.0,210.0,0.017,0.091,1304.0,806.0,False
2016-10-30 22:59:00,10.9,0.16,8.37,746.0,210.0,0.017,0.091,1302.0,803.0,False
2016-10-30 23:00:00,10.9,0.16,8.38,747.0,210.0,0.017,0.091,1268.0,805.0,False
2016-10-30 23:01:00,10.9,0.16,8.37,746.0,210.0,0.018,0.091,1280.0,804.0,False
2016-10-30 23:02:00,10.8,0.16,8.38,747.0,210.0,0.018,0.091,1292.0,806.0,False
2016-10-30 23:03:00,10.9,0.16,8.38,747.0,210.0,0.018,0.091,1295.0,810.0,False
2016-10-30 23:04:00,10.9,0.16,8.37,747.0,210.0,0.018,0.091,1275.0,804.0,False
2016-10-30 23:05:00,10.9,0.16,8.38,748.0,210.0,0.018,0.091,1267.0,805.0,False
2016-10-30 23:06:00,10.8,0.16,8.37,747.0,210.0,0.018,0.091,1254.0,809.0,False
2016-10-30 23:07:00,10.9,0.16,8.37,747.0,210.0,0.018,0.091,1274.0,804.0,False
2016-10-30 23:08:00,10.8,0.16,8.38,748.0,210.0,0.018,0.091,1281.0,811.0,False
2016-10-30 23:09:00,10.8,0.16,8.38,747.0,210.0,0.017,0.091,1284.0,806.0,False
2016-10-30 23:10:00,10.8,0.16,8.37,747.0,210.0,0.018,0.091,1266.0,799.0,False
2016-10-30 23:11:00,10.8,0.16,8.38,748.0,210.0,0.018,0.091,1284.0,810.0,False
2016-10-30 23:12:00,10.8,0.16,8.38,748.0,210.0,0.018,0.091,1260.0,804.0,False
2016-10-30 23:13:00,10.8,0.16,8.38,747.0,210.0,0.018,0.091,1267.0,804.0,False
2016-10-30 23:14:00,10.9,0.16,8.38,748.0,210.0,0.018,0.091,1280.0,798.0,False
2016-10-30 23:15:00,10.9,0.16,8.37,747.0,210.0,0.018,0.091,1269.0,800.0,False
2016-10-30 23:16:00,10.8,0.16,8.38,748.0,210.0,0.018,0.091,1281.0,798.0,False
2016-10-30 23:17:00,10.9,0.16,8.37,747.0,210.0,0.02,0.091,1252.0,803.0,False
2016-10-30 23:18:00,10.9,0.16,8.38,747.0,210.0,0.018,0.091,1245.0,804.0,False
2016-10-30 23:19:00,10.8,0.16,8.37,747.0,210.0,0.018,0.091,1278.0,800.0,False
2016-10-30 23:20:00,10.9,0.16,8.38,748.0,210.0,0.017,0.091,1250.0,798.0,False
2016-10-30 23:21:00,10.8,0.16,8.38,747.0,210.0,0.017,0.091,1292.0,795.0,False
2016-10-30 23:22:00,10.9,0.16,8.38,748.0,210.0,0.017,0.091,1266.0,800.0,False
2016-10-30 23:23:00,10.9,0.16,8.38,747.0,210.0,0.017,0.091,1278.0,798.0,False
2016-10-30 23:24:00,10.8,0.16,8.38,748.0,210.0,0.017,0.091,1252.0,798.0,False
2016-10-30 23:25:00,10.9,0.16,8.38,747.0,210.0,0.017,0.091,1290.0,805.0,False
2016-10-30 23:26:00,10.9,0.16,8.38,746.0,210.0,0.017,0.091,1267.0,803.0,False
2016-10-30 23:27:00,10.9,0.16,8.38,746.0,210.0,0.017,0.091,1289.0,800.0,False
2016-10-30 23:28:00,10.9,0.16,8.38,746.0,210.0,0.017,0.09,1269.0,800.0,False
2016-10-30 23:29:00,10.9,0.16,8.37,747.0,210.0,0.017,0.091,1260.0,805.0,False
2016-10-30 23:30:00,10.9,0.16,8.38,748.0,210.0,0.017,0.091,1256.0,800.0,False
2016-10-30 23:31:00,10.9,0.16,8.38,748.0,210.0,0.017,0.091,1275.0,800.0,False
2016-10-30 23:32:00,10.9,0.16,8.37,747.0,210.0,0.017,0.091,1278.0,806.0,False
2016-10-30 23:33:00,10.9,0.16,8.37,747.0,210.0,0.017,0.091,1300.0,812.0,False
2016-10-30 23:34:00,10.9,0.16,8.38,748.0,210.0,0.018,0.091,1256.0,805.0,False
2016-10-30 23:35:00,10.8,0.16,8.38,747.0,210.0,0.018,0.091,1266.0,809.0,False
2016-10-30 23:36:00,10.8,0.16,8.38,748.0,210.0,0.018,0.091,1290.0,811.0,False
2016-10-30 23:37:00,10.8,0.16,8.38,747.0,210.0,0.018,0.091,1319.0,806.0,False
2016-10-30 23:38:00,10.9,0.16,8.37,747.0,210.0,0.018,0.091,1283.0,804.0,False
2016-10-30 23:39:00,10.8,0.16,8.38,747.0,210.0,0.017,0.091,1304.0,805.0,False
2016-10-30 23:40:00,10.9,0.16,8.38,748.0,210.0,0.017,0.091,1277.0,805.0,False
2016-10-30 23:41:00,10.9,0.16,8.37,747.0,210.0,0.018,0.091,1273.0,803.0,False
2016-10-30 23:42:00,10.9,0.16,8.38,747.0,210.0,0.018,0.091,1269.0,804.0,False
2016-10-30 23:43:00,10.8,0.16,8.37,747.0,210.0,0.019,0.091,1281.0,805.0,False
2016-10-30 23:44:00,10.9,0.16,8.37,746.0,210.0,0.018,0.091,1273.0,804.0,False
2016-10-30 23:45:00,10.8,0.16,8.38,747.0,210.0,0.019,0.091,1314.0,800.0,False
2016-10-30 23:46:00,10.8,0.16,8.38,746.0,210.0,0.019,0.091,1256.0,805.0,False
2016-10-30 23:47:00,10.9,0.16,8.38,746.0,210.0,0.018,0.091,1263.0,806.0,False
2016-10-30 23:48:00,10.9,0.16,8.38,747.0,210.0,0.018,0.091,1271.0,803.0,False
2016-10-30 23:49:00,10.9,0.16,8.38,748.0,210.0,0.018,0.09,1262.0,809.0,False
2016-10-30 23:50:00,10.8,0.16,8.37,748.0,210.0,0.018,0.091,1245.0,803.0,False
2016-10-30 23:51:00,10.8,0.16,8.38,747.0,210.0,0.018,0.091,1275.0,805.0,False
2016-10-30 23:52:00,10.9,0.16,8.38,747.0,210.0,0.018,0.091,1244.0,792.0,False
2016-10-30 23:53:00,10.8,0.16,8.38,747.0,210.0,0.018,0.091,1300.0,803.0,False
2016-10-30 23:54:00,10.8,0.16,8.38,747.0,210.0,0.018,0.091,1277.0,800.0,False
2016-10-30 23:55:00,10.9,0.16,8.38,746.0,210.0,0.018,0.091,1266.0,798.0,False
2016-10-30 23:56:00,10.8,0.16,8.38,746.0,210.0,0.018,0.091,1256.0,798.0,False
2016-10-30 23:57:00,10.9,0.16,8.38,747.0,210.0,0.017,0.091,1254.0,800.0,False
2016-10-30 23:58:00,10.9,0.16,8.38,747.0,210.0,0.018,0.09,1260.0,803.0,False
2016-10-30 23:59:00,10.9,0.16,8.38,747.0,210.0,0.018,0.091,1258.0,803.0,False
