year,month,month_number,period,unit_name,unit_type,number_of_stations,area_of_unit  (sq  km),govt,Dacoity,Robbery,Murder,Speedy Trial,Riot,Woman & Child Repression,Kidnapping,Police Assault,Burglary,Theft,Other Cases,Arms Act,Explosive Act,Narcotics,Smuggling,Recovery Cases (Total),Total Cases,Area,Number of Stations
2019,January,1,2019-01,DMP,Metropolitan Police,,,AL,1,10,19,10,0,118,9,6,49,127,411,6,3,1370,14,1393,2153,,
2019,January,1,2019-01,CMP,Metropolitan Police,,,AL,0,3,9,5,0,22,0,5,6,15,125,38,0,449,1,488,678,,
2019,January,1,2019-01,KMP,Metropolitan Police,,,AL,1,0,4,1,0,8,0,0,6,4,16,2,0,272,3,277,317,,
2019,January,1,2019-01,RMP,Metropolitan Police,,,AL,0,4,1,1,1,11,0,0,4,6,52,3,0,283,35,321,401,,
2019,January,1,2019-01,BMP,Metropolitan Police,,,AL,0,0,0,0,0,14,1,0,4,6,49,1,0,91,0,92,166,,
2019,January,1,2019-01,SMP,Metropolitan Police,,,AL,0,2,5,3,0,15,0,13,2,2,55,0,0,44,2,46,143,,
2019,January,1,2019-01,RPMP,Metropolitan Police,,,AL,0,0,1,0,0,12,1,0,0,6,33,0,0,68,0,68,121,,
2019,January,1,2019-01,GMP,Metropolitan Police,,,AL,2,3,3,1,0,22,1,2,2,8,65,3,0,130,2,135,244,,
2019,January,1,2019-01,Dhaka Range,Police Range,,,AL,7,11,75,10,0,216,12,13,28,70,889,18,3,1731,6,1758,3089,,
2019,January,1,2019-01,Mymensingh Range,Police Range,,,AL,1,1,23,1,0,87,2,6,5,24,405,5,2,435,7,449,1004,,
2019,January,1,2019-01,Chittagong Range,Police Range,,,AL,4,11,74,4,0,147,6,10,25,51,891,54,1,1108,10,1173,2396,,
2019,January,1,2019-01,Sylhet Range,Police Range,,,AL,4,5,20,4,0,67,1,8,7,33,412,1,3,139,21,164,725,,
2019,January,1,2019-01,Khulna Range,Police Range,,,AL,4,4,37,0,0,99,2,2,7,36,544,13,3,814,20,850,1585,,
2019,January,1,2019-01,Barishal Range,Police Range,,,AL,2,3,16,2,0,86,3,2,16,23,378,1,0,363,0,364,895,,
2019,January,1,2019-01,Rajshahi Range,Police Range,,,AL,5,8,29,6,0,99,8,2,5,40,469,25,15,1166,134,1340,2011,,
2019,January,1,2019-01,Rangpur Range,Police Range,,,AL,1,2,33,0,0,116,0,0,8,38,625,4,0,551,94,649,1472,,
2019,January,1,2019-01,Railway Range,Railway Police,,,AL,0,1,2,0,0,0,0,0,0,5,9,0,0,55,12,67,84,,
2019,January,1,2019-01,Total,National Total,,,AL,32,68,351,48,1,1139,46,69,174,494,5428,174,30,9069,361,9634,17484,,
2019,February,2,2019-02,DMP,Metropolitan Police,,,AL,1,8,16,10,0,148,4,5,42,126,399,10,1,1262,8,1281,2040,,
2019,February,2,2019-02,CMP,Metropolitan Police,,,AL,0,3,5,9,0,31,2,2,9,11,86,33,0,379,1,413,571,,
2019,February,2,2019-02,KMP,Metropolitan Police,,,AL,0,0,1,1,0,6,0,0,5,3,23,2,0,223,1,226,265,,
2019,February,2,2019-02,RMP,Metropolitan Police,,,AL,0,2,0,2,0,10,0,0,5,5,36,2,0,311,23,336,396,,
2019,February,2,2019-02,BMP,Metropolitan Police,,,AL,0,0,1,1,0,15,0,0,2,6,33,0,0,76,0,76,134,,
2019,February,2,2019-02,SMP,Metropolitan Police,,,AL,0,1,2,7,0,6,0,0,1,4,44,1,0,53,1,55,120,,
2019,February,2,2019-02,RPMP,Metropolitan Police,,,AL,1,0,0,1,0,16,5,0,0,6,30,1,0,68,0,69,128,,
2019,February,2,2019-02,GMP,Metropolitan Police,,,AL,0,4,3,1,0,16,0,0,1,6,68,10,0,175,3,188,287,,
2019,February,2,2019-02,Dhaka Range,Police Range,,,AL,5,7,53,4,0,193,9,7,21,79,812,10,1,1647,7,1665,2855,,
2019,February,2,2019-02,Mymensingh Range,Police Range,,,AL,0,1,22,5,0,80,3,4,10,27,358,2,0,530,5,537,1047,,
2019,February,2,2019-02,Chittagong Range,Police Range,,,AL,8,3,55,12,0,149,10,4,34,57,775,52,0,1444,5,1501,2608,,
2019,February,2,2019-02,Sylhet Range,Police Range,,,AL,6,4,11,2,0,59,0,4,5,34,317,4,1,258,19,282,724,,
2019,February,2,2019-02,Khulna Range,Police Range,,,AL,0,2,27,4,0,104,2,1,6,41,433,26,2,1099,34,1161,1781,,
2019,February,2,2019-02,Barishal Range,Police Range,,,AL,1,4,19,0,0,96,3,1,13,15,368,1,0,349,0,350,870,,
2019,February,2,2019-02,Rajshahi Range,Police Range,,,AL,2,3,32,3,0,128,6,6,3,25,445,27,3,1424,141,1595,2248,,
2019,February,2,2019-02,Rangpur Range,Police Range,,,AL,0,0,14,1,0,160,1,3,8,40,529,2,0,649,94,745,1501,,
2019,February,2,2019-02,Railway Range,Railway Police,,,AL,0,1,1,0,0,0,0,0,0,8,8,0,0,56,13,69,87,,
2019,February,2,2019-02,Total,National Total,,,AL,24,43,262,63,0,1217,45,37,165,493,4764,183,8,10003,355,10549,17662,,
2019,March,3,2019-03,DMP,Metropolitan Police,,,AL,1,7,12,19,0,172,10,3,51,132,433,15,1,1564,13,1593,2433,,
2019,March,3,2019-03,CMP,Metropolitan Police,,,AL,0,4,7,8,0,32,2,2,7,17,111,32,0,446,6,484,674,,
2019,March,3,2019-03,KMP,Metropolitan Police,,,AL,0,1,2,1,0,15,0,0,5,4,28,3,1,222,3,229,285,,
2019,March,3,2019-03,RMP,Metropolitan Police,,,AL,0,2,0,1,1,15,0,1,2,4,52,1,0,265,18,284,362,,
2019,March,3,2019-03,BMP,Metropolitan Police,,,AL,0,0,1,2,0,11,0,0,4,4,50,0,0,88,0,88,160,,
2019,March,3,2019-03,SMP,Metropolitan Police,,,AL,2,0,1,11,2,13,0,1,5,5,62,1,0,50,2,53,155,,
2019,March,3,2019-03,RPMP,Metropolitan Police,,,AL,0,2,1,0,0,10,5,0,0,5,35,0,0,50,0,50,108,,
2019,March,3,2019-03,GMP,Metropolitan Police,,,AL,1,3,7,1,0,22,2,0,0,15,64,17,0,216,5,238,353,,
2019,March,3,2019-03,Dhaka Range,Police Range,,,AL,1,8,60,7,0,201,9,11,22,74,934,10,5,1609,7,1631,2958,,
2019,March,3,2019-03,Mymensingh Range,Police Range,,,AL,1,0,17,2,0,102,1,0,4,19,379,5,0,467,4,476,1001,,
2019,March,3,2019-03,Chittagong Range,Police Range,,,AL,4,5,69,6,0,166,4,10,29,54,803,56,1,1161,10,1228,2378,,
2019,March,3,2019-03,Sylhet Range,Police Range,,,AL,1,2,23,1,0,72,2,7,4,44,351,3,0,215,13,231,738,,
2019,March,3,2019-03,Khulna Range,Police Range,,,AL,3,2,40,3,1,125,0,0,13,36,504,20,5,715,38,778,1505,,
2019,March,3,2019-03,Barishal Range,Police Range,,,AL,2,0,11,2,0,119,0,2,15,12,422,4,2,334,1,341,926,,
2019,March,3,2019-03,Rajshahi Range,Police Range,,,AL,2,2,22,10,0,138,4,1,4,35,523,17,4,1148,105,1274,2015,,
2019,March,3,2019-03,Rangpur Range,Police Range,,,AL,2,1,15,0,0,152,3,3,8,44,545,2,0,561,81,644,1417,,
2019,March,3,2019-03,Railway Range,Railway Police,,,AL,0,0,2,0,0,1,0,0,0,9,17,0,0,49,11,60,89,,
2019,March,3,2019-03,Total,National Total,,,AL,20,39,290,74,4,1366,42,41,173,513,5313,186,19,9160,317,9682,17557,,
2019,April,4,2019-04,DMP,Metropolitan Police,,,AL,1,10,12,13,0,216,14,8,38,107,469,12,3,1603,9,1627,2515,,
2019,April,4,2019-04,CMP,Metropolitan Police,,,AL,1,9,15,6,0,50,0,5,8,16,107,60,0,478,8,546,763,,
2019,April,4,2019-04,KMP,Metropolitan Police,,,AL,0,0,1,0,0,15,0,0,2,4,32,2,0,197,7,206,260,,
2019,April,4,2019-04,RMP,Metropolitan Police,,,AL,0,4,1,0,0,19,2,0,4,4,57,1,0,410,31,442,533,,
2019,April,4,2019-04,BMP,Metropolitan Police,,,AL,0,1,1,1,0,13,0,0,2,5,46,1,0,99,0,100,169,,
2019,April,4,2019-04,SMP,Metropolitan Police,,,AL,0,1,2,2,0,19,1,0,1,4,62,0,0,71,3,74,166,,
2019,April,4,2019-04,RPMP,Metropolitan Police,,,AL,0,0,2,0,0,14,0,0,0,5,43,0,0,89,0,89,153,,
2019,April,4,2019-04,GMP,Metropolitan Police,,,AL,0,0,7,0,0,24,1,2,2,16,89,8,0,167,3,178,319,,
2019,April,4,2019-04,Dhaka Range,Police Range,,,AL,10,15,65,2,0,322,16,8,28,85,1133,13,1,1888,5,1907,3591,,
2019,April,4,2019-04,Mymensingh Range,Police Range,,,AL,1,1,24,2,0,166,0,0,4,34,427,3,0,510,2,515,1174,,
2019,April,4,2019-04,Chittagong Range,Police Range,,,AL,5,6,65,11,0,274,8,13,29,64,1041,72,1,1298,6,1377,2893,,
2019,April,4,2019-04,Sylhet Range,Police Range,,,AL,4,2,17,2,0,97,5,3,7,32,394,3,0,236,23,262,825,,
2019,April,4,2019-04,Khulna Range,Police Range,,,AL,2,4,35,1,0,161,6,2,15,28,616,14,0,697,29,740,1610,,
2019,April,4,2019-04,Barishal Range,Police Range,,,AL,2,5,11,3,0,152,0,1,20,19,463,4,0,386,1,391,1067,,
2019,April,4,2019-04,Rajshahi Range,Police Range,,,AL,1,8,36,9,0,212,0,1,5,46,606,15,2,1226,109,1352,2276,,
2019,April,4,2019-04,Rangpur Range,Police Range,,,AL,1,4,23,1,0,216,2,2,6,41,745,1,0,607,72,680,1721,,
2019,April,4,2019-04,Railway Range,Railway Police,,,AL,0,1,2,0,0,1,1,0,0,4,11,0,0,67,13,80,100,,
2019,April,4,2019-04,Total,National Total,,,AL,28,71,319,53,0,1971,56,45,171,514,6341,209,7,10029,321,10566,20135,,
2019,May,5,2019-05,DMP,Metropolitan Police,,,AL,2,16,16,5,0,211,9,8,63,122,638,11,3,1524,8,1546,2636,,
2019,May,5,2019-05,CMP,Metropolitan Police,,,AL,0,13,9,0,0,46,1,7,6,20,170,111,0,548,5,664,936,,
2019,May,5,2019-05,KMP,Metropolitan Police,,,AL,0,2,0,0,0,12,0,1,2,7,40,0,0,117,2,119,183,,
2019,May,5,2019-05,RMP,Metropolitan Police,,,AL,0,4,1,0,0,22,1,2,1,5,60,0,0,337,27,364,460,,
2019,May,5,2019-05,BMP,Metropolitan Police,,,AL,0,1,0,0,0,11,0,0,3,5,47,1,0,116,0,117,184,,
2019,May,5,2019-05,SMP,Metropolitan Police,,,AL,1,1,4,0,0,17,1,0,1,9,78,3,0,58,3,64,176,,
2019,May,5,2019-05,RPMP,Metropolitan Police,,,AL,0,2,2,0,0,13,0,0,0,5,48,3,0,72,0,75,145,,
2019,May,5,2019-05,GMP,Metropolitan Police,,,AL,0,5,5,0,0,31,3,3,4,19,123,5,0,128,1,134,327,,
2019,May,5,2019-05,Dhaka Range,Police Range,,,AL,4,12,63,0,0,331,7,15,31,88,1232,16,5,1863,6,1890,3673,,
2019,May,5,2019-05,Mymensingh Range,Police Range,,,AL,1,0,27,0,0,139,5,3,6,30,549,4,0,485,4,493,1253,,
2019,May,5,2019-05,Chittagong Range,Police Range,,,AL,9,9,75,0,0,295,9,7,24,81,1265,82,0,1303,7,1392,3166,,
2019,May,5,2019-05,Sylhet Range,Police Range,,,AL,1,3,20,0,0,90,1,4,2,39,526,5,1,216,13,235,921,,
2019,May,5,2019-05,Khulna Range,Police Range,,,AL,3,4,36,0,0,171,3,3,11,35,725,22,4,642,31,699,1690,,
2019,May,5,2019-05,Barishal Range,Police Range,,,AL,0,2,7,0,0,184,0,0,11,20,548,1,1,323,1,326,1098,,
2019,May,5,2019-05,Rajshahi Range,Police Range,,,AL,2,5,35,0,0,241,2,3,10,41,629,18,6,1158,128,1310,2278,,
2019,May,5,2019-05,Rangpur Range,Police Range,,,AL,1,2,17,0,0,227,1,3,7,46,801,1,1,553,81,636,1741,,
2019,May,5,2019-05,Railway Range,Railway Police,,,AL,0,1,3,0,0,0,0,0,0,7,13,0,0,48,16,64,88,,
2019,May,5,2019-05,Total,National Total,,,AL,24,82,320,5,0,2041,43,59,182,579,7492,283,21,9491,333,10128,20955,,
2019,June,6,2019-06,DMP,Metropolitan Police,,,AL,2,7,19,0,0,234,6,9,56,108,387,8,3,1121,7,1139,1967,,
2019,June,6,2019-06,CMP,Metropolitan Police,,,AL,0,8,6,1,0,51,3,5,7,16,135,68,0,414,4,486,718,,
2019,June,6,2019-06,KMP,Metropolitan Police,,,AL,0,0,1,0,0,16,0,0,1,5,43,0,0,115,2,117,183,,
2019,June,6,2019-06,RMP,Metropolitan Police,,,AL,0,2,2,0,0,25,0,1,4,2,53,0,0,255,19,274,363,,
2019,June,6,2019-06,BMP,Metropolitan Police,,,AL,0,2,3,0,0,18,0,0,2,6,42,0,0,99,0,99,172,,
2019,June,6,2019-06,SMP,Metropolitan Police,,,AL,0,3,5,0,0,21,1,3,0,3,64,0,0,72,7,79,179,,
2019,June,6,2019-06,RPMP,Metropolitan Police,,,AL,0,0,3,0,0,12,5,0,0,6,35,1,0,69,0,70,131,,
2019,June,6,2019-06,GMP,Metropolitan Police,,,AL,0,4,5,0,0,25,5,0,1,12,97,3,0,211,1,215,364,,
2019,June,6,2019-06,Dhaka Range,Police Range,,,AL,10,17,66,3,0,315,8,11,34,86,1106,13,1,1350,5,1369,3025,,
2019,June,6,2019-06,Mymensingh Range,Police Range,,,AL,0,2,19,0,0,173,4,3,4,32,565,5,0,503,9,517,1319,,
2019,June,6,2019-06,Chittagong Range,Police Range,,,AL,5,11,87,2,0,295,7,12,27,83,1128,71,0,1173,6,1250,2907,,
2019,June,6,2019-06,Sylhet Range,Police Range,,,AL,1,5,24,0,0,94,3,4,7,45,383,5,0,179,12,196,762,,
2019,June,6,2019-06,Khulna Range,Police Range,,,AL,3,17,32,0,0,196,5,5,20,49,696,15,2,568,43,628,1651,,
2019,June,6,2019-06,Barishal Range,Police Range,,,AL,0,5,23,0,0,152,1,3,15,20,505,0,0,271,0,271,995,,
2019,June,6,2019-06,Rajshahi Range,Police Range,,,AL,2,7,54,0,0,250,3,3,8,29,644,12,4,1046,114,1176,2176,,
2019,June,6,2019-06,Rangpur Range,Police Range,,,AL,1,2,22,1,0,222,1,2,6,40,756,2,0,467,82,551,1604,,
2019,June,6,2019-06,Railway Range,Railway Police,,,AL,1,0,0,0,0,1,0,0,0,5,10,0,0,36,11,47,64,,
2019,June,6,2019-06,Total,National Total,,,AL,25,92,371,7,0,2100,52,61,192,547,6649,203,10,7949,322,8484,18580,,
2019,July,7,2019-07,DMP,Metropolitan Police,,,AL,0,18,33,2,0,205,7,13,69,139,498,14,4,1627,11,1656,2640,,
2019,July,7,2019-07,CMP,Metropolitan Police,,,AL,0,7,4,0,0,73,0,0,13,21,117,62,0,450,3,515,750,,
2019,July,7,2019-07,KMP,Metropolitan Police,,,AL,0,1,2,0,0,16,0,0,1,3,31,0,0,90,3,93,147,,
2019,July,7,2019-07,RMP,Metropolitan Police,,,AL,0,6,2,0,0,11,5,1,2,9,66,2,0,396,30,428,530,,
2019,July,7,2019-07,BMP,Metropolitan Police,,,AL,1,1,5,0,0,14,0,0,6,5,34,1,0,114,0,115,181,,
2019,July,7,2019-07,SMP,Metropolitan Police,,,AL,0,4,3,0,0,14,2,2,0,9,74,3,0,96,2,101,209,,
2019,July,7,2019-07,RPMP,Metropolitan Police,,,AL,1,2,2,0,0,23,0,0,1,4,31,2,0,84,0,86,150,,
2019,July,7,2019-07,GMP,Metropolitan Police,,,AL,2,3,8,0,0,36,2,3,2,13,102,3,0,243,1,247,418,,
2019,July,7,2019-07,Dhaka Range,Police Range,,,AL,10,13,77,3,0,338,11,4,29,93,896,7,1,1577,5,1590,3064,,
2019,July,7,2019-07,Mymensingh Range,Police Range,,,AL,1,3,20,0,0,155,2,6,6,31,393,7,0,646,5,658,1275,,
2019,July,7,2019-07,Chittagong Range,Police Range,,,AL,11,13,62,2,0,262,6,6,51,69,856,68,0,1195,8,1271,2609,,
2019,July,7,2019-07,Sylhet Range,Police Range,,,AL,3,1,12,0,0,99,0,2,8,37,367,7,0,248,20,275,804,,
2019,July,7,2019-07,Khulna Range,Police Range,,,AL,4,8,39,0,0,213,1,4,17,62,644,18,5,956,30,1009,2001,,
2019,July,7,2019-07,Barishal Range,Police Range,,,AL,3,6,9,0,0,142,1,1,19,22,396,4,0,358,0,362,961,,
2019,July,7,2019-07,Rajshahi Range,Police Range,,,AL,1,4,35,0,0,256,4,2,8,42,479,23,4,1378,93,1498,2329,,
2019,July,7,2019-07,Rangpur Range,Police Range,,,AL,1,2,18,0,0,225,3,2,9,45,754,2,0,650,100,752,1811,,
2019,July,7,2019-07,Railway Range,Railway Police,,,AL,0,4,1,0,0,1,0,0,0,7,7,1,0,62,24,87,107,,
2019,July,7,2019-07,Total,National Total,,,AL,38,96,332,7,0,2083,44,46,241,611,5745,224,14,10170,335,10743,19986,,
2019,August,8,2019-08,DMP,Metropolitan Police,,,AL,2,16,14,6,0,205,8,5,58,98,393,6,1,1371,6,1384,2189,,
2019,August,8,2019-08,CMP,Metropolitan Police,,,AL,1,7,5,7,0,68,1,4,16,20,133,67,0,400,1,468,730,,
2019,August,8,2019-08,KMP,Metropolitan Police,,,AL,0,0,3,0,0,13,0,0,1,11,33,1,0,83,0,84,145,,
2019,August,8,2019-08,RMP,Metropolitan Police,,,AL,0,2,5,2,0,20,2,2,3,6,45,3,0,342,18,363,450,,
2019,August,8,2019-08,BMP,Metropolitan Police,,,AL,0,2,4,1,0,14,0,0,11,8,43,2,0,133,0,135,218,,
2019,August,8,2019-08,SMP,Metropolitan Police,,,AL,1,1,2,5,0,25,0,2,5,8,82,2,0,65,4,71,202,,
2019,August,8,2019-08,RPMP,Metropolitan Police,,,AL,0,0,2,0,0,16,0,0,0,7,33,0,0,91,0,91,149,,
2019,August,8,2019-08,GMP,Metropolitan Police,,,AL,0,3,7,1,0,35,1,0,0,11,69,7,1,218,3,229,356,,
2019,August,8,2019-08,Dhaka Range,Police Range,,,AL,3,12,75,5,0,279,47,6,36,84,998,15,2,1441,2,1460,3005,,
2019,August,8,2019-08,Mymensingh Range,Police Range,,,AL,1,4,29,4,0,161,2,4,5,33,518,10,0,482,9,501,1262,,
2019,August,8,2019-08,Chittagong Range,Police Range,,,AL,11,5,72,9,0,221,7,10,36,66,906,69,1,1213,7,1290,2633,,
2019,August,8,2019-08,Sylhet Range,Police Range,,,AL,3,2,22,2,0,84,2,6,9,39,372,4,0,252,29,285,826,,
2019,August,8,2019-08,Khulna Range,Police Range,,,AL,3,9,37,2,0,174,3,1,19,46,572,21,5,809,29,864,1730,,
2019,August,8,2019-08,Barishal Range,Police Range,,,AL,2,1,9,0,0,153,3,2,13,19,409,6,0,364,1,371,982,,
2019,August,8,2019-08,Rajshahi Range,Police Range,,,AL,1,9,28,10,0,196,2,2,7,43,603,20,4,1245,97,1366,2267,,
2019,August,8,2019-08,Rangpur Range,Police Range,,,AL,0,4,27,1,0,271,0,2,7,66,842,4,1,620,88,713,1933,,
2019,August,8,2019-08,Railway Range,Railway Police,,,AL,0,2,3,0,0,2,0,0,0,5,26,0,0,27,4,31,69,,
2019,August,8,2019-08,Total,National Total,,,AL,28,79,344,55,0,1937,78,46,226,570,6077,237,15,9156,298,9706,19146,,
2019,September,9,2019-09,DMP,Metropolitan Police,,,AL,3,17,11,9,0,258,13,3,70,143,499,11,1,1496,15,1523,2549,,
2019,September,9,2019-09,CMP,Metropolitan Police,,,AL,0,10,6,4,0,80,1,3,13,15,116,65,0,441,2,508,756,,
2019,September,9,2019-09,KMP,Metropolitan Police,,,AL,1,0,2,1,0,7,0,0,1,9,34,0,0,148,0,148,203,,
2019,September,9,2019-09,RMP,Metropolitan Police,,,AL,1,2,1,0,0,29,0,1,2,2,46,2,0,341,24,367,451,,
2019,September,9,2019-09,BMP,Metropolitan Police,,,AL,0,2,3,2,0,13,0,1,12,8,52,0,0,127,0,127,220,,
2019,September,9,2019-09,SMP,Metropolitan Police,,,AL,1,0,0,3,0,28,2,1,1,13,81,3,0,56,3,62,192,,
2019,September,9,2019-09,RPMP,Metropolitan Police,,,AL,0,0,1,0,0,13,5,0,0,10,32,1,0,67,0,68,129,,
2019,September,9,2019-09,GMP,Metropolitan Police,,,AL,1,2,5,0,0,49,4,1,0,13,96,4,0,215,0,219,390,,
2019,September,9,2019-09,Dhaka Range,Police Range,,,AL,9,10,54,6,0,330,11,6,40,119,959,18,1,1471,10,1500,3044,,
2019,September,9,2019-09,Mymensingh Range,Police Range,,,AL,1,2,24,6,0,161,4,4,4,48,501,7,0,766,15,788,1543,,
2019,September,9,2019-09,Chittagong Range,Police Range,,,AL,11,9,58,8,0,290,14,7,44,90,825,78,2,1284,11,1375,2731,,
2019,September,9,2019-09,Sylhet Range,Police Range,,,AL,2,2,18,0,0,97,3,10,10,52,356,9,0,279,27,315,865,,
2019,September,9,2019-09,Khulna Range,Police Range,,,AL,2,5,25,4,0,203,4,3,25,64,612,15,0,877,41,933,1880,,
2019,September,9,2019-09,Barishal Range,Police Range,,,AL,4,2,10,0,0,148,2,3,15,16,428,5,0,340,2,347,975,,
2019,September,9,2019-09,Rajshahi Range,Police Range,,,AL,1,9,26,6,0,284,9,3,9,38,542,28,6,1543,123,1700,2627,,
2019,September,9,2019-09,Rangpur Range,Police Range,,,AL,1,3,22,1,0,285,5,2,12,67,752,4,0,706,71,781,1931,,
2019,September,9,2019-09,Railway Range,Railway Police,,,AL,0,0,2,0,0,1,0,0,0,5,12,0,0,41,16,57,77,,
2019,September,9,2019-09,Total,National Total,,,AL,38,75,268,50,0,2276,77,48,258,712,5943,250,10,10198,360,10818,20563,,
2019,October,10,2019-10,DMP,Metropolitan Police,,,AL,4,11,19,7,0,247,6,3,64,163,497,21,4,1192,8,1225,2246,,
2019,October,10,2019-10,CMP,Metropolitan Police,,,AL,0,9,8,11,0,97,3,0,11,15,122,53,2,432,3,490,766,,
2019,October,10,2019-10,KMP,Metropolitan Police,,,AL,0,0,1,1,0,10,0,0,3,6,28,0,2,108,1,111,160,,
2019,October,10,2019-10,RMP,Metropolitan Police,,,AL,0,4,1,0,1,26,3,1,5,4,44,4,0,301,16,321,410,,
2019,October,10,2019-10,BMP,Metropolitan Police,,,AL,1,1,3,1,0,7,0,1,12,10,39,2,0,107,0,109,184,,
2019,October,10,2019-10,SMP,Metropolitan Police,,,AL,0,0,1,9,0,25,0,0,5,12,62,3,1,51,5,60,174,,
2019,October,10,2019-10,RPMP,Metropolitan Police,,,AL,0,0,0,0,0,11,0,0,0,3,53,1,0,102,0,103,170,,
2019,October,10,2019-10,GMP,Metropolitan Police,,,AL,2,6,4,2,0,37,0,0,1,15,83,5,1,203,2,211,361,,
2019,October,10,2019-10,Dhaka Range,Police Range,,,AL,9,17,75,7,0,339,13,9,35,101,895,20,3,1326,7,1356,2856,,
2019,October,10,2019-10,Mymensingh Range,Police Range,,,AL,1,2,19,3,0,160,4,5,5,32,355,4,1,608,13,626,1212,,
2019,October,10,2019-10,Chittagong Range,Police Range,,,AL,12,13,59,10,0,274,8,6,31,97,897,69,2,1075,10,1156,2563,,
2019,October,10,2019-10,Sylhet Range,Police Range,,,AL,1,2,12,0,0,96,2,3,8,46,340,6,0,241,34,281,791,,
2019,October,10,2019-10,Khulna Range,Police Range,,,AL,3,5,21,4,0,175,0,2,22,54,564,13,3,805,42,863,1713,,
2019,October,10,2019-10,Barishal Range,Police Range,,,AL,2,3,13,0,0,141,4,1,16,15,417,5,2,310,0,317,929,,
2019,October,10,2019-10,Rajshahi Range,Police Range,,,AL,2,10,29,11,0,230,5,4,6,41,555,24,4,1414,135,1577,2470,,
2019,October,10,2019-10,Rangpur Range,Police Range,,,AL,1,5,21,2,0,226,0,3,17,63,610,2,0,579,104,685,1633,,
2019,October,10,2019-10,Railway Range,Railway Police,,,AL,0,2,2,1,0,0,0,0,0,9,6,0,1,34,17,52,72,,
2019,October,10,2019-10,Total,National Total,,,AL,38,90,288,69,1,2101,48,38,241,686,5567,232,26,8888,397,9543,18710,,
2019,November,11,2019-11,DMP,Metropolitan Police,,,AL,2,22,20,4,1,210,4,4,60,141,477,12,2,1355,15,1384,2329,,
2019,November,11,2019-11,CMP,Metropolitan Police,,,AL,0,5,5,9,0,94,0,2,8,20,109,51,1,421,4,477,729,,
2019,November,11,2019-11,KMP,Metropolitan Police,,,AL,0,0,1,0,0,9,0,0,4,1,23,3,0,111,1,115,153,,
2019,November,11,2019-11,RMP,Metropolitan Police,,,AL,0,1,4,0,0,14,1,0,1,7,38,2,0,325,19,346,412,,
2019,November,11,2019-11,BMP,Metropolitan Police,,,AL,0,0,3,0,0,21,1,0,8,7,33,2,0,88,0,90,163,,
2019,November,11,2019-11,SMP,Metropolitan Police,,,AL,0,2,3,6,0,23,1,1,1,16,62,4,0,63,9,76,191,,
2019,November,11,2019-11,RPMP,Metropolitan Police,,,AL,1,1,1,1,0,18,0,0,0,3,33,1,0,67,0,68,126,,
2019,November,11,2019-11,GMP,Metropolitan Police,,,AL,0,2,6,0,0,39,3,0,3,11,65,7,0,155,2,164,293,,
2019,November,11,2019-11,Dhaka Range,Police Range,,,AL,6,16,47,6,0,302,8,7,31,83,885,22,2,1245,10,1279,2670,,
2019,November,11,2019-11,Mymensingh Range,Police Range,,,AL,0,2,14,2,0,161,1,0,7,34,417,3,0,597,4,604,1242,,
2019,November,11,2019-11,Chittagong Range,Police Range,,,AL,7,14,51,9,0,267,6,8,25,82,810,47,1,1058,6,1112,2391,,
2019,November,11,2019-11,Sylhet Range,Police Range,,,AL,2,6,19,0,0,66,1,4,1,31,312,10,0,230,31,271,713,,
2019,November,11,2019-11,Khulna Range,Police Range,,,AL,1,7,28,2,0,169,0,1,19,62,596,21,4,743,26,794,1679,,
2019,November,11,2019-11,Barishal Range,Police Range,,,AL,1,1,7,1,0,111,3,0,14,19,377,3,0,284,0,287,821,,
2019,November,11,2019-11,Rajshahi Range,Police Range,,,AL,1,6,26,4,0,236,3,4,7,35,554,22,4,1362,137,1525,2401,,
2019,November,11,2019-11,Rangpur Range,Police Range,,,AL,1,6,22,2,0,183,0,7,8,42,677,3,0,533,81,617,1565,,
2019,November,11,2019-11,Railway Range,Railway Police,,,AL,0,4,1,0,0,0,0,0,0,5,9,1,0,33,15,49,68,,
2019,November,11,2019-11,Total,National Total,,,AL,22,95,258,46,1,1923,32,38,197,599,5477,214,14,8670,360,9258,17946,,
2019,December,12,2019-12,DMP,Metropolitan Police,,,AL,2,13,17,12,1,176,8,6,74,111,402,7,6,1395,7,1415,2237,,
2019,December,12,2019-12,CMP,Metropolitan Police,,,AL,0,6,6,7,0,60,1,0,16,12,112,54,2,373,3,432,652,,
2019,December,12,2019-12,KMP,Metropolitan Police,,,AL,0,0,0,1,0,11,0,1,2,5,26,0,1,98,1,100,146,,
2019,December,12,2019-12,RMP,Metropolitan Police,,,AL,0,0,2,0,0,15,2,1,2,7,33,1,0,272,23,296,358,,
2019,December,12,2019-12,BMP,Metropolitan Police,,,AL,0,1,1,0,0,9,0,0,4,6,36,1,0,93,0,94,151,,
2019,December,12,2019-12,SMP,Metropolitan Police,,,AL,0,0,4,4,0,17,1,1,2,18,64,1,1,50,8,60,171,,
2019,December,12,2019-12,RPMP,Metropolitan Police,,,AL,1,2,3,1,0,11,0,0,1,11,28,1,0,64,0,65,123,,
2019,December,12,2019-12,GMP,Metropolitan Police,,,AL,3,3,5,0,0,36,3,0,2,13,73,1,0,212,1,214,352,,
2019,December,12,2019-12,Dhaka Range,Police Range,,,AL,11,16,60,6,0,266,6,5,28,87,806,14,2,1111,10,1137,2428,,
2019,December,12,2019-12,Mymensingh Range,Police Range,,,AL,0,3,13,4,0,130,3,1,4,33,434,1,0,520,10,531,1156,,
2019,December,12,2019-12,Chittagong Range,Police Range,,,AL,4,7,50,8,0,220,4,5,35,73,766,58,2,984,18,1062,2234,,
2019,December,12,2019-12,Sylhet Range,Police Range,,,AL,2,4,16,4,0,60,1,2,3,39,337,5,0,222,20,247,715,,
2019,December,12,2019-12,Khulna Range,Police Range,,,AL,3,5,24,1,0,153,0,0,18,39,549,13,2,760,23,798,1590,,
2019,December,12,2019-12,Barishal Range,Police Range,,,AL,3,1,11,1,0,93,2,0,11,19,383,3,2,286,2,293,817,,
2019,December,12,2019-12,Rajshahi Range,Police Range,,,AL,2,4,21,4,0,204,2,2,5,43,508,15,4,1439,135,1593,2388,,
2019,December,12,2019-12,Rangpur Range,Police Range,,,AL,2,1,15,1,0,149,2,3,12,39,571,1,0,496,81,578,1373,,
2019,December,12,2019-12,Railway Range,Railway Police,,,AL,0,0,2,0,0,0,0,0,0,7,12,1,0,34,13,48,69,,
2019,December,12,2019-12,Total,National Total,,,AL,33,66,250,54,1,1610,35,27,219,562,5140,177,22,8409,355,8963,16960,,
2019,Annual (Jan-Dec),,2019-FY,DMP,Metropolitan Police,,,AL,21,155,208,97,2,2400,98,73,694,1517,5503,133,32,16880,121,17166,27934,,
2019,Annual (Jan-Dec),,2019-FY,CMP,Metropolitan Police,,,AL,2,84,85,67,0,704,14,35,120,198,1443,694,5,5231,41,5971,8723,,
2019,Annual (Jan-Dec),,2019-FY,KMP,Metropolitan Police,,,AL,2,4,18,6,0,138,0,2,33,62,357,13,4,1784,24,1825,2447,,
2019,Annual (Jan-Dec),,2019-FY,RMP,Metropolitan Police,,,AL,1,33,20,6,3,217,16,10,35,61,582,21,0,3838,283,4142,5126,,
2019,Annual (Jan-Dec),,2019-FY,BMP,Metropolitan Police,,,AL,2,11,25,8,0,160,2,2,70,76,504,11,0,1231,0,1242,2102,,
2019,Annual (Jan-Dec),,2019-FY,SMP,Metropolitan Police,,,AL,5,15,32,50,2,223,9,24,24,103,790,21,2,729,49,801,2078,,
2019,Annual (Jan-Dec),,2019-FY,RPMP,Metropolitan Police,,,AL,4,9,18,3,0,169,21,0,2,71,434,11,0,891,0,902,1633,,
2019,Annual (Jan-Dec),,2019-FY,GMP,Metropolitan Police,,,AL,11,38,65,6,0,372,25,11,18,152,994,73,2,2273,24,2372,4064,,
2019,Annual (Jan-Dec),,2019-FY,Dhaka Range,Police Range,,,AL,85,154,770,59,0,3432,157,102,363,1049,11545,176,27,18259,80,18542,36258,,
2019,Annual (Jan-Dec),,2019-FY,Mymensingh Range,Police Range,,,AL,8,21,251,29,0,1675,31,36,64,377,5301,56,3,6549,87,6695,14488,,
2019,Annual (Jan-Dec),,2019-FY,Chittagong Range,Police Range,,,AL,91,106,777,81,0,2860,89,98,390,867,10963,776,11,14296,104,15187,31509,,
2019,Annual (Jan-Dec),,2019-FY,Sylhet Range,Police Range,,,AL,30,38,214,15,0,981,21,57,71,471,4467,62,5,2715,262,3044,9409,,
2019,Annual (Jan-Dec),,2019-FY,Khulna Range,Police Range,,,AL,31,72,381,21,1,1943,26,24,192,552,7055,211,35,9485,386,10117,20415,,
2019,Annual (Jan-Dec),,2019-FY,Barishal Range,Police Range,,,AL,22,33,146,9,0,1577,22,16,178,219,5094,37,7,3968,8,4020,11336,,
2019,Annual (Jan-Dec),,2019-FY,Rajshahi Range,Police Range,,,AL,22,75,373,63,0,2474,48,33,77,458,6557,246,60,15549,1451,17306,27486,,
2019,Annual (Jan-Dec),,2019-FY,Rangpur Range,Police Range,,,AL,12,32,249,10,0,2432,18,32,108,571,8207,28,2,6972,1029,8031,19702,,
2019,Annual (Jan-Dec),,2019-FY,Railway Range,Railway Police,,,AL,1,16,21,1,0,7,1,0,0,76,140,3,1,542,165,711,974,,
2019,Annual (Jan-Dec),,2019-FY,Total,National Total,,,AL,350,896,3653,531,8,21764,598,555,2439,6880,69936,2572,196,111192,4114,118074,225684,,
2020,January,1,2020-01,DMP,Metropolitan Police,,,AL,2,19,21,5,2,172,4,3,65,138,469,13,3,1323,8,1347,2247,,
2020,January,1,2020-01,CMP,Metropolitan Police,,,AL,0,5,5,5,0,61,3,1,12,26,90,46,1,435,4,486,694,,
2020,January,1,2020-01,KMP,Metropolitan Police,,,AL,0,0,1,0,0,8,0,0,5,2,31,1,1,129,1,132,179,,
2020,January,1,2020-01,RMP,Metropolitan Police,,,AL,0,1,1,0,0,17,0,0,0,11,43,0,0,289,26,315,388,,
2020,January,1,2020-01,BMP,Metropolitan Police,,,AL,0,1,2,2,0,13,0,0,7,16,37,1,0,106,0,107,185,,
2020,January,1,2020-01,SMP,Metropolitan Police,,,AL,2,1,1,5,0,22,0,1,4,3,53,0,0,55,4,59,151,,
2020,January,1,2020-01,RPMP,Metropolitan Police,,,AL,0,0,2,0,0,22,0,0,0,8,38,1,0,63,0,64,134,,
2020,January,1,2020-01,GMP,Metropolitan Police,,,AL,0,4,4,0,0,33,1,0,0,11,91,2,0,192,0,194,338,,
2020,January,1,2020-01,Dhaka Range,Police Range,,,AL,16,18,41,10,0,253,5,5,39,95,760,13,1,1183,8,1205,2447,,
2020,January,1,2020-01,Mymensingh Range,Police Range,,,AL,0,1,9,7,0,138,2,6,4,40,409,5,0,795,6,806,1422,,
2020,January,1,2020-01,Chittagong Range,Police Range,,,AL,9,12,65,11,0,190,3,6,42,91,821,50,4,1162,7,1223,2473,,
2020,January,1,2020-01,Sylhet Range,Police Range,,,AL,2,2,20,1,0,65,4,2,5,45,348,2,0,195,17,214,708,,
2020,January,1,2020-01,Khulna Range,Police Range,,,AL,5,5,26,1,0,140,6,3,21,58,513,11,2,779,24,816,1594,,
2020,January,1,2020-01,Barishal Range,Police Range,,,AL,1,3,12,0,0,105,5,0,11,21,377,6,0,299,2,307,842,,
2020,January,1,2020-01,Rajshahi Range,Police Range,,,AL,1,8,32,4,0,219,4,1,9,52,534,16,2,1549,136,1703,2567,,
2020,January,1,2020-01,Rangpur Range,Police Range,,,AL,1,2,29,2,0,163,2,3,14,55,619,5,0,563,107,675,1565,,
2020,January,1,2020-01,Railway Range,Railway Police,,,AL,0,1,2,0,0,3,0,0,0,9,11,0,0,36,10,46,72,,
2020,January,1,2020-01,Total,National Total,,,AL,39,83,273,53,2,1624,39,31,238,681,5244,172,14,9153,360,9699,18006,,
2020,February,2,2020-02,DMP,Metropolitan Police,,,AL,1,15,21,10,1,194,1,4,74,113,467,12,1,1205,12,1230,2131,,
2020,February,2,2020-02,CMP,Metropolitan Police,,,AL,0,5,2,7,0,64,0,2,13,13,112,31,3,396,3,433,651,,
2020,February,2,2020-02,KMP,Metropolitan Police,,,AL,0,2,1,0,0,8,2,0,1,6,26,0,0,129,0,129,175,,
2020,February,2,2020-02,RMP,Metropolitan Police,,,AL,0,5,1,0,0,16,2,0,1,7,55,1,0,268,13,282,369,,
2020,February,2,2020-02,BMP,Metropolitan Police,,,AL,0,2,1,2,0,12,0,0,10,10,44,0,0,93,0,93,174,,
2020,February,2,2020-02,SMP,Metropolitan Police,,,AL,0,2,1,10,0,22,1,1,1,5,59,1,0,54,1,56,158,,
2020,February,2,2020-02,RPMP,Metropolitan Police,,,AL,0,1,2,1,0,15,0,1,0,6,40,0,0,72,0,72,138,,
2020,February,2,2020-02,GMP,Metropolitan Police,,,AL,0,2,3,1,0,48,3,1,2,14,90,6,0,165,1,172,336,,
2020,February,2,2020-02,Dhaka Range,Police Range,,,AL,4,14,54,8,0,263,11,4,24,74,806,15,1,1186,8,1210,2472,,
2020,February,2,2020-02,Mymensingh Range,Police Range,,,AL,1,1,16,5,0,129,1,4,7,35,434,3,0,508,7,518,1151,,
2020,February,2,2020-02,Chittagong Range,Police Range,,,AL,10,16,48,7,0,239,10,5,35,89,828,48,2,1077,14,1141,2428,,
2020,February,2,2020-02,Sylhet Range,Police Range,,,AL,3,3,19,0,0,67,1,2,4,30,306,6,0,220,26,252,687,,
2020,February,2,2020-02,Khulna Range,Police Range,,,AL,3,6,17,2,0,168,2,4,19,49,520,26,2,766,27,821,1611,,
2020,February,2,2020-02,Barishal Range,Police Range,,,AL,1,4,12,0,0,106,2,1,9,26,374,1,0,299,2,302,837,,
2020,February,2,2020-02,Rajshahi Range,Police Range,,,AL,3,7,36,2,0,204,1,4,7,43,552,20,3,1542,124,1689,2548,,
2020,February,2,2020-02,Rangpur Range,Police Range,,,AL,0,1,21,1,0,185,3,1,10,45,676,4,0,524,71,599,1542,,
2020,February,2,2020-02,Railway Range,Railway Police,,,AL,0,1,2,0,0,0,1,0,1,6,11,0,0,27,15,42,64,,
2020,February,2,2020-02,Total,National Total,,,AL,26,87,257,56,1,1740,41,34,218,571,5400,174,12,8531,324,9041,17472,,
2020,March,3,2020-03,DMP,Metropolitan Police,,,AL,3,13,17,13,0,187,7,6,49,110,502,15,0,1129,8,1152,2059,,
2020,March,3,2020-03,CMP,Metropolitan Police,,,AL,0,6,3,7,0,64,1,1,9,13,152,32,0,344,3,379,635,,
2020,March,3,2020-03,KMP,Metropolitan Police,,,AL,0,0,3,1,0,7,0,0,1,2,18,0,0,102,0,102,134,,
2020,March,3,2020-03,RMP,Metropolitan Police,,,AL,0,2,1,0,2,19,1,0,5,8,53,1,0,243,29,273,364,,
2020,March,3,2020-03,BMP,Metropolitan Police,,,AL,0,0,1,3,0,10,0,1,8,5,39,0,0,102,0,102,169,,
2020,March,3,2020-03,SMP,Metropolitan Police,,,AL,0,0,4,4,0,26,0,0,2,7,75,0,0,42,1,43,161,,
2020,March,3,2020-03,RPMP,Metropolitan Police,,,AL,0,0,2,1,0,24,0,0,0,11,42,0,0,87,0,87,167,,
2020,March,3,2020-03,GMP,Metropolitan Police,,,AL,3,3,5,1,0,42,4,3,3,13,107,2,0,125,0,127,311,,
2020,March,3,2020-03,Dhaka Range,Police Range,,,AL,3,18,49,9,0,265,10,4,25,80,911,5,1,1009,1,1016,2390,,
2020,March,3,2020-03,Mymensingh Range,Police Range,,,AL,1,2,21,3,0,122,0,4,4,31,457,4,0,436,10,450,1095,,
2020,March,3,2020-03,Chittagong Range,Police Range,,,AL,8,9,62,11,0,230,5,11,32,65,953,53,0,976,14,1043,2429,,
2020,March,3,2020-03,Sylhet Range,Police Range,,,AL,2,3,26,1,0,88,3,5,10,35,338,6,0,167,17,190,701,,
2020,March,3,2020-03,Khulna Range,Police Range,,,AL,4,12,32,3,0,195,4,1,17,57,651,23,1,616,23,663,1639,,
2020,March,3,2020-03,Barishal Range,Police Range,,,AL,1,4,7,5,0,110,2,1,13,21,476,0,0,327,1,328,968,,
2020,March,3,2020-03,Rajshahi Range,Police Range,,,AL,0,3,21,9,0,220,1,5,7,34,566,18,1,1441,94,1554,2420,,
2020,March,3,2020-03,Rangpur Range,Police Range,,,AL,1,1,22,1,0,194,1,1,9,62,644,2,0,457,65,524,1460,,
2020,March,3,2020-03,Railway Range,Railway Police,,,AL,0,2,3,0,0,0,0,0,1,6,11,0,0,20,5,25,48,,
2020,March,3,2020-03,Total,National Total,,,AL,26,78,279,72,2,1803,39,43,195,560,5995,161,3,7623,271,8058,17150,,
2020,April,4,2020-04,DMP,Metropolitan Police,,,AL,1,5,8,6,0,47,0,1,21,22,118,2,0,120,0,122,351,,
2020,April,4,2020-04,CMP,Metropolitan Police,,,AL,0,4,9,3,0,16,0,1,4,10,51,16,0,51,1,68,166,,
2020,April,4,2020-04,KMP,Metropolitan Police,,,AL,0,1,0,0,0,1,0,1,1,1,9,0,0,7,0,7,21,,
2020,April,4,2020-04,RMP,Metropolitan Police,,,AL,0,1,1,0,0,11,0,1,3,3,44,0,0,51,5,56,120,,
2020,April,4,2020-04,BMP,Metropolitan Police,,,AL,0,0,3,1,0,4,0,0,1,3,37,0,0,26,0,26,75,,
2020,April,4,2020-04,SMP,Metropolitan Police,,,AL,0,0,1,2,0,11,0,1,4,6,49,0,0,10,0,10,84,,
2020,April,4,2020-04,RPMP,Metropolitan Police,,,AL,0,1,1,0,0,6,0,0,0,3,35,0,0,10,0,10,56,,
2020,April,4,2020-04,GMP,Metropolitan Police,,,AL,0,1,3,1,0,11,0,0,2,7,68,1,0,22,1,24,117,,
2020,April,4,2020-04,Dhaka Range,Police Range,,,AL,5,7,51,4,0,128,2,11,11,40,786,8,2,190,3,203,1248,,
2020,April,4,2020-04,Mymensingh Range,Police Range,,,AL,0,1,25,1,0,58,2,4,1,27,666,1,0,38,2,41,826,,
2020,April,4,2020-04,Chittagong Range,Police Range,,,AL,2,5,55,7,0,108,1,9,17,37,936,24,1,321,0,346,1523,,
2020,April,4,2020-04,Sylhet Range,Police Range,,,AL,2,0,13,0,0,38,0,4,2,31,336,1,0,56,2,59,485,,
2020,April,4,2020-04,Khulna Range,Police Range,,,AL,0,2,29,3,0,127,1,3,9,41,633,10,0,242,7,259,1107,,
2020,April,4,2020-04,Barishal Range,Police Range,,,AL,0,0,16,4,0,95,1,3,11,8,537,0,2,68,0,70,745,,
2020,April,4,2020-04,Rajshahi Range,Police Range,,,AL,0,3,31,2,0,160,2,4,1,23,560,14,4,276,34,328,1114,,
2020,April,4,2020-04,Rangpur Range,Police Range,,,AL,0,1,27,3,0,104,1,2,5,29,706,0,0,151,28,179,1057,,
2020,April,4,2020-04,Railway Range,Railway Police,,,AL,0,0,0,0,0,0,0,0,0,2,1,0,0,0,0,0,3,,
2020,April,4,2020-04,Total,National Total,,,AL,10,32,273,37,0,925,10,45,93,293,5572,77,9,1639,83,1808,9098,,
2020,May,5,2020-05,DMP,Metropolitan Police,,,AL,2,8,13,6,0,68,1,3,31,43,172,8,0,161,2,171,518,,
2020,May,5,2020-05,CMP,Metropolitan Police,,,AL,0,3,6,3,0,23,0,0,11,20,102,12,0,51,2,65,233,,
2020,May,5,2020-05,KMP,Metropolitan Police,,,AL,0,0,0,0,0,12,1,0,0,2,21,0,0,5,0,5,41,,
2020,May,5,2020-05,RMP,Metropolitan Police,,,AL,0,1,2,0,0,17,0,0,4,2,51,2,0,60,7,69,146,,
2020,May,5,2020-05,BMP,Metropolitan Police,,,AL,0,0,2,2,0,4,0,0,2,5,34,1,0,8,0,9,58,,
2020,May,5,2020-05,SMP,Metropolitan Police,,,AL,0,0,2,3,0,16,0,1,2,6,86,1,0,27,2,30,146,,
2020,May,5,2020-05,RPMP,Metropolitan Police,,,AL,0,1,5,0,0,8,0,0,0,5,42,0,0,15,0,15,76,,
2020,May,5,2020-05,GMP,Metropolitan Police,,,AL,1,5,8,2,0,11,2,1,2,9,65,3,0,34,0,37,143,,
2020,May,5,2020-05,Dhaka Range,Police Range,,,AL,5,12,54,4,0,158,6,16,27,66,1030,4,3,331,0,338,1716,,
2020,May,5,2020-05,Mymensingh Range,Police Range,,,AL,0,0,26,3,0,104,3,0,4,28,735,2,0,108,3,113,1016,,
2020,May,5,2020-05,Chittagong Range,Police Range,,,AL,2,10,97,9,0,143,4,12,21,58,1172,51,1,613,2,667,2195,,
2020,May,5,2020-05,Sylhet Range,Police Range,,,AL,0,1,28,1,0,51,1,3,3,31,452,1,0,84,10,95,666,,
2020,May,5,2020-05,Khulna Range,Police Range,,,AL,1,2,36,2,0,131,0,2,8,45,672,9,1,294,5,309,1208,,
2020,May,5,2020-05,Barishal Range,Police Range,,,AL,0,2,12,1,0,106,1,2,9,10,514,2,0,117,2,121,778,,
2020,May,5,2020-05,Rajshahi Range,Police Range,,,AL,0,9,32,7,0,163,0,6,3,29,615,15,1,328,38,382,1246,,
2020,May,5,2020-05,Rangpur Range,Police Range,,,AL,0,5,38,1,0,152,0,4,9,37,819,1,0,224,30,255,1320,,
2020,May,5,2020-05,Railway Range,Railway Police,,,AL,0,0,0,0,0,1,0,0,0,1,3,0,0,1,1,2,7,,
2020,May,5,2020-05,Total,National Total,,,AL,11,59,361,44,0,1168,19,50,136,397,6585,112,6,2461,104,2683,11513,,
2020,June,6,2020-06,DMP,Metropolitan Police,,,AL,2,13,19,7,0,185,3,5,45,92,328,11,0,465,2,478,1177,,
2020,June,6,2020-06,CMP,Metropolitan Police,,,AL,1,5,8,10,0,33,0,2,3,7,104,23,0,133,1,157,330,,
2020,June,6,2020-06,KMP,Metropolitan Police,,,AL,0,2,3,0,0,5,0,0,0,4,8,0,0,51,0,51,73,,
2020,June,6,2020-06,RMP,Metropolitan Police,,,AL,0,4,0,2,0,15,0,0,1,6,40,0,0,54,6,60,128,,
2020,June,6,2020-06,BMP,Metropolitan Police,,,AL,0,3,2,0,0,12,0,0,4,10,28,0,0,18,0,18,77,,
2020,June,6,2020-06,SMP,Metropolitan Police,,,AL,0,0,6,5,0,20,0,1,0,8,45,1,0,25,2,28,113,,
2020,June,6,2020-06,RPMP,Metropolitan Police,,,AL,0,0,3,2,0,21,1,0,1,6,47,0,0,24,0,24,105,,
2020,June,6,2020-06,GMP,Metropolitan Police,,,AL,3,1,7,6,0,38,2,1,3,11,68,3,0,45,0,48,188,,
2020,June,6,2020-06,Dhaka Range,Police Range,,,AL,13,13,64,18,0,269,16,10,31,73,958,14,4,646,5,669,2134,,
2020,June,6,2020-06,Mymensingh Range,Police Range,,,AL,0,9,12,8,0,136,0,2,7,35,543,2,0,236,3,241,993,,
2020,June,6,2020-06,Chittagong Range,Police Range,,,AL,4,7,54,9,0,215,7,3,35,62,918,44,1,636,9,690,2004,,
2020,June,6,2020-06,Sylhet Range,Police Range,,,AL,0,1,19,0,0,66,2,3,5,31,325,1,0,142,14,157,609,,
2020,June,6,2020-06,Khulna Range,Police Range,,,AL,4,9,32,5,0,188,2,5,19,63,662,16,2,436,15,469,1458,,
2020,June,6,2020-06,Barishal Range,Police Range,,,AL,0,3,12,0,0,108,1,0,16,10,359,3,0,223,0,226,735,,
2020,June,6,2020-06,Rajshahi Range,Police Range,,,AL,0,4,33,7,0,230,3,0,5,41,556,18,2,650,74,744,1623,,
2020,June,6,2020-06,Rangpur Range,Police Range,,,AL,0,5,28,7,0,197,1,1,9,45,756,0,0,355,23,378,1427,,
2020,June,6,2020-06,Railway Range,Railway Police,,,AL,0,0,1,0,0,1,0,0,0,2,7,0,0,6,1,7,18,,
2020,June,6,2020-06,Total,National Total,,,AL,27,79,303,86,0,1739,38,33,184,506,5752,136,9,4145,155,4445,13192,,
2020,July,7,2020-07,DMP,Metropolitan Police,,,AL,1,22,27,10,0,216,2,6,55,122,509,16,2,1418,3,1439,2409,,
2020,July,7,2020-07,CMP,Metropolitan Police,,,AL,0,8,8,8,0,69,0,2,9,25,155,59,2,303,4,368,652,,
2020,July,7,2020-07,KMP,Metropolitan Police,,,AL,0,2,4,0,0,13,0,0,1,6,27,2,0,188,1,191,244,,
2020,July,7,2020-07,RMP,Metropolitan Police,,,AL,0,4,3,0,0,23,0,0,1,15,41,1,0,59,7,67,154,,
2020,July,7,2020-07,BMP,Metropolitan Police,,,AL,0,1,0,1,0,18,0,0,6,14,39,1,0,31,1,33,112,,
2020,July,7,2020-07,SMP,Metropolitan Police,,,AL,0,1,5,7,1,21,0,0,3,12,55,1,0,52,4,57,162,,
2020,July,7,2020-07,RPMP,Metropolitan Police,,,AL,0,0,2,2,0,24,5,0,0,11,57,0,0,33,0,33,134,,
2020,July,7,2020-07,GMP,Metropolitan Police,,,AL,2,1,5,2,0,38,2,1,3,8,83,4,0,136,0,140,285,,
2020,July,7,2020-07,Dhaka Range,Police Range,,,AL,7,18,70,15,0,268,13,12,31,104,928,10,2,1015,10,1037,2503,,
2020,July,7,2020-07,Mymensingh Range,Police Range,,,AL,1,4,13,8,0,143,1,1,6,56,451,3,0,452,7,462,1146,,
2020,July,7,2020-07,Chittagong Range,Police Range,,,AL,6,12,90,11,0,241,9,7,39,96,868,88,0,1303,11,1402,2781,,
2020,July,7,2020-07,Sylhet Range,Police Range,,,AL,1,0,23,2,0,75,0,1,5,50,307,5,0,329,32,366,830,,
2020,July,7,2020-07,Khulna Range,Police Range,,,AL,2,10,29,4,0,215,3,3,24,92,597,16,0,716,32,764,1743,,
2020,July,7,2020-07,Barishal Range,Police Range,,,AL,2,3,12,0,0,111,0,1,13,17,354,9,0,290,0,299,812,,
2020,July,7,2020-07,Rajshahi Range,Police Range,,,AL,0,3,40,8,0,220,0,5,5,63,503,23,7,1240,87,1357,2204,,
2020,July,7,2020-07,Rangpur Range,Police Range,,,AL,1,2,26,3,0,217,3,0,15,83,734,1,0,499,37,537,1621,,
2020,July,7,2020-07,Railway Range,Railway Police,,,AL,0,0,1,0,0,0,0,0,0,5,9,0,0,13,3,16,31,,
2020,July,7,2020-07,Total,National Total,,,AL,23,91,358,81,1,1912,38,39,216,779,5717,239,13,8077,239,8568,17823,,
2020,August,8,2020-08,DMP,Metropolitan Police,,,AL,1,13,20,10,0,222,4,2,65,89,443,8,1,978,5,992,1861,,
2020,August,8,2020-08,CMP,Metropolitan Police,,,AL,0,4,3,10,0,105,0,1,13,13,121,20,0,149,2,171,441,,
2020,August,8,2020-08,KMP,Metropolitan Police,,,AL,0,1,4,1,0,9,1,1,4,9,29,2,0,119,0,121,180,,
2020,August,8,2020-08,RMP,Metropolitan Police,,,AL,0,5,1,0,0,27,1,0,9,10,58,0,0,157,14,171,282,,
2020,August,8,2020-08,BMP,Metropolitan Police,,,AL,0,1,0,3,0,16,0,0,6,12,38,3,0,43,0,46,122,,
2020,August,8,2020-08,SMP,Metropolitan Police,,,AL,1,3,2,6,0,17,0,1,3,9,61,2,0,48,4,54,157,,
2020,August,8,2020-08,RPMP,Metropolitan Police,,,AL,0,1,0,3,0,26,6,0,0,15,68,0,0,37,0,37,156,,
2020,August,8,2020-08,GMP,Metropolitan Police,,,AL,1,1,6,3,0,57,5,0,5,16,89,2,0,118,0,120,303,,
2020,August,8,2020-08,Dhaka Range,Police Range,,,AL,12,17,76,11,1,318,11,4,32,59,1036,15,4,712,12,743,2320,,
2020,August,8,2020-08,Mymensingh Range,Police Range,,,AL,0,2,21,10,0,195,1,0,11,28,590,2,0,264,7,273,1131,,
2020,August,8,2020-08,Chittagong Range,Police Range,,,AL,6,10,58,10,0,233,9,5,53,85,1015,14,1,748,13,776,2260,,
2020,August,8,2020-08,Sylhet Range,Police Range,,,AL,2,3,22,2,0,88,0,3,7,42,410,3,0,210,32,245,824,,
2020,August,8,2020-08,Khulna Range,Police Range,,,AL,3,8,29,2,0,212,5,2,15,63,613,4,1,517,28,550,1502,,
2020,August,8,2020-08,Barishal Range,Police Range,,,AL,1,3,13,9,0,141,1,2,13,21,429,3,0,210,0,213,846,,
2020,August,8,2020-08,Rajshahi Range,Police Range,,,AL,1,9,33,7,0,342,3,3,9,44,584,12,4,938,94,1048,2083,,
2020,August,8,2020-08,Rangpur Range,Police Range,,,AL,0,3,33,4,0,304,2,0,13,68,901,0,0,314,33,347,1675,,
2020,August,8,2020-08,Railway Range,Railway Police,,,AL,0,0,1,0,0,1,0,0,0,1,4,0,0,13,2,15,22,,
2020,August,8,2020-08,Total,National Total,,,AL,28,84,322,91,1,2313,49,24,258,584,6489,90,11,5575,246,5922,16165,,
2020,September,9,2020-09,DMP,Metropolitan Police,,,AL,2,26,22,9,0,214,8,4,60,126,559,11,2,1438,6,1457,2487,,
2020,September,9,2020-09,CMP,Metropolitan Police,,,AL,0,10,5,9,0,73,0,3,16,25,168,39,1,220,2,262,571,,
2020,September,9,2020-09,KMP,Metropolitan Police,,,AL,0,3,0,2,0,6,2,0,1,13,30,0,0,155,1,156,213,,
2020,September,9,2020-09,RMP,Metropolitan Police,,,AL,0,2,2,1,0,24,1,0,5,5,51,2,0,271,15,288,379,,
2020,September,9,2020-09,BMP,Metropolitan Police,,,AL,0,0,4,1,0,14,1,0,3,10,44,1,0,49,0,50,127,,
2020,September,9,2020-09,SMP,Metropolitan Police,,,AL,0,0,1,4,0,28,2,1,5,12,58,1,0,42,10,53,164,,
2020,September,9,2020-09,RPMP,Metropolitan Police,,,AL,0,1,2,1,0,15,0,0,3,9,44,1,0,54,0,55,130,,
2020,September,9,2020-09,GMP,Metropolitan Police,,,AL,1,3,5,3,0,58,4,0,7,15,73,1,1,93,3,98,267,,
2020,September,9,2020-09,Dhaka Range,Police Range,,,AL,13,17,65,14,0,370,14,4,33,112,968,17,2,747,2,768,2378,,
2020,September,9,2020-09,Mymensingh Range,Police Range,,,AL,2,3,18,15,0,202,1,0,6,41,457,3,0,220,5,228,973,,
2020,September,9,2020-09,Chittagong Range,Police Range,,,AL,6,18,54,8,0,260,5,3,55,105,914,16,2,765,8,791,2219,,
2020,September,9,2020-09,Sylhet Range,Police Range,,,AL,1,1,10,0,0,107,3,1,6,39,386,1,0,193,24,218,772,,
2020,September,9,2020-09,Khulna Range,Police Range,,,AL,1,7,25,1,0,187,2,1,24,88,626,17,5,535,26,583,1545,,
2020,September,9,2020-09,Barishal Range,Police Range,,,AL,2,6,11,7,0,145,3,1,15,22,382,4,0,224,0,228,822,,
2020,September,9,2020-09,Rajshahi Range,Police Range,,,AL,0,6,29,8,0,348,2,4,12,58,577,11,3,969,101,1084,2128,,
2020,September,9,2020-09,Rangpur Range,Police Range,,,AL,0,1,25,1,0,287,5,1,13,67,651,3,0,361,28,392,1443,,
2020,September,9,2020-09,Railway Range,Railway Police,,,AL,0,1,1,0,0,1,1,0,0,5,5,0,0,18,0,18,32,,
2020,September,9,2020-09,Total,National Total,,,AL,28,105,279,84,0,2339,54,23,264,752,5993,128,16,6354,231,6729,16650,,
2020,October,10,2020-10,DMP,Metropolitan Police,,,AL,0,18,22,12,0,297,3,12,61,125,544,15,4,1429,4,1452,2546,,
2020,October,10,2020-10,CMP,Metropolitan Police,,,AL,0,19,12,19,0,115,4,1,12,21,155,46,1,293,3,343,701,,
2020,October,10,2020-10,KMP,Metropolitan Police,,,AL,0,1,0,1,0,18,0,1,2,12,29,0,0,97,0,97,161,,
2020,October,10,2020-10,RMP,Metropolitan Police,,,AL,0,1,0,0,0,32,3,0,4,5,47,2,0,301,40,343,435,,
2020,October,10,2020-10,BMP,Metropolitan Police,,,AL,0,2,1,2,0,21,0,0,6,8,48,0,0,70,0,70,158,,
2020,October,10,2020-10,SMP,Metropolitan Police,,,AL,0,0,1,3,0,29,1,1,3,13,73,1,0,36,13,50,174,,
2020,October,10,2020-10,RPMP,Metropolitan Police,,,AL,0,0,1,1,0,30,0,0,0,14,53,0,0,74,0,74,173,,
2020,October,10,2020-10,GMP,Metropolitan Police,,,AL,1,5,7,2,0,55,1,0,1,8,75,2,0,72,1,75,230,,
2020,October,10,2020-10,Dhaka Range,Police Range,,,AL,12,23,63,17,0,470,13,10,45,107,991,16,2,683,6,707,2458,,
2020,October,10,2020-10,Mymensingh Range,Police Range,,,AL,0,4,21,6,0,265,3,4,10,53,454,1,0,270,14,285,1105,,
2020,October,10,2020-10,Chittagong Range,Police Range,,,AL,13,20,59,7,0,481,17,10,47,110,1035,38,3,810,15,866,2665,,
2020,October,10,2020-10,Sylhet Range,Police Range,,,AL,0,3,21,2,0,127,1,3,7,52,350,1,0,169,42,212,778,,
2020,October,10,2020-10,Khulna Range,Police Range,,,AL,0,8,31,6,0,242,1,1,24,79,675,13,0,527,28,568,1635,,
2020,October,10,2020-10,Barishal Range,Police Range,,,AL,2,2,10,17,0,178,3,4,14,18,395,2,1,225,1,229,872,,
2020,October,10,2020-10,Rajshahi Range,Police Range,,,AL,3,8,36,5,0,324,3,2,13,46,574,17,2,1068,114,1201,2215,,
2020,October,10,2020-10,Rangpur Range,Police Range,,,AL,0,4,17,3,0,297,1,3,13,66,691,0,0,345,25,370,1465,,
2020,October,10,2020-10,Railway Range,Railway Police,,,AL,1,2,2,0,0,1,1,0,0,8,8,1,0,16,2,19,42,,
2020,October,10,2020-10,Total,National Total,,,AL,32,120,304,103,0,2982,55,52,262,745,6197,155,13,6485,308,6961,17813,,
2020,November,11,2020-11,DMP,Metropolitan Police,,,AL,2,10,18,9,0,225,4,7,72,123,535,6,8,1450,11,1475,2480,,
2020,November,11,2020-11,CMP,Metropolitan Police,,,AL,1,7,8,16,0,96,3,2,13,23,154,49,0,256,5,310,633,,
2020,November,11,2020-11,KMP,Metropolitan Police,,,AL,0,1,1,0,0,15,0,1,2,7,37,0,0,148,0,148,212,,
2020,November,11,2020-11,RMP,Metropolitan Police,,,AL,0,1,4,1,0,26,1,0,3,7,56,0,0,377,33,410,509,,
2020,November,11,2020-11,BMP,Metropolitan Police,,,AL,0,2,2,2,0,19,0,0,5,12,33,0,0,70,0,70,145,,
2020,November,11,2020-11,SMP,Metropolitan Police,,,AL,0,0,4,9,0,37,0,1,3,11,101,3,1,61,10,75,241,,
2020,November,11,2020-11,RPMP,Metropolitan Police,,,AL,0,0,2,1,0,18,0,1,4,8,48,0,0,54,0,54,136,,
2020,November,11,2020-11,GMP,Metropolitan Police,,,AL,1,2,3,1,0,41,6,0,4,8,93,0,0,76,0,76,235,,
2020,November,11,2020-11,Dhaka Range,Police Range,,,AL,13,19,63,16,0,358,12,9,34,100,1140,16,2,827,5,850,2614,,
2020,November,11,2020-11,Mymensingh Range,Police Range,,,AL,0,0,16,9,0,183,1,3,7,43,507,1,0,283,11,295,1064,,
2020,November,11,2020-11,Chittagong Range,Police Range,,,AL,10,13,47,4,4,297,12,1,30,112,976,28,3,815,12,858,2364,,
2020,November,11,2020-11,Sylhet Range,Police Range,,,AL,0,6,18,4,0,84,0,4,8,34,365,4,1,167,19,191,714,,
2020,November,11,2020-11,Khulna Range,Police Range,,,AL,1,6,24,8,0,193,3,1,17,75,601,15,1,542,25,583,1512,,
2020,November,11,2020-11,Barishal Range,Police Range,,,AL,1,1,13,1,0,135,1,1,13,22,419,0,0,261,0,261,868,,
2020,November,11,2020-11,Rajshahi Range,Police Range,,,AL,0,7,27,3,0,235,3,6,8,39,585,11,3,971,76,1061,1974,,
2020,November,11,2020-11,Rangpur Range,Police Range,,,AL,0,2,21,2,0,239,1,3,16,46,717,0,0,395,17,412,1459,,
2020,November,11,2020-11,Railway Range,Railway Police,,,AL,0,2,0,0,0,1,0,0,0,5,16,1,0,34,0,35,59,,
2020,November,11,2020-11,Total,National Total,,,AL,29,79,271,86,4,2202,47,40,239,675,6383,134,19,6787,224,7164,17219,,
2020,December,12,2020-12,DMP,Metropolitan Police,,,AL,4,14,11,8,0,171,7,1,60,114,486,7,10,1503,11,1531,2407,,
2020,December,12,2020-12,CMP,Metropolitan Police,,,AL,0,5,8,10,0,78,2,2,8,20,137,37,1,268,5,311,581,,
2020,December,12,2020-12,KMP,Metropolitan Police,,,AL,0,2,0,0,0,10,1,0,3,6,33,0,0,75,1,76,131,,
2020,December,12,2020-12,RMP,Metropolitan Police,,,AL,0,2,0,1,0,14,2,2,2,3,45,2,0,311,18,331,402,,
2020,December,12,2020-12,BMP,Metropolitan Police,,,AL,0,1,2,1,0,18,0,0,9,10,28,2,0,64,0,66,135,,
2020,December,12,2020-12,SMP,Metropolitan Police,,,AL,1,0,3,4,0,20,0,2,2,18,104,3,1,87,4,95,249,,
2020,December,12,2020-12,RPMP,Metropolitan Police,,,AL,0,0,1,0,0,20,0,0,3,8,42,1,0,58,0,59,133,,
2020,December,12,2020-12,GMP,Metropolitan Police,,,AL,1,1,10,1,0,24,13,2,8,7,65,1,0,110,1,112,244,,
2020,December,12,2020-12,Dhaka Range,Police Range,,,AL,6,22,54,19,0,278,11,8,51,91,938,5,2,683,7,697,2175,,
2020,December,12,2020-12,Mymensingh Range,Police Range,,,AL,0,1,17,6,0,186,1,1,10,42,457,6,0,293,5,304,1025,,
2020,December,12,2020-12,Chittagong Range,Police Range,,,AL,7,12,38,14,2,251,11,6,40,110,936,20,3,884,12,919,2346,,
2020,December,12,2020-12,Sylhet Range,Police Range,,,AL,1,4,14,3,0,70,1,3,5,37,359,6,1,186,20,213,710,,
2020,December,12,2020-12,Khulna Range,Police Range,,,AL,1,8,24,4,0,137,5,0,15,63,571,8,2,526,20,556,1384,,
2020,December,12,2020-12,Barishal Range,Police Range,,,AL,0,2,13,1,0,92,0,2,6,20,387,2,1,229,0,232,755,,
2020,December,12,2020-12,Rajshahi Range,Police Range,,,AL,1,4,38,3,0,196,2,5,4,43,491,10,0,766,89,865,1652,,
2020,December,12,2020-12,Rangpur Range,Police Range,,,AL,1,3,24,3,0,204,1,0,4,57,683,2,0,448,28,478,1458,,
2020,December,12,2020-12,Railway Range,Railway Police,,,AL,0,0,2,0,0,1,0,1,0,8,7,0,0,18,1,19,38,,
2020,December,12,2020-12,Total,National Total,,,AL,23,81,259,78,2,1770,57,35,230,657,5769,112,21,6509,222,6864,15825,,
2020,Annual (Jan-Dec),,2020-FY,DMP,Metropolitan Police,,,AL,21,176,219,105,3,2198,44,54,658,1217,5132,124,31,12619,72,12846,22673,,
2020,Annual (Jan-Dec),,2020-FY,CMP,Metropolitan Police,,,AL,2,81,77,107,0,797,13,18,123,216,1501,410,9,2899,35,3353,6288,,
2020,Annual (Jan-Dec),,2020-FY,KMP,Metropolitan Police,,,AL,0,15,17,5,0,112,7,4,21,70,298,5,1,1205,4,1215,1764,,
2020,Annual (Jan-Dec),,2020-FY,RMP,Metropolitan Police,,,AL,0,29,16,5,2,241,11,3,38,82,584,11,0,2441,213,2665,3676,,
2020,Annual (Jan-Dec),,2020-FY,BMP,Metropolitan Police,,,AL,0,13,20,20,0,161,1,1,67,115,449,9,0,680,1,690,1537,,
2020,Annual (Jan-Dec),,2020-FY,SMP,Metropolitan Police,,,AL,4,7,31,62,1,269,4,11,32,110,819,14,2,539,55,610,1960,,
2020,Annual (Jan-Dec),,2020-FY,RPMP,Metropolitan Police,,,AL,0,5,23,12,0,229,12,2,11,104,556,3,0,581,0,584,1538,,
2020,Annual (Jan-Dec),,2020-FY,GMP,Metropolitan Police,,,AL,14,29,66,23,0,456,43,9,40,127,967,27,1,1188,7,1223,2997,,
2020,Annual (Jan-Dec),,2020-FY,Dhaka Range,Police Range,,,AL,109,198,704,145,1,3398,124,97,383,1001,11252,138,26,9212,67,9443,26855,,
2020,Annual (Jan-Dec),,2020-FY,Mymensingh Range,Police Range,,,AL,5,28,215,81,0,1861,16,29,77,459,6160,33,0,3903,80,4016,12947,,
2020,Annual (Jan-Dec),,2020-FY,Chittagong Range,Police Range,,,AL,83,144,727,108,6,2888,93,78,446,1020,11372,474,21,10110,117,10722,27687,,
2020,Annual (Jan-Dec),,2020-FY,Sylhet Range,Police Range,,,AL,14,27,233,16,0,926,16,34,67,457,4282,37,2,2118,255,2412,8484,,
2020,Annual (Jan-Dec),,2020-FY,Khulna Range,Police Range,,,AL,25,83,334,41,0,2135,34,26,212,773,7334,168,17,6496,260,6941,17938,,
2020,Annual (Jan-Dec),,2020-FY,Barishal Range,Police Range,,,AL,11,33,143,45,0,1432,20,18,143,216,5003,32,4,2772,8,2816,9880,,
2020,Annual (Jan-Dec),,2020-FY,Rajshahi Range,Police Range,,,AL,9,71,388,65,0,2861,24,45,83,515,6697,185,32,11738,1061,13016,23774,,
2020,Annual (Jan-Dec),,2020-FY,Rangpur Range,Police Range,,,AL,4,30,311,31,0,2543,21,19,130,660,8597,18,0,4636,492,5146,17492,,
2020,Annual (Jan-Dec),,2020-FY,Railway Range,Railway Police,,,AL,1,9,15,0,0,10,3,1,2,58,93,2,0,202,40,244,436,,
2020,Annual (Jan-Dec),,2020-FY,Total,National Total,,,AL,302,978,3539,871,13,22517,486,449,2533,7200,71096,1690,146,73339,2767,77942,187926,,
2021,January,1,2021-01,DMP,Metropolitan Police,,,AL,3,15,18,12,0,185,7,7,68,128,504,5,4,1532,17,1558,2505,,
2021,January,1,2021-01,CMP,Metropolitan Police,,,AL,0,3,9,11,0,77,0,7,8,17,150,35,11,240,4,290,572,,
2021,January,1,2021-01,KMP,Metropolitan Police,,,AL,0,1,2,0,0,8,3,1,2,18,24,3,0,79,3,85,144,,
2021,January,1,2021-01,RMP,Metropolitan Police,,,AL,0,2,2,0,0,18,1,1,2,5,39,1,0,329,26,356,426,,
2021,January,1,2021-01,BMP,Metropolitan Police,,,AL,0,1,2,1,0,5,0,0,7,12,50,1,0,48,0,49,127,,
2021,January,1,2021-01,SMP,Metropolitan Police,,,AL,0,2,2,5,0,23,1,1,3,15,89,0,0,87,8,95,236,,
2021,January,1,2021-01,RPMP,Metropolitan Police,,,AL,0,0,0,9,0,21,1,0,3,12,50,0,0,68,0,68,164,,
2021,January,1,2021-01,GMP,Metropolitan Police,,,AL,1,6,2,3,0,28,5,1,7,8,57,5,0,100,0,105,223,,
2021,January,1,2021-01,Dhaka Range,Police Range,,,AL,12,19,51,7,0,279,10,6,45,132,1011,10,5,643,6,664,2236,,
2021,January,1,2021-01,Mymensingh Range,Police Range,,,AL,0,1,7,15,0,142,2,0,9,39,458,2,0,392,14,408,1081,,
2021,January,1,2021-01,Chittagong Range,Police Range,,,AL,9,9,46,10,0,189,9,10,34,94,919,23,6,920,5,954,2283,,
2021,January,1,2021-01,Sylhet Range,Police Range,,,AL,1,3,16,6,0,81,1,3,5,44,357,1,2,150,33,186,703,,
2021,January,1,2021-01,Khulna Range,Police Range,,,AL,2,12,19,2,0,157,0,2,16,65,674,9,2,559,20,590,1539,,
2021,January,1,2021-01,Barishal Range,Police Range,,,AL,1,1,13,8,0,85,1,3,10,17,378,1,0,234,0,235,752,,
2021,January,1,2021-01,Rajshahi Range,Police Range,,,AL,1,7,42,2,0,182,2,4,5,39,496,17,7,818,63,905,1685,,
2021,January,1,2021-01,Rangpur Range,Police Range,,,AL,3,4,25,0,0,159,2,1,8,46,680,1,0,416,39,456,1384,,
2021,January,1,2021-01,Railway Range,Railway Police,,,AL,0,1,1,1,0,2,0,0,0,3,9,0,0,24,0,24,41,,
2021,January,1,2021-01,Total,National Total,,,AL,33,87,257,92,0,1641,45,47,232,694,5945,114,37,6639,238,7028,16101,,
2021,February,2,2021-02,DMP,Metropolitan Police,,,AL,0,8,12,5,0,171,4,11,55,101,459,7,3,1224,15,1249,2075,,
2021,February,2,2021-02,CMP,Metropolitan Police,,,AL,0,4,3,12,0,55,3,5,12,26,144,46,2,270,2,320,584,,
2021,February,2,2021-02,KMP,Metropolitan Police,,,AL,0,0,1,0,0,8,0,1,2,8,41,1,0,92,0,93,154,,
2021,February,2,2021-02,RMP,Metropolitan Police,,,AL,0,3,1,0,0,18,4,2,0,7,49,0,0,221,18,239,323,,
2021,February,2,2021-02,BMP,Metropolitan Police,,,AL,0,1,2,0,0,5,0,0,3,5,41,0,0,50,0,50,107,,
2021,February,2,2021-02,SMP,Metropolitan Police,,,AL,0,0,4,13,0,33,0,5,3,13,85,1,0,75,4,80,236,,
2021,February,2,2021-02,RPMP,Metropolitan Police,,,AL,0,0,1,1,0,17,1,0,0,9,37,0,0,65,0,65,131,,
2021,February,2,2021-02,GMP,Metropolitan Police,,,AL,3,3,8,3,0,32,4,0,4,16,66,2,1,72,0,75,214,,
2021,February,2,2021-02,Dhaka Range,Police Range,,,AL,14,17,54,10,0,277,8,6,37,116,918,14,2,846,3,865,2322,,
2021,February,2,2021-02,Mymensingh Range,Police Range,,,AL,0,3,20,12,0,130,2,0,5,38,470,0,3,269,15,287,967,,
2021,February,2,2021-02,Chittagong Range,Police Range,,,AL,4,11,43,8,0,198,8,7,33,91,908,33,7,891,11,942,2253,,
2021,February,2,2021-02,Sylhet Range,Police Range,,,AL,0,5,15,5,0,75,1,5,5,54,297,6,0,223,29,258,720,,
2021,February,2,2021-02,Khulna Range,Police Range,,,AL,2,4,27,1,1,151,4,3,21,91,604,14,0,632,15,661,1570,,
2021,February,2,2021-02,Barishal Range,Police Range,,,AL,2,1,9,10,0,110,0,1,12,23,372,0,1,197,0,198,738,,
2021,February,2,2021-02,Rajshahi Range,Police Range,,,AL,1,6,30,5,0,158,1,2,6,39,566,21,6,802,66,895,1709,,
2021,February,2,2021-02,Rangpur Range,Police Range,,,AL,0,1,18,4,0,158,2,2,18,41,662,2,3,457,19,481,1387,,
2021,February,2,2021-02,Railway Range,Railway Police,,,AL,0,0,1,1,0,1,0,0,1,7,8,0,0,36,0,36,55,,
2021,February,2,2021-02,Total,National Total,,,AL,26,67,249,90,1,1597,42,50,217,685,5727,147,28,6422,197,6794,15545,,
2021,March,3,2021-03,DMP,Metropolitan Police,,,AL,3,8,7,6,1,223,8,14,50,115,531,8,5,1303,8,1324,2290,,
2021,March,3,2021-03,CMP,Metropolitan Police,,,AL,1,6,8,17,0,77,4,3,15,22,143,54,3,334,1,392,688,,
2021,March,3,2021-03,KMP,Metropolitan Police,,,AL,0,0,1,0,0,9,0,2,1,10,35,2,0,117,0,119,177,,
2021,March,3,2021-03,RMP,Metropolitan Police,,,AL,0,2,1,0,0,19,0,1,1,5,53,0,0,292,19,311,393,,
2021,March,3,2021-03,BMP,Metropolitan Police,,,AL,0,1,2,3,0,8,0,0,5,5,30,1,0,71,0,72,126,,
2021,March,3,2021-03,SMP,Metropolitan Police,,,AL,0,1,2,7,0,20,0,1,4,12,83,3,0,61,5,69,199,,
2021,March,3,2021-03,RPMP,Metropolitan Police,,,AL,0,0,0,4,0,11,0,0,7,16,41,0,0,72,2,74,153,,
2021,March,3,2021-03,GMP,Metropolitan Police,,,AL,0,3,4,4,0,47,2,4,5,11,76,5,0,123,0,128,284,,
2021,March,3,2021-03,Dhaka Range,Police Range,,,AL,7,28,90,13,0,332,6,17,46,107,1100,9,2,799,3,813,2559,,
2021,March,3,2021-03,Mymensingh Range,Police Range,,,AL,1,1,15,17,0,189,3,0,9,44,502,4,0,488,18,510,1291,,
2021,March,3,2021-03,Chittagong Range,Police Range,,,AL,7,12,54,17,0,259,9,21,24,98,1070,34,5,1118,13,1170,2741,,
2021,March,3,2021-03,Sylhet Range,Police Range,,,AL,0,1,21,2,0,71,3,7,5,40,368,2,0,174,26,202,720,,
2021,March,3,2021-03,Khulna Range,Police Range,,,AL,3,11,24,5,0,196,3,0,23,89,688,18,0,848,33,899,1941,,
2021,March,3,2021-03,Barishal Range,Police Range,,,AL,1,1,8,7,0,108,1,1,11,24,407,2,1,307,0,310,879,,
2021,March,3,2021-03,Rajshahi Range,Police Range,,,AL,0,7,34,4,0,210,4,6,7,48,606,13,1,992,57,1063,1989,,
2021,March,3,2021-03,Rangpur Range,Police Range,,,AL,0,3,24,4,0,221,2,2,12,69,698,1,1,503,32,537,1572,,
2021,March,3,2021-03,Railway Range,Railway Police,,,AL,0,0,0,0,0,0,0,0,0,7,8,0,0,34,1,35,50,,
2021,March,3,2021-03,Total,National Total,,,AL,23,85,295,110,1,2000,45,79,225,722,6439,156,18,7636,218,8028,18052,,
2021,April,4,2021-04,DMP,Metropolitan Police,,,AL,1,13,18,3,3,177,2,8,50,95,454,8,2,947,8,965,1789,,
2021,April,4,2021-04,CMP,Metropolitan Police,,,AL,0,4,9,14,0,51,2,2,11,22,174,68,0,181,1,250,539,,
2021,April,4,2021-04,KMP,Metropolitan Police,,,AL,0,0,1,0,0,6,0,0,5,11,32,0,0,97,0,97,152,,
2021,April,4,2021-04,RMP,Metropolitan Police,,,AL,0,3,5,0,0,18,0,0,1,4,55,1,0,128,12,141,227,,
2021,April,4,2021-04,BMP,Metropolitan Police,,,AL,0,2,0,0,0,13,0,0,2,12,35,1,0,76,0,77,141,,
2021,April,4,2021-04,SMP,Metropolitan Police,,,AL,0,0,2,3,0,26,0,1,3,16,110,3,0,72,7,82,243,,
2021,April,4,2021-04,RPMP,Metropolitan Police,,,AL,0,0,2,2,0,31,1,1,1,12,67,0,0,29,0,29,146,,
2021,April,4,2021-04,GMP,Metropolitan Police,,,AL,0,2,4,2,0,53,2,2,6,11,68,2,0,62,1,65,215,,
2021,April,4,2021-04,Dhaka Range,Police Range,,,AL,6,23,65,13,5,301,7,9,26,118,1263,13,7,592,3,615,2451,,
2021,April,4,2021-04,Mymensingh Range,Police Range,,,AL,0,0,17,12,0,168,4,3,6,36,635,2,0,292,6,300,1181,,
2021,April,4,2021-04,Chittagong Range,Police Range,,,AL,2,6,56,11,0,209,6,12,19,67,1214,30,2,845,13,890,2492,,
2021,April,4,2021-04,Sylhet Range,Police Range,,,AL,2,4,22,2,0,72,3,2,8,33,394,2,0,151,25,178,720,,
2021,April,4,2021-04,Khulna Range,Police Range,,,AL,1,10,25,3,0,200,5,5,13,66,792,6,4,489,13,512,1632,,
2021,April,4,2021-04,Barishal Range,Police Range,,,AL,1,4,14,3,0,119,0,1,12,20,528,6,1,188,1,196,898,,
2021,April,4,2021-04,Rajshahi Range,Police Range,,,AL,1,5,34,4,0,213,2,3,3,43,665,14,1,889,61,965,1938,,
2021,April,4,2021-04,Rangpur Range,Police Range,,,AL,1,4,28,3,0,198,2,2,10,51,853,2,0,349,15,366,1518,,
2021,April,4,2021-04,Railway Range,Railway Police,,,AL,0,0,0,0,0,0,0,0,0,4,6,0,0,10,0,10,20,,
2021,April,4,2021-04,Total,National Total,,,AL,15,80,302,75,8,1855,36,51,176,621,7345,158,17,5397,166,5738,16302,,
2021,May,5,2021-05,DMP,Metropolitan Police,,,AL,4,17,19,11,0,172,1,5,52,116,488,17,5,1064,12,1098,1983,,
2021,May,5,2021-05,CMP,Metropolitan Police,,,AL,1,4,2,18,0,54,5,1,17,21,193,47,0,209,0,256,572,,
2021,May,5,2021-05,KMP,Metropolitan Police,,,AL,0,2,3,0,0,13,0,0,1,8,33,0,0,94,0,94,154,,
2021,May,5,2021-05,RMP,Metropolitan Police,,,AL,0,1,1,0,0,16,0,0,4,7,53,2,0,174,11,187,269,,
2021,May,5,2021-05,BMP,Metropolitan Police,,,AL,1,0,0,2,0,12,1,0,6,6,35,3,0,70,0,73,136,,
2021,May,5,2021-05,SMP,Metropolitan Police,,,AL,0,0,5,6,0,22,1,1,2,11,97,3,0,81,5,89,234,,
2021,May,5,2021-05,RPMP,Metropolitan Police,,,AL,0,0,1,5,0,16,0,0,8,8,64,0,0,42,0,42,144,,
2021,May,5,2021-05,GMP,Metropolitan Police,,,AL,0,3,6,2,0,37,3,3,2,15,66,1,0,70,0,71,208,,
2021,May,5,2021-05,Dhaka Range,Police Range,,,AL,8,19,54,13,0,304,12,8,30,98,1182,21,5,683,3,712,2440,,
2021,May,5,2021-05,Mymensingh Range,Police Range,,,AL,0,2,19,17,0,191,0,2,2,51,704,2,0,270,12,284,1272,,
2021,May,5,2021-05,Chittagong Range,Police Range,,,AL,3,14,54,22,0,250,6,11,36,91,1314,35,1,1021,8,1065,2866,,
2021,May,5,2021-05,Sylhet Range,Police Range,,,AL,2,5,26,0,0,84,1,3,5,27,440,2,0,156,15,173,766,,
2021,May,5,2021-05,Khulna Range,Police Range,,,AL,1,5,32,5,0,177,2,1,10,63,762,7,2,571,12,592,1650,,
2021,May,5,2021-05,Barishal Range,Police Range,,,AL,1,4,17,7,0,85,0,0,15,25,537,2,3,235,0,240,931,,
2021,May,5,2021-05,Rajshahi Range,Police Range,,,AL,1,5,33,8,0,187,3,6,8,55,675,17,1,852,47,917,1898,,
2021,May,5,2021-05,Rangpur Range,Police Range,,,AL,1,2,22,0,0,229,4,3,5,56,846,2,0,436,30,468,1636,,
2021,May,5,2021-05,Railway Range,Railway Police,,,AL,0,0,1,0,0,0,0,0,0,4,3,0,0,5,0,5,13,,
2021,May,5,2021-05,Total,National Total,,,AL,23,83,295,116,0,1849,39,44,203,662,7492,161,17,6033,155,6366,17172,,
2021,June,6,2021-06,DMP,Metropolitan Police,,,AL,4,15,10,13,0,213,3,4,58,105,570,8,3,1373,9,1393,2388,,
2021,June,6,2021-06,CMP,Metropolitan Police,,,AL,0,6,4,13,0,87,3,3,15,25,187,52,0,254,7,313,656,,
2021,June,6,2021-06,KMP,Metropolitan Police,,,AL,0,1,0,0,0,18,0,1,1,11,38,1,0,97,2,100,170,,
2021,June,6,2021-06,RMP,Metropolitan Police,,,AL,0,1,5,1,1,13,0,0,2,3,40,2,0,134,7,143,209,,
2021,June,6,2021-06,BMP,Metropolitan Police,,,AL,0,1,0,2,0,12,1,0,4,14,30,2,0,90,0,92,156,,
2021,June,6,2021-06,SMP,Metropolitan Police,,,AL,0,2,3,6,0,30,0,1,6,19,81,0,0,69,5,74,222,,
2021,June,6,2021-06,RPMP,Metropolitan Police,,,AL,0,0,2,2,0,22,1,0,2,10,51,1,0,65,0,66,156,,
2021,June,6,2021-06,GMP,Metropolitan Police,,,AL,1,1,3,3,0,41,1,0,2,12,60,4,0,96,0,100,224,,
2021,June,6,2021-06,Dhaka Range,Police Range,,,AL,20,13,58,9,2,363,13,11,40,112,946,25,2,1018,4,1049,2636,,
2021,June,6,2021-06,Mymensingh Range,Police Range,,,AL,0,2,20,17,0,238,2,2,4,43,528,4,1,307,11,323,1179,,
2021,June,6,2021-06,Chittagong Range,Police Range,,,AL,6,14,46,13,0,294,12,6,27,108,988,28,0,1205,22,1255,2769,,
2021,June,6,2021-06,Sylhet Range,Police Range,,,AL,3,4,18,4,0,113,1,1,5,48,373,4,0,171,31,206,776,,
2021,June,6,2021-06,Khulna Range,Police Range,,,AL,2,8,23,3,0,196,3,2,19,77,678,7,1,583,11,602,1613,,
2021,June,6,2021-06,Barishal Range,Police Range,,,AL,2,5,19,13,0,123,5,4,8,24,441,1,0,214,0,215,859,,
2021,June,6,2021-06,Rajshahi Range,Police Range,,,AL,0,7,28,11,0,231,3,5,7,65,629,13,5,863,59,940,1926,,
2021,June,6,2021-06,Rangpur Range,Police Range,,,AL,0,4,28,2,0,273,2,1,17,58,743,0,0,413,32,445,1573,,
2021,June,6,2021-06,Railway Range,Railway Police,,,AL,0,2,0,0,0,1,0,0,0,4,11,1,0,15,0,16,34,,
2021,June,6,2021-06,Total,National Total,,,AL,38,86,267,112,3,2268,50,41,217,738,6394,153,12,6967,200,7332,17546,,
2021,July,7,2021-07,DMP,Metropolitan Police,,,AL,1,7,8,7,0,190,2,2,44,98,428,12,5,970,7,994,1781,,
2021,July,7,2021-07,CMP,Metropolitan Police,,,AL,0,5,9,13,0,57,0,1,15,29,130,40,0,107,3,150,409,,
2021,July,7,2021-07,KMP,Metropolitan Police,,,AL,0,0,1,0,0,13,0,0,2,8,24,0,0,75,2,77,125,,
2021,July,7,2021-07,RMP,Metropolitan Police,,,AL,0,2,2,1,0,11,0,0,7,4,58,0,0,141,6,147,232,,
2021,July,7,2021-07,BMP,Metropolitan Police,,,AL,1,0,0,2,0,11,0,0,5,8,38,2,0,72,0,74,139,,
2021,July,7,2021-07,SMP,Metropolitan Police,,,AL,0,3,1,5,0,26,0,1,7,12,68,3,0,55,6,64,187,,
2021,July,7,2021-07,RPMP,Metropolitan Police,,,AL,0,0,1,6,0,28,1,0,0,16,38,0,0,45,0,45,135,,
2021,July,7,2021-07,GMP,Metropolitan Police,,,AL,1,1,10,2,0,30,3,1,3,18,50,1,0,77,0,78,197,,
2021,July,7,2021-07,Dhaka Range,Police Range,,,AL,7,14,59,20,0,288,4,5,45,100,937,29,1,678,2,710,2189,,
2021,July,7,2021-07,Mymensingh Range,Police Range,,,AL,0,1,19,11,0,194,1,2,4,50,564,2,0,189,21,212,1058,,
2021,July,7,2021-07,Chittagong Range,Police Range,,,AL,5,10,45,12,0,225,6,7,43,98,959,36,6,1040,11,1093,2503,,
2021,July,7,2021-07,Sylhet Range,Police Range,,,AL,2,2,19,1,0,78,1,1,3,42,326,3,0,179,31,213,688,,
2021,July,7,2021-07,Khulna Range,Police Range,,,AL,0,4,28,2,0,129,1,1,23,62,612,12,1,446,15,474,1336,,
2021,July,7,2021-07,Barishal Range,Police Range,,,AL,2,0,10,7,0,108,1,1,16,19,374,2,0,181,0,183,721,,
2021,July,7,2021-07,Rajshahi Range,Police Range,,,AL,2,8,34,12,0,198,2,7,5,58,576,12,3,853,47,915,1817,,
2021,July,7,2021-07,Rangpur Range,Police Range,,,AL,1,4,33,2,0,230,2,3,18,55,715,1,0,306,25,332,1395,,
2021,July,7,2021-07,Railway Range,Railway Police,,,AL,0,0,0,0,0,1,0,0,0,4,4,0,0,4,0,4,13,,
2021,July,7,2021-07,Total,National Total,,,AL,22,61,279,103,0,1817,24,32,240,681,5901,155,16,5418,176,5765,14925,,
2021,August,8,2021-08,DMP,Metropolitan Police,,,AL,1,13,13,4,0,171,1,4,74,124,487,8,5,1384,24,1421,2313,,
2021,August,8,2021-08,CMP,Metropolitan Police,,,AL,0,7,5,15,1,66,1,1,21,35,159,37,0,184,1,222,533,,
2021,August,8,2021-08,KMP,Metropolitan Police,,,AL,0,0,0,0,0,10,0,0,4,17,30,3,0,104,1,108,169,,
2021,August,8,2021-08,RMP,Metropolitan Police,,,AL,0,2,4,1,0,10,0,0,3,4,38,3,0,374,7,384,446,,
2021,August,8,2021-08,BMP,Metropolitan Police,,,AL,0,0,1,1,0,19,0,1,4,16,31,0,0,93,0,93,166,,
2021,August,8,2021-08,SMP,Metropolitan Police,,,AL,0,0,2,5,0,24,0,0,1,16,83,5,0,78,9,92,223,,
2021,August,8,2021-08,RPMP,Metropolitan Police,,,AL,0,0,0,0,0,11,2,0,5,13,45,0,0,67,0,67,143,,
2021,August,8,2021-08,GMP,Metropolitan Police,,,AL,1,3,1,0,0,34,2,1,6,11,57,1,0,108,0,109,225,,
2021,August,8,2021-08,Dhaka Range,Police Range,,,AL,9,16,59,22,1,332,6,5,50,115,913,25,4,843,3,875,2403,,
2021,August,8,2021-08,Mymensingh Range,Police Range,,,AL,0,2,24,13,0,225,1,0,6,60,549,0,1,342,19,362,1242,,
2021,August,8,2021-08,Chittagong Range,Police Range,,,AL,6,16,58,10,0,245,8,7,49,95,845,50,2,1314,23,1389,2728,,
2021,August,8,2021-08,Sylhet Range,Police Range,,,AL,0,3,18,3,0,104,2,0,5,48,316,2,0,218,26,246,745,,
2021,August,8,2021-08,Khulna Range,Police Range,,,AL,3,9,26,2,0,184,0,3,19,70,595,10,1,681,18,710,1621,,
2021,August,8,2021-08,Barishal Range,Police Range,,,AL,3,3,11,6,0,121,0,0,13,27,313,2,0,286,2,290,787,,
2021,August,8,2021-08,Rajshahi Range,Police Range,,,AL,4,7,30,8,0,230,5,5,10,76,576,21,4,1535,53,1613,2564,,
2021,August,8,2021-08,Rangpur Range,Police Range,,,AL,3,2,25,3,0,293,4,3,26,65,676,2,0,424,23,449,1549,,
2021,August,8,2021-08,Railway Range,Railway Police,,,AL,0,1,1,0,0,0,0,0,0,13,11,0,0,13,0,13,39,,
2021,August,8,2021-08,Total,National Total,,,AL,30,84,278,93,2,2079,32,30,296,805,5724,169,17,8048,209,8443,17896,,
2021,September,9,2021-09,DMP,Metropolitan Police,,,AL,1,12,19,4,0,221,6,1,44,105,507,9,7,1438,13,1467,2387,,
2021,September,9,2021-09,CMP,Metropolitan Police,,,AL,1,10,3,11,0,70,0,0,25,26,173,48,0,213,1,262,581,,
2021,September,9,2021-09,KMP,Metropolitan Police,,,AL,0,0,4,0,0,9,0,0,2,10,22,1,0,97,0,98,145,,
2021,September,9,2021-09,RMP,Metropolitan Police,,,AL,0,1,7,0,0,17,0,2,2,9,51,1,0,276,11,288,377,,
2021,September,9,2021-09,BMP,Metropolitan Police,,,AL,0,0,0,0,0,11,0,0,6,8,37,1,0,90,0,91,153,,
2021,September,9,2021-09,SMP,Metropolitan Police,,,AL,0,1,3,7,0,41,0,1,5,16,108,0,0,68,5,73,255,,
2021,September,9,2021-09,RPMP,Metropolitan Police,,,AL,0,0,2,3,0,22,0,0,4,13,40,0,0,62,0,62,146,,
2021,September,9,2021-09,GMP,Metropolitan Police,,,AL,2,1,6,1,0,34,3,1,2,12,65,4,0,100,0,104,231,,
2021,September,9,2021-09,Dhaka Range,Police Range,,,AL,9,27,47,13,0,319,6,13,30,151,868,27,1,816,7,851,2334,,
2021,September,9,2021-09,Mymensingh Range,Police Range,,,AL,0,1,17,8,0,204,3,0,2,60,494,3,0,354,17,374,1163,,
2021,September,9,2021-09,Chittagong Range,Police Range,,,AL,3,8,56,6,0,266,12,9,42,109,849,39,4,1345,15,1403,2763,,
2021,September,9,2021-09,Sylhet Range,Police Range,,,AL,1,5,18,5,0,112,0,0,10,45,339,2,0,177,22,201,736,,
2021,September,9,2021-09,Khulna Range,Police Range,,,AL,0,8,27,5,0,194,0,5,22,76,635,10,2,539,13,564,1536,,
2021,September,9,2021-09,Barishal Range,Police Range,,,AL,1,1,9,3,0,131,2,1,8,26,294,1,0,272,1,274,750,,
2021,September,9,2021-09,Rajshahi Range,Police Range,,,AL,1,9,31,8,0,245,1,3,12,64,619,16,1,1242,71,1330,2323,,
2021,September,9,2021-09,Rangpur Range,Police Range,,,AL,3,1,17,3,0,238,4,1,19,82,616,0,1,364,21,386,1370,,
2021,September,9,2021-09,Railway Range,Railway Police,,,AL,1,1,1,0,0,1,0,0,0,18,8,1,0,34,1,36,66,,
2021,September,9,2021-09,Total,National Total,,,AL,23,86,267,77,0,2135,37,37,235,830,5725,163,16,7487,198,7864,17316,,
2021,October,10,2021-10,DMP,Metropolitan Police,,,AL,4,13,17,7,0,215,5,6,46,110,597,10,5,1472,16,1503,2523,,
2021,October,10,2021-10,CMP,Metropolitan Police,,,AL,0,8,2,2,0,102,4,1,12,23,162,15,0,169,1,185,501,,
2021,October,10,2021-10,KMP,Metropolitan Police,,,AL,1,0,1,0,0,12,0,0,0,11,40,2,0,83,2,87,152,,
2021,October,10,2021-10,RMP,Metropolitan Police,,,AL,0,2,1,0,0,12,1,0,3,9,47,0,0,281,9,290,365,,
2021,October,10,2021-10,BMP,Metropolitan Police,,,AL,0,0,2,4,0,10,0,0,9,10,49,0,0,92,0,92,176,,
2021,October,10,2021-10,SMP,Metropolitan Police,,,AL,0,6,2,4,0,26,1,2,11,18,80,1,0,62,1,64,214,,
2021,October,10,2021-10,RPMP,Metropolitan Police,,,AL,0,0,1,1,0,17,0,0,2,13,53,0,0,58,0,58,145,,
2021,October,10,2021-10,GMP,Metropolitan Police,,,AL,1,0,4,5,0,38,4,0,0,17,58,2,0,109,0,111,238,,
2021,October,10,2021-10,Dhaka Range,Police Range,,,AL,8,28,60,18,1,299,1,13,35,123,904,20,1,690,7,718,2208,,
2021,October,10,2021-10,Mymensingh Range,Police Range,,,AL,1,0,10,13,0,179,1,0,1,46,436,2,0,274,25,301,988,,
2021,October,10,2021-10,Chittagong Range,Police Range,,,AL,6,10,43,4,0,265,5,21,32,105,963,33,2,945,8,988,2442,,
2021,October,10,2021-10,Sylhet Range,Police Range,,,AL,1,6,14,0,0,79,3,3,5,27,310,2,0,140,16,158,606,,
2021,October,10,2021-10,Khulna Range,Police Range,,,AL,3,8,17,3,0,170,2,2,24,82,563,21,4,519,17,561,1435,,
2021,October,10,2021-10,Barishal Range,Police Range,,,AL,3,4,12,1,0,128,1,1,19,19,400,1,0,246,0,247,835,,
2021,October,10,2021-10,Rajshahi Range,Police Range,,,AL,0,8,37,7,0,185,5,6,11,61,553,20,2,1224,54,1300,2173,,
2021,October,10,2021-10,Rangpur Range,Police Range,,,AL,1,1,18,1,0,229,2,2,18,55,578,1,0,305,18,324,1229,,
2021,October,10,2021-10,Railway Range,Railway Police,,,AL,0,0,2,0,0,0,0,0,0,12,7,0,0,18,1,19,40,,
2021,October,10,2021-10,Total,National Total,,,AL,29,94,243,70,1,1966,35,57,228,741,5800,130,14,6687,175,7006,16270,,
2021,November,11,2021-11,DMP,Metropolitan Police,,,AL,1,12,11,11,0,134,5,6,41,126,584,10,10,1981,19,2020,2951,,
2021,November,11,2021-11,CMP,Metropolitan Police,,,AL,0,10,8,11,0,74,1,0,18,24,149,23,0,258,2,283,578,,
2021,November,11,2021-11,KMP,Metropolitan Police,,,AL,2,2,0,0,0,12,2,0,2,4,43,1,0,80,1,82,149,,
2021,November,11,2021-11,RMP,Metropolitan Police,,,AL,0,1,2,2,1,13,1,0,2,5,49,1,0,216,15,232,308,,
2021,November,11,2021-11,BMP,Metropolitan Police,,,AL,0,0,0,1,0,14,0,0,2,5,48,1,0,81,0,82,152,,
2021,November,11,2021-11,SMP,Metropolitan Police,,,AL,0,3,0,5,0,22,0,2,7,8,91,2,0,94,3,99,237,,
2021,November,11,2021-11,RPMP,Metropolitan Police,,,AL,0,0,1,1,0,17,0,2,0,11,50,1,0,44,0,45,127,,
2021,November,11,2021-11,GMP,Metropolitan Police,,,AL,2,3,5,5,0,36,4,0,4,10,53,1,0,86,0,87,209,,
2021,November,11,2021-11,Dhaka Range,Police Range,,,AL,7,18,63,11,1,251,5,20,25,98,881,41,11,667,2,721,2101,,
2021,November,11,2021-11,Mymensingh Range,Police Range,,,AL,0,0,8,10,0,151,3,13,7,40,420,4,1,278,7,290,942,,
2021,November,11,2021-11,Chittagong Range,Police Range,,,AL,4,10,48,10,3,214,6,13,37,80,815,58,4,988,14,1064,2304,,
2021,November,11,2021-11,Sylhet Range,Police Range,,,AL,4,2,17,2,0,59,0,2,8,35,284,5,0,203,22,230,643,,
2021,November,11,2021-11,Khulna Range,Police Range,,,AL,0,5,29,9,0,123,1,4,6,59,524,12,4,513,11,540,1300,,
2021,November,11,2021-11,Barishal Range,Police Range,,,AL,6,2,14,14,0,93,2,3,10,15,308,4,1,209,4,218,685,,
2021,November,11,2021-11,Rajshahi Range,Police Range,,,AL,0,7,30,7,0,147,1,14,7,44,569,23,10,908,40,981,1807,,
2021,November,11,2021-11,Rangpur Range,Police Range,,,AL,2,6,14,1,0,143,0,14,8,62,592,2,0,269,17,288,1130,,
2021,November,11,2021-11,Railway Range,Railway Police,,,AL,0,1,1,0,0,0,0,0,0,6,6,2,0,29,2,33,47,,
2021,November,11,2021-11,Total,National Total,,,AL,28,82,251,100,5,1503,31,93,184,632,5466,191,41,6904,159,7295,15670,,
2021,December,12,2021-12,DMP,Metropolitan Police,,,AL,0,11,14,6,0,146,5,1,61,120,530,16,20,1525,21,1582,2476,,
2021,December,12,2021-12,CMP,Metropolitan Police,,,AL,1,9,4,9,0,80,2,1,12,31,163,14,0,201,3,218,530,,
2021,December,12,2021-12,KMP,Metropolitan Police,,,AL,0,1,1,1,0,5,0,0,3,5,38,1,0,85,1,87,141,,
2021,December,12,2021-12,RMP,Metropolitan Police,,,AL,0,0,1,0,1,6,1,0,1,4,65,0,0,205,15,220,299,,
2021,December,12,2021-12,BMP,Metropolitan Police,,,AL,0,0,1,0,0,9,0,0,4,7,22,0,0,85,0,85,128,,
2021,December,12,2021-12,SMP,Metropolitan Police,,,AL,0,2,1,7,0,16,0,0,4,9,79,0,0,75,8,83,201,,
2021,December,12,2021-12,RPMP,Metropolitan Police,,,AL,0,0,0,0,0,10,0,0,3,17,58,0,0,50,0,50,138,,
2021,December,12,2021-12,GMP,Metropolitan Police,,,AL,1,3,5,1,0,21,0,0,2,9,53,0,0,75,0,75,170,,
2021,December,12,2021-12,Dhaka Range,Police Range,,,AL,8,18,48,13,1,214,8,11,32,114,941,21,6,610,1,638,2046,,
2021,December,12,2021-12,Mymensingh Range,Police Range,,,AL,0,6,15,11,0,144,4,2,4,37,448,1,0,215,19,235,906,,
2021,December,12,2021-12,Chittagong Range,Police Range,,,AL,4,6,37,5,0,209,2,7,25,74,745,60,2,957,19,1038,2152,,
2021,December,12,2021-12,Sylhet Range,Police Range,,,AL,0,3,16,1,0,57,0,5,3,39,255,3,0,117,22,142,521,,
2021,December,12,2021-12,Khulna Range,Police Range,,,AL,2,3,24,15,0,138,1,4,12,74,549,18,2,497,14,531,1353,,
2021,December,12,2021-12,Barishal Range,Police Range,,,AL,1,0,13,5,0,89,1,1,12,19,363,3,2,191,0,196,700,,
2021,December,12,2021-12,Rajshahi Range,Police Range,,,AL,1,11,36,4,0,124,0,9,6,54,546,26,3,846,53,928,1719,,
2021,December,12,2021-12,Rangpur Range,Police Range,,,AL,0,2,15,1,0,158,5,6,8,65,641,1,0,287,5,293,1194,,
2021,December,12,2021-12,Railway Range,Railway Police,,,AL,0,1,0,0,0,0,0,0,0,9,14,0,0,16,1,17,41,,
2021,December,12,2021-12,Total,National Total,,,AL,18,76,231,79,2,1426,29,47,192,687,5510,164,35,6037,182,6418,14715,,
2021,Annual (Jan-Dec),,2021-FY,DMP,Metropolitan Police,,,AL,23,144,166,89,4,2218,49,69,643,1343,6139,118,74,16213,169,16574,27461,,
2021,Annual (Jan-Dec),,2021-FY,CMP,Metropolitan Police,,,AL,4,76,66,146,1,850,25,25,181,301,1927,479,16,2620,26,3141,6743,,
2021,Annual (Jan-Dec),,2021-FY,KMP,Metropolitan Police,,,AL,3,7,15,1,0,123,5,5,25,121,400,15,0,1100,12,1127,1832,,
2021,Annual (Jan-Dec),,2021-FY,RMP,Metropolitan Police,,,AL,0,20,32,5,3,171,8,6,28,66,597,11,0,2771,156,2938,3874,,
2021,Annual (Jan-Dec),,2021-FY,BMP,Metropolitan Police,,,AL,2,6,10,16,0,129,2,1,57,108,446,12,0,918,0,930,1707,,
2021,Annual (Jan-Dec),,2021-FY,SMP,Metropolitan Police,,,AL,0,20,27,73,0,309,3,16,56,165,1054,21,0,877,66,964,2687,,
2021,Annual (Jan-Dec),,2021-FY,RPMP,Metropolitan Police,,,AL,0,0,11,34,0,223,7,3,35,150,594,2,0,667,2,671,1728,,
2021,Annual (Jan-Dec),,2021-FY,GMP,Metropolitan Police,,,AL,13,29,58,31,0,431,33,13,43,150,729,28,1,1078,1,1108,2638,,
2021,Annual (Jan-Dec),,2021-FY,Dhaka Range,Police Range,,,AL,115,240,708,162,11,3559,86,124,441,1384,11864,255,47,8885,44,9231,27925,,
2021,Annual (Jan-Dec),,2021-FY,Mymensingh Range,Police Range,,,AL,2,19,191,156,0,2155,26,24,59,544,6208,26,6,3670,184,3886,13270,,
2021,Annual (Jan-Dec),,2021-FY,Chittagong Range,Police Range,,,AL,59,126,586,128,3,2823,89,131,401,1110,11589,459,41,12589,162,13251,30296,,
2021,Annual (Jan-Dec),,2021-FY,Sylhet Range,Police Range,,,AL,16,43,220,31,0,985,16,32,67,482,4059,34,2,2059,298,2393,8344,,
2021,Annual (Jan-Dec),,2021-FY,Khulna Range,Police Range,,,AL,19,87,301,55,1,2015,22,32,208,874,7676,144,23,6877,192,7236,18526,,
2021,Annual (Jan-Dec),,2021-FY,Barishal Range,Police Range,,,AL,24,26,149,84,0,1300,14,17,146,258,4715,25,9,2760,8,2802,9535,,
2021,Annual (Jan-Dec),,2021-FY,Rajshahi Range,Police Range,,,AL,12,87,399,80,0,2310,29,70,87,646,7076,213,44,11824,671,12752,23548,,
2021,Annual (Jan-Dec),,2021-FY,Rangpur Range,Police Range,,,AL,15,34,267,24,0,2529,31,40,167,705,8300,15,5,4529,276,4825,16937,,
2021,Annual (Jan-Dec),,2021-FY,Railway Range,Railway Police,,,AL,1,7,8,2,0,6,0,0,1,91,95,4,0,238,6,248,459,,
2021,Annual (Jan-Dec),,2021-FY,Total,National Total,,,AL,308,971,3214,1117,23,22136,445,608,2645,8498,73468,1861,268,79675,2273,84077,197510,,
2022,January,1,2022-01,DMP,Metropolitan Police,,,AL,3,10,9,12,0,170,5,5,49,112,510,7,7,1640,9,1663,2548,,
2022,January,1,2022-01,CMP,Metropolitan Police,,,AL,2,3,2,13,0,53,1,4,9,36,188,13,1,221,0,235,546,,
2022,January,1,2022-01,KMP,Metropolitan Police,,,AL,0,0,2,0,0,12,0,0,4,4,32,1,1,101,0,103,157,,
2022,January,1,2022-01,RMP,Metropolitan Police,,,AL,0,9,3,5,0,14,1,0,0,9,39,0,1,214,14,229,309,,
2022,January,1,2022-01,BMP,Metropolitan Police,,,AL,1,0,3,1,0,9,1,2,6,9,32,2,1,100,0,103,167,,
2022,January,1,2022-01,SMP,Metropolitan Police,,,AL,0,2,0,5,0,26,0,1,3,12,72,1,0,84,0,85,206,,
2022,January,1,2022-01,RPMP,Metropolitan Police,,,AL,0,0,0,1,0,23,1,0,3,13,73,1,0,56,0,57,171,,
2022,January,1,2022-01,GMP,Metropolitan Police,,,AL,0,3,4,2,0,28,3,0,1,6,58,1,0,87,0,88,193,,
2022,January,1,2022-01,Dhaka Range,Police Range,,,AL,14,18,76,16,0,209,7,12,40,119,971,24,6,761,4,795,2277,,
2022,January,1,2022-01,Mymensingh Range,Police Range,,,AL,0,2,16,16,0,128,1,4,5,49,496,2,0,252,15,269,986,,
2022,January,1,2022-01,Chittagong Range,Police Range,,,AL,5,14,50,5,0,187,4,7,32,94,802,50,2,1115,24,1191,2391,,
2022,January,1,2022-01,Sylhet Range,Police Range,,,AL,1,2,15,2,0,60,1,1,7,36,312,1,0,137,15,153,590,,
2022,January,1,2022-01,Khulna Range,Police Range,,,AL,2,10,29,5,0,131,3,4,18,64,549,16,3,636,22,677,1492,,
2022,January,1,2022-01,Barishal Range,Police Range,,,AL,1,3,13,3,0,79,1,1,13,29,345,3,1,273,1,278,766,,
2022,January,1,2022-01,Rajshahi Range,Police Range,,,AL,0,10,21,7,0,142,4,10,5,52,592,19,7,1005,66,1097,1940,,
2022,January,1,2022-01,Rangpur Range,Police Range,,,AL,1,5,20,1,0,162,4,2,18,73,590,6,0,332,10,348,1224,,
2022,January,1,2022-01,Railway Range,Railway Police,,,AL,0,0,1,0,0,0,2,0,0,12,14,0,0,34,1,35,64,,
2022,January,1,2022-01,Total,National Total,,,AL,30,91,264,94,0,1433,39,53,213,729,5675,147,30,7048,181,7406,16027,,
2022,February,2,2022-02,DMP,Metropolitan Police,,,AL,4,16,12,14,0,141,2,6,49,135,511,12,5,1549,19,1585,2475,,
2022,February,2,2022-02,CMP,Metropolitan Police,,,AL,2,7,4,10,0,46,0,1,18,25,177,20,0,167,1,188,478,,
2022,February,2,2022-02,KMP,Metropolitan Police,,,AL,0,1,2,0,0,13,0,0,2,5,22,2,0,103,0,105,150,,
2022,February,2,2022-02,RMP,Metropolitan Police,,,AL,0,2,2,0,0,13,0,1,4,8,30,0,0,209,8,217,277,,
2022,February,2,2022-02,BMP,Metropolitan Police,,,AL,0,0,1,0,0,13,0,0,7,15,32,0,0,82,0,82,150,,
2022,February,2,2022-02,SMP,Metropolitan Police,,,AL,0,2,3,6,0,17,0,1,4,6,86,0,0,52,3,55,180,,
2022,February,2,2022-02,RPMP,Metropolitan Police,,,AL,0,0,0,0,0,8,0,0,0,15,48,0,0,44,0,44,115,,
2022,February,2,2022-02,GMP,Metropolitan Police,,,AL,6,2,1,3,0,23,4,0,0,12,57,1,0,84,0,85,193,,
2022,February,2,2022-02,Dhaka Range,Police Range,,,AL,15,22,56,12,0,250,7,10,38,125,910,15,5,861,0,881,2326,,
2022,February,2,2022-02,Mymensingh Range,Police Range,,,AL,1,1,14,4,0,124,4,4,5,42,453,1,0,328,16,345,997,,
2022,February,2,2022-02,Chittagong Range,Police Range,,,AL,1,9,44,8,0,160,5,14,22,80,804,63,3,1136,12,1214,2361,,
2022,February,2,2022-02,Sylhet Range,Police Range,,,AL,1,2,13,1,0,81,1,1,3,37,267,2,1,163,30,196,603,,
2022,February,2,2022-02,Khulna Range,Police Range,,,AL,1,5,23,5,0,120,0,2,13,70,550,12,4,745,14,775,1564,,
2022,February,2,2022-02,Barishal Range,Police Range,,,AL,3,5,4,5,0,95,0,2,11,16,301,0,0,268,0,268,710,,
2022,February,2,2022-02,Rajshahi Range,Police Range,,,AL,2,6,31,11,0,172,0,3,14,64,518,28,2,1107,77,1214,2035,,
2022,February,2,2022-02,Rangpur Range,Police Range,,,AL,1,3,22,2,0,176,2,0,16,60,557,2,0,379,9,390,1229,,
2022,February,2,2022-02,Railway Range,Railway Police,,,AL,0,2,2,0,0,2,0,0,0,4,17,0,0,32,0,32,59,,
2022,February,2,2022-02,Total,National Total,,,AL,37,85,234,81,0,1454,25,45,206,719,5340,158,20,7309,189,7676,15902,,
2022,March,3,2022-03,DMP,Metropolitan Police,,,AL,1,16,17,13,0,199,3,12,60,146,680,7,10,1465,17,1499,2646,,
2022,March,3,2022-03,CMP,Metropolitan Police,,,AL,0,3,1,13,0,69,1,1,9,29,172,18,1,156,2,177,475,,
2022,March,3,2022-03,KMP,Metropolitan Police,,,AL,0,0,1,0,0,12,0,0,2,4,34,1,1,89,1,92,145,,
2022,March,3,2022-03,RMP,Metropolitan Police,,,AL,0,1,1,0,0,18,1,1,2,8,48,1,0,261,1,263,343,,
2022,March,3,2022-03,BMP,Metropolitan Police,,,AL,0,0,0,1,0,18,1,0,5,10,59,1,0,108,0,109,203,,
2022,March,3,2022-03,SMP,Metropolitan Police,,,AL,0,2,1,5,0,31,0,0,4,10,94,1,0,73,5,79,226,,
2022,March,3,2022-03,RPMP,Metropolitan Police,,,AL,0,0,2,3,0,16,0,0,0,18,64,0,0,38,0,38,141,,
2022,March,3,2022-03,GMP,Metropolitan Police,,,AL,4,1,10,3,0,53,1,1,2,15,75,2,0,85,1,88,253,,
2022,March,3,2022-03,Dhaka Range,Police Range,,,AL,17,25,57,24,0,312,8,17,51,160,1105,14,9,834,3,860,2636,,
2022,March,3,2022-03,Mymensingh Range,Police Range,,,AL,2,6,20,6,0,196,5,1,3,56,553,2,0,309,26,337,1185,,
2022,March,3,2022-03,Chittagong Range,Police Range,,,AL,6,14,37,6,0,231,6,7,28,108,904,49,3,1293,29,1374,2721,,
2022,March,3,2022-03,Sylhet Range,Police Range,,,AL,1,3,15,2,0,83,3,2,8,50,353,0,0,261,13,274,794,,
2022,March,3,2022-03,Khulna Range,Police Range,,,AL,1,5,28,6,0,160,1,2,12,67,638,9,4,578,14,605,1525,,
2022,March,3,2022-03,Barishal Range,Police Range,,,AL,3,6,7,1,0,126,1,3,13,29,366,4,0,252,0,256,811,,
2022,March,3,2022-03,Rajshahi Range,Police Range,,,AL,0,7,28,11,0,227,2,8,7,87,608,31,1,1165,72,1269,2254,,
2022,March,3,2022-03,Rangpur Range,Police Range,,,AL,0,3,21,1,0,224,4,1,17,74,621,0,0,428,8,436,1402,,
2022,March,3,2022-03,Railway Range,Railway Police,,,AL,0,2,1,0,0,1,0,1,0,17,25,0,0,35,2,37,84,,
2022,March,3,2022-03,Total,National Total,,,AL,35,94,247,95,0,1976,37,57,223,888,6399,140,29,7430,194,7793,17844,,
2022,April,4,2022-04,DMP,Metropolitan Police,,,AL,3,8,16,13,0,184,5,9,68,151,700,9,6,1217,29,1261,2418,,
2022,April,4,2022-04,CMP,Metropolitan Police,,,AL,0,11,4,12,0,75,3,3,21,48,199,18,1,175,1,195,571,,
2022,April,4,2022-04,KMP,Metropolitan Police,,,AL,0,0,0,0,0,12,0,1,3,3,29,1,0,83,0,84,132,,
2022,April,4,2022-04,RMP,Metropolitan Police,,,AL,0,1,5,0,0,15,1,1,2,4,40,1,0,206,0,207,276,,
2022,April,4,2022-04,BMP,Metropolitan Police,,,AL,1,1,2,0,0,11,0,4,5,9,38,1,0,92,0,93,164,,
2022,April,4,2022-04,SMP,Metropolitan Police,,,AL,0,0,5,5,0,20,0,2,5,15,87,4,0,55,6,65,204,,
2022,April,4,2022-04,RPMP,Metropolitan Police,,,AL,0,0,0,0,0,24,0,0,1,14,71,0,0,43,0,43,153,,
2022,April,4,2022-04,GMP,Metropolitan Police,,,AL,1,7,2,4,0,40,1,1,2,14,86,0,0,70,0,70,228,,
2022,April,4,2022-04,Dhaka Range,Police Range,,,AL,11,26,56,48,0,347,7,10,46,145,1266,15,5,752,2,774,2736,,
2022,April,4,2022-04,Mymensingh Range,Police Range,,,AL,1,2,17,8,0,182,1,2,1,62,750,3,0,308,26,337,1363,,
2022,April,4,2022-04,Chittagong Range,Police Range,,,AL,2,16,55,9,0,181,7,7,26,103,1027,78,1,1212,22,1313,2746,,
2022,April,4,2022-04,Sylhet Range,Police Range,,,AL,2,6,15,1,0,93,1,4,2,39,445,0,1,155,27,183,791,,
2022,April,4,2022-04,Khulna Range,Police Range,,,AL,0,10,31,4,0,154,2,3,11,88,813,11,2,616,12,641,1757,,
2022,April,4,2022-04,Barishal Range,Police Range,,,AL,1,3,12,0,0,106,3,2,13,25,440,2,0,241,3,246,851,,
2022,April,4,2022-04,Rajshahi Range,Police Range,,,AL,3,11,28,3,0,237,1,3,7,83,765,26,4,1057,69,1156,2297,,
2022,April,4,2022-04,Rangpur Range,Police Range,,,AL,1,2,21,4,0,195,3,3,15,71,808,1,0,404,11,416,1539,,
2022,April,4,2022-04,Railway Range,Railway Police,,,AL,0,3,0,0,0,0,0,0,0,13,14,0,0,28,3,31,61,,
2022,April,4,2022-04,Total,National Total,,,AL,26,107,269,111,0,1876,35,55,228,887,7578,170,20,6714,211,7115,18287,,
2022,May,5,2022-05,DMP,Metropolitan Police,,,AL,0,11,11,9,1,186,3,8,68,133,626,4,7,1411,10,1432,2488,,
2022,May,5,2022-05,CMP,Metropolitan Police,,,AL,0,9,6,17,0,76,3,2,19,28,173,18,1,144,3,166,499,,
2022,May,5,2022-05,KMP,Metropolitan Police,,,AL,0,0,1,0,0,21,0,0,2,8,24,1,0,73,1,75,131,,
2022,May,5,2022-05,RMP,Metropolitan Police,,,AL,0,2,3,1,0,17,0,0,3,6,54,1,0,247,0,248,334,,
2022,May,5,2022-05,BMP,Metropolitan Police,,,AL,0,1,0,1,0,15,0,0,4,7,43,1,0,96,0,97,168,,
2022,May,5,2022-05,SMP,Metropolitan Police,,,AL,0,0,3,2,0,26,0,2,4,14,67,0,0,57,2,59,177,,
2022,May,5,2022-05,RPMP,Metropolitan Police,,,AL,0,0,0,2,0,15,0,0,0,12,57,0,0,42,0,42,128,,
2022,May,5,2022-05,GMP,Metropolitan Police,,,AL,3,1,3,0,0,31,3,0,5,15,71,1,0,79,0,80,212,,
2022,May,5,2022-05,Dhaka Range,Police Range,,,AL,13,24,65,28,0,333,9,7,32,102,1167,18,4,855,3,880,2660,,
2022,May,5,2022-05,Mymensingh Range,Police Range,,,AL,0,4,26,12,0,190,3,2,4,31,685,2,0,270,24,296,1253,,
2022,May,5,2022-05,Chittagong Range,Police Range,,,AL,4,9,41,8,0,213,5,10,31,86,1024,61,0,1077,17,1155,2586,,
2022,May,5,2022-05,Sylhet Range,Police Range,,,AL,0,1,19,1,0,83,0,2,5,30,421,0,1,184,21,206,768,,
2022,May,5,2022-05,Khulna Range,Police Range,,,AL,1,2,27,1,0,184,1,2,16,67,722,9,2,574,7,592,1615,,
2022,May,5,2022-05,Barishal Range,Police Range,,,AL,0,5,11,7,0,116,1,1,9,21,441,2,0,246,0,248,860,,
2022,May,5,2022-05,Rajshahi Range,Police Range,,,AL,1,12,38,4,0,251,1,6,7,58,773,26,1,1121,63,1211,2362,,
2022,May,5,2022-05,Rangpur Range,Police Range,,,AL,2,2,21,3,0,241,3,2,17,56,751,3,0,380,9,392,1490,,
2022,May,5,2022-05,Railway Range,Railway Police,,,AL,0,2,1,0,0,3,0,0,0,15,15,0,0,20,1,21,57,,
2022,May,5,2022-05,Total,National Total,,,AL,24,85,276,96,1,2001,32,44,226,689,7114,147,16,6876,161,7200,17788,,
2022,June,6,2022-06,DMP,Metropolitan Police,,,AL,3,10,21,7,0,199,4,15,63,131,684,6,5,1342,23,1376,2513,,
2022,June,6,2022-06,CMP,Metropolitan Police,,,AL,0,11,7,12,0,66,2,1,11,29,152,15,0,142,3,160,451,,
2022,June,6,2022-06,KMP,Metropolitan Police,,,AL,1,0,2,1,0,13,0,1,2,2,32,2,1,87,0,90,144,,
2022,June,6,2022-06,RMP,Metropolitan Police,,,AL,0,2,3,0,0,13,1,1,3,16,49,0,0,209,2,211,299,,
2022,June,6,2022-06,BMP,Metropolitan Police,,,AL,0,1,1,1,0,17,0,0,2,9,42,0,0,77,0,77,150,,
2022,June,6,2022-06,SMP,Metropolitan Police,,,AL,0,0,1,4,0,26,0,2,2,9,71,0,0,68,5,73,188,,
2022,June,6,2022-06,RPMP,Metropolitan Police,,,AL,0,0,0,0,0,7,0,0,0,20,59,0,0,27,0,27,113,,
2022,June,6,2022-06,GMP,Metropolitan Police,,,AL,1,4,3,1,0,47,3,1,1,13,72,1,0,68,0,69,215,,
2022,June,6,2022-06,Dhaka Range,Police Range,,,AL,16,20,60,30,0,323,11,10,48,153,1096,20,2,838,0,860,2627,,
2022,June,6,2022-06,Mymensingh Range,Police Range,,,AL,0,3,15,12,0,218,5,2,7,44,502,3,0,330,29,362,1170,,
2022,June,6,2022-06,Chittagong Range,Police Range,,,AL,5,12,38,8,0,237,7,6,34,103,903,38,1,1172,20,1231,2584,,
2022,June,6,2022-06,Sylhet Range,Police Range,,,AL,3,3,10,3,0,87,0,1,5,36,312,3,1,151,12,167,627,,
2022,June,6,2022-06,Khulna Range,Police Range,,,AL,7,4,23,5,0,184,3,6,14,74,768,9,1,672,14,696,1784,,
2022,June,6,2022-06,Barishal Range,Police Range,,,AL,4,3,12,5,0,121,0,6,12,27,355,1,0,221,0,222,767,,
2022,June,6,2022-06,Rajshahi Range,Police Range,,,AL,0,6,25,5,0,259,4,4,12,83,685,28,2,1084,70,1184,2267,,
2022,June,6,2022-06,Rangpur Range,Police Range,,,AL,0,5,24,4,0,219,5,0,11,84,694,2,0,340,6,348,1394,,
2022,June,6,2022-06,Railway Range,Railway Police,,,AL,0,1,4,0,0,3,0,0,0,9,11,0,0,39,2,41,69,,
2022,June,6,2022-06,Total,National Total,,,AL,40,85,249,98,0,2039,45,56,227,842,6487,128,13,6867,186,7194,17362,,
2022,July,7,2022-07,DMP,Metropolitan Police,,,AL,4,13,13,12,0,174,3,3,70,121,621,5,5,1190,5,1205,2239,,
2022,July,7,2022-07,CMP,Metropolitan Police,,,AL,0,6,7,12,0,51,4,0,10,28,171,11,0,137,5,153,442,,
2022,July,7,2022-07,KMP,Metropolitan Police,,,AL,0,0,2,1,0,14,1,0,6,6,20,0,0,71,0,71,121,,
2022,July,7,2022-07,RMP,Metropolitan Police,,,AL,0,2,4,0,0,9,1,0,5,3,46,2,0,215,0,217,287,,
2022,July,7,2022-07,BMP,Metropolitan Police,,,AL,0,1,2,1,0,17,0,0,4,3,32,1,0,82,0,83,143,,
2022,July,7,2022-07,SMP,Metropolitan Police,,,AL,0,2,1,8,0,25,0,1,5,15,87,0,0,59,6,65,209,,
2022,July,7,2022-07,RPMP,Metropolitan Police,,,AL,0,0,0,3,0,12,0,0,2,12,60,0,0,20,0,20,109,,
2022,July,7,2022-07,GMP,Metropolitan Police,,,AL,2,4,8,3,0,40,1,0,1,3,66,3,0,58,0,61,189,,
2022,July,7,2022-07,Dhaka Range,Police Range,,,AL,14,31,74,15,0,296,5,8,47,133,1140,11,5,751,2,769,2532,,
2022,July,7,2022-07,Mymensingh Range,Police Range,,,AL,3,3,27,9,0,199,6,2,6,43,603,1,0,261,39,301,1202,,
2022,July,7,2022-07,Chittagong Range,Police Range,,,AL,5,15,40,12,0,246,4,9,42,101,954,49,0,1087,29,1165,2593,,
2022,July,7,2022-07,Sylhet Range,Police Range,,,AL,1,1,31,0,0,75,0,6,5,41,359,0,0,177,10,187,706,,
2022,July,7,2022-07,Khulna Range,Police Range,,,AL,3,6,24,5,0,180,0,0,18,84,744,18,1,574,13,606,1670,,
2022,July,7,2022-07,Barishal Range,Police Range,,,AL,3,1,18,1,0,109,1,2,10,23,367,3,0,252,0,255,790,,
2022,July,7,2022-07,Rajshahi Range,Police Range,,,AL,1,6,34,8,0,262,2,2,7,55,774,12,5,1146,61,1224,2375,,
2022,July,7,2022-07,Rangpur Range,Police Range,,,AL,1,5,21,1,0,252,5,7,20,63,771,0,1,313,11,325,1471,,
2022,July,7,2022-07,Railway Range,Railway Police,,,AL,0,1,0,0,0,1,0,0,0,9,19,0,0,28,1,29,59,,
2022,July,7,2022-07,Total,National Total,,,AL,37,97,306,91,0,1962,33,40,258,743,6834,116,17,6421,182,6736,17137,,
2022,August,8,2022-08,DMP,Metropolitan Police,,,AL,2,10,17,20,0,181,6,4,73,151,679,3,7,1448,17,1475,2618,,
2022,August,8,2022-08,CMP,Metropolitan Police,,,AL,0,6,7,16,0,70,1,3,13,24,185,6,0,210,5,221,546,,
2022,August,8,2022-08,KMP,Metropolitan Police,,,AL,0,0,2,0,0,17,1,0,3,5,41,1,0,64,0,65,134,,
2022,August,8,2022-08,RMP,Metropolitan Police,,,AL,1,4,1,2,0,27,0,0,7,9,45,2,0,248,1,251,347,,
2022,August,8,2022-08,BMP,Metropolitan Police,,,AL,0,2,2,0,0,15,0,0,3,10,36,0,0,77,0,77,145,,
2022,August,8,2022-08,SMP,Metropolitan Police,,,AL,0,0,2,8,0,34,0,1,5,12,85,1,0,67,2,70,217,,
2022,August,8,2022-08,RPMP,Metropolitan Police,,,AL,0,0,1,0,0,16,1,1,0,15,55,0,0,33,0,33,122,,
2022,August,8,2022-08,GMP,Metropolitan Police,,,AL,1,3,6,0,0,28,1,1,5,10,56,6,1,98,0,105,216,,
2022,August,8,2022-08,Dhaka Range,Police Range,,,AL,13,31,59,17,0,337,15,8,64,143,1061,22,5,856,4,887,2635,,
2022,August,8,2022-08,Mymensingh Range,Police Range,,,AL,2,4,20,8,0,238,7,4,11,67,637,2,0,345,40,387,1385,,
2022,August,8,2022-08,Chittagong Range,Police Range,,,AL,8,14,47,14,1,255,5,14,34,93,969,40,6,1094,39,1179,2633,,
2022,August,8,2022-08,Sylhet Range,Police Range,,,AL,1,3,17,1,0,96,1,2,2,47,405,3,0,173,21,197,772,,
2022,August,8,2022-08,Khulna Range,Police Range,,,AL,5,6,21,3,0,168,3,1,26,92,705,8,5,644,17,674,1704,,
2022,August,8,2022-08,Barishal Range,Police Range,,,AL,2,4,9,0,0,130,1,0,15,29,329,2,0,220,0,222,741,,
2022,August,8,2022-08,Rajshahi Range,Police Range,,,AL,2,13,32,8,0,302,1,3,14,99,713,20,2,1288,47,1357,2544,,
2022,August,8,2022-08,Rangpur Range,Police Range,,,AL,3,5,23,1,0,300,2,2,19,82,806,2,0,399,6,407,1650,,
2022,August,8,2022-08,Railway Range,Railway Police,,,AL,0,2,0,0,0,1,0,0,0,22,15,0,0,34,2,36,76,,
2022,August,8,2022-08,Total,National Total,,,AL,40,107,266,98,1,2215,45,44,294,910,6822,118,26,7298,201,7643,18485,,
2022,September,9,2022-09,DMP,Metropolitan Police,,,AL,4,15,18,14,4,173,2,4,61,175,605,6,7,1241,13,1267,2342,,
2022,September,9,2022-09,CMP,Metropolitan Police,,,AL,1,8,6,9,0,69,1,2,16,26,144,6,0,182,1,189,471,,
2022,September,9,2022-09,KMP,Metropolitan Police,,,AL,0,2,1,1,0,20,1,0,6,7,26,1,0,83,0,84,148,,
2022,September,9,2022-09,RMP,Metropolitan Police,,,AL,0,3,3,0,0,16,0,0,3,12,54,1,0,214,1,216,307,,
2022,September,9,2022-09,BMP,Metropolitan Police,,,AL,2,0,1,0,0,15,0,1,5,9,41,0,0,72,0,72,146,,
2022,September,9,2022-09,SMP,Metropolitan Police,,,AL,0,0,2,6,0,32,0,1,6,9,87,0,0,57,4,61,204,,
2022,September,9,2022-09,RPMP,Metropolitan Police,,,AL,0,0,0,2,0,12,0,0,0,12,51,0,0,34,0,34,111,,
2022,September,9,2022-09,GMP,Metropolitan Police,,,AL,3,1,3,4,0,35,1,2,4,12,68,4,1,88,0,93,226,,
2022,September,9,2022-09,Dhaka Range,Police Range,,,AL,15,31,67,32,0,310,7,5,46,128,980,13,6,902,5,926,2547,,
2022,September,9,2022-09,Mymensingh Range,Police Range,,,AL,3,3,23,3,0,222,7,3,4,50,512,2,0,314,53,369,1199,,
2022,September,9,2022-09,Chittagong Range,Police Range,,,AL,11,21,55,15,2,230,10,11,40,107,804,36,3,1105,49,1193,2499,,
2022,September,9,2022-09,Sylhet Range,Police Range,,,AL,2,2,19,3,0,109,2,3,8,59,343,1,0,203,30,234,784,,
2022,September,9,2022-09,Khulna Range,Police Range,,,AL,2,3,22,6,1,202,1,4,21,101,701,7,3,650,31,691,1755,,
2022,September,9,2022-09,Barishal Range,Police Range,,,AL,1,2,12,1,0,111,0,1,6,38,309,4,1,228,0,233,714,,
2022,September,9,2022-09,Rajshahi Range,Police Range,,,AL,2,12,30,4,0,247,4,7,9,84,654,21,4,1083,35,1143,2196,,
2022,September,9,2022-09,Rangpur Range,Police Range,,,AL,1,4,19,2,0,277,3,1,22,84,739,1,0,389,4,394,1546,,
2022,September,9,2022-09,Railway Range,Railway Police,,,AL,0,2,2,0,0,0,1,0,0,13,14,3,0,38,2,43,75,,
2022,September,9,2022-09,Total,National Total,,,AL,47,109,283,102,7,2080,40,45,257,926,6132,106,25,6883,228,7242,17270,,
2022,October,10,2022-10,DMP,Metropolitan Police,,,AL,0,9,13,31,0,158,6,7,51,119,676,5,14,1240,11,1270,2340,,
2022,October,10,2022-10,CMP,Metropolitan Police,,,AL,0,5,5,4,0,56,6,2,13,32,146,3,1,182,2,188,457,,
2022,October,10,2022-10,KMP,Metropolitan Police,,,AL,0,0,1,1,0,19,1,0,7,4,29,2,0,69,0,71,133,,
2022,October,10,2022-10,RMP,Metropolitan Police,,,AL,0,5,0,0,0,17,1,1,1,5,51,2,0,218,0,220,301,,
2022,October,10,2022-10,BMP,Metropolitan Police,,,AL,0,0,2,1,0,18,0,1,6,8,41,0,1,80,0,81,158,,
2022,October,10,2022-10,SMP,Metropolitan Police,,,AL,0,1,0,8,0,34,1,0,8,6,70,1,0,61,10,72,200,,
2022,October,10,2022-10,RPMP,Metropolitan Police,,,AL,0,0,1,0,0,23,0,0,0,22,48,0,0,27,0,27,121,,
2022,October,10,2022-10,GMP,Metropolitan Police,,,AL,0,2,6,1,0,39,6,3,2,19,75,1,1,88,2,92,245,,
2022,October,10,2022-10,Dhaka Range,Police Range,,,AL,9,24,77,33,0,320,12,9,41,126,1014,14,2,919,3,938,2603,,
2022,October,10,2022-10,Mymensingh Range,Police Range,,,AL,0,3,30,5,0,193,6,3,5,46,470,2,0,306,34,342,1103,,
2022,October,10,2022-10,Chittagong Range,Police Range,,,AL,16,20,38,9,0,214,9,12,42,88,932,26,2,988,40,1056,2436,,
2022,October,10,2022-10,Sylhet Range,Police Range,,,AL,2,2,12,4,0,89,1,4,8,32,350,1,2,175,29,207,711,,
2022,October,10,2022-10,Khulna Range,Police Range,,,AL,7,5,22,7,0,168,3,1,21,96,676,12,8,580,22,622,1628,,
2022,October,10,2022-10,Barishal Range,Police Range,,,AL,1,1,11,2,0,125,1,1,19,23,496,0,0,198,0,198,878,,
2022,October,10,2022-10,Rajshahi Range,Police Range,,,AL,3,17,35,7,0,208,2,4,13,75,657,26,3,1128,31,1188,2209,,
2022,October,10,2022-10,Rangpur Range,Police Range,,,AL,0,5,22,4,0,260,6,2,15,64,671,0,0,348,10,358,1407,,
2022,October,10,2022-10,Railway Range,Railway Police,,,AL,0,3,2,0,0,1,0,1,0,19,12,5,0,33,2,40,78,,
2022,October,10,2022-10,Total,National Total,,,AL,38,102,277,117,0,1942,61,51,252,784,6414,100,34,6640,196,6970,17008,,
2022,November,11,2022-11,DMP,Metropolitan Police,,,AL,2,13,14,10,3,142,3,5,51,134,630,3,19,1331,9,1362,2369,,
2022,November,11,2022-11,CMP,Metropolitan Police,,,AL,1,5,7,2,0,42,3,1,20,36,130,2,0,213,5,220,467,,
2022,November,11,2022-11,KMP,Metropolitan Police,,,AL,0,0,1,1,0,19,0,0,3,6,26,0,0,69,0,69,125,,
2022,November,11,2022-11,RMP,Metropolitan Police,,,AL,0,0,0,0,0,5,0,2,5,7,48,1,1,211,0,213,280,,
2022,November,11,2022-11,BMP,Metropolitan Police,,,AL,1,0,1,2,0,11,0,0,3,9,47,0,0,88,0,88,162,,
2022,November,11,2022-11,SMP,Metropolitan Police,,,AL,0,0,1,6,0,26,0,0,7,11,71,2,0,39,6,47,169,,
2022,November,11,2022-11,RPMP,Metropolitan Police,,,AL,0,0,0,0,0,13,1,0,0,20,49,0,0,27,0,27,110,,
2022,November,11,2022-11,GMP,Metropolitan Police,,,AL,1,2,5,2,0,33,5,6,2,11,80,4,1,116,2,123,270,,
2022,November,11,2022-11,Dhaka Range,Police Range,,,AL,7,30,64,22,0,260,4,14,43,105,986,17,24,944,4,989,2524,,
2022,November,11,2022-11,Mymensingh Range,Police Range,,,AL,0,2,24,3,0,159,3,2,9,45,484,3,3,382,22,410,1141,,
2022,November,11,2022-11,Chittagong Range,Police Range,,,AL,6,14,38,13,0,177,8,6,27,66,787,30,5,1077,45,1157,2299,,
2022,November,11,2022-11,Sylhet Range,Police Range,,,AL,0,3,16,5,0,62,2,5,4,51,352,1,0,141,21,163,663,,
2022,November,11,2022-11,Khulna Range,Police Range,,,AL,4,7,23,5,0,163,0,3,21,92,658,9,5,626,26,666,1642,,
2022,November,11,2022-11,Barishal Range,Police Range,,,AL,1,3,8,2,0,88,3,1,8,26,307,0,1,203,0,204,651,,
2022,November,11,2022-11,Rajshahi Range,Police Range,,,AL,5,7,28,7,0,182,1,7,14,73,691,37,43,1081,32,1193,2208,,
2022,November,11,2022-11,Rangpur Range,Police Range,,,AL,1,6,23,5,0,204,1,3,20,75,727,1,0,342,11,354,1419,,
2022,November,11,2022-11,Railway Range,Railway Police,,,AL,0,0,2,0,0,0,0,0,0,4,9,2,0,32,5,39,54,,
2022,November,11,2022-11,Total,National Total,,,AL,29,92,255,85,3,1586,34,55,237,771,6082,112,102,6922,188,7324,16553,,
2022,December,12,2022-12,DMP,Metropolitan Police,,,AL,1,14,11,10,0,105,7,10,50,95,445,3,34,961,7,1005,1753,,
2022,December,12,2022-12,CMP,Metropolitan Police,,,AL,0,5,4,3,0,28,1,2,13,36,116,4,1,173,4,182,390,,
2022,December,12,2022-12,KMP,Metropolitan Police,,,AL,1,0,4,0,0,18,0,1,5,4,39,1,0,76,0,77,149,,
2022,December,12,2022-12,RMP,Metropolitan Police,,,AL,0,0,1,0,0,16,2,0,1,4,41,0,0,206,2,208,273,,
2022,December,12,2022-12,BMP,Metropolitan Police,,,AL,0,0,0,1,0,7,1,0,4,8,38,1,1,79,0,81,140,,
2022,December,12,2022-12,SMP,Metropolitan Police,,,AL,0,0,0,6,0,12,0,3,2,6,58,0,0,42,12,54,141,,
2022,December,12,2022-12,RPMP,Metropolitan Police,,,AL,0,0,0,2,0,5,0,0,0,10,40,0,0,33,0,33,90,,
2022,December,12,2022-12,GMP,Metropolitan Police,,,AL,1,1,6,2,0,27,2,1,1,10,80,1,3,83,1,88,219,,
2022,December,12,2022-12,Dhaka Range,Police Range,,,AL,10,26,51,17,1,182,3,8,27,135,813,8,29,957,4,998,2271,,
2022,December,12,2022-12,Mymensingh Range,Police Range,,,AL,1,0,12,3,0,123,1,3,14,27,455,0,5,275,31,311,950,,
2022,December,12,2022-12,Chittagong Range,Police Range,,,AL,3,13,38,8,0,155,6,15,28,82,719,33,8,1001,40,1082,2149,,
2022,December,12,2022-12,Sylhet Range,Police Range,,,AL,1,2,11,0,0,58,1,3,3,52,313,1,0,160,19,180,624,,
2022,December,12,2022-12,Khulna Range,Police Range,,,AL,0,3,18,2,0,118,1,0,9,75,566,11,23,631,14,679,1471,,
2022,December,12,2022-12,Barishal Range,Police Range,,,AL,3,1,5,2,0,77,3,1,9,28,318,3,18,216,3,240,687,,
2022,December,12,2022-12,Rajshahi Range,Police Range,,,AL,1,6,20,4,0,135,4,2,9,59,626,32,8,940,21,1001,1867,,
2022,December,12,2022-12,Rangpur Range,Police Range,,,AL,1,2,17,4,0,136,2,7,14,64,681,0,0,405,10,415,1343,,
2022,December,12,2022-12,Railway Range,Railway Police,,,AL,0,1,2,0,0,0,0,0,0,8,9,0,0,29,1,30,50,,
2022,December,12,2022-12,Total,National Total,,,AL,23,74,200,64,1,1202,34,56,189,703,5357,98,130,6267,169,6664,14567,,
2022,Annual (Jan-Dec),,2022-FY,DMP,Metropolitan Police,,,AL,27,145,172,165,8,2012,49,88,713,1603,7367,70,126,16035,169,16400,28749,,
2022,Annual (Jan-Dec),,2022-FY,CMP,Metropolitan Police,,,AL,6,79,60,123,0,701,26,22,172,377,1953,134,6,2102,32,2274,5793,,
2022,Annual (Jan-Dec),,2022-FY,KMP,Metropolitan Police,,,AL,2,3,19,5,0,190,4,3,45,58,354,13,3,968,2,986,1669,,
2022,Annual (Jan-Dec),,2022-FY,RMP,Metropolitan Police,,,AL,1,31,26,8,0,180,8,7,36,91,545,11,2,2658,29,2700,3633,,
2022,Annual (Jan-Dec),,2022-FY,BMP,Metropolitan Police,,,AL,5,6,15,9,0,166,3,8,54,106,481,7,3,1033,0,1043,1896,,
2022,Annual (Jan-Dec),,2022-FY,SMP,Metropolitan Police,,,AL,0,9,19,69,0,309,1,14,55,125,935,10,0,714,61,785,2321,,
2022,Annual (Jan-Dec),,2022-FY,RPMP,Metropolitan Police,,,AL,0,0,4,13,0,174,3,1,6,183,675,1,0,424,0,425,1484,,
2022,Annual (Jan-Dec),,2022-FY,GMP,Metropolitan Police,,,AL,23,31,57,25,0,424,31,16,26,140,844,25,7,1004,6,1042,2659,,
2022,Annual (Jan-Dec),,2022-FY,Dhaka Range,Police Range,,,AL,154,308,762,294,1,3479,95,118,523,1574,12509,191,102,10230,34,10557,30374,,
2022,Annual (Jan-Dec),,2022-FY,Mymensingh Range,Police Range,,,AL,13,33,244,89,0,2172,49,32,74,562,6600,23,8,3680,355,4066,13934,,
2022,Annual (Jan-Dec),,2022-FY,Chittagong Range,Police Range,,,AL,72,171,521,115,3,2486,76,118,386,1111,10629,553,34,13357,366,14310,29998,,
2022,Annual (Jan-Dec),,2022-FY,Sylhet Range,Police Range,,,AL,15,30,193,23,0,976,13,34,60,510,4232,13,6,2080,248,2347,8433,,
2022,Annual (Jan-Dec),,2022-FY,Khulna Range,Police Range,,,AL,33,66,291,54,1,1932,18,28,200,970,8090,131,61,7526,206,7924,19607,,
2022,Annual (Jan-Dec),,2022-FY,Barishal Range,Police Range,,,AL,23,37,122,29,0,1283,15,21,138,314,4374,24,21,2818,7,2870,9226,,
2022,Annual (Jan-Dec),,2022-FY,Rajshahi Range,Police Range,,,AL,20,113,350,79,0,2624,26,59,118,872,8056,306,82,13205,644,14237,26554,,
2022,Annual (Jan-Dec),,2022-FY,Rangpur Range,Police Range,,,AL,12,47,254,32,0,2646,40,30,204,850,8416,18,1,4459,105,4583,17114,,
2022,Annual (Jan-Dec),,2022-FY,Railway Range,Railway Police,,,AL,0,19,17,0,0,12,3,2,0,145,174,10,0,382,22,414,786,,
2022,Annual (Jan-Dec),,2022-FY,Total,National Total,,,AL,406,1128,3126,1132,13,21766,460,601,2810,9591,76234,1540,462,82675,2286,86963,204230,,
2023,January,1,2023-01,DMP,Metropolitan Police,,,AL,0,19,9,23,1,122,4,4,42,122,540,7,12,1303,10,1332,2218,,
2023,January,1,2023-01,CMP,Metropolitan Police,,,AL,1,10,5,2,0,29,3,6,11,29,117,1,2,233,2,238,451,,
2023,January,1,2023-01,KMP,Metropolitan Police,,,AL,1,0,1,0,0,24,1,0,2,6,30,2,0,87,1,90,155,,
2023,January,1,2023-01,RMP,Metropolitan Police,,,AL,0,5,2,0,0,16,1,0,2,8,49,1,5,172,0,178,261,,
2023,January,1,2023-01,BMP,Metropolitan Police,,,AL,1,0,0,0,0,15,0,1,5,13,38,0,0,74,0,74,147,,
2023,January,1,2023-01,SMP,Metropolitan Police,,,AL,0,2,0,5,0,10,0,0,3,11,55,0,0,47,17,64,150,,
2023,January,1,2023-01,RPMP,Metropolitan Police,,,AL,0,0,0,0,0,12,0,0,0,18,46,1,0,29,0,30,106,,
2023,January,1,2023-01,GMP,Metropolitan Police,,,AL,1,2,4,4,0,26,2,3,1,6,76,1,1,78,0,80,205,,
2023,January,1,2023-01,Dhaka Range,Police Range,,,AL,12,25,48,21,0,221,5,9,30,117,879,17,0,961,8,986,2353,,
2023,January,1,2023-01,Mymensingh Range,Police Range,,,AL,0,2,14,7,0,108,1,0,7,44,478,3,7,300,37,347,1008,,
2023,January,1,2023-01,Chittagong Range,Police Range,,,AL,6,16,43,5,0,134,6,8,36,100,693,37,2,1082,50,1171,2218,,
2023,January,1,2023-01,Sylhet Range,Police Range,,,AL,0,5,15,5,0,45,0,3,1,51,334,0,1,190,36,227,686,,
2023,January,1,2023-01,Khulna Range,Police Range,,,AL,3,4,15,4,0,121,2,0,10,76,587,6,1,686,18,711,1533,,
2023,January,1,2023-01,Barishal Range,Police Range,,,AL,2,2,13,3,0,78,1,2,8,26,326,2,0,248,1,251,712,,
2023,January,1,2023-01,Rajshahi Range,Police Range,,,AL,0,11,22,4,0,146,2,0,12,78,582,29,0,1062,30,1121,1978,,
2023,January,1,2023-01,Rangpur Range,Police Range,,,AL,0,3,23,1,0,157,3,0,21,64,695,0,0,389,11,400,1367,,
2023,January,1,2023-01,Railway Range,Railway Police,,,AL,0,1,0,0,0,1,0,0,0,15,9,3,0,27,3,33,59,,
2023,January,1,2023-01,Total,National Total,,,AL,27,107,214,84,1,1265,31,36,191,784,5534,110,31,6968,224,7333,15607,,
2023,February,2,2023-02,DMP,Metropolitan Police,,,AL,2,15,18,9,0,126,2,6,46,108,620,10,10,1139,8,1167,2119,,
2023,February,2,2023-02,CMP,Metropolitan Police,,,AL,0,4,6,7,0,39,1,3,5,23,127,0,1,235,2,238,453,,
2023,February,2,2023-02,KMP,Metropolitan Police,,,AL,0,1,0,0,0,17,0,1,2,3,32,1,1,60,0,62,118,,
2023,February,2,2023-02,RMP,Metropolitan Police,,,AL,0,2,2,0,0,19,3,0,2,9,54,1,5,134,0,140,231,,
2023,February,2,2023-02,BMP,Metropolitan Police,,,AL,1,0,2,0,0,16,1,0,5,2,37,0,0,69,0,69,133,,
2023,February,2,2023-02,SMP,Metropolitan Police,,,AL,0,0,3,9,0,11,0,3,2,14,54,0,0,50,6,56,152,,
2023,February,2,2023-02,RPMP,Metropolitan Police,,,AL,0,0,0,1,0,13,0,0,0,8,53,0,0,32,0,32,107,,
2023,February,2,2023-02,GMP,Metropolitan Police,,,AL,2,7,4,4,0,32,1,2,3,13,88,0,1,96,2,99,255,,
2023,February,2,2023-02,Dhaka Range,Police Range,,,AL,9,21,45,17,0,235,5,13,29,115,917,13,3,935,3,954,2360,,
2023,February,2,2023-02,Mymensingh Range,Police Range,,,AL,0,2,16,6,0,98,4,4,4,35,543,2,5,290,33,330,1042,,
2023,February,2,2023-02,Chittagong Range,Police Range,,,AL,3,12,45,10,0,142,3,9,32,96,796,36,2,920,26,984,2132,,
2023,February,2,2023-02,Sylhet Range,Police Range,,,AL,1,4,8,5,0,56,2,4,3,48,309,1,0,147,37,185,625,,
2023,February,2,2023-02,Khulna Range,Police Range,,,AL,1,10,16,19,0,109,2,4,13,72,575,17,14,676,24,731,1552,,
2023,February,2,2023-02,Barishal Range,Police Range,,,AL,1,2,8,2,0,65,0,1,9,15,313,2,2,204,1,209,625,,
2023,February,2,2023-02,Rajshahi Range,Police Range,,,AL,1,10,25,3,0,150,0,3,5,73,659,23,5,996,36,1060,1989,,
2023,February,2,2023-02,Rangpur Range,Police Range,,,AL,0,2,22,3,0,166,2,3,8,72,675,0,0,374,10,384,1337,,
2023,February,2,2023-02,Railway Range,Railway Police,,,AL,0,5,2,0,0,1,0,0,0,19,21,3,0,22,2,27,75,,
2023,February,2,2023-02,Total,National Total,,,AL,21,97,222,95,0,1295,26,56,168,725,5873,109,49,6379,190,6727,15305,,
2023,March,3,2023-03,DMP,Metropolitan Police,,,AL,4,14,12,12,0,146,2,7,34,126,656,8,8,1233,13,1262,2275,,
2023,March,3,2023-03,CMP,Metropolitan Police,,,AL,0,12,4,12,0,57,3,0,13,35,159,4,0,226,3,233,528,,
2023,March,3,2023-03,KMP,Metropolitan Police,,,AL,0,1,1,0,0,23,0,0,5,11,31,1,1,76,2,80,152,,
2023,March,3,2023-03,RMP,Metropolitan Police,,,AL,0,7,1,0,0,16,1,1,2,11,53,2,3,110,0,115,207,,
2023,March,3,2023-03,BMP,Metropolitan Police,,,AL,0,3,1,2,0,13,0,0,4,7,47,1,0,74,1,76,153,,
2023,March,3,2023-03,SMP,Metropolitan Police,,,AL,0,3,2,11,0,19,0,1,7,19,66,0,0,42,11,53,181,,
2023,March,3,2023-03,RPMP,Metropolitan Police,,,AL,0,0,0,2,0,14,0,0,0,12,53,0,0,30,0,30,111,,
2023,March,3,2023-03,GMP,Metropolitan Police,,,AL,2,1,8,3,0,23,3,3,1,4,75,0,1,85,2,88,211,,
2023,March,3,2023-03,Dhaka Range,Police Range,,,AL,12,22,54,18,0,293,2,9,38,118,1113,24,0,1041,3,1068,2747,,
2023,March,3,2023-03,Mymensingh Range,Police Range,,,AL,1,1,20,4,0,144,4,1,3,42,526,1,3,313,25,342,1088,,
2023,March,3,2023-03,Chittagong Range,Police Range,,,AL,4,21,54,10,0,170,11,6,24,63,927,38,1,1081,55,1175,2465,,
2023,March,3,2023-03,Sylhet Range,Police Range,,,AL,2,2,21,1,0,53,2,2,7,66,418,1,0,180,24,205,779,,
2023,March,3,2023-03,Khulna Range,Police Range,,,AL,1,7,22,12,0,168,2,3,16,83,738,7,1,705,17,730,1782,,
2023,March,3,2023-03,Barishal Range,Police Range,,,AL,1,3,13,4,0,92,0,5,10,34,364,1,0,201,0,202,728,,
2023,March,3,2023-03,Rajshahi Range,Police Range,,,AL,2,9,26,6,0,209,2,3,10,90,684,37,4,1133,51,1225,2266,,
2023,March,3,2023-03,Rangpur Range,Police Range,,,AL,1,4,27,2,0,212,5,6,11,59,760,2,7,424,7,440,1527,,
2023,March,3,2023-03,Railway Range,Railway Police,,,AL,0,1,2,0,0,0,1,0,0,17,15,1,0,22,3,26,62,,
2023,March,3,2023-03,Total,National Total,,,AL,30,111,268,99,0,1652,38,47,185,797,6685,128,29,6976,217,7350,17262,,
2023,April,4,2023-04,DMP,Metropolitan Police,,,AL,4,13,12,11,0,133,9,5,54,130,527,2,6,969,13,990,1888,,
2023,April,4,2023-04,CMP,Metropolitan Police,,,AL,0,10,5,12,0,50,4,0,15,36,175,2,1,208,5,216,523,,
2023,April,4,2023-04,KMP,Metropolitan Police,,,AL,0,1,2,0,0,24,0,0,5,5,33,0,0,58,0,58,128,,
2023,April,4,2023-04,RMP,Metropolitan Police,,,AL,0,4,1,0,0,25,0,4,3,5,43,1,0,94,1,96,181,,
2023,April,4,2023-04,BMP,Metropolitan Police,,,AL,0,0,3,0,0,15,0,0,4,5,48,0,0,68,0,68,143,,
2023,April,4,2023-04,SMP,Metropolitan Police,,,AL,0,0,1,14,0,19,0,1,5,16,87,0,0,49,9,58,201,,
2023,April,4,2023-04,RPMP,Metropolitan Police,,,AL,0,0,2,3,0,7,0,1,0,10,51,0,0,24,0,24,98,,
2023,April,4,2023-04,GMP,Metropolitan Police,,,AL,1,5,7,0,0,21,2,1,0,9,70,1,1,76,0,78,194,,
2023,April,4,2023-04,Dhaka Range,Police Range,,,AL,6,35,68,27,0,276,4,7,23,113,1208,22,1,949,5,977,2744,,
2023,April,4,2023-04,Mymensingh Range,Police Range,,,AL,0,3,25,10,0,103,2,0,3,44,684,4,3,291,35,333,1207,,
2023,April,4,2023-04,Chittagong Range,Police Range,,,AL,4,18,56,6,0,165,3,8,31,77,1064,49,1,908,36,994,2426,,
2023,April,4,2023-04,Sylhet Range,Police Range,,,AL,0,6,33,1,0,53,2,4,1,59,493,1,0,152,17,170,822,,
2023,April,4,2023-04,Khulna Range,Police Range,,,AL,3,9,22,8,0,122,5,1,12,94,745,5,3,610,20,638,1659,,
2023,April,4,2023-04,Barishal Range,Police Range,,,AL,1,2,10,1,0,72,2,4,6,21,435,1,1,191,0,193,747,,
2023,April,4,2023-04,Rajshahi Range,Police Range,,,AL,1,10,28,13,0,166,3,1,7,74,786,30,6,889,29,954,2043,,
2023,April,4,2023-04,Rangpur Range,Police Range,,,AL,0,0,21,3,0,197,3,2,14,67,880,0,0,403,9,412,1599,,
2023,April,4,2023-04,Railway Range,Railway Police,,,AL,0,2,0,0,0,0,0,0,0,11,8,1,0,18,1,20,41,,
2023,April,4,2023-04,Total,National Total,,,AL,20,118,296,109,0,1448,39,39,183,776,7337,119,23,5957,180,6279,16644,,
2023,May,5,2023-05,DMP,Metropolitan Police,,,AL,4,11,9,15,3,158,6,6,45,124,682,4,11,1155,9,1179,2242,,
2023,May,5,2023-05,CMP,Metropolitan Police,,,AL,1,12,4,8,0,56,2,3,11,41,156,4,0,227,4,235,529,,
2023,May,5,2023-05,KMP,Metropolitan Police,,,AL,1,0,0,2,0,32,0,0,8,9,35,0,0,61,0,61,148,,
2023,May,5,2023-05,RMP,Metropolitan Police,,,AL,0,6,0,0,0,15,1,5,4,8,63,2,10,118,0,130,232,,
2023,May,5,2023-05,BMP,Metropolitan Police,,,AL,1,0,1,1,0,21,0,0,5,7,47,0,1,66,0,67,150,,
2023,May,5,2023-05,SMP,Metropolitan Police,,,AL,0,1,0,12,0,28,1,3,3,19,78,1,0,49,12,62,207,,
2023,May,5,2023-05,RPMP,Metropolitan Police,,,AL,0,0,3,1,0,9,0,0,0,11,46,0,0,32,0,32,102,,
2023,May,5,2023-05,GMP,Metropolitan Police,,,AL,0,2,9,0,0,17,0,0,3,4,50,0,0,61,0,61,146,,
2023,May,5,2023-05,Dhaka Range,Police Range,,,AL,13,17,67,16,0,366,10,11,34,99,1164,26,2,1122,1,1151,2948,,
2023,May,5,2023-05,Mymensingh Range,Police Range,,,AL,0,2,14,10,0,153,8,0,6,57,615,3,8,340,23,374,1239,,
2023,May,5,2023-05,Chittagong Range,Police Range,,,AL,6,19,42,7,0,214,12,12,34,89,1104,45,1,1052,37,1135,2674,,
2023,May,5,2023-05,Sylhet Range,Police Range,,,AL,1,2,15,3,0,84,0,1,4,57,434,2,0,178,38,218,819,,
2023,May,5,2023-05,Khulna Range,Police Range,,,AL,1,7,25,9,0,170,4,1,16,83,756,7,2,683,17,709,1781,,
2023,May,5,2023-05,Barishal Range,Police Range,,,AL,1,2,13,1,0,109,0,3,8,28,446,5,0,242,0,247,858,,
2023,May,5,2023-05,Rajshahi Range,Police Range,,,AL,3,12,23,10,0,227,2,5,6,83,738,50,5,999,34,1088,2197,,
2023,May,5,2023-05,Rangpur Range,Police Range,,,AL,3,1,21,2,0,207,3,5,9,73,867,2,0,420,10,432,1623,,
2023,May,5,2023-05,Railway Range,Railway Police,,,AL,0,1,0,2,0,1,0,0,0,15,6,0,0,22,1,23,48,,
2023,May,5,2023-05,Total,National Total,,,AL,35,95,246,99,3,1867,49,55,196,807,7287,151,40,6827,186,7204,17943,,
2023,June,6,2023-06,DMP,Metropolitan Police,,,AL,4,25,24,16,0,136,7,8,36,134,627,3,3,1066,6,1078,2095,,
2023,June,6,2023-06,CMP,Metropolitan Police,,,AL,0,9,5,8,0,40,1,0,15,36,147,2,0,202,6,210,471,,
2023,June,6,2023-06,KMP,Metropolitan Police,,,AL,0,2,2,1,0,26,0,0,6,7,34,0,0,45,0,45,123,,
2023,June,6,2023-06,RMP,Metropolitan Police,,,AL,0,1,1,0,0,16,2,0,3,3,44,1,0,51,1,53,123,,
2023,June,6,2023-06,BMP,Metropolitan Police,,,AL,0,0,2,1,0,11,0,0,5,5,47,0,0,53,0,53,124,,
2023,June,6,2023-06,SMP,Metropolitan Police,,,AL,0,0,5,13,0,13,0,3,4,10,67,0,0,32,3,35,150,,
2023,June,6,2023-06,RPMP,Metropolitan Police,,,AL,0,0,0,0,0,13,0,0,0,8,44,0,0,32,1,33,98,,
2023,June,6,2023-06,GMP,Metropolitan Police,,,AL,1,3,10,0,0,22,3,1,2,7,94,1,0,81,1,83,226,,
2023,June,6,2023-06,Dhaka Range,Police Range,,,AL,11,24,54,22,0,334,10,5,35,136,1075,10,0,970,6,986,2692,,
2023,June,6,2023-06,Mymensingh Range,Police Range,,,AL,0,1,11,8,0,174,1,2,8,48,497,0,4,303,42,349,1099,,
2023,June,6,2023-06,Chittagong Range,Police Range,,,AL,2,16,60,7,0,184,9,9,32,94,1027,36,3,975,32,1046,2486,,
2023,June,6,2023-06,Sylhet Range,Police Range,,,AL,0,0,17,5,0,67,1,4,3,63,363,0,0,116,29,145,668,,
2023,June,6,2023-06,Khulna Range,Police Range,,,AL,5,5,26,8,0,197,2,4,13,80,735,12,2,689,14,717,1792,,
2023,June,6,2023-06,Barishal Range,Police Range,,,AL,1,3,3,4,0,138,0,2,11,33,360,2,1,204,0,207,762,,
2023,June,6,2023-06,Rajshahi Range,Police Range,,,AL,1,9,26,8,0,208,4,2,4,74,777,28,5,935,37,1005,2118,,
2023,June,6,2023-06,Rangpur Range,Police Range,,,AL,2,6,25,3,0,251,1,2,16,77,793,1,0,329,9,339,1515,,
2023,June,6,2023-06,Railway Range,Railway Police,,,AL,0,1,1,0,0,0,0,0,0,16,13,1,0,12,0,13,44,,
2023,June,6,2023-06,Total,National Total,,,AL,27,105,272,104,0,1830,41,42,193,831,6744,97,18,6095,187,6397,16586,,
2023,July,7,2023-07,DMP,Metropolitan Police,,,AL,6,12,19,33,2,134,2,12,48,103,728,5,10,1143,9,1167,2266,,
2023,July,7,2023-07,CMP,Metropolitan Police,,,AL,1,12,2,6,0,53,6,2,13,20,111,1,0,196,2,199,425,,
2023,July,7,2023-07,KMP,Metropolitan Police,,,AL,1,0,5,0,0,29,0,0,7,16,47,0,0,71,0,71,176,,
2023,July,7,2023-07,RMP,Metropolitan Police,,,AL,0,3,3,0,0,11,0,0,3,14,41,0,2,102,0,104,179,,
2023,July,7,2023-07,BMP,Metropolitan Police,,,AL,0,1,3,2,0,22,0,0,3,5,60,0,0,86,0,86,182,,
2023,July,7,2023-07,SMP,Metropolitan Police,,,AL,0,1,0,10,0,16,1,0,5,13,74,1,0,53,13,67,187,,
2023,July,7,2023-07,RPMP,Metropolitan Police,,,AL,0,0,0,0,0,13,2,1,0,8,41,3,0,63,0,66,131,,
2023,July,7,2023-07,GMP,Metropolitan Police,,,AL,2,6,14,0,0,26,6,0,4,12,66,2,0,86,0,88,224,,
2023,July,7,2023-07,Dhaka Range,Police Range,,,AL,15,15,58,20,0,318,3,10,41,126,1117,14,3,1063,1,1081,2804,,
2023,July,7,2023-07,Mymensingh Range,Police Range,,,AL,0,4,19,2,0,172,4,2,5,44,523,2,2,296,40,340,1115,,
2023,July,7,2023-07,Chittagong Range,Police Range,,,AL,7,15,63,6,0,202,7,9,48,96,1044,34,15,1079,27,1155,2652,,
2023,July,7,2023-07,Sylhet Range,Police Range,,,AL,0,4,23,4,0,56,1,2,2,41,357,1,0,152,38,191,681,,
2023,July,7,2023-07,Khulna Range,Police Range,,,AL,2,4,27,3,1,148,1,0,20,89,693,10,3,714,13,740,1728,,
2023,July,7,2023-07,Barishal Range,Police Range,,,AL,2,1,5,1,0,123,2,4,14,29,399,2,3,237,1,243,823,,
2023,July,7,2023-07,Rajshahi Range,Police Range,,,AL,1,10,25,6,0,228,2,3,12,90,833,50,5,1134,41,1230,2440,,
2023,July,7,2023-07,Rangpur Range,Police Range,,,AL,2,3,28,1,0,242,2,2,14,82,918,1,0,375,6,382,1676,,
2023,July,7,2023-07,Railway Range,Railway Police,,,AL,0,3,2,0,0,1,0,0,0,14,14,1,0,13,1,15,49,,
2023,July,7,2023-07,Total,National Total,,,AL,39,94,296,94,3,1794,39,47,239,802,7066,127,43,6863,192,7225,17738,,
2023,August,8,2023-08,DMP,Metropolitan Police,,,AL,1,13,10,18,0,157,8,9,53,153,704,3,0,1184,14,1201,2327,,
2023,August,8,2023-08,CMP,Metropolitan Police,,,AL,0,10,2,9,0,49,3,3,21,48,117,5,1,229,6,241,503,,
2023,August,8,2023-08,KMP,Metropolitan Police,,,AL,0,0,2,2,0,26,0,1,7,9,39,5,0,113,0,118,204,,
2023,August,8,2023-08,RMP,Metropolitan Police,,,AL,0,1,1,0,0,19,4,0,5,14,52,1,6,127,1,135,231,,
2023,August,8,2023-08,BMP,Metropolitan Police,,,AL,1,0,2,0,0,17,0,0,6,5,44,0,1,78,0,79,154,,
2023,August,8,2023-08,SMP,Metropolitan Police,,,AL,0,1,1,10,0,19,0,3,6,13,67,0,1,35,20,56,176,,
2023,August,8,2023-08,RPMP,Metropolitan Police,,,AL,0,0,0,0,0,11,0,1,0,9,55,1,0,66,0,67,143,,
2023,August,8,2023-08,GMP,Metropolitan Police,,,AL,2,7,7,0,0,40,2,1,4,19,94,2,0,113,1,116,292,,
2023,August,8,2023-08,Dhaka Range,Police Range,,,AL,8,20,55,19,0,298,4,5,42,117,1082,10,5,1124,3,1142,2792,,
2023,August,8,2023-08,Mymensingh Range,Police Range,,,AL,0,0,13,7,0,204,1,1,6,64,528,0,26,251,37,314,1138,,
2023,August,8,2023-08,Chittagong Range,Police Range,,,AL,3,22,50,1,0,173,9,15,39,102,942,39,0,1059,25,1123,2479,,
2023,August,8,2023-08,Sylhet Range,Police Range,,,AL,2,1,14,3,0,79,3,1,4,52,320,2,1,131,91,225,704,,
2023,August,8,2023-08,Khulna Range,Police Range,,,AL,2,6,24,4,0,164,2,2,25,77,631,12,2,708,20,742,1679,,
2023,August,8,2023-08,Barishal Range,Police Range,,,AL,1,4,11,3,0,142,0,1,16,28,355,2,0,228,0,230,791,,
2023,August,8,2023-08,Rajshahi Range,Police Range,,,AL,1,16,38,10,0,218,4,1,19,89,729,48,5,1092,49,1194,2319,,
2023,August,8,2023-08,Rangpur Range,Police Range,,,AL,0,1,20,4,0,234,0,0,16,76,826,1,0,536,7,544,1721,,
2023,August,8,2023-08,Railway Range,Railway Police,,,AL,1,2,3,0,0,1,0,0,0,14,7,2,0,16,0,18,46,,
2023,August,8,2023-08,Total,National Total,,,AL,22,104,253,90,0,1851,40,44,269,889,6592,133,48,7090,274,7545,17699,,
2023,September,9,2023-09,DMP,Metropolitan Police,,,AL,0,20,12,9,2,141,3,5,53,124,624,5,5,1141,16,1167,2160,,
2023,September,9,2023-09,CMP,Metropolitan Police,,,AL,0,12,6,11,0,33,4,1,15,37,143,2,0,199,4,205,467,,
2023,September,9,2023-09,KMP,Metropolitan Police,,,AL,0,0,1,0,0,39,1,0,1,8,34,4,0,92,0,96,180,,
2023,September,9,2023-09,RMP,Metropolitan Police,,,AL,0,3,2,0,0,12,1,0,6,14,45,2,2,77,0,81,164,,
2023,September,9,2023-09,BMP,Metropolitan Police,,,AL,0,1,0,3,0,15,0,1,7,7,41,0,1,94,0,95,170,,
2023,September,9,2023-09,SMP,Metropolitan Police,,,AL,2,1,2,12,0,17,1,4,3,17,58,0,0,41,15,56,173,,
2023,September,9,2023-09,RPMP,Metropolitan Police,,,AL,0,0,1,0,0,10,0,0,0,9,37,0,0,42,1,43,100,,
2023,September,9,2023-09,GMP,Metropolitan Police,,,AL,0,3,11,0,0,27,5,3,3,9,72,1,0,103,1,105,238,,
2023,September,9,2023-09,Dhaka Range,Police Range,,,AL,12,19,54,26,0,275,8,8,39,112,975,7,8,1016,8,1039,2567,,
2023,September,9,2023-09,Mymensingh Range,Police Range,,,AL,0,3,15,2,0,189,4,1,8,38,497,1,19,260,46,326,1083,,
2023,September,9,2023-09,Chittagong Range,Police Range,,,AL,3,15,52,6,0,185,9,7,30,107,845,49,2,1007,40,1098,2357,,
2023,September,9,2023-09,Sylhet Range,Police Range,,,AL,1,5,14,3,0,62,0,4,6,42,290,1,0,139,96,236,663,,
2023,September,9,2023-09,Khulna Range,Police Range,,,AL,1,4,15,6,0,154,3,5,13,86,561,11,4,806,16,837,1685,,
2023,September,9,2023-09,Barishal Range,Police Range,,,AL,1,3,12,5,0,130,1,1,15,23,338,4,2,196,2,204,733,,
2023,September,9,2023-09,Rajshahi Range,Police Range,,,AL,1,12,23,14,0,214,6,2,12,93,683,42,3,1035,53,1133,2193,,
2023,September,9,2023-09,Rangpur Range,Police Range,,,AL,0,3,16,2,0,194,4,5,19,81,723,3,0,453,9,465,1512,,
2023,September,9,2023-09,Railway Range,Railway Police,,,AL,0,2,2,0,0,2,0,1,0,23,4,0,0,20,0,20,54,,
2023,September,9,2023-09,Total,National Total,,,AL,21,106,238,99,2,1699,50,48,230,830,5970,132,46,6721,307,7206,16499,,
2023,October,10,2023-10,DMP,Metropolitan Police,,,AL,3,20,19,8,7,128,6,11,38,136,682,6,17,844,13,880,1938,,
2023,October,10,2023-10,CMP,Metropolitan Police,,,AL,0,2,1,3,0,41,2,2,14,29,124,3,1,207,1,212,430,,
2023,October,10,2023-10,KMP,Metropolitan Police,,,AL,0,1,2,2,0,30,0,0,5,8,48,5,0,137,0,142,238,,
2023,October,10,2023-10,RMP,Metropolitan Police,,,AL,0,3,4,0,0,14,4,2,3,15,53,4,6,123,1,134,232,,
2023,October,10,2023-10,BMP,Metropolitan Police,,,AL,0,0,0,1,0,16,0,0,2,6,59,1,0,71,0,72,156,,
2023,October,10,2023-10,SMP,Metropolitan Police,,,AL,0,0,1,7,1,22,0,3,6,20,64,0,0,30,8,38,162,,
2023,October,10,2023-10,RPMP,Metropolitan Police,,,AL,0,0,2,0,0,13,0,0,0,14,48,2,0,52,0,54,131,,
2023,October,10,2023-10,GMP,Metropolitan Police,,,AL,1,2,9,2,0,26,5,2,3,13,85,0,0,118,2,120,268,,
2023,October,10,2023-10,Dhaka Range,Police Range,,,AL,7,28,54,19,0,221,5,12,47,113,1012,9,34,812,0,855,2373,,
2023,October,10,2023-10,Mymensingh Range,Police Range,,,AL,0,1,19,3,0,197,3,0,13,49,408,0,12,211,45,268,961,,
2023,October,10,2023-10,Chittagong Range,Police Range,,,AL,1,23,50,1,2,160,10,27,44,114,993,47,18,882,29,976,2401,,
2023,October,10,2023-10,Sylhet Range,Police Range,,,AL,1,2,10,5,0,55,1,8,5,60,317,0,1,98,71,170,634,,
2023,October,10,2023-10,Khulna Range,Police Range,,,AL,2,3,22,3,0,150,5,0,9,82,615,9,13,668,15,705,1596,,
2023,October,10,2023-10,Barishal Range,Police Range,,,AL,5,2,10,4,0,131,1,2,11,22,493,2,7,187,0,196,877,,
2023,October,10,2023-10,Rajshahi Range,Police Range,,,AL,2,13,34,3,0,202,3,3,11,90,657,38,44,989,34,1105,2123,,
2023,October,10,2023-10,Rangpur Range,Police Range,,,AL,0,3,20,4,0,214,3,5,13,73,636,2,3,434,5,444,1415,,
2023,October,10,2023-10,Railway Range,Railway Police,,,AL,0,3,1,0,2,1,0,0,0,24,6,1,0,16,0,17,54,,
2023,October,10,2023-10,Total,National Total,,,AL,22,106,258,65,12,1621,48,77,224,868,6300,129,156,5879,224,6388,15989,,
2023,November,11,2023-11,DMP,Metropolitan Police,,,AL,2,14,17,19,5,118,2,5,56,121,555,2,26,661,11,700,1614,,
2023,November,11,2023-11,CMP,Metropolitan Police,,,AL,0,2,6,3,0,42,3,3,8,29,122,2,1,177,0,180,398,,
2023,November,11,2023-11,KMP,Metropolitan Police,,,AL,0,1,1,0,0,10,1,1,3,17,37,0,0,93,0,93,164,,
2023,November,11,2023-11,RMP,Metropolitan Police,,,AL,0,2,1,0,1,13,0,8,7,11,55,4,16,94,1,115,213,,
2023,November,11,2023-11,BMP,Metropolitan Police,,,AL,0,1,1,1,1,19,0,0,1,2,43,0,1,58,0,59,128,,
2023,November,11,2023-11,SMP,Metropolitan Police,,,AL,0,2,2,4,0,16,0,6,3,15,71,0,8,28,5,41,160,,
2023,November,11,2023-11,RPMP,Metropolitan Police,,,AL,0,0,0,1,0,9,2,0,0,10,47,0,0,33,0,33,102,,
2023,November,11,2023-11,GMP,Metropolitan Police,,,AL,0,2,4,0,0,22,2,5,4,10,75,0,10,58,0,68,192,,
2023,November,11,2023-11,Dhaka Range,Police Range,,,AL,14,19,51,26,0,258,10,15,34,93,922,8,23,666,6,703,2145,,
2023,November,11,2023-11,Mymensingh Range,Police Range,,,AL,0,2,10,3,0,144,3,1,10,37,408,3,8,164,28,203,821,,
2023,November,11,2023-11,Chittagong Range,Police Range,,,AL,3,14,54,7,0,125,8,17,34,84,821,50,41,707,25,823,1990,,
2023,November,11,2023-11,Sylhet Range,Police Range,,,AL,2,3,6,3,0,51,0,3,2,44,290,1,6,90,45,142,546,,
2023,November,11,2023-11,Khulna Range,Police Range,,,AL,0,6,16,6,0,113,1,1,14,51,540,10,21,529,18,578,1326,,
2023,November,11,2023-11,Barishal Range,Police Range,,,AL,2,1,9,5,0,119,0,1,14,11,338,6,20,163,0,189,689,,
2023,November,11,2023-11,Rajshahi Range,Police Range,,,AL,2,5,26,10,0,178,1,7,4,57,597,21,51,793,28,893,1780,,
2023,November,11,2023-11,Rangpur Range,Police Range,,,AL,0,3,22,1,0,189,0,6,11,55,675,1,3,376,10,390,1352,,
2023,November,11,2023-11,Railway Range,Railway Police,,,AL,0,2,1,0,0,0,0,0,0,17,25,2,0,14,0,16,61,,
2023,November,11,2023-11,Total,National Total,,,AL,25,79,227,89,7,1426,33,79,205,664,5621,110,235,4704,177,5226,13681,,
2023,December,12,2023-12,DMP,Metropolitan Police,,,AL,4,23,4,16,0,103,10,5,42,130,584,3,19,951,13,986,1907,,
2023,December,12,2023-12,CMP,Metropolitan Police,,,AL,0,10,7,5,0,24,0,2,10,44,109,4,1,248,1,254,465,,
2023,December,12,2023-12,KMP,Metropolitan Police,,,AL,0,0,0,2,0,16,0,0,4,11,28,4,0,137,0,141,202,,
2023,December,12,2023-12,RMP,Metropolitan Police,,,AL,0,2,2,1,0,14,0,2,2,8,42,2,2,193,1,198,271,,
2023,December,12,2023-12,BMP,Metropolitan Police,,,AL,0,0,1,1,0,17,0,0,3,8,32,0,0,42,0,42,104,,
2023,December,12,2023-12,SMP,Metropolitan Police,,,AL,0,0,1,1,0,17,0,1,4,15,54,0,0,39,7,46,139,,
2023,December,12,2023-12,RPMP,Metropolitan Police,,,AL,0,0,0,0,0,8,0,1,0,4,36,0,2,70,0,72,121,,
2023,December,12,2023-12,GMP,Metropolitan Police,,,AL,2,4,7,3,0,37,0,1,8,9,71,0,0,103,0,103,245,,
2023,December,12,2023-12,Dhaka Range,Police Range,,,AL,11,18,62,17,0,196,4,11,37,91,905,7,5,801,4,817,2169,,
2023,December,12,2023-12,Mymensingh Range,Police Range,,,AL,0,3,20,4,0,112,1,0,5,45,369,1,1,163,27,192,751,,
2023,December,12,2023-12,Chittagong Range,Police Range,,,AL,6,21,53,5,0,166,4,5,38,93,778,61,8,873,26,968,2137,,
2023,December,12,2023-12,Sylhet Range,Police Range,,,AL,2,4,10,0,0,42,3,2,4,46,279,1,0,104,26,131,523,,
2023,December,12,2023-12,Khulna Range,Police Range,,,AL,0,2,11,5,0,82,1,2,12,53,534,7,1,597,9,614,1316,,
2023,December,12,2023-12,Barishal Range,Police Range,,,AL,1,3,9,8,0,102,2,1,9,25,345,3,0,186,0,189,694,,
2023,December,12,2023-12,Rajshahi Range,Police Range,,,AL,2,4,24,6,0,143,2,3,8,61,651,22,19,997,22,1060,1964,,
2023,December,12,2023-12,Rangpur Range,Police Range,,,AL,2,6,22,3,0,114,2,1,14,47,783,0,1,415,6,422,1416,,
2023,December,12,2023-12,Railway Range,Railway Police,,,AL,0,5,0,0,0,0,0,0,0,12,14,1,1,25,1,28,59,,
2023,December,12,2023-12,Total,National Total,,,AL,30,105,233,77,0,1193,29,37,200,702,5614,116,60,5944,143,6263,14483,,
2023,Annual (Jan-Dec),,2023-FY,DMP,Metropolitan Police,,,AL,34,199,165,189,20,1602,61,83,547,1511,7529,58,127,12789,135,13109,25049,,
2023,Annual (Jan-Dec),,2023-FY,CMP,Metropolitan Police,,,AL,3,105,53,86,0,513,32,25,151,407,1607,30,8,2587,36,2661,5643,,
2023,Annual (Jan-Dec),,2023-FY,KMP,Metropolitan Police,,,AL,3,7,17,9,0,296,3,3,55,110,428,22,2,1030,3,1057,1988,,
2023,Annual (Jan-Dec),,2023-FY,RMP,Metropolitan Police,,,AL,0,39,20,1,1,190,17,22,42,120,594,21,57,1395,6,1479,2525,,
2023,Annual (Jan-Dec),,2023-FY,BMP,Metropolitan Police,,,AL,4,6,16,12,1,197,1,2,50,72,543,2,4,833,1,840,1744,,
2023,Annual (Jan-Dec),,2023-FY,SMP,Metropolitan Police,,,AL,2,11,18,108,1,207,3,28,51,182,795,2,9,495,126,632,2038,,
2023,Annual (Jan-Dec),,2023-FY,RPMP,Metropolitan Police,,,AL,0,0,8,8,0,132,4,4,0,121,557,7,2,505,2,516,1350,,
2023,Annual (Jan-Dec),,2023-FY,GMP,Metropolitan Police,,,AL,14,44,94,16,0,319,31,22,36,115,916,8,14,1058,9,1089,2696,,
2023,Annual (Jan-Dec),,2023-FY,Dhaka Range,Police Range,,,AL,130,263,670,248,0,3291,70,115,429,1350,12369,167,84,11460,48,11759,30694,,
2023,Annual (Jan-Dec),,2023-FY,Mymensingh Range,Police Range,,,AL,1,24,196,66,0,1798,36,12,78,547,6076,20,98,3182,418,3718,12552,,
2023,Annual (Jan-Dec),,2023-FY,Chittagong Range,Police Range,,,AL,48,212,622,71,2,2020,91,132,422,1115,11034,521,94,11625,408,12648,28417,,
2023,Annual (Jan-Dec),,2023-FY,Sylhet Range,Police Range,,,AL,12,38,186,38,0,703,15,38,42,629,4204,11,9,1677,548,2245,8150,,
2023,Annual (Jan-Dec),,2023-FY,Khulna Range,Police Range,,,AL,21,67,241,87,1,1698,30,23,173,926,7710,113,67,8071,201,8452,19429,,
2023,Annual (Jan-Dec),,2023-FY,Barishal Range,Police Range,,,AL,19,28,116,41,0,1301,9,27,131,295,4512,32,36,2487,5,2560,9039,,
2023,Annual (Jan-Dec),,2023-FY,Rajshahi Range,Police Range,,,AL,17,121,320,93,0,2289,31,33,110,952,8376,418,152,12054,444,13068,25410,,
2023,Annual (Jan-Dec),,2023-FY,Rangpur Range,Police Range,,,AL,10,35,267,29,0,2377,28,37,166,826,9231,13,14,4928,99,5054,18060,,
2023,Annual (Jan-Dec),,2023-FY,Railway Range,Railway Police,,,AL,1,28,14,2,2,8,1,1,0,197,142,16,1,227,12,256,652,,
2023,Annual (Jan-Dec),,2023-FY,Total,National Total,,,AL,319,1227,3023,1104,28,18941,463,607,2483,9475,76623,1461,778,76403,2501,81143,195436,,
2024,January,1,2024-01,DMP,Metropolitan Police,,,AL,1,25,11,18,0,110,8,5,63,141,458,5,6,865,9,885,1725,,
2024,January,1,2024-01,CMP,Metropolitan Police,,,AL,0,5,5,6,1,30,4,0,15,31,128,4,0,191,2,197,422,,
2024,January,1,2024-01,KMP,Metropolitan Police,,,AL,0,1,2,2,0,3,0,0,3,8,28,3,0,125,1,129,176,,
2024,January,1,2024-01,RMP,Metropolitan Police,,,AL,0,4,1,2,0,8,0,1,2,6,53,1,1,163,0,165,242,,
2024,January,1,2024-01,BMP,Metropolitan Police,,,AL,0,2,1,6,0,12,1,1,2,5,42,1,0,48,0,49,121,,
2024,January,1,2024-01,SMP,Metropolitan Police,,,AL,1,1,1,3,0,12,0,1,5,9,52,2,0,42,9,53,138,,
2024,January,1,2024-01,RPMP,Metropolitan Police,,,AL,0,0,1,1,0,4,5,0,0,6,28,0,0,71,1,72,117,,
2024,January,1,2024-01,GMP,Metropolitan Police,,,AL,4,1,11,4,0,22,5,2,5,5,90,0,1,87,0,88,237,,
2024,January,1,2024-01,Dhaka Range,Police Range,,,AL,13,29,59,7,0,194,6,10,38,93,893,10,3,824,1,838,2180,,
2024,January,1,2024-01,Mymensingh Range,Police Range,,,AL,0,4,14,9,0,84,4,6,7,42,404,1,0,234,27,262,836,,
2024,January,1,2024-01,Chittagong Range,Police Range,,,AL,5,16,34,9,0,128,9,10,27,115,800,52,8,795,26,881,2034,,
2024,January,1,2024-01,Sylhet Range,Police Range,,,AL,1,7,15,5,0,22,1,1,6,55,284,1,0,89,23,113,510,,
2024,January,1,2024-01,Khulna Range,Police Range,,,AL,0,5,23,4,0,71,1,2,15,59,559,9,7,561,8,585,1324,,
2024,January,1,2024-01,Barishal Range,Police Range,,,AL,1,0,15,7,0,95,2,0,23,25,369,3,0,179,1,183,720,,
2024,January,1,2024-01,Rajshahi Range,Police Range,,,AL,1,11,26,8,0,130,1,3,4,77,719,29,17,867,20,933,1913,,
2024,January,1,2024-01,Rangpur Range,Police Range,,,AL,2,2,11,1,0,117,4,1,13,60,655,0,0,436,5,441,1307,,
2024,January,1,2024-01,Railway Range,Railway Police,,,AL,0,1,1,0,0,1,0,0,0,12,11,0,0,15,0,15,41,,
2024,January,1,2024-01,Total,National Total,,,AL,29,114,231,92,1,1043,51,43,228,749,5573,121,43,5592,133,5889,14043,,
2024,February,2,2024-02,DMP,Metropolitan Police,,,AL,2,26,4,21,0,114,9,4,51,134,576,5,1,800,22,828,1769,,
2024,February,2,2024-02,CMP,Metropolitan Police,,,AL,2,11,4,13,0,35,3,2,15,31,167,5,0,228,3,236,519,,
2024,February,2,2024-02,KMP,Metropolitan Police,,,AL,1,0,0,0,0,11,0,1,7,14,36,3,0,148,0,151,221,,
2024,February,2,2024-02,RMP,Metropolitan Police,,,AL,1,2,0,3,0,15,1,0,6,17,52,0,0,138,0,138,235,,
2024,February,2,2024-02,BMP,Metropolitan Police,,,AL,0,0,0,3,0,10,1,1,6,10,48,0,0,46,2,48,127,,
2024,February,2,2024-02,SMP,Metropolitan Police,,,AL,1,0,0,6,0,22,0,1,2,9,62,0,0,30,8,38,141,,
2024,February,2,2024-02,RPMP,Metropolitan Police,,,AL,0,1,1,0,0,8,1,0,0,12,33,1,0,61,0,62,118,,
2024,February,2,2024-02,GMP,Metropolitan Police,,,AL,1,6,10,0,0,32,1,1,9,8,83,2,1,105,1,109,260,,
2024,February,2,2024-02,Dhaka Range,Police Range,,,AL,9,27,54,23,0,252,10,9,32,115,981,12,1,1002,5,1020,2532,,
2024,February,2,2024-02,Mymensingh Range,Police Range,,,AL,0,4,14,1,0,124,1,1,5,39,444,0,0,294,21,315,948,,
2024,February,2,2024-02,Chittagong Range,Police Range,,,AL,5,15,52,9,0,156,5,7,26,121,924,47,1,791,21,860,2180,,
2024,February,2,2024-02,Sylhet Range,Police Range,,,AL,5,4,25,3,0,57,0,3,5,54,313,1,0,122,33,156,625,,
2024,February,2,2024-02,Khulna Range,Police Range,,,AL,1,8,19,10,2,104,3,4,17,61,595,15,1,686,10,712,1536,,
2024,February,2,2024-02,Barishal Range,Police Range,,,AL,1,4,12,6,0,133,1,1,13,35,372,0,1,187,0,188,766,,
2024,February,2,2024-02,Rajshahi Range,Police Range,,,AL,1,9,23,7,0,164,5,1,9,77,729,37,4,986,16,1043,2068,,
2024,February,2,2024-02,Rangpur Range,Police Range,,,AL,3,3,17,3,0,134,2,1,17,71,692,0,0,434,5,439,1382,,
2024,February,2,2024-02,Railway Range,Railway Police,,,AL,0,1,5,0,0,0,0,0,0,12,25,1,0,18,1,20,63,,
2024,February,2,2024-02,Total,National Total,,,AL,33,121,240,108,2,1371,43,37,220,820,6132,129,10,6076,148,6363,15490,,
2024,March,3,2024-03,DMP,Metropolitan Police,,,AL,1,28,18,28,0,127,7,2,53,163,798,8,1,835,22,866,2091,,
2024,March,3,2024-03,CMP,Metropolitan Police,,,AL,0,11,6,8,0,33,4,2,13,34,172,5,0,164,9,178,461,,
2024,March,3,2024-03,KMP,Metropolitan Police,,,AL,0,2,0,0,0,11,1,1,5,14,39,0,0,138,0,138,211,,
2024,March,3,2024-03,RMP,Metropolitan Police,,,AL,0,0,0,0,0,11,2,2,4,13,59,0,0,145,0,145,236,,
2024,March,3,2024-03,BMP,Metropolitan Police,,,AL,0,0,0,4,0,11,0,1,5,6,72,0,0,53,1,54,153,,
2024,March,3,2024-03,SMP,Metropolitan Police,,,AL,0,1,3,6,0,17,1,1,8,8,67,0,0,35,10,45,157,,
2024,March,3,2024-03,RPMP,Metropolitan Police,,,AL,0,0,0,0,0,7,3,0,0,8,50,1,0,57,0,58,126,,
2024,March,3,2024-03,GMP,Metropolitan Police,,,AL,2,5,1,1,0,23,4,0,7,18,110,0,0,104,2,106,277,,
2024,March,3,2024-03,Dhaka Range,Police Range,,,AL,11,32,60,23,2,247,3,8,39,108,1179,12,10,1007,1,1030,2742,,
2024,March,3,2024-03,Mymensingh Range,Police Range,,,AL,0,2,23,2,0,115,3,2,3,55,525,1,0,275,27,303,1033,,
2024,March,3,2024-03,Chittagong Range,Police Range,,,AL,6,30,33,8,4,151,11,5,29,122,1208,50,2,775,29,856,2463,,
2024,March,3,2024-03,Sylhet Range,Police Range,,,AL,2,4,17,2,0,58,1,7,10,54,395,1,0,100,46,147,697,,
2024,March,3,2024-03,Khulna Range,Police Range,,,AL,0,7,17,9,0,139,1,0,17,73,672,10,5,666,13,694,1629,,
2024,March,3,2024-03,Barishal Range,Police Range,,,AL,2,2,15,11,0,150,0,2,10,26,507,1,2,215,0,218,943,,
2024,March,3,2024-03,Rajshahi Range,Police Range,,,AL,1,6,25,4,0,205,5,6,5,87,874,38,4,1161,28,1231,2449,,
2024,March,3,2024-03,Rangpur Range,Police Range,,,AL,0,7,20,4,0,203,5,4,9,63,703,1,0,535,4,540,1558,,
2024,March,3,2024-03,Railway Range,Railway Police,,,AL,0,1,1,0,0,1,0,0,0,13,14,0,0,24,0,24,54,,
2024,March,3,2024-03,Total,National Total,,,AL,25,138,239,110,6,1509,51,43,217,865,7444,128,24,6289,192,6633,17280,,
2024,April,4,2024-04,DMP,Metropolitan Police,,,AL,3,15,14,24,0,149,4,4,69,140,628,4,2,623,6,635,1685,,
2024,April,4,2024-04,CMP,Metropolitan Police,,,AL,0,12,9,4,0,37,4,3,12,37,149,1,0,132,10,143,410,,
2024,April,4,2024-04,KMP,Metropolitan Police,,,AL,0,0,1,1,0,6,1,2,6,10,44,1,2,119,2,124,195,,
2024,April,4,2024-04,RMP,Metropolitan Police,,,AL,0,2,0,0,0,21,0,2,0,14,58,0,0,141,2,143,240,,
2024,April,4,2024-04,BMP,Metropolitan Police,,,AL,0,2,2,2,0,23,0,2,7,10,76,0,0,45,0,45,169,,
2024,April,4,2024-04,SMP,Metropolitan Police,,,AL,0,0,2,5,0,17,0,3,6,11,70,0,0,35,13,48,162,,
2024,April,4,2024-04,RPMP,Metropolitan Police,,,AL,0,0,2,3,0,9,5,1,0,9,49,0,0,38,0,38,116,,
2024,April,4,2024-04,GMP,Metropolitan Police,,,AL,0,5,5,4,0,30,4,2,12,12,82,1,0,92,0,93,249,,
2024,April,4,2024-04,Dhaka Range,Police Range,,,AL,13,18,75,24,0,281,9,18,25,103,1263,6,4,826,2,838,2667,,
2024,April,4,2024-04,Mymensingh Range,Police Range,,,AL,0,2,30,8,0,108,2,4,3,42,579,1,0,285,39,325,1103,,
2024,April,4,2024-04,Chittagong Range,Police Range,,,AL,10,24,54,4,3,194,13,13,34,128,1256,49,0,623,13,685,2418,,
2024,April,4,2024-04,Sylhet Range,Police Range,,,AL,0,2,23,8,0,59,1,4,9,53,461,1,0,84,30,115,735,,
2024,April,4,2024-04,Khulna Range,Police Range,,,AL,2,2,18,14,0,129,3,4,9,58,744,11,3,618,14,646,1629,,
2024,April,4,2024-04,Barishal Range,Police Range,,,AL,0,3,11,5,0,130,1,2,9,28,565,1,0,176,2,179,933,,
2024,April,4,2024-04,Rajshahi Range,Police Range,,,AL,0,7,20,11,0,218,4,9,7,78,955,40,6,982,41,1069,2378,,
2024,April,4,2024-04,Rangpur Range,Police Range,,,AL,1,2,30,3,0,211,4,6,12,73,894,1,0,432,8,441,1677,,
2024,April,4,2024-04,Railway Range,Railway Police,,,AL,0,1,0,0,0,1,0,0,0,6,32,0,0,13,0,13,53,,
2024,April,4,2024-04,Total,National Total,,,AL,29,97,296,120,3,1623,55,79,220,812,7905,117,17,5264,182,5580,16819,,
2024,May,5,2024-05,DMP,Metropolitan Police,,,AL,2,19,16,23,0,172,7,10,65,194,654,2,5,738,19,764,1926,,
2024,May,5,2024-05,CMP,Metropolitan Police,,,AL,1,7,7,2,0,57,4,1,18,29,142,1,1,179,5,186,454,,
2024,May,5,2024-05,KMP,Metropolitan Police,,,AL,0,1,4,0,0,25,0,0,1,10,46,2,0,126,2,130,217,,
2024,May,5,2024-05,RMP,Metropolitan Police,,,AL,0,6,1,1,0,17,3,1,5,12,61,0,0,141,0,141,248,,
2024,May,5,2024-05,BMP,Metropolitan Police,,,AL,0,0,2,0,0,17,1,0,5,4,76,0,0,50,0,50,155,,
2024,May,5,2024-05,SMP,Metropolitan Police,,,AL,1,0,2,4,0,20,2,0,7,8,64,0,0,46,11,57,165,,
2024,May,5,2024-05,RPMP,Metropolitan Police,,,AL,0,0,1,1,0,9,4,0,0,3,43,0,0,67,1,68,129,,
2024,May,5,2024-05,GMP,Metropolitan Police,,,AL,4,5,8,0,0,31,2,1,3,17,101,1,0,124,0,125,297,,
2024,May,5,2024-05,Dhaka Range,Police Range,,,AL,11,29,51,19,0,323,7,7,39,88,1183,12,5,887,7,911,2668,,
2024,May,5,2024-05,Mymensingh Range,Police Range,,,AL,0,4,19,5,0,122,2,3,6,39,415,3,0,252,32,287,902,,
2024,May,5,2024-05,Chittagong Range,Police Range,,,AL,4,14,53,13,0,181,4,6,28,88,1039,45,0,665,31,741,2171,,
2024,May,5,2024-05,Sylhet Range,Police Range,,,AL,2,3,15,3,0,57,0,3,9,33,359,4,1,114,26,145,629,,
2024,May,5,2024-05,Khulna Range,Police Range,,,AL,2,6,32,7,0,134,2,2,14,48,729,4,4,555,6,569,1545,,
2024,May,5,2024-05,Barishal Range,Police Range,,,AL,0,1,8,11,0,152,0,2,7,17,434,2,2,151,0,155,787,,
2024,May,5,2024-05,Rajshahi Range,Police Range,,,AL,3,13,21,5,0,227,8,6,2,67,861,34,0,892,30,956,2169,,
2024,May,5,2024-05,Rangpur Range,Police Range,,,AL,1,2,19,3,0,222,4,1,10,56,715,0,0,449,9,458,1491,,
2024,May,5,2024-05,Railway Range,Railway Police,,,AL,0,5,0,1,0,1,0,0,0,13,23,2,0,11,2,15,58,,
2024,May,5,2024-05,Total,National Total,,,AL,31,115,259,98,0,1767,50,43,219,726,6945,112,18,5447,181,5758,16011,,
2024,June,6,2024-06,DMP,Metropolitan Police,,,AL,3,16,13,26,0,147,3,1,80,191,552,4,1,568,7,580,1612,,
2024,June,6,2024-06,CMP,Metropolitan Police,,,AL,0,8,8,9,1,31,1,0,8,29,118,1,0,152,1,154,367,,
2024,June,6,2024-06,KMP,Metropolitan Police,,,AL,0,0,4,2,0,14,0,1,4,12,33,1,0,110,0,111,181,,
2024,June,6,2024-06,RMP,Metropolitan Police,,,AL,0,4,0,0,0,23,0,3,6,12,65,1,0,143,3,147,260,,
2024,June,6,2024-06,BMP,Metropolitan Police,,,AL,0,0,1,0,0,12,0,0,7,11,68,1,0,45,0,46,145,,
2024,June,6,2024-06,SMP,Metropolitan Police,,,AL,0,1,3,10,0,20,1,0,5,6,41,0,0,33,17,50,137,,
2024,June,6,2024-06,RPMP,Metropolitan Police,,,AL,0,1,2,0,0,8,2,1,0,9,51,1,0,43,0,44,118,,
2024,June,6,2024-06,GMP,Metropolitan Police,,,AL,2,8,6,1,0,35,2,0,4,8,63,0,0,81,1,82,211,,
2024,June,6,2024-06,Dhaka Range,Police Range,,,AL,16,17,59,15,0,278,4,9,39,91,1152,13,2,804,3,822,2502,,
2024,June,6,2024-06,Mymensingh Range,Police Range,,,AL,0,5,21,4,0,119,2,2,5,31,451,3,0,254,51,308,948,,
2024,June,6,2024-06,Chittagong Range,Police Range,,,AL,8,22,57,9,0,193,5,9,45,82,1095,34,1,661,20,716,2241,,
2024,June,6,2024-06,Sylhet Range,Police Range,,,AL,1,1,10,1,0,54,2,0,5,39,341,0,0,98,37,135,589,,
2024,June,6,2024-06,Khulna Range,Police Range,,,AL,1,6,15,4,1,177,1,3,17,49,806,12,0,548,9,569,1649,,
2024,June,6,2024-06,Barishal Range,Police Range,,,AL,5,1,10,8,0,172,0,3,8,23,541,0,0,165,0,165,936,,
2024,June,6,2024-06,Rajshahi Range,Police Range,,,AL,0,8,36,3,0,221,4,3,10,79,816,27,3,835,24,889,2069,,
2024,June,6,2024-06,Rangpur Range,Police Range,,,AL,0,5,20,2,0,184,4,1,8,57,839,0,0,465,5,470,1590,,
2024,June,6,2024-06,Railway Range,Railway Police,,,AL,0,0,3,1,0,1,0,0,0,16,16,0,0,12,0,12,49,,
2024,June,6,2024-06,Total,National Total,,,AL,36,103,268,95,2,1689,31,36,251,745,7048,98,7,5017,178,5300,15604,,
2024,July,7,2024-07,DMP,Metropolitan Police,,,AL,3,15,59,16,46,109,1,44,32,134,510,7,26,415,8,456,1425,,
2024,July,7,2024-07,CMP,Metropolitan Police,,,AL,1,9,10,2,5,35,2,2,11,27,114,1,2,109,0,112,330,,
2024,July,7,2024-07,KMP,Metropolitan Police,,,AL,0,2,4,1,0,14,0,1,5,12,35,1,1,119,0,121,195,,
2024,July,7,2024-07,RMP,Metropolitan Police,,,AL,1,1,3,1,1,19,2,2,3,18,41,2,5,98,1,106,198,,
2024,July,7,2024-07,BMP,Metropolitan Police,,,AL,0,0,2,1,0,19,0,5,5,8,49,0,2,55,0,57,146,,
2024,July,7,2024-07,SMP,Metropolitan Police,,,AL,1,0,3,6,0,16,0,8,6,7,49,0,1,36,20,57,153,,
2024,July,7,2024-07,RPMP,Metropolitan Police,,,AL,0,0,2,0,0,5,2,0,0,8,60,0,0,32,0,32,109,,
2024,July,7,2024-07,GMP,Metropolitan Police,,,AL,0,4,7,0,0,33,2,9,3,13,107,1,5,71,1,78,256,,
2024,July,7,2024-07,Dhaka Range,Police Range,,,AL,13,20,61,12,0,286,6,38,40,81,984,12,8,765,3,788,2329,,
2024,July,7,2024-07,Mymensingh Range,Police Range,,,AL,0,1,21,5,0,139,1,7,8,51,406,0,6,219,26,251,890,,
2024,July,7,2024-07,Chittagong Range,Police Range,,,AL,3,21,53,11,0,180,5,24,45,85,930,40,14,646,27,727,2084,,
2024,July,7,2024-07,Sylhet Range,Police Range,,,AL,1,3,14,4,0,62,1,8,9,60,337,0,1,114,63,178,677,,
2024,July,7,2024-07,Khulna Range,Police Range,,,AL,1,7,27,15,0,178,1,6,16,84,679,13,4,609,13,639,1653,,
2024,July,7,2024-07,Barishal Range,Police Range,,,AL,1,1,14,16,0,192,2,1,17,30,381,0,0,196,0,196,851,,
2024,July,7,2024-07,Rajshahi Range,Police Range,,,AL,2,14,24,9,0,207,3,8,6,83,692,26,28,937,44,1035,2083,,
2024,July,7,2024-07,Rangpur Range,Police Range,,,AL,0,2,30,3,0,206,4,7,13,72,741,1,0,417,11,429,1507,,
2024,July,7,2024-07,Railway Range,Railway Police,,,AL,0,1,0,0,0,2,0,0,0,12,50,1,0,14,0,15,80,,
2024,July,7,2024-07,Total,National Total,,,AL,27,101,334,102,52,1702,32,170,219,785,6165,105,103,4852,217,5277,14966,,
2024,August,8,2024-08,DMP,Metropolitan Police,,,AL,4,4,119,10,4,51,11,2,15,43,217,2,0,79,5,86,566,,
2024,August,8,2024-08,CMP,Metropolitan Police,,,Interim,0,3,20,3,5,20,2,8,9,18,124,0,1,33,0,34,246,,
2024,August,8,2024-08,KMP,Metropolitan Police,,,Interim,1,1,1,0,0,12,1,1,0,3,38,0,0,10,0,10,68,,
2024,August,8,2024-08,RMP,Metropolitan Police,,,Interim,0,3,2,0,0,17,1,3,2,2,47,1,18,15,0,34,111,,
2024,August,8,2024-08,BMP,Metropolitan Police,,,Interim,0,0,5,1,0,10,0,0,6,3,43,0,0,15,0,15,83,,
2024,August,8,2024-08,SMP,Metropolitan Police,,,Interim,0,1,4,8,0,4,1,4,1,4,59,1,0,11,12,24,110,,
2024,August,8,2024-08,RPMP,Metropolitan Police,,,Interim,0,0,8,0,0,5,3,0,0,6,32,1,0,6,0,7,61,,
2024,August,8,2024-08,GMP,Metropolitan Police,,,Interim,3,1,17,0,0,23,0,3,3,4,48,0,0,14,0,14,116,,
2024,August,8,2024-08,Dhaka Range,Police Range,,,Interim,15,7,148,10,0,185,1,4,32,51,819,3,4,114,0,121,1393,,
2024,August,8,2024-08,Mymensingh Range,Police Range,,,Interim,0,2,26,3,0,87,1,0,3,30,359,1,0,40,11,52,563,,
2024,August,8,2024-08,Chittagong Range,Police Range,,,Interim,4,17,73,5,6,81,3,5,25,47,710,25,13,197,12,247,1223,,
2024,August,8,2024-08,Sylhet Range,Police Range,,,Interim,1,6,29,5,0,28,1,2,2,16,327,0,0,22,26,48,465,,
2024,August,8,2024-08,Khulna Range,Police Range,,,Interim,4,5,62,4,0,90,0,6,5,39,567,4,7,86,3,100,882,,
2024,August,8,2024-08,Barishal Range,Police Range,,,Interim,3,3,19,39,0,129,0,1,14,25,405,0,4,22,0,26,664,,
2024,August,8,2024-08,Rajshahi Range,Police Range,,,Interim,0,5,72,10,0,140,1,2,6,44,662,5,33,174,15,227,1169,,
2024,August,8,2024-08,Rangpur Range,Police Range,,,Interim,2,4,21,1,0,190,1,0,9,32,695,1,1,125,6,133,1088,,
2024,August,8,2024-08,Railway Range,Railway Police,,,Interim,0,0,0,0,0,0,0,0,0,14,8,0,0,3,0,3,25,,
2024,August,8,2024-08,Total,National Total,,,Interim,37,62,626,99,15,1072,27,41,132,381,5160,44,81,966,90,1181,8833,,
2024,September,9,2024-09,DMP,Metropolitan Police,,,Interim,5,14,28,8,12,110,22,3,33,75,500,11,0,176,11,198,1008,,
2024,September,9,2024-09,CMP,Metropolitan Police,,,Interim,2,6,9,6,0,36,3,4,11,27,214,1,0,59,2,62,380,,
2024,September,9,2024-09,KMP,Metropolitan Police,,,Interim,0,0,1,0,0,26,2,0,5,9,58,1,0,19,0,20,121,,
2024,September,9,2024-09,RMP,Metropolitan Police,,,Interim,0,1,5,1,0,18,1,1,3,7,67,0,11,12,0,23,127,,
2024,September,9,2024-09,BMP,Metropolitan Police,,,Interim,0,1,1,0,1,16,1,0,10,8,46,0,0,15,0,15,99,,
2024,September,9,2024-09,SMP,Metropolitan Police,,,Interim,0,2,1,7,0,10,1,1,7,5,78,2,14,11,13,40,152,,
2024,September,9,2024-09,RPMP,Metropolitan Police,,,Interim,0,0,0,0,0,7,4,0,0,4,52,1,0,7,0,8,75,,
2024,September,9,2024-09,GMP,Metropolitan Police,,,Interim,3,3,11,1,0,28,0,2,8,9,70,0,0,16,0,16,151,,
2024,September,9,2024-09,Dhaka Range,Police Range,,,Interim,17,22,73,21,0,253,6,6,45,82,1095,8,24,207,0,239,1859,,
2024,September,9,2024-09,Mymensingh Range,Police Range,,,Interim,2,4,16,8,0,126,1,0,8,33,443,5,1,67,29,102,743,,
2024,September,9,2024-09,Chittagong Range,Police Range,,,Interim,5,21,45,12,4,168,8,4,32,88,1060,67,8,418,20,513,1960,,
2024,September,9,2024-09,Sylhet Range,Police Range,,,Interim,6,4,12,12,0,64,3,1,9,44,435,2,1,76,46,125,715,,
2024,September,9,2024-09,Khulna Range,Police Range,,,Interim,2,6,19,15,1,117,8,0,17,65,740,13,17,183,15,228,1218,,
2024,September,9,2024-09,Barishal Range,Police Range,,,Interim,8,2,12,20,1,145,3,0,14,28,456,9,8,46,0,63,752,,
2024,September,9,2024-09,Rajshahi Range,Police Range,,,Interim,2,12,29,7,0,219,1,2,12,59,747,23,44,287,14,368,1458,,
2024,September,9,2024-09,Rangpur Range,Police Range,,,Interim,3,3,20,10,0,235,1,0,19,47,825,5,0,213,1,219,1382,,
2024,September,9,2024-09,Railway Range,Railway Police,,,Interim,2,3,1,0,0,0,0,0,0,15,7,2,0,15,0,17,45,,
2024,September,9,2024-09,Total,National Total,,,Interim,57,104,283,128,19,1578,65,24,233,605,6893,150,128,1827,151,2256,12245,,
2024,October,10,2024-10,DMP,Metropolitan Police,,,Interim,6,20,20,23,2,125,26,6,47,97,490,15,0,358,13,386,1248,,
2024,October,10,2024-10,CMP,Metropolitan Police,,,Interim,1,10,6,8,0,35,5,5,10,24,176,1,0,75,0,76,356,,
2024,October,10,2024-10,KMP,Metropolitan Police,,,Interim,1,5,1,0,0,24,4,0,2,14,46,3,0,63,1,67,164,,
2024,October,10,2024-10,RMP,Metropolitan Police,,,Interim,0,4,3,0,0,7,0,0,5,5,56,0,5,65,0,70,150,,
2024,October,10,2024-10,BMP,Metropolitan Police,,,Interim,1,1,0,0,1,19,0,0,5,1,56,0,1,26,0,27,111,,
2024,October,10,2024-10,SMP,Metropolitan Police,,,Interim,1,0,2,5,0,8,1,0,4,8,56,0,11,24,20,55,140,,
2024,October,10,2024-10,RPMP,Metropolitan Police,,,Interim,0,1,1,0,0,7,3,0,0,8,48,0,0,21,0,21,89,,
2024,October,10,2024-10,GMP,Metropolitan Police,,,Interim,3,3,7,2,0,21,4,0,3,8,70,1,2,53,0,56,177,,
2024,October,10,2024-10,Dhaka Range,Police Range,,,Interim,21,27,62,6,0,225,17,8,49,93,1058,11,4,444,1,460,2026,,
2024,October,10,2024-10,Mymensingh Range,Police Range,,,Interim,2,5,17,8,0,112,6,1,5,53,385,1,0,123,60,184,778,,
2024,October,10,2024-10,Chittagong Range,Police Range,,,Interim,14,30,52,7,2,192,7,3,52,101,1060,43,26,606,30,705,2225,,
2024,October,10,2024-10,Sylhet Range,Police Range,,,Interim,5,4,18,8,0,74,2,5,5,49,340,1,2,145,74,222,732,,
2024,October,10,2024-10,Khulna Range,Police Range,,,Interim,1,14,23,7,0,157,8,3,22,76,663,21,4,312,5,342,1316,,
2024,October,10,2024-10,Barishal Range,Police Range,,,Interim,4,2,5,14,0,165,4,2,15,25,444,8,10,111,0,129,809,,
2024,October,10,2024-10,Rajshahi Range,Police Range,,,Interim,5,19,17,2,0,212,3,1,7,68,634,13,21,457,27,518,1486,,
2024,October,10,2024-10,Rangpur Range,Police Range,,,Interim,3,7,14,3,0,177,6,0,17,75,725,2,0,367,6,375,1402,,
2024,October,10,2024-10,Railway Range,Railway Police,,,Interim,0,5,1,0,0,0,0,0,0,17,11,0,0,22,0,22,56,,
2024,October,10,2024-10,Total,National Total,,,Interim,68,157,249,93,5,1560,96,34,248,722,6318,120,86,3272,237,3715,13265,,
2024,November,11,2024-11,DMP,Metropolitan Police,,,Interim,2,27,13,15,10,115,17,6,39,125,516,6,0,421,12,439,1324,,
2024,November,11,2024-11,CMP,Metropolitan Police,,,Interim,2,10,2,7,0,25,5,12,16,36,138,8,1,112,2,123,376,,
2024,November,11,2024-11,KMP,Metropolitan Police,,,Interim,1,2,4,1,0,23,0,1,5,13,36,5,0,61,1,67,153,,
2024,November,11,2024-11,RMP,Metropolitan Police,,,Interim,0,2,0,1,0,22,2,0,4,8,52,0,3,64,0,67,158,,
2024,November,11,2024-11,BMP,Metropolitan Police,,,Interim,0,0,0,0,0,14,2,0,4,7,53,1,1,36,0,38,118,,
2024,November,11,2024-11,SMP,Metropolitan Police,,,Interim,1,1,1,8,0,4,2,2,6,13,62,0,9,21,20,50,150,,
2024,November,11,2024-11,RPMP,Metropolitan Police,,,Interim,0,1,0,0,0,7,2,0,0,8,43,0,0,17,1,18,79,,
2024,November,11,2024-11,GMP,Metropolitan Police,,,Interim,0,3,3,0,0,21,6,1,2,15,66,3,0,85,1,89,206,,
2024,November,11,2024-11,Dhaka Range,Police Range,,,Interim,16,23,56,8,0,217,9,4,44,86,1098,20,6,641,4,671,2232,,
2024,November,11,2024-11,Mymensingh Range,Police Range,,,Interim,1,3,11,6,0,115,5,1,6,37,387,7,2,163,39,211,783,,
2024,November,11,2024-11,Chittagong Range,Police Range,,,Interim,9,27,32,15,0,174,5,9,37,90,1074,40,10,718,31,799,2271,,
2024,November,11,2024-11,Sylhet Range,Police Range,,,Interim,2,6,16,4,0,75,0,4,7,42,422,3,0,123,46,172,750,,
2024,November,11,2024-11,Khulna Range,Police Range,,,Interim,3,10,22,8,0,134,3,5,17,77,634,31,2,416,16,465,1378,,
2024,November,11,2024-11,Barishal Range,Police Range,,,Interim,4,6,8,14,1,152,2,2,29,31,424,11,2,135,0,148,821,,
2024,November,11,2024-11,Rajshahi Range,Police Range,,,Interim,5,4,27,1,0,179,2,1,7,68,721,21,18,521,12,572,1587,,
2024,November,11,2024-11,Rangpur Range,Police Range,,,Interim,1,4,16,3,0,175,5,1,8,54,694,3,2,405,5,415,1376,,
2024,November,11,2024-11,Railway Range,Railway Police,,,Interim,0,4,0,0,0,0,0,0,0,6,12,0,0,39,4,43,65,,
2024,November,11,2024-11,Total,National Total,,,Interim,47,133,211,91,11,1452,67,49,231,716,6432,159,56,3978,194,4387,13827,,
2024,December,12,2024-12,DMP,Metropolitan Police,,,Interim,9,39,24,19,9,131,17,8,60,131,584,9,9,529,7,554,1585,,
2024,December,12,2024-12,CMP,Metropolitan Police,,,Interim,2,6,4,8,0,25,3,1,11,26,124,3,0,121,4,128,338,,
2024,December,12,2024-12,KMP,Metropolitan Police,,,Interim,0,3,2,0,0,10,2,1,4,8,38,4,0,70,1,75,143,,
2024,December,12,2024-12,RMP,Metropolitan Police,,,Interim,0,3,1,0,0,12,2,1,4,6,55,1,2,90,0,93,177,,
2024,December,12,2024-12,BMP,Metropolitan Police,,,Interim,1,1,1,0,0,11,2,0,3,8,58,0,0,33,0,33,118,,
2024,December,12,2024-12,SMP,Metropolitan Police,,,Interim,1,3,2,7,0,11,2,2,2,7,63,0,2,32,15,49,149,,
2024,December,12,2024-12,RPMP,Metropolitan Police,,,Interim,1,2,0,0,0,3,2,0,0,10,36,0,0,24,0,24,78,,
2024,December,12,2024-12,GMP,Metropolitan Police,,,Interim,1,2,3,0,0,20,1,1,2,8,81,1,0,74,1,76,195,,
2024,December,12,2024-12,Dhaka Range,Police Range,,,Interim,23,22,45,9,0,187,8,9,42,93,967,17,6,636,4,663,2068,,
2024,December,12,2024-12,Mymensingh Range,Police Range,,,Interim,1,6,16,13,0,81,4,0,9,33,418,5,1,192,54,252,833,,
2024,December,12,2024-12,Chittagong Range,Police Range,,,Interim,16,26,32,10,0,159,13,9,39,102,1030,25,2,685,22,734,2170,,
2024,December,12,2024-12,Sylhet Range,Police Range,,,Interim,4,5,16,4,0,56,3,2,7,38,400,2,0,98,39,139,674,,
2024,December,12,2024-12,Khulna Range,Police Range,,,Interim,4,14,19,4,0,125,2,5,13,78,599,16,2,430,14,462,1325,,
2024,December,12,2024-12,Barishal Range,Police Range,,,Interim,3,5,4,13,0,96,2,1,21,36,431,5,1,124,0,130,742,,
2024,December,12,2024-12,Rajshahi Range,Police Range,,,Interim,4,11,23,3,0,132,4,3,5,74,693,13,12,520,11,556,1508,,
2024,December,12,2024-12,Rangpur Range,Police Range,,,Interim,1,7,12,0,0,146,7,1,15,59,750,4,1,453,9,467,1465,,
2024,December,12,2024-12,Railway Range,Railway Police,,,Interim,0,4,0,0,0,0,0,0,0,12,12,0,0,26,0,26,54,,
2024,December,12,2024-12,Total,National Total,,,Interim,71,159,204,90,9,1205,74,44,237,729,6339,105,38,4137,181,4461,13622,,
2024,Annual (Jan-Dec),,2024-FY,DMP,Metropolitan Police,,,Interim,41,248,339,231,83,1460,132,95,607,1568,6483,78,51,6407,141,6677,17964,,
2024,Annual (Jan-Dec),,2024-FY,CMP,Metropolitan Police,,,Interim,11,98,90,76,12,399,40,40,149,349,1766,31,5,1555,38,1629,4659,,
2024,Annual (Jan-Dec),,2024-FY,KMP,Metropolitan Police,,,Interim,4,17,24,7,0,179,11,9,47,127,477,24,3,1108,8,1143,2045,,
2024,Annual (Jan-Dec),,2024-FY,RMP,Metropolitan Police,,,Interim,2,32,16,9,1,190,14,16,44,120,666,6,45,1215,6,1272,2382,,
2024,Annual (Jan-Dec),,2024-FY,BMP,Metropolitan Police,,,Interim,2,7,15,17,2,174,8,10,65,81,687,3,4,467,3,477,1545,,
2024,Annual (Jan-Dec),,2024-FY,SMP,Metropolitan Police,,,Interim,7,10,24,75,0,161,11,23,59,95,723,5,37,356,168,566,1754,,
2024,Annual (Jan-Dec),,2024-FY,RPMP,Metropolitan Police,,,Interim,1,14,10,5,0,79,36,2,0,91,525,5,0,444,3,452,1215,,
2024,Annual (Jan-Dec),,2024-FY,GMP,Metropolitan Police,,,Interim,23,46,89,13,0,319,31,22,61,125,971,10,9,906,7,932,2632,,
2024,Annual (Jan-Dec),,2024-FY,Dhaka Range,Police Range,,,Interim,178,273,803,177,2,2928,86,130,464,1084,12672,136,77,8157,31,8401,27198,,
2024,Annual (Jan-Dec),,2024-FY,Mymensingh Range,Police Range,,,Interim,6,42,228,72,0,1332,32,27,68,485,5216,28,10,2398,416,2852,10360,,
2024,Annual (Jan-Dec),,2024-FY,Chittagong Range,Police Range,,,Interim,89,263,570,112,19,1957,88,104,419,1169,12186,517,85,7580,282,8464,25440,,
2024,Annual (Jan-Dec),,2024-FY,Sylhet Range,Police Range,,,Interim,30,49,210,59,0,666,15,40,83,537,4414,16,5,1185,489,1695,7798,,
2024,Annual (Jan-Dec),,2024-FY,Khulna Range,Police Range,,,Interim,21,90,296,101,4,1555,33,40,179,767,7987,159,56,5670,126,6011,17084,,
2024,Annual (Jan-Dec),,2024-FY,Barishal Range,Police Range,,,Interim,32,30,133,164,2,1711,17,17,180,329,5329,40,30,1707,3,1780,9724,,
2024,Annual (Jan-Dec),,2024-FY,Rajshahi Range,Police Range,,,Interim,24,119,343,70,0,2254,41,45,80,861,9103,306,190,8619,282,9397,22337,,
2024,Annual (Jan-Dec),,2024-FY,Rangpur Range,Police Range,,,Interim,17,48,230,36,0,2200,47,23,150,719,8928,18,4,4731,74,4827,17225,,
2024,Annual (Jan-Dec),,2024-FY,Railway Range,Railway Police,,,Interim,2,26,12,2,0,7,0,0,0,148,221,6,0,212,7,225,643,,
2024,Annual (Jan-Dec),,2024-FY,Total,National Total,,,Interim,490,1412,3432,1226,125,17571,642,643,2655,8655,78354,1388,611,52717,2084,56800,172005,,
2025,January,1,2025-01,DMP,Metropolitan Police,,,Interim,8,54,36,24,7,127,31,10,60,146,679,12,5,583,9,609,1791,,
2025,January,1,2025-01,CMP,Metropolitan Police,,,Interim,2,7,3,7,0,26,5,4,12,28,120,3,0,152,2,157,371,,
2025,January,1,2025-01,KMP,Metropolitan Police,,,Interim,2,1,2,3,0,19,2,0,0,14,47,4,0,83,1,88,178,,
2025,January,1,2025-01,RMP,Metropolitan Police,,,Interim,1,0,2,0,0,12,1,1,4,5,51,1,1,87,0,89,166,,
2025,January,1,2025-01,BMP,Metropolitan Police,,,Interim,0,0,3,0,1,14,0,1,10,8,49,0,1,45,0,46,132,,
2025,January,1,2025-01,SMP,Metropolitan Police,,,Interim,0,1,0,5,0,7,0,0,7,20,60,0,3,25,18,46,146,,
2025,January,1,2025-01,RPMP,Metropolitan Police,,,Interim,0,2,1,0,0,4,5,0,0,7,32,1,2,20,0,23,74,,
2025,January,1,2025-01,GMP,Metropolitan Police,,,Interim,2,9,5,2,0,25,2,1,7,10,116,6,0,72,0,78,257,,
2025,January,1,2025-01,Dhaka Range,Police Range,,,Interim,24,31,76,4,0,229,16,5,44,106,1092,15,8,725,3,751,2378,,
2025,January,1,2025-01,Mymensingh Range,Police Range,,,Interim,4,2,13,11,0,85,5,2,7,46,427,3,0,234,28,265,867,,
2025,January,1,2025-01,Chittagong Range,Police Range,,,Interim,8,27,51,11,0,191,16,5,50,92,970,45,4,703,26,778,2199,,
2025,January,1,2025-01,Sylhet Range,Police Range,,,Interim,5,6,21,2,0,56,3,3,5,39,392,1,0,151,27,179,711,,
2025,January,1,2025-01,Khulna Range,Police Range,,,Interim,4,10,28,5,0,153,3,0,17,79,637,15,1,390,7,413,1349,,
2025,January,1,2025-01,Barishal Range,Police Range,,,Interim,4,2,12,12,0,98,3,3,15,40,515,3,2,138,0,143,847,,
2025,January,1,2025-01,Rajshahi Range,Police Range,,,Interim,4,12,22,5,0,200,9,1,10,73,670,16,8,532,13,569,1575,,
2025,January,1,2025-01,Rangpur Range,Police Range,,,Interim,3,6,19,0,0,194,4,2,14,67,730,4,0,423,7,434,1473,,
2025,January,1,2025-01,Railway Range,Railway Police,,,Interim,0,1,0,0,0,0,0,0,0,17,16,0,0,23,1,24,58,,
2025,January,1,2025-01,Total,National Total,,,Interim,71,171,294,91,8,1440,105,38,262,797,6603,129,35,4386,142,4692,14572,,
2025,February,2,2025-02,DMP,Metropolitan Police,,,Interim,6,46,38,18,9,142,18,7,36,117,638,8,1,474,8,491,1566,,
2025,February,2,2025-02,CMP,Metropolitan Police,,,Interim,1,10,3,5,0,23,5,4,11,22,114,4,0,101,1,106,304,,
2025,February,2,2025-02,KMP,Metropolitan Police,,,Interim,0,1,1,0,0,7,3,0,2,14,45,1,0,74,0,75,148,,
2025,February,2,2025-02,RMP,Metropolitan Police,,,Interim,1,5,4,0,1,6,2,0,2,7,53,2,2,91,0,95,176,,
2025,February,2,2025-02,BMP,Metropolitan Police,,,Interim,1,0,2,0,0,17,0,0,4,5,47,0,0,24,0,24,100,,
2025,February,2,2025-02,SMP,Metropolitan Police,,,Interim,0,3,3,1,0,5,0,0,2,6,58,1,4,37,25,67,145,,
2025,February,2,2025-02,RPMP,Metropolitan Police,,,Interim,0,2,0,0,0,10,0,0,0,8,26,1,0,17,0,18,64,,
2025,February,2,2025-02,GMP,Metropolitan Police,,,Interim,1,1,8,0,0,20,6,0,2,12,93,2,5,59,0,66,209,,
2025,February,2,2025-02,Dhaka Range,Police Range,,,Interim,25,25,66,8,0,229,10,7,37,111,1051,13,0,563,1,577,2146,,
2025,February,2,2025-02,Mymensingh Range,Police Range,,,Interim,1,4,19,10,0,94,3,1,6,35,372,2,0,207,38,247,792,,
2025,February,2,2025-02,Chittagong Range,Police Range,,,Interim,13,14,50,11,0,171,10,5,43,75,896,32,4,601,25,662,1950,,
2025,February,2,2025-02,Sylhet Range,Police Range,,,Interim,2,6,13,3,0,79,1,5,4,50,385,1,0,103,23,127,675,,
2025,February,2,2025-02,Khulna Range,Police Range,,,Interim,2,11,22,2,0,140,2,1,18,60,591,12,7,315,8,342,1191,,
2025,February,2,2025-02,Barishal Range,Police Range,,,Interim,6,4,16,18,0,120,5,2,14,25,435,0,0,125,0,125,770,,
2025,February,2,2025-02,Rajshahi Range,Police Range,,,Interim,11,11,30,5,0,196,5,4,8,47,602,15,12,418,6,451,1370,,
2025,February,2,2025-02,Rangpur Range,Police Range,,,Interim,4,6,23,2,0,171,8,1,4,69,644,7,2,408,8,425,1357,,
2025,February,2,2025-02,Railway Range,Railway Police,,,Interim,0,4,2,0,0,0,0,0,0,10,8,0,0,15,0,15,39,,
2025,February,2,2025-02,Total,National Total,,,Interim,74,153,300,83,10,1430,78,37,193,673,6058,101,37,3632,143,3913,13002,,
2025,March,3,2025-03,DMP,Metropolitan Police,,,Interim,3,38,33,12,15,162,19,23,43,137,699,20,2,538,10,570,1754,,
2025,March,3,2025-03,CMP,Metropolitan Police,,,Interim,1,4,7,8,0,46,8,4,8,17,185,6,1,140,2,149,437,,
2025,March,3,2025-03,KMP,Metropolitan Police,,,Interim,0,5,1,3,0,14,1,3,5,20,53,4,0,61,0,65,170,,
2025,March,3,2025-03,RMP,Metropolitan Police,,,Interim,0,1,3,1,1,19,3,2,3,4,45,1,4,48,0,53,135,,
2025,March,3,2025-03,BMP,Metropolitan Police,,,Interim,0,0,4,1,0,24,0,3,3,3,43,1,0,28,0,29,110,,
2025,March,3,2025-03,SMP,Metropolitan Police,,,Interim,0,3,0,7,0,14,2,3,1,6,73,1,1,29,25,56,165,,
2025,March,3,2025-03,RPMP,Metropolitan Police,,,Interim,0,1,0,1,0,10,1,0,0,6,27,2,0,21,0,23,69,,
2025,March,3,2025-03,GMP,Metropolitan Police,,,Interim,1,5,5,2,0,41,0,1,4,13,94,2,1,74,1,78,244,,
2025,March,3,2025-03,Dhaka Range,Police Range,,,Interim,21,42,66,4,0,375,10,22,43,144,1325,17,1,620,1,639,2691,,
2025,March,3,2025-03,Mymensingh Range,Police Range,,,Interim,2,7,22,5,0,132,2,2,9,39,498,0,1,223,67,291,1009,,
2025,March,3,2025-03,Chittagong Range,Police Range,,,Interim,13,25,65,16,0,249,20,11,39,128,1185,49,4,724,28,805,2556,,
2025,March,3,2025-03,Sylhet Range,Police Range,,,Interim,3,5,13,1,0,97,0,13,5,50,541,3,0,142,28,173,901,,
2025,March,3,2025-03,Khulna Range,Police Range,,,Interim,2,11,36,12,0,218,2,2,16,81,772,15,2,366,16,399,1551,,
2025,March,3,2025-03,Barishal Range,Police Range,,,Interim,5,1,14,12,0,164,2,2,13,44,564,3,0,150,0,153,974,,
2025,March,3,2025-03,Rajshahi Range,Police Range,,,Interim,7,10,21,4,0,271,5,4,8,79,930,6,11,485,12,514,1853,,
2025,March,3,2025-03,Rangpur Range,Police Range,,,Interim,2,10,26,0,0,218,7,1,6,80,795,1,1,395,4,401,1546,,
2025,March,3,2025-03,Railway Range,Railway Police,,,Interim,0,3,0,1,0,0,1,0,0,15,20,0,0,31,4,35,75,,
2025,March,3,2025-03,Total,National Total,,,Interim,60,171,316,90,16,2054,83,96,206,866,7849,131,29,4075,198,4433,16240,,
2025,April,4,2025-04,DMP,Metropolitan Police,,,Interim,7,37,29,12,1,191,19,7,48,118,540,5,6,503,24,538,1547,,
2025,April,4,2025-04,CMP,Metropolitan Police,,,Interim,0,3,11,8,0,51,3,3,16,27,148,5,0,120,5,130,400,,
2025,April,4,2025-04,KMP,Metropolitan Police,,,Interim,0,0,2,2,0,15,1,1,7,16,52,5,0,54,0,59,155,,
2025,April,4,2025-04,RMP,Metropolitan Police,,,Interim,0,2,2,1,0,21,0,1,4,13,58,0,0,72,0,72,174,,
2025,April,4,2025-04,BMP,Metropolitan Police,,,Interim,0,1,3,1,0,27,0,1,2,4,62,1,0,37,0,38,139,,
2025,April,4,2025-04,SMP,Metropolitan Police,,,Interim,0,0,3,0,0,11,0,1,6,8,56,0,3,35,14,52,137,,
2025,April,4,2025-04,RPMP,Metropolitan Police,,,Interim,0,0,0,0,0,16,0,0,0,6,33,0,0,14,0,14,69,,
2025,April,4,2025-04,GMP,Metropolitan Police,,,Interim,4,9,8,0,0,33,2,1,4,9,99,2,1,64,1,68,237,,
2025,April,4,2025-04,Dhaka Range,Police Range,,,Interim,11,28,74,6,0,345,19,12,52,96,1388,18,7,674,0,699,2730,,
2025,April,4,2025-04,Mymensingh Range,Police Range,,,Interim,0,7,21,6,0,120,2,1,4,37,512,4,0,293,42,339,1049,,
2025,April,4,2025-04,Chittagong Range,Police Range,,,Interim,8,19,66,15,2,278,15,7,39,98,1298,48,2,704,27,781,2626,,
2025,April,4,2025-04,Sylhet Range,Police Range,,,Interim,3,6,20,0,0,97,1,3,3,38,420,5,1,165,18,189,780,,
2025,April,4,2025-04,Khulna Range,Police Range,,,Interim,0,16,32,14,0,207,6,2,11,64,851,22,5,438,8,473,1676,,
2025,April,4,2025-04,Barishal Range,Police Range,,,Interim,6,2,15,11,0,197,3,2,14,28,579,3,0,154,0,157,1014,,
2025,April,4,2025-04,Rajshahi Range,Police Range,,,Interim,7,11,35,11,0,265,10,9,5,84,919,20,10,606,3,639,1995,,
2025,April,4,2025-04,Rangpur Range,Police Range,,,Interim,0,4,13,1,0,213,7,1,4,60,837,1,0,432,10,443,1583,,
2025,April,4,2025-04,Railway Range,Railway Police,,,Interim,0,4,2,0,0,2,0,0,0,9,10,1,0,27,2,30,57,,
2025,April,4,2025-04,Total,National Total,,,Interim,46,149,336,88,3,2089,88,52,219,715,7862,140,35,4392,154,4721,16368,,
2025,May,5,2025-05,DMP,Metropolitan Police,,,Interim,5,40,32,12,6,183,25,9,50,128,630,44,2,546,21,613,1733,,
2025,May,5,2025-05,CMP,Metropolitan Police,,,Interim,0,8,6,14,0,47,0,4,8,30,150,5,0,130,6,141,408,,
2025,May,5,2025-05,KMP,Metropolitan Police,,,Interim,1,5,5,2,0,15,0,1,5,5,43,1,0,92,0,93,175,,
2025,May,5,2025-05,RMP,Metropolitan Police,,,Interim,1,5,0,0,0,12,2,0,3,13,72,1,2,90,2,95,203,,
2025,May,5,2025-05,BMP,Metropolitan Police,,,Interim,1,0,4,1,1,27,1,1,5,11,51,0,0,37,0,37,140,,
2025,May,5,2025-05,SMP,Metropolitan Police,,,Interim,0,1,1,2,0,12,0,1,3,14,51,3,3,34,9,49,134,,
2025,May,5,2025-05,RPMP,Metropolitan Police,,,Interim,1,1,1,0,0,12,0,0,0,7,44,0,0,20,0,20,86,,
2025,May,5,2025-05,GMP,Metropolitan Police,,,Interim,2,9,7,0,0,33,5,0,2,14,121,5,2,70,0,77,270,,
2025,May,5,2025-05,Dhaka Range,Police Range,,,Interim,24,39,94,9,0,375,15,16,45,121,1197,48,6,753,2,809,2744,,
2025,May,5,2025-05,Mymensingh Range,Police Range,,,Interim,2,3,17,3,0,123,1,2,5,47,428,1,0,257,45,303,934,,
2025,May,5,2025-05,Chittagong Range,Police Range,,,Interim,12,20,55,8,1,242,9,11,53,85,1218,51,2,766,41,860,2574,,
2025,May,5,2025-05,Sylhet Range,Police Range,,,Interim,1,5,21,5,0,99,3,2,7,56,430,2,0,152,22,176,805,,
2025,May,5,2025-05,Khulna Range,Police Range,,,Interim,6,8,36,8,0,192,0,8,13,78,709,22,5,402,9,438,1496,,
2025,May,5,2025-05,Barishal Range,Police Range,,,Interim,6,5,12,12,0,181,5,3,16,27,550,4,0,159,0,163,980,,
2025,May,5,2025-05,Rajshahi Range,Police Range,,,Interim,3,11,29,4,0,298,10,2,7,70,805,9,11,519,12,551,1790,,
2025,May,5,2025-05,Rangpur Range,Police Range,,,Interim,2,4,20,0,0,236,6,2,7,46,780,2,0,377,11,390,1493,,
2025,May,5,2025-05,Railway Range,Railway Police,,,Interim,0,13,1,0,0,0,0,0,0,13,12,0,0,39,2,41,80,,
2025,May,5,2025-05,Total,National Total,,,Interim,67,177,341,80,8,2087,82,62,229,765,7291,198,33,4443,182,4856,16045,,
2025,June,6,2025-06,DMP,Metropolitan Police,,,Interim,4,32,49,8,4,168,20,6,55,90,456,45,4,505,10,564,1456,,
2025,June,6,2025-06,CMP,Metropolitan Police,,,Interim,0,7,7,9,0,34,3,1,15,36,100,5,0,133,0,138,350,,
2025,June,6,2025-06,KMP,Metropolitan Police,,,Interim,0,4,3,1,0,14,0,1,8,14,35,7,1,51,2,61,141,,
2025,June,6,2025-06,RMP,Metropolitan Police,,,Interim,0,7,0,0,0,19,3,0,3,14,63,0,0,57,1,58,167,,
2025,June,6,2025-06,BMP,Metropolitan Police,,,Interim,0,2,2,0,1,15,1,1,2,5,48,0,0,38,0,38,115,,
2025,June,6,2025-06,SMP,Metropolitan Police,,,Interim,0,2,2,5,0,12,0,0,4,5,50,1,1,25,4,31,111,,
2025,June,6,2025-06,RPMP,Metropolitan Police,,,Interim,0,1,2,0,2,11,2,0,0,7,28,4,0,20,0,24,77,,
2025,June,6,2025-06,GMP,Metropolitan Police,,,Interim,1,5,8,0,0,24,6,3,7,12,76,1,1,57,0,59,201,,
2025,June,6,2025-06,Dhaka Range,Police Range,,,Interim,22,37,82,9,0,318,17,8,50,104,1233,36,3,711,5,755,2635,,
2025,June,6,2025-06,Mymensingh Range,Police Range,,,Interim,1,6,19,5,0,133,2,1,8,39,536,6,0,276,36,318,1068,,
2025,June,6,2025-06,Chittagong Range,Police Range,,,Interim,8,13,53,11,1,246,10,9,43,98,1118,41,2,718,31,792,2402,,
2025,June,6,2025-06,Sylhet Range,Police Range,,,Interim,2,4,20,3,0,92,2,5,5,52,371,2,0,114,26,142,698,,
2025,June,6,2025-06,Khulna Range,Police Range,,,Interim,5,9,28,9,0,156,6,4,19,61,651,19,4,393,16,432,1380,,
2025,June,6,2025-06,Barishal Range,Police Range,,,Interim,1,3,7,4,0,169,2,2,12,36,552,2,1,134,0,137,925,,
2025,June,6,2025-06,Rajshahi Range,Police Range,,,Interim,3,11,38,0,0,230,4,3,8,56,890,28,12,441,12,493,1736,,
2025,June,6,2025-06,Rangpur Range,Police Range,,,Interim,2,3,23,0,0,290,2,0,5,77,836,5,0,399,3,407,1645,,
2025,June,6,2025-06,Railway Range,Railway Police,,,Interim,0,5,1,0,0,2,0,0,0,16,8,1,0,26,1,28,60,,
2025,June,6,2025-06,Total,National Total,,,Interim,49,151,344,64,8,1933,80,44,244,722,7051,203,29,4098,147,4477,15167,,
2025,July,7,2025-07,DMP,Metropolitan Police,,,Interim,4,38,75,8,3,171,25,5,46,101,555,23,13,528,11,575,1606,,
2025,July,7,2025-07,CMP,Metropolitan Police,,,Interim,0,8,9,4,0,54,6,4,16,28,129,3,0,156,5,164,422,,
2025,July,7,2025-07,KMP,Metropolitan Police,,,Interim,0,0,2,1,0,14,1,0,7,14,38,2,0,61,0,63,140,,
2025,July,7,2025-07,RMP,Metropolitan Police,,,Interim,0,4,2,0,0,18,3,2,6,14,64,4,0,86,0,90,203,,
2025,July,7,2025-07,BMP,Metropolitan Police,,,Interim,0,1,1,1,0,26,0,0,5,8,41,0,0,40,0,40,123,,
2025,July,7,2025-07,SMP,Metropolitan Police,,,Interim,0,3,2,1,0,11,0,0,4,9,38,1,1,31,6,39,107,,
2025,July,7,2025-07,RPMP,Metropolitan Police,,,Interim,1,1,0,0,0,7,1,0,0,8,32,4,0,20,0,24,74,,
2025,July,7,2025-07,GMP,Metropolitan Police,,,Interim,2,3,9,0,0,32,6,2,5,13,93,1,1,70,1,73,238,,
2025,July,7,2025-07,Dhaka Range,Police Range,,,Interim,22,36,77,14,0,364,12,6,70,142,1102,20,0,879,2,901,2746,,
2025,July,7,2025-07,Mymensingh Range,Police Range,,,Interim,0,3,23,7,0,114,10,1,7,36,408,1,0,293,31,325,934,,
2025,July,7,2025-07,Chittagong Range,Police Range,,,Interim,11,25,46,16,0,239,18,7,58,124,935,50,2,863,27,942,2421,,
2025,July,7,2025-07,Sylhet Range,Police Range,,,Interim,2,3,20,3,0,103,3,3,5,51,387,2,0,133,31,166,746,,
2025,July,7,2025-07,Khulna Range,Police Range,,,Interim,4,10,25,14,0,225,7,2,23,81,527,22,4,389,14,429,1347,,
2025,July,7,2025-07,Barishal Range,Police Range,,,Interim,8,7,15,14,1,188,4,1,24,43,412,3,2,153,0,158,875,,
2025,July,7,2025-07,Rajshahi Range,Police Range,,,Interim,4,14,27,6,0,235,7,3,9,89,742,11,11,468,8,498,1634,,
2025,July,7,2025-07,Rangpur Range,Police Range,,,Interim,1,5,29,0,0,287,6,3,7,72,821,8,0,446,3,457,1688,,
2025,July,7,2025-07,Railway Range,Railway Police,,,Interim,0,5,0,0,0,9,0,0,0,16,9,0,0,42,4,46,85,,
2025,July,7,2025-07,Total,National Total,,,Interim,59,166,362,89,4,2097,109,39,292,849,6333,155,34,4658,143,4990,15389,,
2025,August,8,2025-08,DMP,Metropolitan Police,,,Interim,2,52,32,7,1,159,16,5,51,132,555,14,13,557,10,594,1606,,
2025,August,8,2025-08,CMP,Metropolitan Police,,,Interim,1,10,3,7,0,49,6,7,13,25,134,4,0,136,5,145,400,,
2025,August,8,2025-08,KMP,Metropolitan Police,,,Interim,0,0,5,0,0,20,1,3,6,19,31,3,0,66,1,70,155,,
2025,August,8,2025-08,RMP,Metropolitan Police,,,Interim,0,4,3,0,0,17,3,0,7,20,75,1,0,70,0,71,200,,
2025,August,8,2025-08,BMP,Metropolitan Police,,,Interim,0,0,2,0,0,29,0,1,3,9,38,1,0,42,0,43,125,,
2025,August,8,2025-08,SMP,Metropolitan Police,,,Interim,1,0,3,0,0,5,1,1,4,16,61,0,1,25,7,33,125,,
2025,August,8,2025-08,RPMP,Metropolitan Police,,,Interim,0,0,0,0,0,12,1,0,2,5,25,1,0,15,0,16,61,,
2025,August,8,2025-08,GMP,Metropolitan Police,,,Interim,3,6,7,0,0,27,3,2,6,26,88,0,1,81,0,82,250,,
2025,August,8,2025-08,Dhaka Range,Police Range,,,Interim,19,36,73,8,0,346,19,6,49,159,1156,20,3,894,7,924,2795,,
2025,August,8,2025-08,Mymensingh Range,Police Range,,,Interim,0,5,24,1,0,104,5,3,10,34,364,4,0,309,45,358,908,,
2025,August,8,2025-08,Chittagong Range,Police Range,,,Interim,17,18,42,17,1,229,15,6,76,134,1014,52,2,964,43,1061,2630,,
2025,August,8,2025-08,Sylhet Range,Police Range,,,Interim,2,5,17,3,0,81,0,7,5,63,338,3,0,147,34,184,705,,
2025,August,8,2025-08,Khulna Range,Police Range,,,Interim,2,11,30,14,0,147,5,2,25,80,581,25,2,402,20,449,1346,,
2025,August,8,2025-08,Barishal Range,Police Range,,,Interim,7,8,16,5,0,196,5,3,35,52,438,1,0,223,1,225,990,,
2025,August,8,2025-08,Rajshahi Range,Police Range,,,Interim,7,8,37,4,0,216,4,3,5,91,742,13,9,425,9,456,1573,,
2025,August,8,2025-08,Rangpur Range,Police Range,,,Interim,1,9,25,0,0,264,5,2,14,74,833,6,1,465,1,473,1700,,
2025,August,8,2025-08,Railway Range,Railway Police,,,Interim,0,4,2,0,0,3,1,0,0,17,11,0,0,39,10,49,87,,
2025,August,8,2025-08,Total,National Total,,,Interim,62,176,321,66,2,1904,90,51,311,956,6484,148,32,4860,193,5233,15656,,
2025,September,9,2025-09,DMP,Metropolitan Police,,,Interim,4,36,25,11,1,137,19,4,44,119,576,16,9,522,6,553,1529,,
2025,September,9,2025-09,CMP,Metropolitan Police,,,Interim,0,4,7,4,0,46,5,5,12,41,140,4,0,134,1,139,403,,
2025,September,9,2025-09,KMP,Metropolitan Police,,,Interim,0,1,1,0,0,16,2,1,6,15,36,8,0,53,1,62,140,,
2025,September,9,2025-09,RMP,Metropolitan Police,,,Interim,0,3,0,0,0,13,4,0,5,8,68,1,1,75,1,78,179,,
2025,September,9,2025-09,BMP,Metropolitan Police,,,Interim,1,0,0,0,0,34,1,1,5,9,39,0,0,35,0,35,125,,
2025,September,9,2025-09,SMP,Metropolitan Police,,,Interim,1,2,2,5,0,6,2,0,5,16,63,0,0,48,15,63,165,,
2025,September,9,2025-09,RPMP,Metropolitan Police,,,Interim,0,3,0,0,0,3,3,0,1,11,30,3,0,13,0,16,67,,
2025,September,9,2025-09,GMP,Metropolitan Police,,,Interim,1,6,3,0,0,35,6,2,8,16,96,2,0,75,0,77,250,,
2025,September,9,2025-09,Dhaka Range,Police Range,,,Interim,10,51,77,8,0,346,3,11,49,141,1194,29,4,894,1,928,2818,,
2025,September,9,2025-09,Mymensingh Range,Police Range,,,Interim,0,4,15,6,0,117,2,1,13,55,384,3,0,303,50,356,953,,
2025,September,9,2025-09,Chittagong Range,Police Range,,,Interim,16,22,55,31,1,240,22,9,68,130,1067,44,0,932,43,1019,2680,,
2025,September,9,2025-09,Sylhet Range,Police Range,,,Interim,3,4,16,5,0,77,2,2,5,61,396,1,0,151,40,192,763,,
2025,September,9,2025-09,Khulna Range,Police Range,,,Interim,1,12,27,9,1,163,9,2,21,66,585,21,3,405,16,445,1341,,
2025,September,9,2025-09,Barishal Range,Police Range,,,Interim,2,4,18,3,0,210,1,0,34,30,454,1,2,182,0,185,941,,
2025,September,9,2025-09,Rajshahi Range,Police Range,,,Interim,8,9,26,7,0,247,9,5,11,65,795,10,2,369,5,386,1568,,
2025,September,9,2025-09,Rangpur Range,Police Range,,,Interim,2,4,24,3,0,238,6,0,8,85,694,2,0,349,4,355,1419,,
2025,September,9,2025-09,Railway Range,Railway Police,,,Interim,1,4,1,0,0,0,0,0,0,20,14,0,0,45,5,50,90,,
2025,September,9,2025-09,Total,National Total,,,Interim,50,169,297,92,3,1928,96,43,295,888,6631,145,21,4585,188,4939,15431,,
2025,October,10,2025-10,DMP,Metropolitan Police,,,Interim,1,29,22,8,1,166,24,9,43,119,546,16,15,518,14,563,1531,,
2025,October,10,2025-10,CMP,Metropolitan Police,,,Interim,3,10,5,21,0,51,4,5,13,34,132,8,0,160,2,170,448,,
2025,October,10,2025-10,KMP,Metropolitan Police,,,Interim,0,3,5,1,0,11,3,0,8,13,42,5,0,67,0,72,158,,
2025,October,10,2025-10,RMP,Metropolitan Police,,,Interim,0,4,3,0,0,16,1,1,3,9,81,1,0,57,0,58,176,,
2025,October,10,2025-10,BMP,Metropolitan Police,,,Interim,0,1,0,0,0,22,5,0,5,8,68,0,0,38,0,38,147,,
2025,October,10,2025-10,SMP,Metropolitan Police,,,Interim,1,1,1,4,0,8,2,2,4,16,60,0,0,61,24,85,184,,
2025,October,10,2025-10,RPMP,Metropolitan Police,,,Interim,0,1,0,0,0,10,1,1,4,6,26,1,0,16,0,17,66,,
2025,October,10,2025-10,GMP,Metropolitan Police,,,Interim,4,6,11,2,0,24,7,3,4,14,106,2,0,100,0,102,283,,
2025,October,10,2025-10,Dhaka Range,Police Range,,,Interim,9,49,59,13,0,362,18,12,50,156,1361,27,2,953,2,984,3073,,
2025,October,10,2025-10,Mymensingh Range,Police Range,,,Interim,1,3,29,4,0,115,1,2,15,43,379,0,0,303,44,347,939,,
2025,October,10,2025-10,Chittagong Range,Police Range,,,Interim,19,26,59,27,0,263,17,16,73,139,1156,57,1,894,46,998,2793,,
2025,October,10,2025-10,Sylhet Range,Police Range,,,Interim,2,7,15,1,0,80,2,6,5,58,405,1,0,133,34,168,749,,
2025,October,10,2025-10,Khulna Range,Police Range,,,Interim,5,10,34,10,0,136,8,3,23,90,612,25,5,391,14,435,1366,,
2025,October,10,2025-10,Barishal Range,Police Range,,,Interim,3,6,16,1,0,186,6,2,23,28,576,1,1,182,0,184,1031,,
2025,October,10,2025-10,Rajshahi Range,Police Range,,,Interim,7,12,41,7,0,258,4,5,12,103,826,10,12,318,5,345,1620,,
2025,October,10,2025-10,Rangpur Range,Police Range,,,Interim,1,10,17,0,0,277,7,2,16,84,748,1,0,354,8,363,1525,,
2025,October,10,2025-10,Railway Range,Railway Police,,,Interim,0,2,2,4,0,0,0,0,0,11,15,1,0,40,6,47,81,,
2025,October,10,2025-10,Total,National Total,,,Interim,56,180,319,103,1,1985,110,69,301,931,7139,156,36,4585,199,4976,16170,,
2025,November,11,2025-11,DMP,Metropolitan Police,,,Interim,1,28,27,12,0,134,28,2,45,123,508,13,28,420,14,475,1383,,
2025,November,11,2025-11,CMP,Metropolitan Police,,,Interim,0,2,8,10,0,39,5,3,17,34,148,5,0,137,4,146,412,,
2025,November,11,2025-11,KMP,Metropolitan Police,,,Interim,0,2,5,1,0,14,0,0,6,13,33,0,0,62,0,62,136,,
2025,November,11,2025-11,RMP,Metropolitan Police,,,Interim,1,2,1,0,0,11,5,0,7,8,47,0,1,65,0,66,148,,
2025,November,11,2025-11,BMP,Metropolitan Police,,,Interim,0,2,1,0,0,19,5,2,5,7,74,1,0,39,1,41,156,,
2025,November,11,2025-11,SMP,Metropolitan Police,,,Interim,1,0,5,6,0,11,0,1,5,17,71,0,1,32,46,79,196,,
2025,November,11,2025-11,RPMP,Metropolitan Police,,,Interim,2,1,0,0,0,8,1,0,1,6,27,1,0,20,0,21,67,,
2025,November,11,2025-11,GMP,Metropolitan Police,,,Interim,2,4,6,1,0,41,10,3,6,23,108,0,1,65,0,66,270,,
2025,November,11,2025-11,Dhaka Range,Police Range,,,Interim,11,38,53,6,0,344,12,5,44,154,1235,30,20,786,2,838,2740,,
2025,November,11,2025-11,Mymensingh Range,Police Range,,,Interim,0,2,21,5,0,102,2,2,9,54,369,2,4,224,59,289,855,,
2025,November,11,2025-11,Chittagong Range,Police Range,,,Interim,11,19,51,16,0,210,13,9,53,99,1025,60,0,800,45,905,2411,,
2025,November,11,2025-11,Sylhet Range,Police Range,,,Interim,1,4,9,6,0,68,2,3,10,47,414,2,0,161,29,192,756,,
2025,November,11,2025-11,Khulna Range,Police Range,,,Interim,2,14,19,12,0,135,4,4,16,64,557,17,4,338,6,365,1192,,
2025,November,11,2025-11,Barishal Range,Police Range,,,Interim,4,2,14,4,0,208,1,2,31,30,440,0,0,171,0,171,907,,
2025,November,11,2025-11,Rajshahi Range,Police Range,,,Interim,6,8,36,0,0,173,2,4,5,82,718,19,9,332,0,360,1394,,
2025,November,11,2025-11,Rangpur Range,Police Range,,,Interim,2,7,20,0,0,226,3,1,7,69,771,0,0,258,5,263,1369,,
2025,November,11,2025-11,Railway Range,Railway Police,,,Interim,0,5,3,0,3,1,0,0,0,12,15,0,0,33,1,34,73,,
2025,November,11,2025-11,Total,National Total,,,Interim,44,140,279,79,3,1744,93,41,267,842,6560,150,68,3943,212,4373,14465,,
2025,December,12,2025-12,DMP,Metropolitan Police,,,Interim,3,22,20,8,0,113,23,2,44,76,434,16,15,480,8,519,1264,,
2025,December,12,2025-12,CMP,Metropolitan Police,,,Interim,0,4,2,5,0,29,5,3,10,23,139,6,0,138,4,148,368,,
2025,December,12,2025-12,KMP,Metropolitan Police,,,Interim,0,1,4,0,0,6,0,0,2,14,27,3,0,48,0,51,105,,
2025,December,12,2025-12,RMP,Metropolitan Police,,,Interim,1,4,4,0,0,7,2,2,6,8,35,2,1,88,0,91,160,,
2025,December,12,2025-12,BMP,Metropolitan Police,,,Interim,1,1,2,2,0,15,4,1,4,3,40,0,0,38,0,38,111,,
2025,December,12,2025-12,SMP,Metropolitan Police,,,Interim,1,0,2,5,0,10,2,1,3,18,45,2,0,54,18,74,161,,
2025,December,12,2025-12,RPMP,Metropolitan Police,,,Interim,1,2,0,0,0,8,0,0,2,4,40,0,0,29,0,29,86,,
2025,December,12,2025-12,GMP,Metropolitan Police,,,Interim,2,7,4,0,0,22,7,1,4,16,84,4,0,86,0,90,237,,
2025,December,12,2025-12,Dhaka Range,Police Range,,,Interim,24,32,68,2,0,234,17,7,50,132,1073,30,4,869,3,906,2545,,
2025,December,12,2025-12,Mymensingh Range,Police Range,,,Interim,2,1,12,4,0,86,3,2,3,39,343,0,0,214,36,250,745,,
2025,December,12,2025-12,Chittagong Range,Police Range,,,Interim,10,22,44,19,0,169,10,4,53,83,960,41,1,779,39,860,2234,,
2025,December,12,2025-12,Sylhet Range,Police Range,,,Interim,2,5,19,3,0,58,1,2,7,44,402,2,1,142,59,204,747,,
2025,December,12,2025-12,Khulna Range,Police Range,,,Interim,2,10,23,9,0,97,5,1,25,57,497,21,4,367,6,398,1124,,
2025,December,12,2025-12,Barishal Range,Police Range,,,Interim,5,4,11,3,0,111,1,0,25,16,414,5,0,134,0,139,729,,
2025,December,12,2025-12,Rajshahi Range,Police Range,,,Interim,8,9,33,1,0,142,2,2,0,80,656,24,8,361,3,396,1329,,
2025,December,12,2025-12,Rangpur Range,Police Range,,,Interim,2,5,26,0,0,141,5,1,11,51,694,2,0,277,7,286,1222,,
2025,December,12,2025-12,Railway Range,Railway Police,,,Interim,0,3,3,2,0,0,0,0,0,4,3,1,0,44,5,50,65,,
2025,December,12,2025-12,Total,National Total,,,Interim,64,132,277,63,0,1248,87,29,249,668,5886,159,34,4148,188,4529,13232,,
2026,January,1,2026-01,DMP,Metropolitan Police,,,Interim,4,29,21,4,1,108,14,5,42,101,401,34,6,564,18,622,1352,,
2026,January,1,2026-01,CMP,Metropolitan Police,,,Interim,0,6,6,6,0,39,2,1,14,33,118,4,0,186,7,197,422,,
2026,January,1,2026-01,KMP,Metropolitan Police,,,Interim,0,4,1,2,0,7,1,0,0,17,25,3,0,54,1,58,115,,
2026,January,1,2026-01,RMP,Metropolitan Police,,,Interim,0,2,2,0,0,7,1,1,2,7,40,1,1,103,0,105,167,,
2026,January,1,2026-01,BMP,Metropolitan Police,,,Interim,1,0,1,0,0,18,5,0,3,4,43,3,0,31,0,34,109,,
2026,January,1,2026-01,SMP,Metropolitan Police,,,Interim,1,2,1,8,0,7,0,3,0,7,41,0,0,55,27,82,152,,
2026,January,1,2026-01,RPMP,Metropolitan Police,,,Interim,0,0,2,0,0,7,0,2,1,2,23,0,0,36,0,36,73,,
2026,January,1,2026-01,GMP,Metropolitan Police,,,Interim,3,9,0,1,0,26,8,2,5,15,67,2,0,122,0,124,260,,
2026,January,1,2026-01,Dhaka Range,Police Range,,,Interim,12,42,73,7,0,252,10,11,42,123,1065,52,15,1097,7,1171,2808,,
2026,January,1,2026-01,Mymensingh Range,Police Range,,,Interim,0,6,17,4,0,69,1,4,4,49,367,3,1,252,34,290,811,,
2026,January,1,2026-01,Chittagong Range,Police Range,,,Interim,14,19,56,9,0,165,23,3,60,134,972,83,1,817,33,934,2389,,
2026,January,1,2026-01,Sylhet Range,Police Range,,,Interim,3,7,11,3,0,46,2,1,0,51,362,6,1,169,55,231,717,,
2026,January,1,2026-01,Khulna Range,Police Range,,,Interim,1,9,35,7,0,108,6,2,28,83,462,36,7,459,8,510,1251,,
2026,January,1,2026-01,Barishal Range,Police Range,,,Interim,3,4,20,3,0,113,2,0,16,32,407,9,1,206,0,216,816,,
2026,January,1,2026-01,Rajshahi Range,Police Range,,,Interim,8,15,24,1,0,142,4,3,7,85,553,30,2,447,9,488,1330,,
2026,January,1,2026-01,Rangpur Range,Police Range,,,Interim,2,7,15,1,0,167,7,4,12,72,631,3,0,291,8,302,1220,,
2026,January,1,2026-01,Railway Range,Railway Police,,,Interim,0,2,2,1,0,0,1,0,0,13,12,0,0,33,2,35,66,,
2026,January,1,2026-01,Total,National Total,,,Interim,52,163,287,57,1,1281,87,42,236,828,5589,269,35,4922,209,5435,14058,,
2026,February,2,2026-02,DMP,Metropolitan Police,,,Interim,3,22,16,4,0,96,12,8,42,84,364,23,4,358,5,390,1041,,
2026,February,2,2026-02,CMP,Metropolitan Police,,,Interim,0,10,4,5,0,30,4,2,4,17,124,9,0,127,4,140,340,,
2026,February,2,2026-02,KMP,Metropolitan Police,,,Interim,1,3,4,0,0,9,1,0,3,12,26,3,0,29,0,32,91,,
2026,February,2,2026-02,RMP,Metropolitan Police,,,Interim,0,3,4,0,0,12,0,0,2,4,29,1,0,35,0,36,90,,
2026,February,2,2026-02,BMP,Metropolitan Police,,,Interim,1,1,1,2,0,18,6,0,5,6,44,0,0,22,0,22,106,,
2026,February,2,2026-02,SMP,Metropolitan Police,,,Interim,0,4,1,1,0,5,0,2,5,11,37,0,0,44,13,57,123,,
2026,February,2,2026-02,RPMP,Metropolitan Police,,,Interim,0,0,0,0,0,6,0,1,2,4,17,1,0,26,0,27,57,,
2026,February,2,2026-02,GMP,Metropolitan Police,,,Interim,1,2,2,3,0,28,3,3,0,12,71,4,1,83,0,88,213,,
2026,February,2,2026-02,Dhaka Range,Police Range,,,Interim,12,30,57,2,0,240,7,8,31,96,1090,33,11,751,3,798,2371,,
2026,February,2,2026-02,Mymensingh Range,Police Range,,,Interim,3,1,15,3,0,58,6,2,6,23,363,5,0,204,22,231,711,,
2026,February,2,2026-02,Chittagong Range,Police Range,,,Interim,14,23,54,11,0,171,12,6,45,107,889,54,1,572,25,652,1984,,
2026,February,2,2026-02,Sylhet Range,Police Range,,,Interim,1,2,20,2,0,40,1,1,4,34,316,6,0,128,21,155,576,,
2026,February,2,2026-02,Khulna Range,Police Range,,,Interim,2,7,26,7,1,95,1,4,14,67,494,20,9,298,8,335,1053,,
2026,February,2,2026-02,Barishal Range,Police Range,,,Interim,2,2,9,7,0,108,0,2,12,29,423,12,0,169,0,181,775,,
2026,February,2,2026-02,Rajshahi Range,Police Range,,,Interim,2,14,22,1,0,140,1,1,2,60,594,20,3,282,4,309,1146,,
2026,February,2,2026-02,Rangpur Range,Police Range,,,Interim,0,6,15,0,0,125,10,2,10,57,616,2,0,209,2,213,1054,,
2026,February,2,2026-02,Railway Range,Railway Police,,,Interim,0,4,0,0,0,0,0,0,0,11,7,0,0,22,0,22,44,,
2026,February,2,2026-02,Total,National Total,,,BNP,42,134,250,48,1,1181,64,42,187,634,5504,193,29,3359,107,3688,11775,,
2026,March,3,2026-03,DMP,Metropolitan Police,,,BNP,5,25,24,7,0,111,20,7,62,99,472,10,1,455,7,473,1305,,
2026,March,3,2026-03,CMP,Metropolitan Police,,,BNP,1,4,3,7,0,29,0,5,13,22,129,7,0,183,5,195,408,,
2026,March,3,2026-03,KMP,Metropolitan Police,,,BNP,0,0,4,0,0,8,2,2,0,16,28,5,0,39,1,45,105,,
2026,March,3,2026-03,RMP,Metropolitan Police,,,BNP,0,1,1,0,0,10,3,1,4,11,47,1,0,53,0,54,132,,
2026,March,3,2026-03,BMP,Metropolitan Police,,,BNP,0,0,1,3,0,9,3,0,3,11,60,1,0,40,0,41,131,,
2026,March,3,2026-03,SMP,Metropolitan Police,,,BNP,0,3,3,5,0,4,2,3,0,19,46,0,0,51,34,85,170,,
2026,March,3,2026-03,RPMP,Metropolitan Police,,,BNP,0,2,3,2,0,3,1,0,1,10,46,1,0,43,0,44,112,,
2026,March,3,2026-03,GMP,Metropolitan Police,,,BNP,1,5,5,3,0,24,9,4,2,9,103,9,0,133,0,142,307,,
2026,March,3,2026-03,Dhaka Range,Police Range,,,BNP,13,23,71,10,0,258,12,9,41,150,1384,21,4,1199,3,1227,3198,,
2026,March,3,2026-03,Mymensingh Range,Police Range,,,BNP,0,6,20,4,0,87,4,2,8,37,475,0,0,271,32,303,946,,
2026,March,3,2026-03,Chittagong Range,Police Range,,,BNP,12,22,61,17,0,210,26,5,67,132,1231,33,2,790,29,854,2637,,
2026,March,3,2026-03,Sylhet Range,Police Range,,,BNP,1,6,17,6,0,80,0,3,9,49,480,2,0,195,45,242,893,,
2026,March,3,2026-03,Khulna Range,Police Range,,,BNP,2,14,31,17,0,137,6,7,24,95,699,27,7,453,18,505,1537,,
2026,March,3,2026-03,Barishal Range,Police Range,,,BNP,1,5,17,5,0,151,1,2,30,49,532,2,0,253,2,257,1050,,
2026,March,3,2026-03,Rajshahi Range,Police Range,,,BNP,2,17,41,4,0,185,3,6,7,60,855,15,3,466,8,492,1672,,
2026,March,3,2026-03,Rangpur Range,Police Range,,,BNP,1,7,15,1,0,179,10,7,13,75,770,1,0,396,10,407,1485,,
2026,March,3,2026-03,Railway Range,Railway Police,,,BNP,0,2,0,0,0,0,0,0,1,12,11,0,0,42,1,43,69,,
2026,March,3,2026-03,Total,National Total,,,BNP,39,142,317,91,0,1485,102,63,285,856,7368,135,17,5062,195,5409,16157,,
2026,April,4,2026-04,DMP,Metropolitan Police,,,BNP,3,25,17,8,0,168,21,3,44,100,506,13,1,563,16,593,1488,,
2026,April,4,2026-04,CMP,Metropolitan Police,,,BNP,3,9,4,5,0,51,3,0,15,25,153,8,0,241,4,253,521,,
2026,April,4,2026-04,KMP,Metropolitan Police,,,BNP,0,2,2,0,0,5,2,0,6,12,35,6,0,44,0,50,114,,
2026,April,4,2026-04,RMP,Metropolitan Police,,,BNP,0,3,0,0,2,23,2,0,2,8,54,0,2,72,0,74,168,,
2026,April,4,2026-04,BMP,Metropolitan Police,,,BNP,0,1,2,1,0,18,6,1,4,10,59,4,0,48,0,52,154,,
2026,April,4,2026-04,SMP,Metropolitan Police,,,BNP,0,1,3,6,0,5,1,3,4,18,49,1,1,60,21,83,173,,
2026,April,4,2026-04,RPMP,Metropolitan Police,,,BNP,0,1,1,2,0,7,0,0,2,10,37,1,0,63,0,64,124,,
2026,April,4,2026-04,GMP,Metropolitan Police,,,BNP,0,3,5,3,0,34,6,3,3,20,106,18,0,153,1,172,355,,
2026,April,4,2026-04,Dhaka Range,Police Range,,,BNP,21,36,64,8,1,375,15,22,39,132,1433,14,1,1326,7,1348,3494,,
2026,April,4,2026-04,Mymensingh Range,Police Range,,,BNP,0,6,17,7,0,108,3,6,7,48,394,1,0,316,25,342,938,,
2026,April,4,2026-04,Chittagong Range,Police Range,,,BNP,10,22,54,9,0,285,18,9,71,105,1346,31,1,890,47,969,2898,,
2026,April,4,2026-04,Sylhet Range,Police Range,,,BNP,4,7,24,3,0,78,1,1,4,45,400,6,1,187,46,240,807,,
2026,April,4,2026-04,Khulna Range,Police Range,,,BNP,3,12,24,15,0,163,5,5,25,72,687,10,3,454,33,500,1511,,
2026,April,4,2026-04,Barishal Range,Police Range,,,BNP,3,3,15,5,0,200,2,1,21,44,497,2,1,244,0,247,1038,,
2026,April,4,2026-04,Rajshahi Range,Police Range,,,BNP,1,10,36,1,0,252,2,5,1,70,753,23,1,563,5,592,1723,,
2026,April,4,2026-04,Rangpur Range,Police Range,,,BNP,3,5,17,4,0,237,7,7,19,80,767,1,0,444,9,454,1600,,
2026,April,4,2026-04,Railway Range,Railway Police,,,BNP,0,6,3,0,0,2,0,0,0,7,15,0,0,38,3,41,74,,
2026,April,4,2026-04,Total,National Total,,,BNP,51,152,288,77,3,2011,94,66,267,806,7291,139,12,5706,217,6074,17180,,
2026,May,5,2026-05,DMP,Metropolitan Police,,,BNP,2,33,16,4,0,134,13,9,31,92,528,10,4,485,4,503,1365,,
2026,May,5,2026-05,CMP,Metropolitan Police,,,BNP,0,3,6,0,0,45,1,3,12,20,166,4,0,207,2,213,469,,
2026,May,5,2026-05,KMP,Metropolitan Police,,,BNP,1,4,3,1,0,18,2,1,1,13,39,0,0,66,0,66,149,,
2026,May,5,2026-05,RMP,Metropolitan Police,,,BNP,0,4,3,1,0,19,4,0,2,13,63,1,1,70,0,72,181,,
2026,May,5,2026-05,BMP,Metropolitan Police,,,BNP,0,0,2,3,0,32,2,0,4,8,62,2,0,76,0,78,191,,
2026,May,5,2026-05,SMP,Metropolitan Police,,,BNP,2,0,4,7,0,15,1,2,3,20,51,0,0,56,22,78,183,,
2026,May,5,2026-05,RPMP,Metropolitan Police,,,BNP,0,0,0,2,0,11,0,0,5,7,29,1,0,91,0,92,146,,
2026,May,5,2026-05,GMP,Metropolitan Police,,,BNP,1,7,5,3,0,36,7,3,2,24,110,13,0,150,0,163,361,,
2026,May,5,2026-05,Dhaka Range,Police Range,,,BNP,8,29,72,12,2,388,16,10,51,140,1274,18,0,1555,2,1575,3577,,
2026,May,5,2026-05,Mymensingh Range,Police Range,,,BNP,1,5,14,2,0,109,1,0,5,38,378,0,0,448,50,498,1051,,
2026,May,5,2026-05,Chittagong Range,Police Range,,,BNP,8,27,71,9,0,254,18,10,51,117,1236,36,0,1128,39,1203,3004,,
2026,May,5,2026-05,Sylhet Range,Police Range,,,BNP,5,14,14,1,0,74,1,2,7,44,381,0,0,271,45,316,859,,
2026,May,5,2026-05,Khulna Range,Police Range,,,BNP,5,12,29,24,0,165,9,2,30,59,707,14,3,712,30,759,1801,,
2026,May,5,2026-05,Barishal Range,Police Range,,,BNP,3,5,20,6,2,225,2,2,32,23,480,4,0,370,1,375,1175,,
2026,May,5,2026-05,Rajshahi Range,Police Range,,,BNP,6,17,29,4,0,205,9,5,12,77,740,17,3,624,6,650,1754,,
2026,May,5,2026-05,Rangpur Range,Police Range,,,BNP,0,5,21,1,0,220,4,6,12,100,698,2,0,747,6,755,1822,,
2026,May,5,2026-05,Railway Range,Railway Police,,,BNP,0,2,1,0,0,2,0,0,0,9,9,0,0,36,2,38,61,,
2026,May,5,2026-05,Total,National Total,,,BNP,42,167,310,80,4,1952,90,55,260,804,6951,122,11,7092,209,7434,18149,,
2026,June,6,2026-06,DMP,Metropolitan Police,,,BNP,2,24,23,2,0,138,17,6,49,97,516,14,1,506,16,537,1411,,
2026,June,6,2026-06,CMP,Metropolitan Police,,,BNP,0,7,4,5,0,75,3,2,12,19,179,2,0,180,8,190,496,,
2026,June,6,2026-06,KMP,Metropolitan Police,,,BNP,1,4,3,1,0,7,0,0,2,13,51,3,0,63,1,67,149,,
2026,June,6,2026-06,RMP,Metropolitan Police,,,BNP,0,2,2,0,0,14,1,1,6,16,76,1,2,108,0,111,229,,
2026,June,6,2026-06,BMP,Metropolitan Police,,,BNP,0,1,1,0,0,18,5,0,3,5,55,1,0,73,0,74,162,,
2026,June,6,2026-06,SMP,Metropolitan Police,,,BNP,0,2,1,6,0,12,3,3,6,16,34,1,0,44,22,67,150,,
2026,June,6,2026-06,RPMP,Metropolitan Police,,,BNP,0,0,1,0,0,17,0,0,2,15,60,0,0,61,0,61,156,,
2026,June,6,2026-06,GMP,Metropolitan Police,,,BNP,1,2,3,1,0,28,6,1,4,23,103,14,0,171,1,186,358,,
2026,June,6,2026-06,Dhaka Range,Police Range,,,BNP,13,33,74,3,2,383,17,13,60,114,1452,13,6,1590,2,1611,3775,,
2026,June,6,2026-06,Mymensingh Range,Police Range,,,BNP,0,4,22,2,0,132,3,1,1,42,469,2,1,355,29,387,1063,,
2026,June,6,2026-06,Chittagong Range,Police Range,,,BNP,11,24,67,4,1,316,13,8,72,123,1399,31,3,984,32,1050,3088,,
2026,June,6,2026-06,Sylhet Range,Police Range,,,BNP,2,11,22,3,0,100,2,4,8,58,367,1,0,244,49,294,871,,
2026,June,6,2026-06,Khulna Range,Police Range,,,BNP,3,11,28,15,0,194,5,3,22,91,791,15,5,661,23,704,1867,,
2026,June,6,2026-06,Barishal Range,Police Range,,,BNP,2,4,15,5,0,219,4,0,17,28,552,2,1,297,0,300,1146,,
2026,June,6,2026-06,Rajshahi Range,Police Range,,,BNP,2,14,31,2,0,239,2,2,6,90,876,28,5,606,8,647,1911,,
2026,June,6,2026-06,Rangpur Range,Police Range,,,BNP,1,5,27,1,0,306,9,5,25,78,853,1,0,600,8,609,1919,,
2026,June,6,2026-06,Railway Range,Railway Police,,,BNP,0,1,2,0,0,2,0,0,0,8,19,0,0,37,0,37,69,,
2026,June,6,2026-06,Total,National Total,,,BNP,38,149,326,50,3,2200,90,49,295,836,7852,129,24,6580,199,6932,18820,,
2026,July,7,2026-07,DMP,Metropolitan Police,50,1600,BNP,3,20,31,4,0,131,11,4,34,102,563,14,2,495,20,531,1434,,
2026,July,7,2026-07,CMP,Metropolitan Police,16,655.74,BNP,0,11,4,7,0,56,5,2,18,34,131,7,0,155,6,168,436,,
2026,July,7,2026-07,KMP,Metropolitan Police,8,35.271,BNP,1,2,3,0,0,16,0,1,4,12,42,4,0,53,0,57,138,,
2026,July,7,2026-07,RMP,Metropolitan Police,12,112.16,BNP,0,4,1,0,0,17,1,0,8,27,55,0,0,132,0,132,245,,
2026,July,7,2026-07,BMP,Metropolitan Police,4,69.61,BNP,0,2,0,1,0,15,2,0,5,6,68,0,0,60,0,60,159,,
2026,July,7,2026-07,SMP,Metropolitan Police,6,177.81,BNP,0,2,5,2,0,13,1,3,5,12,50,0,0,37,25,62,155,,
2026,July,7,2026-07,RPMP,Metropolitan Police,6,239.72,BNP,1,0,0,0,0,13,0,0,7,11,41,0,0,66,0,66,139,,
2026,July,7,2026-07,GMP,Metropolitan Police,8,127.12,BNP,1,6,7,2,0,43,7,5,6,26,116,23,0,141,1,165,384,,
2026,July,7,2026-07,Dhaka Range,Police Range,98,18866.62,BNP,12,38,66,11,0,399,16,2,59,144,1342,16,1,1305,2,1324,3413,,
2026,July,7,2026-07,Mymensingh Range,Police Range,36,#REF!,BNP,1,5,27,3,0,128,3,2,6,61,381,2,0,333,39,374,991,,
2026,July,7,2026-07,Chittagong Range,Police Range,111,33252.81,BNP,12,22,54,9,1,295,12,9,79,106,1129,23,1,1045,30,1099,2827,,
2026,July,7,2026-07,Sylhet Range,Police Range,30,12457.41,BNP,3,5,15,6,1,108,2,1,4,38,409,1,0,238,51,290,882,,
2026,July,7,2026-07,Khulna Range,Police Range,64,22248.949,BNP,5,18,29,9,0,197,4,3,28,74,622,13,0,698,33,744,1733,,
2026,July,7,2026-07,Barishal Range,Police Range,46,13155.59,BNP,5,2,14,1,0,284,0,3,13,34,462,3,0,263,0,266,1084,,
2026,July,7,2026-07,Rajshahi Range,Police Range,71,18040.92,BNP,8,14,24,3,0,323,3,2,5,95,758,28,2,738,12,780,2015,,
2026,July,7,2026-07,Rangpur Range,Police Range,62,15945.27,BNP,1,5,18,1,0,296,5,4,16,74,777,2,0,575,12,589,1786,,
2026,July,7,2026-07,Railway Range,Railway Police,24,0,BNP,0,4,0,0,0,2,0,1,0,16,13,0,0,49,5,54,90,,
2026,July,7,2026-07,Total,National Total,652,147696.18,BNP,53,160,298,59,2,2336,72,42,297,872,6959,136,6,6383,236,6761,17911,,