Time,Tp,Cl,pH,Redox,Leit,Trueb,Cl_2,Fm,Fm_2,EVENT
2016-09-07 00:00:00,7.7,0.17,8.39,752.0,211.0,0.026,0.11,1668.0,829.0,False
2016-09-07 00:01:00,7.7,0.17,8.39,752.0,211.0,0.026,0.111,1662.0,826.0,False
2016-09-07 00:02:00,7.7,0.17,8.39,753.0,211.0,0.026,0.113,1689.0,818.0,False
2016-09-07 00:03:00,7.7,0.17,8.39,752.0,211.0,0.026,0.113,1645.0,826.0,False
2016-09-07 00:04:00,7.7,0.17,8.39,752.0,211.0,0.026,0.114,1659.0,832.0,False
2016-09-07 00:05:00,7.7,0.17,8.4,751.0,211.0,0.027,0.114,1689.0,833.0,False
2016-09-07 00:06:00,7.7,0.17,8.39,752.0,211.0,0.026,0.114,1625.0,833.0,False
2016-09-07 00:07:00,7.7,0.17,8.39,751.0,211.0,0.026,0.114,1748.0,833.0,False
2016-09-07 00:08:00,7.7,0.17,8.39,751.0,211.0,0.027,0.113,1726.0,829.0,False
2016-09-07 00:09:00,7.7,0.17,8.39,752.0,211.0,0.027,0.113,1741.0,820.0,False
2016-09-07 00:10:00,7.7,0.17,8.39,752.0,211.0,0.027,0.114,1754.0,827.0,False
2016-09-07 00:11:00,7.7,0.17,8.38,754.0,211.0,0.027,0.114,1656.0,822.0,False
2016-09-07 00:12:00,7.7,0.17,8.39,752.0,211.0,0.026,0.114,1679.0,822.0,False
2016-09-07 00:13:00,7.7,0.17,8.38,753.0,211.0,0.026,0.114,1650.0,822.0,False
2016-09-07 00:14:00,7.7,0.17,8.38,751.0,211.0,0.026,0.113,1650.0,828.0,False
2016-09-07 00:15:00,7.7,0.17,8.38,751.0,211.0,0.026,0.113,1679.0,827.0,False
2016-09-07 00:16:00,7.7,0.17,8.38,752.0,211.0,0.026,0.113,1701.0,826.0,False
2016-09-07 00:17:00,7.7,0.17,8.38,752.0,211.0,0.026,0.113,1667.0,821.0,False
2016-09-07 00:18:00,7.7,0.17,8.38,752.0,211.0,0.026,0.114,1656.0,829.0,False
2016-09-07 00:19:00,7.7,0.17,8.37,752.0,211.0,0.026,0.114,1672.0,828.0,False
2016-09-07 00:20:00,7.7,0.17,8.37,753.0,211.0,0.026,0.113,1616.0,826.0,False
2016-09-07 00:21:00,7.7,0.17,8.37,752.0,211.0,0.026,0.111,1655.0,821.0,False
2016-09-07 00:22:00,7.7,0.17,8.37,752.0,211.0,0.026,0.113,1657.0,832.0,False
2016-09-07 00:23:00,7.7,0.17,8.36,754.0,211.0,0.026,0.113,1650.0,827.0,False
2016-09-07 00:24:00,7.7,0.17,8.36,752.0,211.0,0.026,0.113,1634.0,833.0,False
2016-09-07 00:25:00,7.7,0.17,8.37,753.0,211.0,0.027,0.113,1656.0,832.0,False
2016-09-07 00:26:00,7.7,0.17,8.37,752.0,211.0,0.027,0.114,1700.0,835.0,False
2016-09-07 00:27:00,7.7,0.17,8.36,752.0,211.0,0.028,0.113,1657.0,828.0,False
2016-09-07 00:28:00,7.7,0.17,8.37,752.0,211.0,0.028,0.113,1628.0,834.0,False
2016-09-07 00:29:00,7.7,0.17,8.37,752.0,211.0,0.027,0.114,1640.0,833.0,False
2016-09-07 00:30:00,7.7,0.17,8.37,752.0,211.0,0.028,0.11,1667.0,828.0,False
2016-09-07 00:31:00,7.7,0.17,8.37,752.0,211.0,0.028,0.111,1679.0,829.0,False
2016-09-07 00:32:00,7.7,0.17,8.37,752.0,211.0,0.028,0.114,1666.0,827.0,False
2016-09-07 00:33:00,7.7,0.17,8.37,751.0,211.0,0.027,0.11,1648.0,822.0,False
2016-09-07 00:34:00,7.7,0.17,8.37,752.0,211.0,0.028,0.111,1667.0,827.0,False
2016-09-07 00:35:00,7.7,0.17,8.37,751.0,211.0,0.028,0.113,1650.0,828.0,False
2016-09-07 00:36:00,7.7,0.17,8.37,751.0,211.0,0.028,0.11,1638.0,839.0,False
2016-09-07 00:37:00,7.7,0.17,8.37,752.0,211.0,0.028,0.114,1634.0,833.0,False
2016-09-07 00:38:00,7.7,0.17,8.37,752.0,211.0,0.028,0.113,1570.0,828.0,False
2016-09-07 00:39:00,7.7,0.17,8.38,752.0,211.0,0.027,0.113,1534.0,827.0,False
2016-09-07 00:40:00,7.7,0.17,8.37,751.0,211.0,0.028,0.113,1607.0,826.0,False
2016-09-07 00:41:00,7.7,0.17,8.38,752.0,211.0,0.027,0.113,1575.0,824.0,False
2016-09-07 00:42:00,7.7,0.17,8.38,751.0,211.0,0.028,0.111,1578.0,827.0,False
2016-09-07 00:43:00,7.7,0.17,8.38,751.0,211.0,0.028,0.111,1591.0,829.0,False
2016-09-07 00:44:00,7.7,0.17,8.39,751.0,211.0,0.028,0.111,1614.0,826.0,False
2016-09-07 00:45:00,7.7,0.17,8.38,752.0,211.0,0.028,0.113,1561.0,828.0,False
2016-09-07 00:46:00,7.7,0.17,8.38,752.0,211.0,0.028,0.111,1539.0,826.0,False
2016-09-07 00:47:00,7.7,0.17,8.39,751.0,211.0,0.028,0.111,1581.0,822.0,False
2016-09-07 00:48:00,7.7,0.17,8.38,751.0,211.0,0.028,0.113,1603.0,832.0,False
2016-09-07 00:49:00,7.7,0.17,8.39,751.0,211.0,0.028,0.111,1587.0,834.0,False
2016-09-07 00:50:00,7.7,0.17,8.39,751.0,211.0,0.028,0.111,1528.0,835.0,False
2016-09-07 00:51:00,7.7,0.17,8.39,751.0,211.0,0.028,0.11,1576.0,822.0,False
2016-09-07 00:52:00,7.7,0.17,8.39,751.0,211.0,0.028,0.11,1567.0,829.0,False
2016-09-07 00:53:00,7.7,0.17,8.39,751.0,211.0,0.027,0.111,1584.0,824.0,False
2016-09-07 00:54:00,7.7,0.17,8.39,751.0,211.0,0.027,0.111,1637.0,818.0,False
2016-09-07 00:55:00,7.7,0.17,8.39,751.0,211.0,0.028,0.11,1534.0,826.0,False
2016-09-07 00:56:00,7.7,0.17,8.39,751.0,211.0,0.028,0.111,1609.0,832.0,False
2016-09-07 00:57:00,7.7,0.17,8.39,751.0,211.0,0.028,0.11,1585.0,832.0,False
2016-09-07 00:58:00,7.7,0.17,8.39,750.0,211.0,0.028,0.111,1582.0,833.0,False
2016-09-07 00:59:00,7.7,0.17,8.39,752.0,211.0,0.028,0.111,1599.0,832.0,False
2016-09-07 01:00:00,7.7,0.17,8.39,751.0,211.0,0.027,0.11,1584.0,828.0,False
2016-09-07 01:01:00,7.7,0.17,8.39,751.0,211.0,0.027,0.111,1538.0,827.0,False
2016-09-07 01:02:00,7.7,0.17,8.39,752.0,211.0,0.027,0.11,1599.0,828.0,False
2016-09-07 01:03:00,7.7,0.17,8.39,751.0,211.0,0.027,0.11,1604.0,832.0,False
2016-09-07 01:04:00,7.7,0.17,8.39,751.0,211.0,0.027,0.11,1561.0,833.0,False
2016-09-07 01:05:00,7.7,0.18,8.39,751.0,211.0,0.028,0.111,1631.0,837.0,False
2016-09-07 01:06:00,7.7,0.18,8.39,751.0,211.0,0.028,0.11,1553.0,832.0,False
2016-09-07 01:07:00,7.7,0.18,8.39,751.0,211.0,0.028,0.11,1634.0,824.0,False
2016-09-07 01:08:00,7.7,0.18,8.39,750.0,211.0,0.027,0.111,1607.0,827.0,False
2016-09-07 01:09:00,7.7,0.18,8.39,751.0,211.0,0.028,0.11,1628.0,828.0,False
2016-09-07 01:10:00,7.7,0.18,8.39,751.0,211.0,0.028,0.11,1585.0,828.0,False
2016-09-07 01:11:00,7.8,0.18,8.39,751.0,211.0,0.028,0.111,1640.0,832.0,False
2016-09-07 01:12:00,7.7,0.18,8.39,751.0,211.0,0.028,0.11,1585.0,832.0,False
2016-09-07 01:13:00,7.7,0.18,8.39,751.0,211.0,0.028,0.111,1582.0,829.0,False
2016-09-07 01:14:00,7.7,0.18,8.39,751.0,211.0,0.028,0.111,1520.0,828.0,False
2016-09-07 01:15:00,7.7,0.18,8.39,751.0,211.0,0.028,0.111,1582.0,834.0,False
2016-09-07 01:16:00,7.7,0.18,8.39,750.0,211.0,0.028,0.111,1527.0,829.0,False
2016-09-07 01:17:00,7.7,0.18,8.39,750.0,211.0,0.028,0.11,1581.0,826.0,False
2016-09-07 01:18:00,7.7,0.18,8.39,752.0,211.0,0.028,0.113,1616.0,826.0,False
2016-09-07 01:19:00,7.7,0.18,8.39,750.0,211.0,0.028,0.111,1579.0,829.0,False
2016-09-07 01:20:00,7.7,0.17,8.39,750.0,211.0,0.028,0.111,1601.0,829.0,False
2016-09-07 01:21:00,7.7,0.17,8.39,751.0,211.0,0.028,0.11,1555.0,828.0,False
2016-09-07 01:22:00,7.7,0.17,8.39,751.0,211.0,0.028,0.111,1598.0,828.0,False
2016-09-07 01:23:00,7.7,0.18,8.39,751.0,211.0,0.027,0.11,1540.0,832.0,False
2016-09-07 01:24:00,7.7,0.17,8.39,750.0,211.0,0.028,0.111,1569.0,826.0,False
2016-09-07 01:25:00,7.7,0.17,8.39,750.0,211.0,0.028,0.11,1563.0,833.0,False
2016-09-07 01:26:00,7.7,0.17,8.39,751.0,211.0,0.028,0.11,1559.0,826.0,False
2016-09-07 01:27:00,7.7,0.17,8.39,751.0,211.0,0.028,0.11,1572.0,833.0,False
2016-09-07 01:28:00,7.7,0.17,8.39,751.0,211.0,0.028,0.11,1578.0,824.0,False
2016-09-07 01:29:00,7.7,0.17,8.39,750.0,211.0,0.027,0.111,1559.0,826.0,False
2016-09-07 01:30:00,7.7,0.17,8.39,751.0,211.0,0.028,0.11,1539.0,828.0,False
2016-09-07 01:31:00,7.7,0.17,8.39,751.0,211.0,0.028,0.11,1543.0,834.0,False
2016-09-07 01:32:00,7.7,0.17,8.39,751.0,211.0,0.027,0.111,1570.0,828.0,False
2016-09-07 01:33:00,7.7,0.17,8.39,751.0,211.0,0.027,0.11,1575.0,829.0,False
2016-09-07 01:34:00,7.7,0.17,8.39,751.0,211.0,0.027,0.11,1596.0,821.0,False
2016-09-07 01:35:00,7.7,0.17,8.39,751.0,211.0,0.027,0.11,1582.0,828.0,False
2016-09-07 01:36:00,7.7,0.17,8.39,751.0,211.0,0.028,0.11,1557.0,829.0,False
2016-09-07 01:37:00,7.7,0.17,8.39,751.0,211.0,0.028,0.11,1568.0,827.0,False
2016-09-07 01:38:00,7.7,0.17,8.39,750.0,211.0,0.027,0.11,1586.0,826.0,False
2016-09-07 01:39:00,7.7,0.17,8.39,751.0,214.0,0.027,0.11,1532.0,826.0,False
2016-09-07 01:40:00,7.7,0.17,8.39,750.0,211.0,0.027,0.11,1598.0,832.0,False
2016-09-07 01:41:00,7.7,0.17,8.39,751.0,211.0,0.027,0.11,1591.0,832.0,False
2016-09-07 01:42:00,7.7,0.17,8.39,751.0,211.0,0.028,0.111,1706.0,834.0,False
2016-09-07 01:43:00,7.7,0.17,8.39,751.0,211.0,0.027,0.11,1655.0,832.0,False
2016-09-07 01:44:00,7.7,0.17,8.38,751.0,211.0,0.027,0.111,1650.0,833.0,False
2016-09-07 01:45:00,7.7,0.17,8.38,751.0,211.0,0.027,0.111,1556.0,834.0,False
2016-09-07 01:46:00,7.7,0.18,8.39,751.0,211.0,0.027,0.11,1634.0,828.0,False
2016-09-07 01:47:00,7.7,0.17,8.39,751.0,211.0,0.027,0.109,1517.0,832.0,False
2016-09-07 01:48:00,7.7,0.17,8.39,751.0,214.0,0.027,0.11,1564.0,827.0,False
2016-09-07 01:49:00,7.7,0.18,8.38,751.0,211.0,0.027,0.11,1550.0,824.0,False
2016-09-07 01:50:00,7.7,0.18,8.38,751.0,211.0,0.027,0.11,1585.0,828.0,False
2016-09-07 01:51:00,7.7,0.17,8.38,751.0,214.0,0.027,0.111,1572.0,828.0,False
2016-09-07 01:52:00,7.7,0.17,8.38,751.0,211.0,0.027,0.11,1587.0,827.0,False
2016-09-07 01:53:00,7.7,0.17,8.39,751.0,211.0,0.027,0.11,1523.0,829.0,False
2016-09-07 01:54:00,7.7,0.17,8.39,751.0,211.0,0.027,0.111,1564.0,827.0,False
2016-09-07 01:55:00,7.7,0.17,8.38,751.0,211.0,0.027,0.11,1593.0,827.0,False
2016-09-07 01:56:00,7.8,0.17,8.38,751.0,211.0,0.027,0.111,1575.0,834.0,False
2016-09-07 01:57:00,7.7,0.17,8.38,751.0,214.0,0.027,0.111,1561.0,833.0,False
2016-09-07 01:58:00,7.7,0.17,8.38,751.0,214.0,0.027,0.113,1578.0,826.0,False
2016-09-07 01:59:00,7.7,0.17,8.38,751.0,214.0,0.028,0.111,1552.0,821.0,False
2016-09-07 02:00:00,7.7,0.17,8.38,751.0,214.0,0.028,0.111,1553.0,821.0,False
2016-09-07 02:01:00,7.7,0.17,8.37,751.0,211.0,0.027,0.11,1545.0,826.0,False
2016-09-07 02:02:00,7.7,0.17,8.37,751.0,214.0,0.027,0.11,1541.0,829.0,False
2016-09-07 02:03:00,7.7,0.17,8.38,752.0,214.0,0.027,0.11,1581.0,826.0,False
2016-09-07 02:04:00,7.7,0.17,8.37,751.0,214.0,0.027,0.111,1543.0,826.0,False
2016-09-07 02:05:00,7.7,0.17,8.37,751.0,214.0,0.027,0.11,1564.0,826.0,False
2016-09-07 02:06:00,7.7,0.16,8.37,751.0,214.0,0.027,0.11,1520.0,832.0,False
2016-09-07 02:07:00,7.7,0.16,8.37,752.0,211.0,0.027,0.111,1526.0,829.0,False
2016-09-07 02:08:00,7.7,0.16,8.37,751.0,211.0,0.028,0.111,1562.0,822.0,False
2016-09-07 02:09:00,7.7,0.16,8.37,751.0,211.0,0.028,0.111,1555.0,827.0,False
2016-09-07 02:10:00,7.7,0.16,8.37,751.0,214.0,0.028,0.111,1609.0,832.0,False
2016-09-07 02:11:00,7.7,0.16,8.37,751.0,214.0,0.028,0.109,1568.0,828.0,False
2016-09-07 02:12:00,7.7,0.15,8.36,751.0,214.0,0.028,0.11,1563.0,828.0,False
2016-09-07 02:13:00,7.7,0.16,8.36,751.0,211.0,0.034,0.11,1559.0,828.0,False
2016-09-07 02:14:00,7.7,0.17,8.36,751.0,211.0,0.029,0.11,1660.0,824.0,False
2016-09-07 02:15:00,7.7,0.17,8.36,751.0,214.0,0.028,0.11,1596.0,828.0,False
2016-09-07 02:16:00,7.7,0.17,8.36,752.0,214.0,0.028,0.114,1653.0,824.0,False
2016-09-07 02:17:00,7.7,0.17,8.36,751.0,214.0,0.028,0.111,1592.0,829.0,False
2016-09-07 02:18:00,7.6,0.17,8.35,751.0,214.0,0.028,0.111,1572.0,832.0,False
2016-09-07 02:19:00,7.6,0.17,8.35,752.0,214.0,0.028,0.113,1650.0,829.0,False
2016-09-07 02:20:00,7.7,0.17,8.35,751.0,214.0,0.028,0.113,1630.0,821.0,False
2016-09-07 02:21:00,7.6,0.17,8.35,752.0,214.0,0.028,0.113,1611.0,821.0,False
2016-09-07 02:22:00,7.6,0.17,8.34,752.0,214.0,0.028,0.113,1582.0,828.0,False
2016-09-07 02:23:00,7.7,0.16,8.34,753.0,214.0,0.027,0.114,1604.0,827.0,False
2016-09-07 02:24:00,7.6,0.16,8.34,751.0,214.0,0.028,0.113,1655.0,829.0,False
2016-09-07 02:25:00,7.7,0.17,8.34,752.0,214.0,0.028,0.111,1640.0,826.0,False
2016-09-07 02:26:00,7.7,0.17,8.34,751.0,214.0,0.028,0.113,1650.0,824.0,False
2016-09-07 02:27:00,7.7,0.16,8.33,752.0,214.0,0.028,0.113,1613.0,821.0,False
2016-09-07 02:28:00,7.6,0.16,8.33,751.0,214.0,0.027,0.114,1607.0,826.0,False
2016-09-07 02:29:00,7.7,0.17,8.33,752.0,214.0,0.028,0.114,1621.0,832.0,False
2016-09-07 02:30:00,7.7,0.17,8.34,752.0,214.0,0.027,0.114,1613.0,827.0,False
2016-09-07 02:31:00,7.7,0.17,8.33,752.0,214.0,0.028,0.113,1626.0,818.0,False
2016-09-07 02:32:00,7.6,0.17,8.33,751.0,214.0,0.028,0.113,1605.0,826.0,False
2016-09-07 02:33:00,7.6,0.17,8.34,752.0,214.0,0.029,0.113,1621.0,821.0,False
2016-09-07 02:34:00,7.7,0.17,8.33,751.0,214.0,0.029,0.113,1625.0,820.0,False
2016-09-07 02:35:00,7.7,0.17,8.34,752.0,214.0,0.028,0.111,1642.0,824.0,False
2016-09-07 02:36:00,7.6,0.17,8.34,753.0,214.0,0.028,0.113,1640.0,827.0,False
2016-09-07 02:37:00,7.6,0.17,8.34,752.0,214.0,0.028,0.111,1607.0,827.0,False
2016-09-07 02:38:00,7.7,0.17,8.34,753.0,214.0,0.028,0.114,1636.0,820.0,False
2016-09-07 02:39:00,7.6,0.17,8.34,751.0,214.0,0.028,0.113,1627.0,820.0,False
2016-09-07 02:40:00,7.7,0.17,8.35,751.0,214.0,0.028,0.111,1609.0,821.0,False
2016-09-07 02:41:00,7.6,0.17,8.35,751.0,214.0,0.028,0.111,1622.0,824.0,False
2016-09-07 02:42:00,7.7,0.17,8.35,751.0,214.0,0.029,0.113,1597.0,828.0,False
2016-09-07 02:43:00,7.6,0.17,8.35,752.0,214.0,0.029,0.111,1631.0,824.0,False
2016-09-07 02:44:00,7.6,0.17,8.36,752.0,214.0,0.028,0.111,1637.0,826.0,False
2016-09-07 02:45:00,7.7,0.17,8.35,752.0,214.0,0.029,0.111,1625.0,827.0,False
2016-09-07 02:46:00,7.7,0.17,8.36,752.0,214.0,0.029,0.111,1622.0,828.0,False
2016-09-07 02:47:00,7.7,0.17,8.36,751.0,214.0,0.028,0.11,1630.0,827.0,False
2016-09-07 02:48:00,7.7,0.17,8.37,751.0,214.0,0.028,0.11,1614.0,824.0,False
2016-09-07 02:49:00,7.7,0.17,8.37,751.0,214.0,0.028,0.11,1591.0,827.0,False
2016-09-07 02:50:00,7.7,0.17,8.37,751.0,214.0,0.028,0.111,1724.0,826.0,False
2016-09-07 02:51:00,7.7,0.17,8.37,751.0,214.0,0.028,0.11,1672.0,835.0,False
2016-09-07 02:52:00,7.7,0.17,8.38,751.0,214.0,0.028,0.111,1744.0,824.0,False
2016-09-07 02:53:00,7.7,0.17,8.38,750.0,214.0,0.028,0.111,1659.0,827.0,False
2016-09-07 02:54:00,7.7,0.17,8.38,750.0,214.0,0.028,0.11,1605.0,828.0,False
2016-09-07 02:55:00,7.7,0.17,8.38,751.0,214.0,0.028,0.11,1621.0,822.0,False
2016-09-07 02:56:00,7.7,0.17,8.38,751.0,214.0,0.028,0.11,1613.0,822.0,False
2016-09-07 02:57:00,7.7,0.17,8.38,751.0,214.0,0.028,0.111,1604.0,822.0,False
2016-09-07 02:58:00,7.7,0.17,8.38,751.0,214.0,0.028,0.11,1659.0,826.0,False
2016-09-07 02:59:00,7.7,0.17,8.39,751.0,214.0,0.028,0.11,1630.0,827.0,False
2016-09-07 03:00:00,7.7,0.17,8.39,750.0,214.0,0.028,0.11,1601.0,822.0,False
2016-09-07 03:01:00,7.7,0.17,8.39,750.0,214.0,0.028,0.111,1657.0,824.0,False
2016-09-07 03:02:00,7.7,0.17,8.39,751.0,214.0,0.027,0.11,1614.0,824.0,False
2016-09-07 03:03:00,7.7,0.17,8.39,751.0,214.0,0.027,0.11,1598.0,827.0,False
2016-09-07 03:04:00,7.7,0.17,8.39,751.0,214.0,0.028,0.11,1621.0,828.0,False
2016-09-07 03:05:00,7.7,0.17,8.39,751.0,214.0,0.028,0.11,1615.0,829.0,False
2016-09-07 03:06:00,7.7,0.17,8.39,751.0,214.0,0.028,0.11,1613.0,827.0,False
2016-09-07 03:07:00,7.7,0.17,8.39,751.0,214.0,0.028,0.11,1638.0,822.0,False
2016-09-07 03:08:00,7.7,0.17,8.39,751.0,214.0,0.027,0.11,1645.0,828.0,False
2016-09-07 03:09:00,7.7,0.17,8.39,751.0,214.0,0.027,0.11,1603.0,827.0,False
2016-09-07 03:10:00,7.7,0.17,8.39,751.0,214.0,0.027,0.109,1634.0,827.0,False
2016-09-07 03:11:00,7.7,0.17,8.39,751.0,214.0,0.027,0.11,1628.0,827.0,False
2016-09-07 03:12:00,7.7,0.17,8.39,750.0,214.0,0.028,0.109,1626.0,827.0,False
2016-09-07 03:13:00,7.7,0.17,8.39,750.0,214.0,0.028,0.11,1653.0,827.0,False
2016-09-07 03:14:00,7.7,0.17,8.39,750.0,214.0,0.028,0.109,1630.0,826.0,False
2016-09-07 03:15:00,7.7,0.17,8.39,750.0,214.0,0.027,0.109,1609.0,826.0,False
2016-09-07 03:16:00,7.7,0.17,8.39,751.0,214.0,0.052,0.11,1570.0,820.0,False
2016-09-07 03:17:00,7.7,0.16,8.39,751.0,214.0,0.027,0.11,1636.0,826.0,False
2016-09-07 03:18:00,7.7,0.16,8.39,750.0,214.0,0.027,0.11,1622.0,826.0,False
2016-09-07 03:19:00,7.7,0.16,8.4,750.0,214.0,0.027,0.109,1640.0,826.0,False
2016-09-07 03:20:00,7.7,0.16,8.4,751.0,214.0,0.027,0.11,1634.0,821.0,False
2016-09-07 03:21:00,7.7,0.16,8.41,750.0,214.0,0.027,0.109,1550.0,821.0,False
2016-09-07 03:22:00,7.7,0.16,8.41,750.0,214.0,0.027,0.11,1620.0,821.0,False
2016-09-07 03:23:00,7.7,0.16,8.41,750.0,214.0,0.027,0.109,1532.0,826.0,False
2016-09-07 03:24:00,7.6,0.16,8.41,750.0,214.0,0.026,0.108,1523.0,820.0,False
2016-09-07 03:25:00,7.7,0.16,8.41,750.0,214.0,0.026,0.108,1528.0,827.0,False
2016-09-07 03:26:00,7.7,0.16,8.42,749.0,214.0,0.026,0.106,1547.0,818.0,False
2016-09-07 03:27:00,7.7,0.16,8.44,750.0,214.0,0.027,0.109,1545.0,826.0,False
2016-09-07 03:28:00,7.7,0.16,8.44,749.0,214.0,0.027,0.106,1534.0,820.0,False
2016-09-07 03:29:00,7.7,0.16,8.44,750.0,214.0,0.027,0.106,1553.0,826.0,False
2016-09-07 03:30:00,7.7,0.16,8.44,750.0,214.0,0.026,0.106,1538.0,818.0,False
2016-09-07 03:31:00,7.7,0.17,8.45,749.0,214.0,0.026,0.106,1521.0,818.0,False
2016-09-07 03:32:00,7.7,0.17,8.45,750.0,214.0,0.027,0.106,1500.0,821.0,False
2016-09-07 03:33:00,7.6,0.17,8.45,750.0,214.0,0.027,0.106,1545.0,818.0,False
2016-09-07 03:34:00,7.6,0.17,8.45,749.0,214.0,0.027,0.106,1576.0,820.0,False
2016-09-07 03:35:00,7.7,0.17,8.45,749.0,214.0,0.027,0.108,1515.0,824.0,False
2016-09-07 03:36:00,7.7,0.17,8.45,749.0,214.0,0.027,0.109,1636.0,822.0,False
2016-09-07 03:37:00,7.7,0.17,8.45,750.0,214.0,0.027,0.106,1504.0,820.0,False
2016-09-07 03:38:00,7.7,0.17,8.45,749.0,214.0,0.027,0.106,1549.0,824.0,False
2016-09-07 03:39:00,7.7,0.17,8.46,749.0,214.0,0.028,0.106,1620.0,818.0,False
2016-09-07 03:40:00,7.6,0.17,8.46,749.0,214.0,0.028,0.106,1489.0,820.0,False
2016-09-07 03:41:00,7.6,0.17,8.47,749.0,210.0,0.027,0.106,1567.0,821.0,False
2016-09-07 03:42:00,7.7,0.17,8.47,749.0,214.0,0.027,0.106,1562.0,827.0,False
2016-09-07 03:43:00,7.6,0.17,8.47,750.0,214.0,0.027,0.106,1547.0,824.0,False
2016-09-07 03:44:00,7.7,0.17,8.47,750.0,210.0,0.027,0.106,1528.0,820.0,False
2016-09-07 03:45:00,7.6,0.17,8.47,750.0,210.0,0.027,0.106,1549.0,818.0,False
2016-09-07 03:46:00,7.7,0.17,8.47,749.0,211.0,0.027,0.108,1547.0,820.0,False
2016-09-07 03:47:00,7.6,0.17,8.47,749.0,210.0,0.027,0.106,1552.0,821.0,False
2016-09-07 03:48:00,7.6,0.17,8.47,750.0,214.0,0.027,0.106,1677.0,821.0,False
2016-09-07 03:49:00,7.7,0.17,8.47,750.0,210.0,0.027,0.108,1535.0,822.0,False
2016-09-07 03:50:00,7.7,0.17,8.47,749.0,210.0,0.027,0.108,1559.0,820.0,False
2016-09-07 03:51:00,7.6,0.17,8.46,750.0,210.0,0.027,0.108,1524.0,821.0,False
2016-09-07 03:52:00,7.6,0.17,8.46,749.0,210.0,0.027,0.108,1550.0,817.0,False
2016-09-07 03:53:00,7.7,0.17,8.46,750.0,210.0,0.027,0.108,1569.0,824.0,False
2016-09-07 03:54:00,7.7,0.17,8.45,750.0,210.0,0.027,0.108,1520.0,811.0,False
2016-09-07 03:55:00,7.7,0.17,8.45,749.0,210.0,0.027,0.108,1501.0,820.0,False
2016-09-07 03:56:00,7.7,0.17,8.45,749.0,210.0,0.027,0.109,1511.0,824.0,False
2016-09-07 03:57:00,7.7,0.17,8.45,750.0,210.0,0.027,0.108,1591.0,815.0,False
2016-09-07 03:58:00,7.7,0.17,8.45,750.0,210.0,0.027,0.109,1552.0,820.0,False
2016-09-07 03:59:00,7.6,0.17,8.45,750.0,210.0,0.027,0.109,1546.0,818.0,False
2016-09-07 04:00:00,7.6,0.17,8.44,749.0,210.0,0.027,0.108,1555.0,815.0,False
2016-09-07 04:01:00,7.6,0.17,8.44,750.0,210.0,0.027,0.11,1515.0,820.0,False
2016-09-07 04:02:00,7.7,0.17,8.44,750.0,210.0,0.027,0.109,1562.0,826.0,False
2016-09-07 04:03:00,7.7,0.17,8.44,750.0,210.0,0.027,0.11,1563.0,824.0,False
2016-09-07 04:04:00,7.6,0.17,8.44,750.0,210.0,0.027,0.108,1561.0,817.0,False
2016-09-07 04:05:00,7.7,0.17,8.44,750.0,210.0,0.027,0.109,1553.0,815.0,False
2016-09-07 04:06:00,7.6,0.17,8.43,750.0,210.0,0.027,0.11,1570.0,821.0,False
2016-09-07 04:07:00,7.7,0.17,8.43,750.0,214.0,0.027,0.108,1605.0,820.0,False
2016-09-07 04:08:00,7.6,0.17,8.43,750.0,210.0,0.027,0.109,1543.0,827.0,False
2016-09-07 04:09:00,7.7,0.17,8.41,750.0,210.0,0.027,0.109,1593.0,822.0,False
2016-09-07 04:10:00,7.7,0.17,8.41,750.0,210.0,0.027,0.109,1645.0,820.0,False
2016-09-07 04:11:00,7.6,0.17,8.41,750.0,210.0,0.027,0.11,1518.0,812.0,False
2016-09-07 04:12:00,7.6,0.17,8.41,750.0,210.0,0.029,0.109,1555.0,820.0,False
2016-09-07 04:13:00,7.6,0.17,8.41,751.0,214.0,0.027,0.11,1568.0,815.0,False
2016-09-07 04:14:00,7.6,0.17,8.41,751.0,210.0,0.027,0.11,1582.0,820.0,False
2016-09-07 04:15:00,7.6,0.17,8.41,750.0,210.0,0.027,0.11,1549.0,817.0,False
2016-09-07 04:16:00,7.6,0.17,8.41,750.0,210.0,0.027,0.11,1592.0,817.0,False
2016-09-07 04:17:00,7.6,0.17,8.41,750.0,210.0,0.027,0.11,1521.0,821.0,False
2016-09-07 04:18:00,7.7,0.17,8.41,751.0,214.0,0.028,0.11,1584.0,826.0,False
2016-09-07 04:19:00,7.6,0.17,8.41,750.0,210.0,0.031,0.11,1533.0,826.0,False
2016-09-07 04:20:00,7.6,0.17,8.41,751.0,214.0,0.028,0.11,1572.0,822.0,False
2016-09-07 04:21:00,7.7,0.17,8.41,750.0,214.0,0.036,0.11,1555.0,818.0,False
2016-09-07 04:22:00,7.7,0.17,8.41,750.0,214.0,0.043,0.11,1576.0,817.0,False
2016-09-07 04:23:00,7.7,0.17,8.41,749.0,210.0,0.028,0.109,1559.0,821.0,False
2016-09-07 04:24:00,7.7,0.17,8.41,750.0,210.0,0.027,0.111,1555.0,818.0,False
2016-09-07 04:25:00,7.7,0.17,8.41,750.0,214.0,0.027,0.11,1615.0,818.0,False
2016-09-07 04:26:00,7.7,0.17,8.41,749.0,211.0,0.027,0.109,1578.0,820.0,False
2016-09-07 04:27:00,7.7,0.17,8.41,750.0,210.0,0.026,0.11,1761.0,818.0,False
2016-09-07 04:28:00,7.6,0.17,8.41,750.0,214.0,0.027,0.11,1527.0,818.0,False
2016-09-07 04:29:00,7.6,0.17,8.42,751.0,214.0,0.027,0.109,1592.0,811.0,False
2016-09-07 04:30:00,7.6,0.17,8.41,750.0,210.0,0.027,0.109,1512.0,818.0,False
2016-09-07 04:31:00,7.7,0.17,8.41,750.0,214.0,0.028,0.109,1579.0,817.0,False
2016-09-07 04:32:00,7.6,0.17,8.42,750.0,210.0,0.027,0.108,1567.0,820.0,False
2016-09-07 04:33:00,7.7,0.17,8.42,750.0,214.0,0.027,0.109,1593.0,811.0,False
2016-09-07 04:34:00,7.6,0.17,8.43,750.0,210.0,0.027,0.109,1547.0,818.0,False
2016-09-07 04:35:00,7.7,0.17,8.43,750.0,214.0,0.026,0.109,1627.0,828.0,False
2016-09-07 04:36:00,7.7,0.17,8.43,750.0,214.0,0.027,0.106,1592.0,821.0,False
2016-09-07 04:37:00,7.7,0.17,8.43,750.0,214.0,0.027,0.106,1582.0,820.0,False
2016-09-07 04:38:00,7.6,0.17,8.43,750.0,214.0,0.028,0.108,1570.0,815.0,False
2016-09-07 04:39:00,7.6,0.17,8.44,749.0,214.0,0.027,0.106,1621.0,821.0,False
2016-09-07 04:40:00,7.6,0.17,8.44,750.0,210.0,0.027,0.108,1572.0,817.0,False
2016-09-07 04:41:00,7.6,0.17,8.44,750.0,214.0,0.027,0.108,1621.0,822.0,False
2016-09-07 04:42:00,7.7,0.17,8.44,749.0,210.0,0.027,0.109,1572.0,815.0,False
2016-09-07 04:43:00,7.7,0.17,8.44,750.0,214.0,0.027,0.109,1591.0,820.0,False
2016-09-07 04:44:00,7.6,0.17,8.44,749.0,214.0,0.027,0.108,1569.0,817.0,False
2016-09-07 04:45:00,7.6,0.17,8.44,750.0,214.0,0.031,0.108,1636.0,821.0,False
2016-09-07 04:46:00,7.6,0.17,8.44,750.0,214.0,0.028,0.108,1597.0,817.0,False
2016-09-07 04:47:00,7.7,0.17,8.44,750.0,214.0,0.028,0.109,1596.0,820.0,False
2016-09-07 04:48:00,7.7,0.17,8.43,750.0,214.0,0.028,0.108,1586.0,822.0,False
2016-09-07 04:49:00,7.7,0.17,8.43,750.0,214.0,0.028,0.109,1663.0,821.0,False
2016-09-07 04:50:00,7.6,0.17,8.44,750.0,214.0,0.028,0.108,1598.0,820.0,False
2016-09-07 04:51:00,7.7,0.17,8.44,750.0,214.0,0.028,0.11,1604.0,818.0,False
2016-09-07 04:52:00,7.7,0.17,8.43,750.0,214.0,0.028,0.109,1609.0,817.0,False
2016-09-07 04:53:00,7.7,0.17,8.44,750.0,214.0,0.028,0.11,1593.0,824.0,False
2016-09-07 04:54:00,7.7,0.17,8.43,750.0,214.0,0.028,0.11,1582.0,822.0,False
2016-09-07 04:55:00,7.7,0.17,8.43,749.0,214.0,0.028,0.111,1633.0,815.0,False
2016-09-07 04:56:00,7.7,0.17,8.43,750.0,214.0,0.028,0.11,1619.0,820.0,False
2016-09-07 04:57:00,7.7,0.17,8.43,750.0,210.0,0.028,0.11,1607.0,818.0,False
2016-09-07 04:58:00,7.7,0.17,8.42,750.0,214.0,0.028,0.11,1668.0,820.0,False
2016-09-07 04:59:00,7.7,0.17,8.42,750.0,210.0,0.029,0.11,1593.0,817.0,False
2016-09-07 05:00:00,7.7,0.17,8.42,750.0,214.0,0.029,0.11,1614.0,818.0,False
2016-09-07 05:01:00,7.7,0.17,8.41,750.0,214.0,0.028,0.11,1630.0,820.0,False
2016-09-07 05:02:00,7.7,0.17,8.41,750.0,210.0,0.029,0.11,1592.0,820.0,False
2016-09-07 05:03:00,7.7,0.17,8.41,750.0,214.0,0.029,0.11,1574.0,817.0,False
2016-09-07 05:04:00,7.6,0.17,8.41,750.0,214.0,0.029,0.111,1702.0,820.0,False
2016-09-07 05:05:00,7.7,0.17,8.41,750.0,210.0,0.029,0.11,1692.0,817.0,False
2016-09-07 05:06:00,7.7,0.17,8.41,751.0,210.0,0.029,0.11,1708.0,817.0,False
2016-09-07 05:07:00,7.7,0.17,8.41,751.0,214.0,0.029,0.113,1660.0,821.0,False
2016-09-07 05:08:00,7.7,0.17,8.4,751.0,210.0,0.029,0.111,1700.0,811.0,False
2016-09-07 05:09:00,7.7,0.17,8.39,751.0,210.0,0.029,0.111,1662.0,821.0,False
2016-09-07 05:10:00,7.7,0.17,8.39,750.0,210.0,0.03,0.111,1680.0,818.0,False
2016-09-07 05:11:00,7.6,0.17,8.39,750.0,210.0,0.03,0.11,1668.0,821.0,False
2016-09-07 05:12:00,7.6,0.17,8.39,751.0,210.0,0.03,0.113,1690.0,826.0,False
2016-09-07 05:13:00,7.7,0.17,8.38,750.0,210.0,0.03,0.111,1672.0,822.0,False
2016-09-07 05:14:00,7.7,0.17,8.38,750.0,210.0,0.03,0.113,1666.0,826.0,False
2016-09-07 05:15:00,7.7,0.17,8.38,750.0,210.0,0.03,0.113,1724.0,821.0,False
2016-09-07 05:16:00,7.7,0.17,8.38,751.0,210.0,0.03,0.113,1697.0,817.0,False
2016-09-07 05:17:00,7.7,0.17,8.38,751.0,210.0,0.031,0.113,1692.0,820.0,False
2016-09-07 05:18:00,7.7,0.17,8.38,751.0,210.0,0.03,0.114,1706.0,828.0,False
2016-09-07 05:19:00,7.7,0.17,8.37,751.0,210.0,0.031,0.111,1655.0,817.0,False
2016-09-07 05:20:00,7.6,0.17,8.37,751.0,210.0,0.03,0.111,1671.0,811.0,False
2016-09-07 05:21:00,7.6,0.17,8.37,751.0,210.0,0.031,0.113,1668.0,818.0,False
2016-09-07 05:22:00,7.7,0.17,8.37,751.0,210.0,0.031,0.114,1686.0,820.0,False
2016-09-07 05:23:00,7.7,0.17,8.37,751.0,210.0,0.03,0.114,1642.0,820.0,False
2016-09-07 05:24:00,7.7,0.17,8.37,751.0,210.0,0.031,0.113,1663.0,826.0,False
2016-09-07 05:25:00,7.7,0.17,8.37,751.0,210.0,0.03,0.113,1671.0,826.0,False
2016-09-07 05:26:00,7.7,0.17,8.37,751.0,210.0,0.031,0.113,1668.0,826.0,False
2016-09-07 05:27:00,7.7,0.17,8.37,751.0,210.0,0.03,0.111,1732.0,821.0,False
2016-09-07 05:28:00,7.7,0.17,8.37,751.0,210.0,0.03,0.113,1666.0,821.0,False
2016-09-07 05:29:00,7.7,0.17,8.37,751.0,210.0,0.03,0.111,1695.0,820.0,False
2016-09-07 05:30:00,7.7,0.17,8.37,751.0,210.0,0.03,0.114,1651.0,814.0,False
2016-09-07 05:31:00,7.7,0.17,8.37,751.0,210.0,0.03,0.113,1714.0,821.0,False
2016-09-07 05:32:00,7.6,0.17,8.37,752.0,210.0,0.03,0.114,1697.0,818.0,False
2016-09-07 05:33:00,7.7,0.17,8.37,751.0,210.0,0.03,0.113,1674.0,817.0,False
2016-09-07 05:34:00,7.6,0.17,8.37,751.0,210.0,0.03,0.11,1688.0,824.0,False
2016-09-07 05:35:00,7.7,0.17,8.37,751.0,210.0,0.03,0.111,1682.0,814.0,False
2016-09-07 05:36:00,7.7,0.17,8.38,752.0,210.0,0.03,0.111,1692.0,814.0,False
2016-09-07 05:37:00,7.7,0.17,8.38,752.0,210.0,0.029,0.11,1706.0,818.0,False
2016-09-07 05:38:00,7.7,0.17,8.38,751.0,210.0,0.029,0.111,1672.0,815.0,False
2016-09-07 05:39:00,7.7,0.17,8.38,752.0,210.0,0.029,0.111,1680.0,812.0,False
2016-09-07 05:40:00,7.6,0.17,8.38,751.0,210.0,0.029,0.11,1695.0,811.0,False
2016-09-07 05:41:00,7.7,0.17,8.38,751.0,210.0,0.028,0.111,1708.0,805.0,False
2016-09-07 05:42:00,7.7,0.16,8.39,751.0,210.0,0.029,0.11,1700.0,814.0,False
2016-09-07 05:43:00,7.7,0.16,8.39,751.0,210.0,0.028,0.11,1697.0,815.0,False
2016-09-07 05:44:00,7.7,0.16,8.39,751.0,210.0,0.028,0.111,1703.0,818.0,False
2016-09-07 05:45:00,7.7,0.17,8.39,751.0,210.0,0.028,0.11,1701.0,821.0,False
2016-09-07 05:46:00,7.7,0.17,8.39,751.0,210.0,0.029,0.111,1729.0,826.0,False
2016-09-07 05:47:00,7.7,0.16,8.39,752.0,210.0,0.029,0.111,1696.0,809.0,False
2016-09-07 05:48:00,7.7,0.16,8.39,751.0,210.0,0.028,0.111,1732.0,812.0,False
2016-09-07 05:49:00,7.7,0.16,8.39,750.0,210.0,0.028,0.11,1761.0,806.0,False
2016-09-07 05:50:00,7.7,0.16,8.39,751.0,210.0,0.028,0.11,1754.0,809.0,False
2016-09-07 05:51:00,7.7,0.16,8.4,751.0,210.0,0.028,0.109,1741.0,812.0,False
2016-09-07 05:52:00,7.7,0.16,8.4,751.0,210.0,0.028,0.11,1760.0,818.0,False
2016-09-07 05:53:00,7.7,0.17,8.39,751.0,210.0,0.028,0.11,1703.0,821.0,False
2016-09-07 05:54:00,7.7,0.17,8.39,751.0,210.0,0.028,0.11,1730.0,810.0,False
2016-09-07 05:55:00,7.7,0.17,8.39,751.0,210.0,0.028,0.11,1689.0,810.0,False
2016-09-07 05:56:00,7.7,0.17,8.4,751.0,210.0,0.028,0.11,1653.0,817.0,False
2016-09-07 05:57:00,7.7,0.17,8.39,751.0,210.0,0.027,0.11,1736.0,812.0,False
2016-09-07 05:58:00,7.7,0.17,8.39,751.0,210.0,0.028,0.11,1640.0,818.0,False
2016-09-07 05:59:00,7.7,0.17,8.39,751.0,210.0,0.028,0.11,1765.0,817.0,False
2016-09-07 06:00:00,7.7,0.17,8.39,751.0,210.0,0.028,0.11,1709.0,820.0,False
2016-09-07 06:01:00,7.7,0.17,8.39,751.0,210.0,0.028,0.11,1674.0,818.0,False
2016-09-07 06:02:00,7.7,0.17,8.39,751.0,210.0,0.028,0.11,1743.0,817.0,False
2016-09-07 06:03:00,7.7,0.17,8.39,751.0,210.0,0.029,0.111,1706.0,815.0,False
2016-09-07 06:04:00,7.7,0.17,8.39,751.0,210.0,0.029,0.11,1773.0,806.0,False
2016-09-07 06:05:00,7.7,0.17,8.39,751.0,210.0,0.028,0.111,1723.0,811.0,False
2016-09-07 06:06:00,7.7,0.17,8.38,751.0,210.0,0.028,0.111,1621.0,814.0,False
2016-09-07 06:07:00,7.7,0.17,8.38,751.0,210.0,0.028,0.11,1692.0,815.0,False
2016-09-07 06:08:00,7.7,0.17,8.38,752.0,210.0,0.028,0.113,1636.0,806.0,False
2016-09-07 06:09:00,7.7,0.17,8.38,751.0,210.0,0.028,0.11,1640.0,812.0,False
2016-09-07 06:10:00,7.7,0.17,8.38,751.0,210.0,0.028,0.113,1688.0,810.0,False
2016-09-07 06:11:00,7.7,0.17,8.37,751.0,210.0,0.028,0.111,1767.0,815.0,False
2016-09-07 06:12:00,7.7,0.17,8.38,752.0,210.0,0.028,0.11,1815.0,814.0,False
2016-09-07 06:13:00,7.7,0.17,8.37,752.0,210.0,0.028,0.111,1818.0,815.0,False
2016-09-07 06:14:00,7.7,0.17,8.37,752.0,210.0,0.028,0.113,1667.0,814.0,False
2016-09-07 06:15:00,7.7,0.17,8.37,752.0,210.0,0.028,0.113,1724.0,817.0,False
2016-09-07 06:16:00,7.7,0.17,8.37,751.0,210.0,0.028,0.111,1712.0,822.0,False
2016-09-07 06:17:00,7.7,0.17,8.37,752.0,210.0,0.028,0.11,1673.0,822.0,False
2016-09-07 06:18:00,7.7,0.17,8.37,752.0,210.0,0.028,0.111,1718.0,812.0,False
2016-09-07 06:19:00,7.7,0.17,8.37,751.0,210.0,0.028,0.113,1714.0,814.0,False
2016-09-07 06:20:00,7.7,0.17,8.37,752.0,210.0,0.03,0.113,1686.0,811.0,False
2016-09-07 06:21:00,7.7,0.17,8.36,751.0,210.0,0.028,0.111,1709.0,814.0,False
2016-09-07 06:22:00,7.7,0.17,8.36,751.0,210.0,0.029,0.111,1673.0,815.0,False
2016-09-07 06:23:00,7.7,0.16,8.36,752.0,210.0,0.028,0.111,1715.0,812.0,False
2016-09-07 06:24:00,7.7,0.16,8.36,751.0,210.0,0.028,0.111,1697.0,812.0,False
2016-09-07 06:25:00,7.7,0.17,8.36,751.0,210.0,0.029,0.11,1695.0,814.0,False
2016-09-07 06:26:00,7.7,0.16,8.36,752.0,210.0,0.028,0.111,1678.0,812.0,False
2016-09-07 06:27:00,7.7,0.16,8.36,751.0,210.0,0.028,0.111,1692.0,818.0,False
2016-09-07 06:28:00,7.7,0.16,8.36,752.0,210.0,0.028,0.111,1696.0,812.0,False
2016-09-07 06:29:00,7.7,0.16,8.36,751.0,210.0,0.028,0.111,1690.0,817.0,False
2016-09-07 06:30:00,7.7,0.17,8.36,752.0,210.0,0.028,0.111,1721.0,817.0,False
2016-09-07 06:31:00,7.7,0.17,8.35,753.0,210.0,0.027,0.111,1695.0,817.0,False
2016-09-07 06:32:00,7.7,0.17,8.36,752.0,210.0,0.028,0.113,1723.0,815.0,False
2016-09-07 06:33:00,7.7,0.17,8.35,751.0,210.0,0.028,0.111,1685.0,805.0,False
2016-09-07 06:34:00,7.7,0.17,8.35,752.0,210.0,0.028,0.111,1718.0,812.0,False
2016-09-07 06:35:00,7.7,0.17,8.36,752.0,210.0,0.027,0.111,1697.0,814.0,False
2016-09-07 06:36:00,7.7,0.17,8.36,751.0,210.0,0.028,0.11,1746.0,815.0,False
2016-09-07 06:37:00,7.7,0.17,8.35,752.0,210.0,0.028,0.111,1748.0,814.0,False
2016-09-07 06:38:00,7.7,0.17,8.36,752.0,210.0,0.026,0.111,1758.0,814.0,False
2016-09-07 06:39:00,7.7,0.17,8.36,752.0,210.0,0.026,0.111,1740.0,812.0,False
2016-09-07 06:40:00,7.7,0.17,8.36,753.0,210.0,0.026,0.11,1700.0,811.0,False
2016-09-07 06:41:00,7.7,0.17,8.36,751.0,210.0,0.026,0.111,1726.0,810.0,False
2016-09-07 06:42:00,7.7,0.17,8.36,752.0,210.0,0.026,0.111,1752.0,809.0,False
2016-09-07 06:43:00,7.7,0.17,8.36,752.0,210.0,0.025,0.111,1763.0,810.0,False
2016-09-07 06:44:00,7.7,0.17,8.37,752.0,210.0,0.026,0.11,1761.0,814.0,False
2016-09-07 06:45:00,7.7,0.17,8.37,752.0,210.0,0.026,0.111,1732.0,820.0,False
2016-09-07 06:46:00,7.7,0.17,8.37,751.0,210.0,0.026,0.11,1759.0,814.0,False
2016-09-07 06:47:00,7.7,0.17,8.37,751.0,210.0,0.026,0.11,1741.0,809.0,False
2016-09-07 06:48:00,7.7,0.17,8.38,751.0,210.0,0.026,0.11,1755.0,809.0,False
2016-09-07 06:49:00,7.7,0.17,8.38,750.0,210.0,0.025,0.11,1721.0,817.0,False
2016-09-07 06:50:00,7.7,0.17,8.38,751.0,210.0,0.026,0.11,1726.0,817.0,False
2016-09-07 06:51:00,7.7,0.17,8.38,751.0,210.0,0.026,0.11,1718.0,814.0,False
2016-09-07 06:52:00,7.7,0.17,8.38,751.0,210.0,0.026,0.109,1743.0,815.0,False
2016-09-07 06:53:00,7.7,0.17,8.39,751.0,210.0,0.025,0.11,1759.0,815.0,False
2016-09-07 06:54:00,7.7,0.17,8.39,750.0,210.0,0.026,0.108,1747.0,815.0,False
2016-09-07 06:55:00,7.7,0.17,8.39,750.0,210.0,0.026,0.108,1750.0,815.0,False
2016-09-07 06:56:00,7.7,0.17,8.39,751.0,210.0,0.026,0.11,1718.0,810.0,False
2016-09-07 06:57:00,7.7,0.17,8.39,751.0,210.0,0.026,0.109,1784.0,805.0,False
2016-09-07 06:58:00,7.7,0.17,8.39,750.0,210.0,0.026,0.109,1729.0,804.0,False
2016-09-07 06:59:00,7.7,0.17,8.39,751.0,210.0,0.026,0.109,1696.0,811.0,False
2016-09-07 07:00:00,7.7,0.17,8.39,751.0,210.0,0.026,0.109,1781.0,814.0,False
2016-09-07 07:01:00,7.7,0.16,8.39,751.0,210.0,0.027,0.109,1741.0,811.0,False
2016-09-07 07:02:00,7.7,0.17,8.4,751.0,210.0,0.026,0.109,1761.0,818.0,False
2016-09-07 07:03:00,7.7,0.16,8.39,750.0,210.0,0.026,0.108,1800.0,818.0,False
2016-09-07 07:04:00,7.7,0.16,8.39,751.0,210.0,0.026,0.109,1763.0,817.0,False
2016-09-07 07:05:00,7.7,0.16,8.4,751.0,210.0,0.026,0.109,1782.0,814.0,False
2016-09-07 07:06:00,7.7,0.16,8.39,751.0,210.0,0.025,0.108,1777.0,812.0,False
2016-09-07 07:07:00,7.7,0.16,8.39,751.0,210.0,0.025,0.109,1784.0,818.0,False
2016-09-07 07:08:00,7.7,0.17,8.4,750.0,210.0,0.025,0.109,1771.0,815.0,False
2016-09-07 07:09:00,7.7,0.17,8.4,750.0,210.0,0.025,0.108,1789.0,820.0,False
2016-09-07 07:10:00,7.7,0.17,8.4,751.0,210.0,0.026,0.108,1802.0,822.0,False
2016-09-07 07:11:00,7.7,0.17,8.4,751.0,210.0,0.025,0.11,1825.0,812.0,False
2016-09-07 07:12:00,7.7,0.17,8.4,750.0,210.0,0.026,0.109,1796.0,815.0,False
2016-09-07 07:13:00,7.7,0.17,8.41,750.0,210.0,0.026,0.108,1805.0,815.0,False
2016-09-07 07:14:00,7.7,0.17,8.4,751.0,210.0,0.026,0.11,1724.0,814.0,False
2016-09-07 07:15:00,7.7,0.17,8.41,751.0,210.0,0.026,0.109,1799.0,815.0,False
2016-09-07 07:16:00,7.7,0.17,8.41,751.0,210.0,0.025,0.108,1766.0,821.0,False
2016-09-07 07:17:00,7.7,0.17,8.41,750.0,210.0,0.025,0.109,1802.0,814.0,False
2016-09-07 07:18:00,7.7,0.17,8.41,750.0,210.0,0.026,0.11,1829.0,817.0,False
2016-09-07 07:19:00,7.7,0.17,8.41,750.0,214.0,0.026,0.109,1754.0,814.0,False
2016-09-07 07:20:00,7.7,0.17,8.4,750.0,210.0,0.025,0.109,1795.0,817.0,False
2016-09-07 07:21:00,7.7,0.17,8.4,751.0,210.0,0.025,0.11,1807.0,817.0,False
2016-09-07 07:22:00,7.7,0.17,8.4,751.0,210.0,0.025,0.109,1811.0,814.0,False
2016-09-07 07:23:00,7.7,0.17,8.4,750.0,214.0,0.025,0.11,1792.0,810.0,False
2016-09-07 07:24:00,7.7,0.17,8.4,750.0,214.0,0.025,0.11,1789.0,812.0,False
2016-09-07 07:25:00,7.7,0.17,8.4,750.0,214.0,0.025,0.109,1771.0,815.0,False
2016-09-07 07:26:00,7.7,0.17,8.4,751.0,214.0,0.025,0.109,1792.0,810.0,False
2016-09-07 07:27:00,7.7,0.17,8.4,751.0,214.0,0.025,0.108,1763.0,811.0,False
2016-09-07 07:28:00,7.7,0.17,8.4,750.0,210.0,0.025,0.109,1738.0,810.0,False
2016-09-07 07:29:00,7.7,0.17,8.39,751.0,214.0,0.026,0.108,1754.0,814.0,False
2016-09-07 07:30:00,7.7,0.16,8.39,750.0,214.0,0.026,0.109,1732.0,818.0,False
2016-09-07 07:31:00,7.7,0.17,8.39,750.0,210.0,0.026,0.108,1783.0,818.0,False
2016-09-07 07:32:00,7.7,0.17,8.4,750.0,214.0,0.026,0.109,1799.0,820.0,False
2016-09-07 07:33:00,7.7,0.16,8.39,751.0,214.0,0.025,0.109,1755.0,820.0,False
2016-09-07 07:34:00,7.7,0.16,8.39,751.0,214.0,0.025,0.109,1747.0,820.0,False
2016-09-07 07:35:00,7.7,0.16,8.4,751.0,214.0,0.025,0.11,1782.0,820.0,False
2016-09-07 07:36:00,7.7,0.16,8.39,751.0,210.0,0.025,0.106,1765.0,812.0,False
2016-09-07 07:37:00,7.7,0.16,8.39,751.0,214.0,0.025,0.11,1763.0,815.0,False
2016-09-07 07:38:00,7.7,0.16,8.39,751.0,214.0,0.025,0.11,1737.0,814.0,False
2016-09-07 07:39:00,7.7,0.16,8.39,750.0,210.0,0.025,0.108,1736.0,818.0,False
2016-09-07 07:40:00,7.7,0.16,8.39,751.0,214.0,0.025,0.106,1734.0,814.0,False
2016-09-07 07:41:00,7.7,0.16,8.39,751.0,214.0,0.025,0.109,1743.0,811.0,False
2016-09-07 07:42:00,7.7,0.16,8.39,751.0,214.0,0.025,0.108,1717.0,805.0,False
2016-09-07 07:43:00,7.7,0.16,8.39,750.0,210.0,0.025,0.109,1759.0,810.0,False
2016-09-07 07:44:00,7.7,0.16,8.39,751.0,214.0,0.025,0.108,1863.0,812.0,False
2016-09-07 07:45:00,7.7,0.17,8.38,751.0,214.0,0.025,0.109,1804.0,817.0,False
2016-09-07 07:46:00,7.7,0.17,8.38,751.0,214.0,0.025,0.11,1848.0,809.0,False
2016-09-07 07:47:00,7.7,0.17,8.38,751.0,210.0,0.025,0.11,1851.0,812.0,False
2016-09-07 07:48:00,7.7,0.17,8.38,751.0,214.0,0.025,0.11,1819.0,810.0,False
2016-09-07 07:49:00,7.7,0.17,8.38,751.0,214.0,0.025,0.11,1834.0,814.0,False
2016-09-07 07:50:00,7.7,0.17,8.38,751.0,214.0,0.025,0.11,1862.0,814.0,False
2016-09-07 07:51:00,7.7,0.17,8.37,751.0,214.0,0.025,0.11,1836.0,810.0,False
2016-09-07 07:52:00,7.7,0.17,8.38,751.0,214.0,0.025,0.11,1818.0,814.0,False
2016-09-07 07:53:00,7.7,0.17,8.38,751.0,210.0,0.025,0.11,1840.0,814.0,False
2016-09-07 07:54:00,7.7,0.17,8.37,751.0,214.0,0.025,0.11,1828.0,824.0,False
2016-09-07 07:55:00,7.7,0.17,8.37,751.0,214.0,0.025,0.11,1829.0,824.0,False
2016-09-07 07:56:00,7.7,0.17,8.37,751.0,214.0,0.026,0.11,1834.0,822.0,False
2016-09-07 07:57:00,7.7,0.17,8.37,751.0,214.0,0.025,0.11,1796.0,820.0,False
2016-09-07 07:58:00,7.7,0.17,8.37,752.0,214.0,0.026,0.109,1847.0,815.0,False
2016-09-07 07:59:00,7.7,0.17,8.37,752.0,214.0,0.026,0.11,1815.0,818.0,False
2016-09-07 08:00:00,7.7,0.17,8.37,751.0,214.0,0.026,0.11,1775.0,826.0,False
2016-09-07 08:01:00,7.7,0.17,8.37,751.0,214.0,0.026,0.11,1840.0,826.0,False
2016-09-07 08:02:00,7.7,0.17,8.36,753.0,214.0,0.026,0.111,1817.0,827.0,False
2016-09-07 08:03:00,7.7,0.17,8.36,751.0,214.0,0.026,0.11,1795.0,815.0,False
2016-09-07 08:04:00,7.7,0.16,8.36,751.0,214.0,0.026,0.11,1817.0,810.0,False
2016-09-07 08:05:00,7.7,0.16,8.36,752.0,214.0,0.026,0.109,1836.0,814.0,False
2016-09-07 08:06:00,7.7,0.16,8.36,752.0,214.0,0.026,0.11,1818.0,811.0,False
2016-09-07 08:07:00,7.7,0.16,8.36,751.0,214.0,0.026,0.11,1807.0,812.0,False
2016-09-07 08:08:00,7.7,0.16,8.36,751.0,214.0,0.026,0.11,1819.0,814.0,False
2016-09-07 08:09:00,7.7,0.16,8.35,752.0,214.0,0.026,0.11,1811.0,817.0,False
2016-09-07 08:10:00,7.7,0.16,8.35,752.0,214.0,0.026,0.11,1784.0,814.0,False
2016-09-07 08:11:00,7.7,0.16,8.35,752.0,214.0,0.026,0.11,1798.0,817.0,False
2016-09-07 08:12:00,7.7,0.16,8.35,751.0,214.0,0.026,0.11,1815.0,824.0,False
2016-09-07 08:13:00,7.7,0.16,8.35,752.0,214.0,0.026,0.109,1853.0,827.0,False
2016-09-07 08:14:00,7.7,0.16,8.35,752.0,214.0,0.026,0.11,1824.0,822.0,False
2016-09-07 08:15:00,7.7,0.16,8.35,751.0,214.0,0.027,0.109,1815.0,821.0,False
2016-09-07 08:16:00,7.7,0.16,8.35,753.0,214.0,0.027,0.11,1788.0,815.0,False
2016-09-07 08:17:00,7.7,0.16,8.35,752.0,214.0,0.027,0.11,1825.0,815.0,False
2016-09-07 08:18:00,7.6,0.16,8.35,752.0,214.0,0.026,0.111,1842.0,814.0,False
2016-09-07 08:19:00,7.7,0.16,8.34,752.0,214.0,0.026,0.109,1777.0,818.0,False
2016-09-07 08:20:00,7.7,0.16,8.34,753.0,214.0,0.026,0.111,1799.0,818.0,False
2016-09-07 08:21:00,7.7,0.16,8.35,753.0,214.0,0.027,0.11,1847.0,810.0,False
2016-09-07 08:22:00,7.7,0.16,8.34,752.0,214.0,0.027,0.111,1784.0,812.0,False
2016-09-07 08:23:00,7.7,0.16,8.35,752.0,214.0,0.027,0.111,1881.0,811.0,False
2016-09-07 08:24:00,7.7,0.16,8.35,752.0,214.0,0.027,0.111,1758.0,810.0,False
2016-09-07 08:25:00,7.7,0.16,8.35,752.0,214.0,0.027,0.111,1836.0,814.0,False
2016-09-07 08:26:00,7.7,0.16,8.35,751.0,214.0,0.027,0.11,1810.0,810.0,False
2016-09-07 08:27:00,7.7,0.16,8.36,753.0,214.0,0.026,0.111,1731.0,811.0,False
2016-09-07 08:28:00,7.7,0.16,8.35,753.0,214.0,0.026,0.11,1689.0,806.0,False
2016-09-07 08:29:00,7.7,0.16,8.36,752.0,214.0,0.026,0.11,1634.0,811.0,False
2016-09-07 08:30:00,7.7,0.16,8.36,752.0,214.0,0.026,0.11,1642.0,810.0,False
2016-09-07 08:31:00,7.7,0.16,8.36,753.0,214.0,0.026,0.111,1706.0,811.0,False
2016-09-07 08:32:00,7.7,0.17,8.36,752.0,214.0,0.027,0.11,1586.0,810.0,False
2016-09-07 08:33:00,7.7,0.16,8.36,752.0,214.0,0.034,0.11,1655.0,811.0,False
2016-09-07 08:34:00,7.7,0.16,8.37,752.0,214.0,0.026,0.11,1616.0,821.0,False
2016-09-07 08:35:00,7.7,0.16,8.36,752.0,214.0,0.026,0.11,1665.0,815.0,False
2016-09-07 08:36:00,7.7,0.16,8.37,752.0,214.0,0.026,0.11,1655.0,818.0,False
2016-09-07 08:37:00,7.7,0.16,8.37,752.0,214.0,0.026,0.109,1614.0,818.0,False
2016-09-07 08:38:00,7.7,0.16,8.37,751.0,214.0,0.026,0.109,1626.0,820.0,False
2016-09-07 08:39:00,7.7,0.16,8.37,752.0,214.0,0.027,0.11,1645.0,817.0,False
2016-09-07 08:40:00,7.7,0.16,8.37,752.0,214.0,0.029,0.11,1684.0,810.0,False
2016-09-07 08:41:00,7.7,0.16,8.38,751.0,214.0,0.027,0.11,1620.0,814.0,False
2016-09-07 08:42:00,7.7,0.16,8.38,752.0,214.0,0.027,0.109,1645.0,809.0,False
2016-09-07 08:43:00,7.7,0.16,8.38,751.0,214.0,0.04,0.11,1621.0,803.0,False
2016-09-07 08:44:00,7.7,0.16,8.38,751.0,214.0,0.027,0.109,1598.0,806.0,False
2016-09-07 08:45:00,7.7,0.16,8.38,752.0,214.0,0.026,0.109,1631.0,811.0,False
2016-09-07 08:46:00,7.7,0.16,8.39,751.0,214.0,0.026,0.109,1630.0,818.0,False
2016-09-07 08:47:00,7.7,0.16,8.39,751.0,214.0,0.027,0.11,1625.0,814.0,False
2016-09-07 08:48:00,7.7,0.16,8.39,751.0,214.0,0.027,0.108,1572.0,812.0,False
2016-09-07 08:49:00,7.7,0.16,8.39,751.0,214.0,0.027,0.109,1615.0,817.0,False
2016-09-07 08:50:00,7.7,0.16,8.39,751.0,214.0,0.026,0.11,1517.0,812.0,False
2016-09-07 08:51:00,7.7,0.16,8.39,752.0,214.0,0.026,0.106,1541.0,817.0,False
2016-09-07 08:52:00,7.7,0.16,8.39,752.0,214.0,0.026,0.109,1569.0,812.0,False
2016-09-07 08:53:00,7.7,0.16,8.39,751.0,214.0,0.026,0.109,1570.0,814.0,False
2016-09-07 08:54:00,7.7,0.16,8.39,751.0,214.0,0.026,0.109,1526.0,811.0,False
2016-09-07 08:55:00,7.7,0.16,8.39,751.0,214.0,0.026,0.109,1563.0,812.0,False
2016-09-07 08:56:00,7.7,0.16,8.39,751.0,214.0,0.026,0.108,1546.0,815.0,False
2016-09-07 08:57:00,7.7,0.16,8.39,751.0,214.0,0.027,0.109,1569.0,818.0,False
2016-09-07 08:58:00,7.7,0.16,8.39,751.0,214.0,0.027,0.108,1585.0,820.0,False
2016-09-07 08:59:00,7.7,0.16,8.4,751.0,214.0,0.026,0.109,1593.0,820.0,False
2016-09-07 09:00:00,7.7,0.16,8.4,751.0,214.0,0.026,0.109,1569.0,812.0,False
2016-09-07 09:01:00,7.7,0.16,8.39,751.0,214.0,0.026,0.109,1599.0,810.0,False
2016-09-07 09:02:00,7.7,0.16,8.39,751.0,214.0,0.026,0.109,1609.0,812.0,False
2016-09-07 09:03:00,7.7,0.16,8.4,751.0,214.0,0.026,0.109,1603.0,814.0,False
2016-09-07 09:04:00,7.7,0.16,8.4,751.0,214.0,0.026,0.11,1575.0,810.0,False
2016-09-07 09:05:00,7.7,0.17,8.4,751.0,214.0,0.026,0.11,1601.0,811.0,False
2016-09-07 09:06:00,7.7,0.17,8.4,751.0,214.0,0.026,0.108,1591.0,815.0,False
2016-09-07 09:07:00,7.7,0.17,8.4,751.0,214.0,0.026,0.11,1568.0,824.0,False
2016-09-07 09:08:00,7.7,0.17,8.4,751.0,214.0,0.026,0.108,1596.0,815.0,False
2016-09-07 09:09:00,7.7,0.17,8.39,751.0,214.0,0.026,0.109,1591.0,814.0,False
2016-09-07 09:10:00,7.7,0.17,8.4,751.0,214.0,0.026,0.109,1640.0,817.0,False
2016-09-07 09:11:00,7.7,0.17,8.39,751.0,214.0,0.026,0.109,1579.0,811.0,False
2016-09-07 09:12:00,7.7,0.17,8.4,751.0,214.0,0.026,0.109,1653.0,817.0,False
2016-09-07 09:13:00,7.7,0.17,8.4,751.0,214.0,0.026,0.109,1599.0,810.0,False
2016-09-07 09:14:00,7.7,0.17,8.4,751.0,214.0,0.026,0.109,1599.0,820.0,False
2016-09-07 09:15:00,7.7,0.17,8.4,751.0,214.0,0.026,0.108,1609.0,810.0,False
2016-09-07 09:16:00,7.7,0.17,8.4,751.0,214.0,0.026,0.106,1708.0,810.0,False
2016-09-07 09:17:00,7.7,0.17,8.41,751.0,214.0,0.026,0.108,1640.0,811.0,False
2016-09-07 09:18:00,7.7,0.16,8.41,751.0,214.0,0.026,0.108,1692.0,815.0,False
2016-09-07 09:19:00,7.7,0.17,8.41,751.0,214.0,0.026,0.109,1476.0,812.0,False
2016-09-07 09:20:00,7.7,0.16,8.41,751.0,214.0,0.026,0.108,1604.0,817.0,False
2016-09-07 09:21:00,7.7,0.16,8.41,750.0,214.0,0.026,0.106,1549.0,814.0,False
2016-09-07 09:22:00,7.7,0.16,8.41,751.0,214.0,0.026,0.106,1593.0,812.0,False
2016-09-07 09:23:00,7.7,0.16,7.64,446.0,122.0,0.025,0.004,1549.0,806.0,True
2016-09-07 09:24:00,7.7,0.16,7.03,450.0,415.0,0.025,0.002,1587.0,812.0,True
2016-09-07 09:25:00,7.7,0.16,7.01,454.0,381.0,0.025,0.0,1576.0,814.0,True
2016-09-07 09:26:00,7.7,0.16,7.0,457.0,323.0,0.025,0.0,1579.0,814.0,True
2016-09-07 09:27:00,7.7,0.16,7.0,458.0,285.0,0.025,0.0,1587.0,811.0,True
2016-09-07 09:28:00,7.7,0.16,7.0,458.0,261.0,0.025,0.0,1527.0,806.0,True
2016-09-07 09:29:00,7.7,0.16,7.01,459.0,248.0,0.027,0.0,1572.0,805.0,True
2016-09-07 09:30:00,7.7,0.16,7.01,460.0,237.0,0.025,0.0,1601.0,815.0,True
2016-09-07 09:31:00,7.7,0.16,7.01,460.0,235.0,0.025,0.0,1657.0,814.0,True
2016-09-07 09:32:00,7.7,0.16,7.01,460.0,227.0,0.025,0.003,1633.0,820.0,True
2016-09-07 09:33:00,7.7,0.16,7.01,460.0,221.0,0.025,0.004,1587.0,812.0,True
2016-09-07 09:34:00,7.7,0.16,7.01,460.0,217.0,0.025,0.007,1667.0,817.0,True
2016-09-07 09:35:00,7.7,0.17,7.01,460.0,217.0,0.025,0.01,1572.0,810.0,True
2016-09-07 09:36:00,7.7,0.16,7.01,460.0,217.0,0.025,0.011,1655.0,812.0,True
2016-09-07 09:37:00,7.7,0.17,7.02,460.0,217.0,0.025,0.011,1547.0,824.0,True
2016-09-07 09:38:00,7.7,0.17,7.02,460.0,217.0,0.025,0.011,1674.0,814.0,True
2016-09-07 09:39:00,7.7,0.17,7.02,460.0,217.0,0.025,0.01,1591.0,822.0,True
2016-09-07 09:40:00,7.7,0.17,7.02,460.0,217.0,0.024,0.01,1614.0,821.0,True
2016-09-07 09:41:00,7.7,0.17,7.02,460.0,217.0,0.025,0.008,1611.0,810.0,True
2016-09-07 09:42:00,7.7,0.17,7.02,460.0,217.0,0.024,0.008,1599.0,817.0,True
2016-09-07 09:43:00,7.7,0.17,7.02,460.0,217.0,0.024,0.007,1576.0,811.0,True
2016-09-07 09:44:00,7.7,0.17,7.02,460.0,217.0,0.025,0.007,1586.0,812.0,True
2016-09-07 09:45:00,7.7,0.17,7.02,460.0,217.0,0.025,0.007,1642.0,821.0,True
2016-09-07 09:46:00,7.7,0.17,7.02,459.0,217.0,0.024,0.007,1581.0,824.0,True
2016-09-07 09:47:00,7.7,0.16,7.02,459.0,217.0,0.026,0.007,1532.0,824.0,True
2016-09-07 09:48:00,7.7,0.16,7.02,459.0,217.0,0.026,0.006,1587.0,817.0,True
2016-09-07 09:49:00,7.7,0.16,7.02,459.0,217.0,0.024,0.006,1572.0,814.0,True
2016-09-07 09:50:00,7.7,0.16,7.02,459.0,217.0,0.024,0.006,1584.0,817.0,True
2016-09-07 09:51:00,7.7,0.16,7.02,459.0,217.0,0.025,0.004,1562.0,818.0,True
2016-09-07 09:52:00,7.7,0.16,7.02,459.0,217.0,0.026,0.004,1609.0,818.0,True
2016-09-07 09:53:00,7.7,0.16,7.02,459.0,217.0,0.025,0.004,1574.0,815.0,True
2016-09-07 09:54:00,7.7,0.16,7.0,453.0,217.0,0.026,0.0,1621.0,812.0,True
2016-09-07 09:55:00,7.7,0.16,4.68,419.0,217.0,0.025,0.026,1540.0,810.0,True
2016-09-07 09:56:00,7.7,0.16,4.69,323.0,217.0,0.025,0.075,1563.0,804.0,True
2016-09-07 09:57:00,7.7,0.1,4.68,326.0,214.0,0.025,0.083,1582.0,812.0,True
2016-09-07 09:58:00,7.7,0.0,4.68,340.0,214.0,0.025,0.088,1626.0,811.0,True
2016-09-07 09:59:00,7.7,0.0,4.68,356.0,214.0,0.025,0.091,1613.0,814.0,True
2016-09-07 10:00:00,7.7,0.0,4.69,367.0,214.0,0.026,0.091,1631.0,829.0,True
2016-09-07 10:01:00,7.7,0.0,4.69,381.0,214.0,0.027,0.092,1568.0,828.0,True
2016-09-07 10:02:00,7.7,0.0,4.69,393.0,214.0,0.028,0.094,1582.0,815.0,True
2016-09-07 10:03:00,7.7,0.0,4.69,403.0,214.0,0.026,0.094,1559.0,814.0,True
2016-09-07 10:04:00,7.7,0.0,4.69,419.0,214.0,0.025,0.095,1601.0,812.0,True
2016-09-07 10:05:00,7.7,0.0,4.69,431.0,214.0,0.025,0.095,1578.0,810.0,True
2016-09-07 10:06:00,7.7,0.0,4.69,440.0,213.0,0.025,0.095,1585.0,817.0,True
2016-09-07 10:07:00,8.5,0.0,4.69,455.0,214.0,0.025,0.095,1541.0,820.0,True
2016-09-07 10:08:00,11.8,0.0,4.69,461.0,214.0,0.025,0.095,1599.0,811.0,True
2016-09-07 10:09:00,9.9,0.0,4.69,478.0,214.0,0.026,0.095,1570.0,815.0,True
2016-09-07 10:10:00,8.0,0.0,4.69,490.0,213.0,0.025,0.095,1650.0,812.0,True
2016-09-07 10:11:00,8.0,0.0,4.69,501.0,213.0,0.025,0.095,1563.0,815.0,True
2016-09-07 10:12:00,8.0,0.0,4.69,508.0,213.0,0.025,0.095,1546.0,809.0,True
2016-09-07 10:13:00,8.0,0.0,4.69,518.0,214.0,0.025,0.095,1587.0,821.0,True
2016-09-07 10:14:00,8.0,0.0,4.7,530.0,213.0,0.025,0.095,1564.0,815.0,True
2016-09-07 10:15:00,8.0,0.0,4.7,542.0,213.0,0.025,0.097,1555.0,814.0,True
2016-09-07 10:16:00,8.0,0.0,4.7,550.0,213.0,0.026,0.097,1521.0,817.0,True
2016-09-07 10:17:00,8.0,0.0,4.7,563.0,213.0,0.026,0.095,1628.0,817.0,True
2016-09-07 10:18:00,8.0,0.0,4.7,571.0,213.0,0.025,0.095,1643.0,809.0,True
2016-09-07 10:19:00,8.0,0.0,4.7,579.0,213.0,0.026,0.097,1642.0,811.0,True
2016-09-07 10:20:00,8.0,0.0,4.7,593.0,214.0,0.026,0.095,1640.0,817.0,True
2016-09-07 10:21:00,8.0,0.0,4.7,600.0,214.0,0.026,0.097,1637.0,821.0,True
2016-09-07 10:22:00,8.0,0.14,4.7,611.0,213.0,0.026,0.097,1663.0,815.0,True
2016-09-07 10:23:00,8.0,0.15,4.7,621.0,214.0,0.025,0.098,1650.0,814.0,True
2016-09-07 10:24:00,8.0,0.15,4.7,628.0,214.0,0.025,0.098,1637.0,812.0,True
2016-09-07 10:25:00,8.0,0.15,4.7,637.0,214.0,0.025,0.098,1607.0,811.0,True
2016-09-07 10:26:00,8.0,0.15,4.7,643.0,214.0,0.025,0.098,1634.0,815.0,True
2016-09-07 10:27:00,8.0,0.15,4.7,654.0,214.0,0.025,0.098,1616.0,815.0,True
2016-09-07 10:28:00,8.0,0.15,4.7,660.0,214.0,0.025,0.098,1637.0,817.0,True
2016-09-07 10:29:00,8.0,0.16,4.65,665.0,214.0,0.025,0.098,1655.0,814.0,True
2016-09-07 10:30:00,8.0,0.15,6.94,674.0,217.0,0.025,0.097,1636.0,811.0,True
2016-09-07 10:31:00,8.0,0.15,8.18,676.0,214.0,0.025,0.098,1684.0,809.0,True
2016-09-07 10:32:00,8.0,0.15,8.32,680.0,214.0,0.025,0.098,1609.0,815.0,True
2016-09-07 10:33:00,8.0,0.15,8.3,683.0,214.0,0.026,0.098,1585.0,814.0,True
2016-09-07 10:34:00,8.0,0.15,8.26,688.0,214.0,0.026,0.098,1651.0,810.0,True
2016-09-07 10:35:00,8.0,0.16,8.26,691.0,214.0,0.025,0.098,1627.0,817.0,True
2016-09-07 10:36:00,8.0,0.16,8.25,692.0,214.0,0.025,0.098,1642.0,811.0,True
2016-09-07 10:37:00,8.0,0.16,8.25,696.0,214.0,0.025,0.098,1631.0,814.0,True
2016-09-07 10:38:00,8.0,0.16,8.25,699.0,214.0,0.026,0.099,1640.0,818.0,True
2016-09-07 10:39:00,8.0,0.16,8.26,701.0,214.0,0.026,0.098,1628.0,818.0,True
2016-09-07 10:40:00,8.0,0.16,8.26,702.0,214.0,0.025,0.098,1613.0,817.0,True
2016-09-07 10:41:00,8.0,0.16,8.26,704.0,214.0,0.026,0.098,1625.0,815.0,True
2016-09-07 10:42:00,8.0,0.16,8.26,706.0,214.0,0.026,0.098,1642.0,821.0,True
2016-09-07 10:43:00,8.1,0.16,8.26,709.0,214.0,0.025,0.097,1613.0,821.0,True
2016-09-07 10:44:00,8.1,0.16,8.27,709.0,214.0,0.025,0.098,1630.0,820.0,True
2016-09-07 10:45:00,8.1,0.16,8.28,709.0,214.0,0.026,0.098,1604.0,818.0,True
2016-09-07 10:46:00,8.1,0.16,8.28,712.0,214.0,0.025,0.098,1628.0,814.0,True
2016-09-07 10:47:00,8.1,0.16,8.29,713.0,214.0,0.026,0.099,1621.0,817.0,True
2016-09-07 10:48:00,8.1,0.16,8.3,713.0,214.0,0.025,0.099,1628.0,812.0,True
2016-09-07 10:49:00,8.1,0.16,8.3,714.0,214.0,0.025,0.098,1598.0,806.0,True
2016-09-07 10:50:00,8.1,0.16,8.31,715.0,214.0,0.025,0.099,1622.0,814.0,True
2016-09-07 10:51:00,8.1,0.16,8.32,715.0,214.0,0.025,0.098,1575.0,811.0,True
2016-09-07 10:52:00,8.1,0.17,8.33,716.0,214.0,0.026,0.099,1638.0,818.0,True
2016-09-07 10:53:00,8.1,0.17,8.34,717.0,214.0,0.026,0.099,1609.0,820.0,True
2016-09-07 10:54:00,8.1,0.17,8.34,719.0,214.0,0.026,0.099,1627.0,822.0,True
2016-09-07 10:55:00,8.0,0.17,8.35,718.0,214.0,0.026,0.099,1656.0,815.0,True
2016-09-07 10:56:00,7.9,0.18,8.36,720.0,214.0,0.026,0.099,1649.0,814.0,True
2016-09-07 10:57:00,7.8,0.18,8.37,720.0,214.0,0.025,0.099,1656.0,817.0,True
2016-09-07 10:58:00,7.8,0.18,8.38,722.0,214.0,0.026,0.099,1637.0,820.0,True
2016-09-07 10:59:00,7.8,0.18,8.39,722.0,214.0,0.025,0.099,1643.0,820.0,True
2016-09-07 11:00:00,7.8,0.18,8.39,722.0,214.0,0.025,0.099,1656.0,820.0,True
2016-09-07 11:01:00,7.8,0.18,8.4,723.0,214.0,0.025,0.099,1608.0,817.0,True
2016-09-07 11:02:00,7.8,0.18,8.41,723.0,214.0,0.025,0.099,1673.0,815.0,True
2016-09-07 11:03:00,7.8,0.18,8.43,723.0,214.0,0.025,0.099,1625.0,817.0,True
2016-09-07 11:04:00,7.9,0.18,8.43,724.0,214.0,0.025,0.099,1657.0,821.0,True
2016-09-07 11:05:00,7.8,0.18,8.45,724.0,214.0,0.025,0.099,1620.0,814.0,True
2016-09-07 11:06:00,7.8,0.18,8.45,724.0,214.0,0.025,0.099,1638.0,820.0,True
2016-09-07 11:07:00,7.8,0.17,8.46,724.0,214.0,0.025,0.099,1631.0,814.0,True
2016-09-07 11:08:00,7.8,0.18,8.47,725.0,214.0,0.025,0.099,1611.0,820.0,True
2016-09-07 11:09:00,7.8,0.18,8.47,726.0,214.0,0.025,0.099,1608.0,817.0,True
2016-09-07 11:10:00,7.8,0.18,8.48,726.0,214.0,0.025,0.099,1657.0,820.0,True
2016-09-07 11:11:00,7.8,0.18,8.49,726.0,214.0,0.025,0.099,1644.0,818.0,True
2016-09-07 11:12:00,7.8,0.18,8.49,726.0,214.0,0.026,0.099,1634.0,818.0,True
2016-09-07 11:13:00,7.8,0.18,8.49,726.0,214.0,0.026,0.099,1611.0,815.0,True
2016-09-07 11:14:00,7.8,0.18,8.51,726.0,214.0,0.025,0.099,1630.0,818.0,True
2016-09-07 11:15:00,7.8,0.17,8.51,726.0,214.0,0.025,0.099,1636.0,815.0,True
2016-09-07 11:16:00,7.8,0.18,8.51,727.0,214.0,0.025,0.099,1653.0,821.0,True
2016-09-07 11:17:00,7.8,0.17,8.52,728.0,214.0,0.026,0.099,1530.0,814.0,True
2016-09-07 11:18:00,7.8,0.18,8.53,729.0,214.0,0.026,0.099,1586.0,820.0,True
2016-09-07 11:19:00,7.8,0.18,8.53,727.0,214.0,0.027,0.099,1517.0,815.0,True
2016-09-07 11:20:00,7.8,0.18,8.54,728.0,214.0,0.025,0.099,1515.0,812.0,True
2016-09-07 11:21:00,7.8,0.18,8.54,729.0,214.0,0.026,0.099,1568.0,815.0,True
2016-09-07 11:22:00,7.8,0.18,8.55,729.0,214.0,0.025,0.099,1526.0,817.0,True
2016-09-07 11:23:00,7.8,0.18,8.55,729.0,214.0,0.025,0.099,1527.0,815.0,True
2016-09-07 11:24:00,7.8,0.18,8.56,729.0,214.0,0.025,0.099,1640.0,815.0,True
2016-09-07 11:25:00,7.8,0.18,8.57,729.0,214.0,0.025,0.099,1630.0,817.0,True
2016-09-07 11:26:00,7.8,0.18,8.57,729.0,214.0,0.026,0.099,1648.0,821.0,True
2016-09-07 11:27:00,7.8,0.18,8.58,729.0,214.0,0.026,0.101,1625.0,815.0,True
2016-09-07 11:28:00,7.8,0.18,8.6,729.0,214.0,0.025,0.099,1662.0,818.0,True
2016-09-07 11:29:00,7.8,0.18,8.63,729.0,214.0,0.025,0.099,1535.0,814.0,True
2016-09-07 11:30:00,7.8,0.18,8.66,728.0,214.0,0.025,0.099,1613.0,812.0,True
2016-09-07 11:31:00,7.8,0.18,8.68,728.0,214.0,0.025,0.101,1576.0,812.0,True
2016-09-07 11:32:00,7.9,0.18,8.7,727.0,214.0,0.025,0.099,1539.0,818.0,True
2016-09-07 11:33:00,7.9,0.18,8.72,726.0,214.0,0.024,0.099,1528.0,821.0,True
2016-09-07 11:34:00,7.9,0.18,8.73,726.0,214.0,0.025,0.099,1563.0,812.0,True
2016-09-07 11:35:00,7.9,0.18,8.72,726.0,214.0,0.025,0.101,1579.0,811.0,True
2016-09-07 11:36:00,7.9,0.18,8.72,727.0,214.0,0.024,0.099,1533.0,812.0,True
2016-09-07 11:37:00,7.9,0.18,8.72,728.0,211.0,0.025,0.101,1546.0,817.0,True
2016-09-07 11:38:00,7.9,0.18,8.71,729.0,214.0,0.025,0.101,1516.0,824.0,True
2016-09-07 11:39:00,7.9,0.18,8.71,729.0,214.0,0.024,0.101,1550.0,817.0,True
2016-09-07 11:40:00,7.9,0.18,8.7,729.0,214.0,0.024,0.101,1568.0,820.0,True
2016-09-07 11:41:00,7.9,0.18,8.7,729.0,214.0,0.024,0.102,1527.0,810.0,True
2016-09-07 11:42:00,7.9,0.18,8.7,729.0,214.0,0.025,0.101,1515.0,818.0,True
2016-09-07 11:43:00,7.9,0.18,8.7,730.0,214.0,0.025,0.102,1523.0,814.0,True
2016-09-07 11:44:00,7.9,0.18,8.7,730.0,214.0,0.025,0.102,1545.0,811.0,True
2016-09-07 11:45:00,7.9,0.18,8.69,730.0,214.0,0.025,0.102,1546.0,814.0,True
2016-09-07 11:46:00,7.9,0.18,8.69,730.0,214.0,0.025,0.102,1586.0,812.0,True
2016-09-07 11:47:00,7.9,0.18,8.68,730.0,214.0,0.025,0.102,1581.0,806.0,True
2016-09-07 11:48:00,7.9,0.18,8.68,731.0,214.0,0.025,0.102,1552.0,815.0,True
2016-09-07 11:49:00,7.9,0.18,8.68,731.0,214.0,0.028,0.101,1526.0,814.0,True
2016-09-07 11:50:00,7.9,0.18,8.68,731.0,214.0,0.028,0.101,1561.0,820.0,True
2016-09-07 11:51:00,7.9,0.18,8.68,731.0,211.0,0.028,0.102,1549.0,818.0,True
2016-09-07 11:52:00,7.9,0.18,8.68,731.0,211.0,0.028,0.102,1578.0,820.0,True
2016-09-07 11:53:00,7.9,0.18,8.67,731.0,211.0,0.028,0.101,1578.0,824.0,True
2016-09-07 11:54:00,7.9,0.18,8.66,731.0,214.0,0.028,0.101,1549.0,820.0,True
2016-09-07 11:55:00,7.9,0.18,8.66,731.0,211.0,0.028,0.101,1532.0,826.0,True
2016-09-07 11:56:00,7.9,0.18,8.66,731.0,211.0,0.027,0.101,1559.0,826.0,True
2016-09-07 11:57:00,7.9,0.18,8.66,732.0,211.0,0.027,0.101,1509.0,821.0,True
2016-09-07 11:58:00,7.9,0.18,8.66,732.0,214.0,0.026,0.101,1550.0,826.0,True
2016-09-07 11:59:00,7.9,0.18,8.66,732.0,211.0,0.027,0.101,1528.0,826.0,True
2016-09-07 12:00:00,7.9,0.18,8.66,733.0,211.0,0.027,0.099,1546.0,828.0,True
2016-09-07 12:01:00,7.9,0.18,8.66,731.0,211.0,0.027,0.099,1599.0,827.0,True
2016-09-07 12:02:00,7.9,0.18,8.68,732.0,211.0,0.028,0.099,1547.0,822.0,True
2016-09-07 12:03:00,7.9,0.18,8.69,732.0,211.0,0.027,0.101,1552.0,821.0,True
2016-09-07 12:04:00,7.9,0.19,8.71,733.0,211.0,0.027,0.099,1532.0,826.0,True
2016-09-07 12:05:00,7.9,0.18,8.72,732.0,211.0,0.027,0.099,1590.0,824.0,True
2016-09-07 12:06:00,7.9,0.18,8.73,732.0,211.0,0.028,0.099,1574.0,827.0,True
2016-09-07 12:07:00,7.9,0.18,8.73,732.0,211.0,0.028,0.099,1521.0,827.0,True
2016-09-07 12:08:00,7.9,0.18,8.74,731.0,211.0,0.029,0.099,1562.0,824.0,True
2016-09-07 12:09:00,7.9,0.18,8.75,731.0,211.0,0.028,0.099,1532.0,824.0,True
2016-09-07 12:10:00,7.9,0.18,8.74,731.0,211.0,0.028,0.099,1538.0,828.0,True
2016-09-07 12:11:00,7.9,0.18,8.74,730.0,211.0,0.028,0.099,1509.0,822.0,True
2016-09-07 12:12:00,7.9,0.18,8.72,731.0,211.0,0.028,0.099,1549.0,822.0,True
2016-09-07 12:13:00,7.9,0.18,8.72,732.0,211.0,0.028,0.099,1553.0,820.0,True
2016-09-07 12:14:00,7.9,0.18,8.72,731.0,211.0,0.028,0.099,1557.0,821.0,True
2016-09-07 12:15:00,7.9,0.18,8.7,733.0,211.0,0.029,0.099,1540.0,824.0,True
2016-09-07 12:16:00,7.9,0.18,8.7,733.0,211.0,0.028,0.099,1561.0,820.0,True
2016-09-07 12:17:00,7.9,0.18,8.68,734.0,211.0,0.029,0.101,1524.0,821.0,True
2016-09-07 12:18:00,7.9,0.18,8.68,734.0,211.0,0.029,0.101,1568.0,821.0,True
2016-09-07 12:19:00,7.9,0.18,8.67,734.0,211.0,0.029,0.101,1520.0,827.0,True
2016-09-07 12:20:00,7.9,0.18,8.66,734.0,211.0,0.028,0.102,1557.0,827.0,True
2016-09-07 12:21:00,7.9,0.18,8.65,734.0,211.0,0.028,0.101,1524.0,824.0,True
2016-09-07 12:22:00,7.9,0.18,8.64,734.0,211.0,0.028,0.102,1523.0,829.0,True
2016-09-07 12:23:00,7.9,0.17,8.64,734.0,211.0,0.028,0.102,1527.0,828.0,True
2016-09-07 12:24:00,7.9,0.17,8.62,735.0,211.0,0.028,0.102,1597.0,828.0,True
2016-09-07 12:25:00,7.9,0.17,8.62,735.0,211.0,0.028,0.102,1497.0,821.0,True
2016-09-07 12:26:00,7.9,0.17,8.6,735.0,211.0,0.028,0.104,1582.0,827.0,True
2016-09-07 12:27:00,7.9,0.17,8.59,735.0,211.0,0.028,0.104,1574.0,826.0,True
2016-09-07 12:28:00,7.9,0.17,8.58,735.0,211.0,0.028,0.104,1562.0,824.0,True
2016-09-07 12:29:00,7.9,0.17,8.58,736.0,211.0,0.028,0.104,1586.0,827.0,True
2016-09-07 12:30:00,7.9,0.17,8.57,736.0,211.0,0.029,0.104,1527.0,824.0,True
2016-09-07 12:31:00,7.9,0.17,8.56,736.0,211.0,0.028,0.105,1539.0,821.0,True
2016-09-07 12:32:00,7.9,0.17,8.56,737.0,211.0,0.029,0.104,1561.0,821.0,True
2016-09-07 12:33:00,7.9,0.16,8.55,737.0,211.0,0.031,0.105,1633.0,824.0,True
2016-09-07 12:34:00,7.9,0.17,8.54,738.0,211.0,0.029,0.106,1692.0,827.0,True
2016-09-07 12:35:00,7.9,0.17,8.53,737.0,211.0,0.029,0.105,1660.0,829.0,True
2016-09-07 12:36:00,7.9,0.17,8.53,738.0,211.0,0.029,0.106,1625.0,827.0,True
2016-09-07 12:37:00,7.9,0.17,8.51,738.0,211.0,0.029,0.106,1619.0,822.0,True
2016-09-07 12:38:00,7.9,0.17,8.51,738.0,211.0,0.029,0.106,1540.0,826.0,True
2016-09-07 12:39:00,7.9,0.17,8.5,738.0,211.0,0.029,0.106,1614.0,822.0,True
2016-09-07 12:40:00,7.9,0.17,8.49,739.0,211.0,0.029,0.106,1607.0,826.0,True
2016-09-07 12:41:00,7.9,0.17,8.49,738.0,211.0,0.029,0.106,1608.0,824.0,False
2016-09-07 12:42:00,7.9,0.17,8.49,739.0,211.0,0.029,0.108,1625.0,828.0,False
2016-09-07 12:43:00,7.9,0.17,8.49,739.0,211.0,0.029,0.108,1590.0,821.0,False
2016-09-07 12:44:00,7.9,0.17,8.49,739.0,211.0,0.03,0.108,1608.0,832.0,False
2016-09-07 12:45:00,7.9,0.17,8.48,739.0,211.0,0.029,0.108,1627.0,837.0,False
2016-09-07 12:46:00,7.9,0.17,8.48,739.0,211.0,0.029,0.109,1643.0,828.0,False
2016-09-07 12:47:00,7.9,0.17,8.49,739.0,211.0,0.029,0.109,1587.0,824.0,False
2016-09-07 12:48:00,7.9,0.17,8.47,740.0,211.0,0.029,0.109,1619.0,828.0,False
2016-09-07 12:49:00,7.9,0.17,8.48,740.0,211.0,0.029,0.109,1603.0,826.0,False
2016-09-07 12:50:00,7.9,0.17,8.47,740.0,211.0,0.029,0.108,1574.0,828.0,False
2016-09-07 12:51:00,7.9,0.17,8.48,740.0,211.0,0.029,0.109,1601.0,821.0,False
2016-09-07 12:52:00,7.9,0.17,8.49,740.0,211.0,0.029,0.109,1613.0,828.0,False
2016-09-07 12:53:00,7.9,0.17,8.48,740.0,211.0,0.029,0.11,1614.0,833.0,False
2016-09-07 12:54:00,7.9,0.17,8.49,740.0,211.0,0.029,0.111,1599.0,828.0,False
2016-09-07 12:55:00,7.9,0.17,8.49,740.0,211.0,0.029,0.11,1596.0,822.0,False
2016-09-07 12:56:00,8.0,0.17,8.49,740.0,211.0,0.029,0.11,1643.0,835.0,False
2016-09-07 12:57:00,8.0,0.17,8.49,740.0,211.0,0.031,0.11,1585.0,832.0,False
2016-09-07 12:58:00,7.9,0.16,8.49,740.0,211.0,0.029,0.111,1605.0,833.0,False
2016-09-07 12:59:00,8.0,0.16,8.49,740.0,211.0,0.029,0.11,1576.0,832.0,False
2016-09-07 13:00:00,8.0,0.16,8.49,740.0,211.0,0.029,0.11,1645.0,828.0,False
2016-09-07 13:01:00,8.0,0.16,8.49,740.0,211.0,0.03,0.11,1599.0,822.0,False
2016-09-07 13:02:00,8.0,0.16,8.49,741.0,211.0,0.029,0.111,1601.0,824.0,False
2016-09-07 13:03:00,8.0,0.16,8.49,741.0,211.0,0.029,0.111,1659.0,833.0,False
2016-09-07 13:04:00,8.0,0.16,8.5,741.0,211.0,0.03,0.111,1599.0,829.0,False
2016-09-07 13:05:00,8.0,0.16,8.5,741.0,211.0,0.031,0.11,1616.0,835.0,False
2016-09-07 13:06:00,8.0,0.16,8.5,741.0,211.0,0.03,0.111,1613.0,833.0,False
2016-09-07 13:07:00,8.0,0.15,8.5,741.0,211.0,0.03,0.11,1649.0,833.0,False
2016-09-07 13:08:00,8.0,0.16,8.5,741.0,211.0,0.03,0.111,1628.0,827.0,False
2016-09-07 13:09:00,8.0,0.15,8.51,740.0,211.0,0.03,0.111,1614.0,824.0,False
2016-09-07 13:10:00,8.0,0.15,8.51,741.0,211.0,0.029,0.11,1651.0,827.0,False
2016-09-07 13:11:00,8.0,0.15,8.51,741.0,211.0,0.03,0.11,1559.0,835.0,False
2016-09-07 13:12:00,8.0,0.15,8.51,742.0,211.0,0.03,0.111,1596.0,834.0,False
2016-09-07 13:13:00,8.0,0.15,8.51,742.0,211.0,0.03,0.111,1621.0,834.0,False
2016-09-07 13:14:00,8.0,0.15,8.51,740.0,211.0,0.03,0.11,1576.0,834.0,False
2016-09-07 13:15:00,8.0,0.15,8.51,742.0,211.0,0.03,0.111,1609.0,835.0,False
2016-09-07 13:16:00,8.0,0.15,8.51,742.0,211.0,0.03,0.111,1592.0,828.0,False
2016-09-07 13:17:00,8.0,0.15,8.51,742.0,211.0,0.03,0.113,1637.0,822.0,False
2016-09-07 13:18:00,8.0,0.15,8.51,742.0,211.0,0.03,0.111,1621.0,832.0,False
2016-09-07 13:19:00,8.0,0.16,8.51,741.0,211.0,0.03,0.111,1596.0,828.0,False
2016-09-07 13:20:00,8.0,0.16,8.51,742.0,211.0,0.03,0.111,1633.0,834.0,False
2016-09-07 13:21:00,8.0,0.16,8.51,741.0,211.0,0.03,0.111,1611.0,827.0,False
2016-09-07 13:22:00,8.0,0.16,8.51,742.0,211.0,0.03,0.111,1593.0,827.0,False
2016-09-07 13:23:00,8.0,0.16,8.5,742.0,211.0,0.03,0.111,1579.0,832.0,False
2016-09-07 13:24:00,8.0,0.16,8.51,742.0,211.0,0.03,0.113,1703.0,835.0,False
2016-09-07 13:25:00,8.0,0.16,8.51,742.0,211.0,0.03,0.111,1651.0,832.0,False
2016-09-07 13:26:00,8.0,0.16,8.51,742.0,211.0,0.03,0.113,1668.0,834.0,False
2016-09-07 13:27:00,8.0,0.16,8.51,742.0,211.0,0.03,0.111,1593.0,832.0,False
2016-09-07 13:28:00,8.0,0.16,8.51,742.0,211.0,0.03,0.111,1586.0,835.0,False
2016-09-07 13:29:00,8.0,0.16,8.51,742.0,211.0,0.03,0.113,1620.0,833.0,False
2016-09-07 13:30:00,8.0,0.16,8.51,742.0,211.0,0.03,0.113,1619.0,826.0,False
2016-09-07 13:31:00,8.0,0.16,8.51,742.0,211.0,0.03,0.111,1609.0,828.0,False
2016-09-07 13:32:00,8.0,0.16,8.51,742.0,211.0,0.03,0.111,1609.0,828.0,False
2016-09-07 13:33:00,8.0,0.16,8.51,742.0,211.0,0.029,0.111,1591.0,832.0,False
2016-09-07 13:34:00,8.0,0.16,8.51,742.0,211.0,0.03,0.111,1590.0,833.0,False
2016-09-07 13:35:00,8.0,0.16,8.51,742.0,211.0,0.03,0.111,1557.0,829.0,False
2016-09-07 13:36:00,8.0,0.16,8.5,742.0,211.0,0.03,0.111,1576.0,834.0,False
2016-09-07 13:37:00,8.0,0.16,8.5,742.0,211.0,0.03,0.11,1587.0,837.0,False
2016-09-07 13:38:00,8.0,0.16,8.5,742.0,211.0,0.03,0.111,1650.0,837.0,False
2016-09-07 13:39:00,8.0,0.16,8.5,742.0,211.0,0.03,0.111,1533.0,824.0,False
2016-09-07 13:40:00,8.0,0.15,8.51,742.0,211.0,0.03,0.111,1570.0,832.0,False
2016-09-07 13:41:00,8.0,0.15,8.51,742.0,211.0,0.03,0.111,1645.0,834.0,False
2016-09-07 13:42:00,8.0,0.15,8.51,742.0,211.0,0.03,0.111,1607.0,834.0,False
2016-09-07 13:43:00,8.0,0.15,8.5,742.0,211.0,0.03,0.11,1668.0,834.0,False
2016-09-07 13:44:00,8.0,0.15,8.51,742.0,211.0,0.031,0.111,1512.0,837.0,False
2016-09-07 13:45:00,8.0,0.15,8.51,742.0,214.0,0.031,0.111,1518.0,834.0,False
2016-09-07 13:46:00,8.0,0.15,8.51,742.0,211.0,0.031,0.111,1512.0,839.0,False
2016-09-07 13:47:00,8.0,0.15,8.51,742.0,211.0,0.031,0.11,1534.0,834.0,False
2016-09-07 13:48:00,8.0,0.15,8.51,743.0,211.0,0.031,0.11,1545.0,834.0,False
2016-09-07 13:49:00,8.0,0.16,8.51,742.0,211.0,0.031,0.11,1521.0,837.0,False
2016-09-07 13:50:00,8.0,0.16,8.51,742.0,211.0,0.031,0.11,1520.0,829.0,False
2016-09-07 13:51:00,8.0,0.16,8.51,742.0,211.0,0.031,0.111,1538.0,835.0,False
2016-09-07 13:52:00,8.0,0.16,8.51,742.0,211.0,0.03,0.111,1500.0,844.0,False
2016-09-07 13:53:00,8.0,0.16,8.51,742.0,211.0,0.03,0.109,1526.0,834.0,False
2016-09-07 13:54:00,8.0,0.15,8.51,742.0,211.0,0.031,0.109,1512.0,833.0,False
2016-09-07 13:55:00,8.0,0.16,8.51,742.0,211.0,0.031,0.109,1527.0,834.0,False
2016-09-07 13:56:00,8.0,0.16,8.51,742.0,211.0,0.031,0.109,1521.0,833.0,False
2016-09-07 13:57:00,8.0,0.16,8.51,742.0,211.0,0.031,0.108,1559.0,839.0,False
2016-09-07 13:58:00,8.0,0.16,8.51,742.0,211.0,0.031,0.108,1491.0,834.0,False
2016-09-07 13:59:00,7.9,0.16,8.52,742.0,211.0,0.031,0.108,1491.0,841.0,False
2016-09-07 14:00:00,8.0,0.16,8.52,742.0,211.0,0.031,0.108,1489.0,833.0,False
2016-09-07 14:01:00,8.0,0.16,8.51,742.0,214.0,0.031,0.106,1505.0,835.0,False
2016-09-07 14:02:00,8.0,0.16,8.52,742.0,211.0,0.031,0.108,1546.0,837.0,False
2016-09-07 14:03:00,8.0,0.16,8.52,742.0,214.0,0.031,0.108,1510.0,829.0,False
2016-09-07 14:04:00,7.9,0.16,8.52,742.0,214.0,0.031,0.106,1568.0,839.0,False
2016-09-07 14:05:00,8.0,0.16,8.51,742.0,211.0,0.031,0.106,1532.0,840.0,False
2016-09-07 14:06:00,7.9,0.16,8.52,742.0,211.0,0.031,0.106,1546.0,834.0,False
2016-09-07 14:07:00,8.0,0.16,8.52,742.0,211.0,0.031,0.106,1530.0,839.0,False
2016-09-07 14:08:00,7.9,0.16,8.52,742.0,214.0,0.031,0.106,1510.0,832.0,False
2016-09-07 14:09:00,8.0,0.16,8.52,742.0,214.0,0.031,0.106,1497.0,841.0,False
2016-09-07 14:10:00,8.0,0.16,8.51,742.0,214.0,0.031,0.105,1517.0,843.0,False
2016-09-07 14:11:00,8.0,0.16,8.51,742.0,214.0,0.031,0.106,1506.0,844.0,False
2016-09-07 14:12:00,7.9,0.16,8.52,742.0,214.0,0.031,0.106,1521.0,837.0,False
2016-09-07 14:13:00,8.0,0.16,8.51,742.0,214.0,0.031,0.106,1526.0,833.0,False
2016-09-07 14:14:00,7.9,0.16,8.51,742.0,214.0,0.031,0.105,1535.0,837.0,False
2016-09-07 14:15:00,8.0,0.16,8.52,742.0,214.0,0.031,0.105,1541.0,840.0,False
2016-09-07 14:16:00,8.0,0.16,8.52,742.0,214.0,0.031,0.105,1557.0,840.0,False
2016-09-07 14:17:00,8.0,0.16,8.51,742.0,214.0,0.031,0.105,1593.0,829.0,False
2016-09-07 14:18:00,8.0,0.16,8.51,742.0,214.0,0.031,0.104,1557.0,824.0,False
2016-09-07 14:19:00,8.0,0.16,8.51,742.0,214.0,0.031,0.104,1506.0,841.0,False
2016-09-07 14:20:00,8.0,0.16,8.52,742.0,214.0,0.03,0.104,1501.0,834.0,False
2016-09-07 14:21:00,8.0,0.16,8.51,742.0,214.0,0.031,0.104,1549.0,843.0,False
2016-09-07 14:22:00,8.0,0.16,8.52,742.0,214.0,0.031,0.104,1557.0,843.0,False
2016-09-07 14:23:00,8.0,0.16,8.52,742.0,214.0,0.031,0.102,1590.0,839.0,False
2016-09-07 14:24:00,8.0,0.16,8.52,742.0,214.0,0.031,0.102,1534.0,835.0,False
2016-09-07 14:25:00,8.0,0.16,8.52,742.0,214.0,0.031,0.102,1532.0,832.0,False
2016-09-07 14:26:00,8.0,0.16,8.52,742.0,214.0,0.031,0.102,1561.0,828.0,False
2016-09-07 14:27:00,8.0,0.16,8.52,742.0,214.0,0.031,0.102,1549.0,832.0,False
2016-09-07 14:28:00,8.0,0.16,8.52,742.0,214.0,0.031,0.101,1512.0,834.0,False
2016-09-07 14:29:00,8.0,0.16,8.52,742.0,214.0,0.031,0.099,1491.0,839.0,False
2016-09-07 14:30:00,8.0,0.16,8.52,742.0,214.0,0.031,0.101,1549.0,833.0,False
2016-09-07 14:31:00,8.0,0.16,8.52,742.0,214.0,0.031,0.099,1491.0,840.0,False
2016-09-07 14:32:00,8.0,0.16,8.53,742.0,214.0,0.031,0.099,1538.0,835.0,False
2016-09-07 14:33:00,7.9,0.16,8.53,742.0,214.0,0.031,0.099,1550.0,837.0,False
2016-09-07 14:34:00,8.0,0.17,8.53,742.0,214.0,0.031,0.099,1532.0,839.0,False
2016-09-07 14:35:00,8.0,0.17,8.54,742.0,214.0,0.032,0.099,1511.0,833.0,False
2016-09-07 14:36:00,8.0,0.17,8.54,742.0,214.0,0.032,0.099,1562.0,841.0,False
2016-09-07 14:37:00,8.0,0.17,8.54,742.0,214.0,0.032,0.099,1559.0,837.0,False
2016-09-07 14:38:00,8.0,0.17,8.54,742.0,214.0,0.032,0.099,1563.0,833.0,False
2016-09-07 14:39:00,8.0,0.17,8.54,742.0,214.0,0.032,0.099,1586.0,837.0,False
2016-09-07 14:40:00,8.0,0.17,8.54,742.0,214.0,0.032,0.098,1616.0,832.0,False
2016-09-07 14:41:00,8.0,0.17,8.54,742.0,214.0,0.032,0.098,1628.0,829.0,False
2016-09-07 14:42:00,8.0,0.17,8.54,742.0,214.0,0.032,0.098,1604.0,833.0,False
2016-09-07 14:43:00,8.0,0.17,8.54,742.0,214.0,0.032,0.098,1598.0,840.0,False
2016-09-07 14:44:00,8.0,0.17,8.54,742.0,214.0,0.032,0.098,1625.0,840.0,False
2016-09-07 14:45:00,8.0,0.17,8.54,740.0,214.0,0.032,0.098,1462.0,837.0,False
2016-09-07 14:46:00,8.0,0.17,8.54,742.0,214.0,0.032,0.097,1521.0,835.0,False
2016-09-07 14:47:00,8.0,0.17,8.54,742.0,214.0,0.032,0.097,1482.0,832.0,False
2016-09-07 14:48:00,8.0,0.17,8.54,742.0,214.0,0.036,0.097,1494.0,834.0,False
2016-09-07 14:49:00,8.0,0.17,8.55,742.0,214.0,0.032,0.095,1535.0,837.0,False
2016-09-07 14:50:00,8.0,0.17,8.55,741.0,214.0,0.032,0.095,1509.0,837.0,False
2016-09-07 14:51:00,8.0,0.16,8.55,742.0,214.0,0.032,0.095,1510.0,840.0,False
2016-09-07 14:52:00,8.0,0.16,8.55,741.0,214.0,0.033,0.095,1550.0,839.0,False
2016-09-07 14:53:00,8.0,0.16,8.55,742.0,214.0,0.033,0.095,1534.0,833.0,False
2016-09-07 14:54:00,8.0,0.16,8.56,742.0,214.0,0.033,0.095,1509.0,839.0,False
2016-09-07 14:55:00,8.0,0.16,8.55,742.0,214.0,0.033,0.095,1539.0,834.0,False
2016-09-07 14:56:00,8.0,0.16,8.56,741.0,214.0,0.033,0.095,1516.0,834.0,False
2016-09-07 14:57:00,8.0,0.16,8.56,742.0,214.0,0.033,0.095,1516.0,834.0,False
2016-09-07 14:58:00,8.0,0.16,8.56,741.0,214.0,0.034,0.095,1539.0,829.0,False
2016-09-07 14:59:00,8.0,0.16,8.56,741.0,214.0,0.034,0.095,1495.0,834.0,False
2016-09-07 15:00:00,8.0,0.16,8.56,742.0,214.0,0.034,0.095,1543.0,839.0,False
2016-09-07 15:01:00,8.0,0.16,8.56,741.0,214.0,0.033,0.095,1526.0,833.0,False
2016-09-07 15:02:00,8.0,0.16,8.56,741.0,214.0,0.034,0.094,1527.0,833.0,False
2016-09-07 15:03:00,8.0,0.16,8.56,742.0,214.0,0.034,0.095,1549.0,829.0,False
2016-09-07 15:04:00,8.0,0.16,8.56,742.0,214.0,0.034,0.095,1541.0,827.0,False
2016-09-07 15:05:00,8.0,0.16,8.56,741.0,214.0,0.033,0.094,1540.0,833.0,False
2016-09-07 15:06:00,8.0,0.16,8.56,741.0,214.0,0.033,0.094,1501.0,833.0,False
2016-09-07 15:07:00,8.0,0.16,8.56,740.0,214.0,0.033,0.094,1549.0,828.0,False
2016-09-07 15:08:00,8.0,0.17,8.56,741.0,214.0,0.033,0.094,1534.0,837.0,False
2016-09-07 15:09:00,8.0,0.16,8.56,741.0,214.0,0.033,0.094,1547.0,828.0,False
2016-09-07 15:10:00,8.0,0.17,8.56,741.0,214.0,0.034,0.095,1539.0,828.0,False
2016-09-07 15:11:00,8.0,0.17,8.56,742.0,214.0,0.033,0.094,1534.0,832.0,False
2016-09-07 15:12:00,8.0,0.17,8.56,742.0,214.0,0.033,0.094,1587.0,834.0,False
2016-09-07 15:13:00,8.0,0.17,8.55,742.0,214.0,0.033,0.094,1631.0,833.0,False
2016-09-07 15:14:00,8.0,0.17,8.55,742.0,214.0,0.033,0.095,1706.0,834.0,False
2016-09-07 15:15:00,8.0,0.17,8.55,742.0,214.0,0.033,0.094,1712.0,832.0,False
2016-09-07 15:16:00,8.0,0.17,8.55,742.0,214.0,0.033,0.095,1662.0,826.0,False
2016-09-07 15:17:00,8.0,0.17,8.55,742.0,214.0,0.033,0.094,1726.0,828.0,False
2016-09-07 15:18:00,8.0,0.17,8.55,742.0,214.0,0.033,0.095,1679.0,829.0,False
2016-09-07 15:19:00,8.0,0.17,8.55,742.0,214.0,0.036,0.094,1766.0,828.0,False
2016-09-07 15:20:00,8.0,0.17,8.54,742.0,214.0,0.034,0.095,1807.0,834.0,False
2016-09-07 15:21:00,8.0,0.17,8.54,742.0,214.0,0.034,0.095,1711.0,828.0,False
2016-09-07 15:22:00,8.0,0.17,8.54,742.0,214.0,0.034,0.095,1781.0,843.0,False
2016-09-07 15:23:00,8.0,0.16,8.54,742.0,214.0,0.034,0.095,1732.0,833.0,False
2016-09-07 15:24:00,8.0,0.16,8.54,741.0,214.0,0.034,0.095,1747.0,828.0,False
2016-09-07 15:25:00,8.0,0.16,8.53,742.0,214.0,0.033,0.095,1644.0,832.0,False
2016-09-07 15:26:00,8.0,0.16,8.54,743.0,214.0,0.033,0.095,1672.0,832.0,False
2016-09-07 15:27:00,8.0,0.16,8.54,742.0,214.0,0.033,0.095,1649.0,833.0,False
2016-09-07 15:28:00,8.0,0.16,8.54,742.0,214.0,0.034,0.095,1718.0,829.0,False
2016-09-07 15:29:00,8.0,0.16,8.53,742.0,214.0,0.034,0.095,1668.0,834.0,False
2016-09-07 15:30:00,8.0,0.16,8.54,742.0,214.0,0.033,0.095,1697.0,835.0,False
2016-09-07 15:31:00,8.1,0.16,8.54,743.0,214.0,0.034,0.095,1671.0,834.0,False
2016-09-07 15:32:00,8.0,0.16,8.54,742.0,214.0,0.034,0.095,1672.0,833.0,False
2016-09-07 15:33:00,8.0,0.16,8.54,742.0,214.0,0.034,0.095,1708.0,828.0,False
2016-09-07 15:34:00,8.0,0.17,8.54,742.0,214.0,0.034,0.095,1810.0,835.0,False
2016-09-07 15:35:00,8.0,0.16,8.54,742.0,214.0,0.036,0.095,1741.0,833.0,False
2016-09-07 15:36:00,8.0,0.17,8.54,742.0,214.0,0.033,0.095,1789.0,832.0,False
2016-09-07 15:37:00,8.0,0.16,8.54,742.0,214.0,0.034,0.097,1750.0,839.0,False
2016-09-07 15:38:00,8.0,0.16,8.54,742.0,214.0,0.034,0.097,1640.0,834.0,False
2016-09-07 15:39:00,8.0,0.16,8.54,742.0,214.0,0.034,0.097,1694.0,833.0,False
2016-09-07 15:40:00,8.0,0.16,8.54,742.0,214.0,0.034,0.095,1703.0,832.0,False
2016-09-07 15:41:00,8.0,0.16,8.54,742.0,214.0,0.034,0.097,1709.0,832.0,False
2016-09-07 15:42:00,8.0,0.16,8.54,742.0,214.0,0.034,0.097,1725.0,828.0,False
2016-09-07 15:43:00,8.0,0.16,8.54,742.0,214.0,0.033,0.097,1703.0,832.0,False
2016-09-07 15:44:00,8.0,0.16,8.53,742.0,214.0,0.034,0.098,1712.0,834.0,False
2016-09-07 15:45:00,8.1,0.16,8.54,742.0,214.0,0.034,0.098,1771.0,835.0,False
2016-09-07 15:46:00,8.0,0.16,8.53,743.0,214.0,0.034,0.098,1689.0,829.0,False
2016-09-07 15:47:00,8.0,0.16,8.54,742.0,214.0,0.034,0.098,1731.0,839.0,False
2016-09-07 15:48:00,8.0,0.16,8.53,742.0,214.0,0.034,0.099,1671.0,834.0,False
2016-09-07 15:49:00,8.0,0.16,8.53,743.0,214.0,0.034,0.099,1800.0,829.0,False
2016-09-07 15:50:00,8.0,0.16,8.53,743.0,214.0,0.034,0.099,1851.0,839.0,False
2016-09-07 15:51:00,8.0,0.16,8.53,743.0,214.0,0.034,0.099,1767.0,835.0,False
2016-09-07 15:52:00,8.0,0.16,8.52,743.0,214.0,0.034,0.099,1798.0,835.0,False
2016-09-07 15:53:00,8.0,0.16,8.53,743.0,214.0,0.034,0.099,1769.0,839.0,False
2016-09-07 15:54:00,8.0,0.16,8.52,743.0,214.0,0.035,0.099,1773.0,832.0,False
2016-09-07 15:55:00,8.0,0.16,8.52,743.0,214.0,0.038,0.101,1765.0,840.0,False
2016-09-07 15:56:00,8.1,0.16,8.51,744.0,214.0,0.033,0.101,1755.0,843.0,False
2016-09-07 15:57:00,8.0,0.16,8.51,744.0,214.0,0.034,0.101,1770.0,841.0,False
2016-09-07 15:58:00,8.0,0.16,8.51,745.0,214.0,0.035,0.101,1760.0,837.0,False
2016-09-07 15:59:00,8.0,0.16,8.51,744.0,214.0,0.034,0.101,1706.0,837.0,False
2016-09-07 16:00:00,8.0,0.16,8.5,744.0,214.0,0.034,0.102,1810.0,840.0,False
2016-09-07 16:01:00,8.0,0.16,8.5,744.0,214.0,0.034,0.101,1747.0,835.0,False
2016-09-07 16:02:00,8.0,0.16,8.5,744.0,214.0,0.035,0.102,1781.0,835.0,False
2016-09-07 16:03:00,8.0,0.16,8.5,744.0,214.0,0.034,0.102,1760.0,829.0,False
2016-09-07 16:04:00,8.0,0.16,8.5,744.0,214.0,0.033,0.102,1777.0,824.0,False
2016-09-07 16:05:00,8.0,0.16,8.49,745.0,214.0,0.034,0.102,1770.0,829.0,False
2016-09-07 16:06:00,8.0,0.16,8.49,745.0,214.0,0.032,0.102,1859.0,833.0,False
2016-09-07 16:07:00,8.0,0.16,8.49,745.0,214.0,0.032,0.102,1715.0,829.0,False
2016-09-07 16:08:00,8.0,0.16,8.49,744.0,214.0,0.032,0.104,1748.0,834.0,False
2016-09-07 16:09:00,8.0,0.16,8.49,745.0,214.0,0.031,0.104,1857.0,832.0,False
2016-09-07 16:10:00,8.0,0.16,8.48,745.0,214.0,0.03,0.104,1725.0,840.0,False
2016-09-07 16:11:00,8.0,0.16,8.49,745.0,214.0,0.03,0.102,1777.0,829.0,False
2016-09-07 16:12:00,8.0,0.16,8.49,745.0,214.0,0.026,0.102,1758.0,826.0,False
2016-09-07 16:13:00,8.0,0.16,8.48,745.0,214.0,0.023,0.102,1777.0,826.0,False
2016-09-07 16:14:00,8.0,0.15,8.48,745.0,214.0,0.023,0.104,1750.0,837.0,False
2016-09-07 16:15:00,8.0,0.16,8.48,745.0,214.0,0.023,0.104,1752.0,829.0,False
2016-09-07 16:16:00,8.0,0.16,8.49,745.0,214.0,0.023,0.104,1731.0,829.0,False
2016-09-07 16:17:00,8.0,0.16,8.48,745.0,214.0,0.026,0.104,1726.0,829.0,False
2016-09-07 16:18:00,8.0,0.16,8.47,745.0,214.0,0.023,0.104,1760.0,833.0,False
2016-09-07 16:19:00,8.0,0.16,8.48,745.0,214.0,0.023,0.104,1761.0,834.0,False
2016-09-07 16:20:00,8.0,0.16,8.48,745.0,214.0,0.023,0.104,1740.0,834.0,False
2016-09-07 16:21:00,7.9,0.16,8.48,745.0,214.0,0.023,0.104,1755.0,832.0,False
2016-09-07 16:22:00,8.0,0.16,8.48,745.0,214.0,0.023,0.104,1766.0,829.0,False
2016-09-07 16:23:00,8.0,0.16,8.48,745.0,214.0,0.023,0.104,1787.0,837.0,False
2016-09-07 16:24:00,8.0,0.16,8.48,745.0,214.0,0.023,0.104,1810.0,834.0,False
2016-09-07 16:25:00,8.0,0.16,8.48,745.0,214.0,0.022,0.104,1760.0,829.0,False
2016-09-07 16:26:00,8.0,0.17,8.48,745.0,214.0,0.022,0.104,1740.0,833.0,False
2016-09-07 16:27:00,8.0,0.17,8.48,745.0,214.0,0.023,0.104,1724.0,835.0,False
2016-09-07 16:28:00,8.0,0.17,8.48,745.0,214.0,0.022,0.104,1763.0,832.0,False
2016-09-07 16:29:00,8.0,0.17,8.49,745.0,214.0,0.022,0.104,1734.0,834.0,False
2016-09-07 16:30:00,8.0,0.17,8.49,745.0,214.0,0.022,0.104,1777.0,835.0,False
2016-09-07 16:31:00,8.0,0.17,8.49,745.0,214.0,0.022,0.104,1788.0,833.0,False
2016-09-07 16:32:00,8.0,0.17,8.49,745.0,214.0,0.023,0.104,1776.0,834.0,False
2016-09-07 16:33:00,8.0,0.17,8.49,745.0,214.0,0.023,0.104,1818.0,832.0,False
2016-09-07 16:34:00,8.0,0.17,8.49,745.0,214.0,0.023,0.104,1799.0,829.0,False
2016-09-07 16:35:00,8.0,0.17,8.49,745.0,214.0,0.027,0.104,1822.0,833.0,False
2016-09-07 16:36:00,8.0,0.17,8.51,745.0,214.0,0.023,0.104,1769.0,840.0,False
2016-09-07 16:37:00,8.0,0.17,8.51,745.0,214.0,0.023,0.104,1790.0,834.0,False
2016-09-07 16:38:00,8.0,0.17,8.51,745.0,214.0,0.023,0.104,1810.0,833.0,False
2016-09-07 16:39:00,8.0,0.17,8.51,745.0,214.0,0.023,0.104,1752.0,834.0,False
2016-09-07 16:40:00,8.0,0.17,8.51,745.0,214.0,0.023,0.104,1804.0,834.0,False
2016-09-07 16:41:00,7.9,0.17,8.51,745.0,214.0,0.023,0.104,1767.0,833.0,False
2016-09-07 16:42:00,8.0,0.17,8.51,745.0,214.0,0.023,0.102,1805.0,833.0,False
2016-09-07 16:43:00,8.0,0.17,8.51,745.0,214.0,0.024,0.104,1798.0,833.0,False
2016-09-07 16:44:00,8.0,0.17,8.51,745.0,214.0,0.023,0.102,1807.0,826.0,False
2016-09-07 16:45:00,8.0,0.17,8.51,745.0,214.0,0.023,0.102,1811.0,827.0,False
2016-09-07 16:46:00,8.0,0.16,8.51,745.0,214.0,0.023,0.102,1834.0,832.0,False
2016-09-07 16:47:00,8.0,0.16,8.51,745.0,214.0,0.023,0.102,1770.0,833.0,False
2016-09-07 16:48:00,8.0,0.16,8.51,745.0,214.0,0.023,0.102,1813.0,834.0,False
2016-09-07 16:49:00,8.0,0.16,8.51,746.0,214.0,0.023,0.102,1783.0,827.0,False
2016-09-07 16:50:00,8.0,0.16,8.5,745.0,214.0,0.023,0.102,1770.0,832.0,False
2016-09-07 16:51:00,8.0,0.16,8.5,746.0,214.0,0.023,0.104,1767.0,834.0,False
2016-09-07 16:52:00,8.0,0.16,8.49,745.0,214.0,0.023,0.102,1777.0,837.0,False
2016-09-07 16:53:00,7.9,0.16,8.47,746.0,214.0,0.023,0.102,1793.0,837.0,False
2016-09-07 16:54:00,8.0,0.16,8.47,746.0,214.0,0.023,0.102,1760.0,832.0,False
2016-09-07 16:55:00,8.0,0.16,8.47,747.0,214.0,0.023,0.104,1813.0,833.0,False
2016-09-07 16:56:00,8.0,0.16,8.47,747.0,214.0,0.022,0.102,1753.0,834.0,False
2016-09-07 16:57:00,8.0,0.16,8.47,746.0,214.0,0.023,0.101,1688.0,833.0,False
2016-09-07 16:58:00,7.9,0.16,8.46,746.0,214.0,0.023,0.102,1734.0,833.0,False
2016-09-07 16:59:00,8.0,0.16,8.46,746.0,211.0,0.023,0.102,1746.0,835.0,False
2016-09-07 17:00:00,8.0,0.16,8.45,747.0,214.0,0.022,0.102,1665.0,833.0,False
2016-09-07 17:01:00,8.0,0.16,8.45,747.0,214.0,0.023,0.102,1741.0,834.0,False
2016-09-07 17:02:00,8.0,0.16,8.45,747.0,211.0,0.023,0.104,1703.0,837.0,False
2016-09-07 17:03:00,8.0,0.16,8.45,747.0,211.0,0.023,0.104,1748.0,832.0,False
2016-09-07 17:04:00,8.0,0.16,8.44,747.0,211.0,0.023,0.102,1724.0,839.0,False
2016-09-07 17:05:00,8.0,0.16,8.44,747.0,214.0,0.023,0.104,1707.0,839.0,False
2016-09-07 17:06:00,8.0,0.16,8.44,747.0,214.0,0.023,0.104,1760.0,835.0,False
2016-09-07 17:07:00,8.0,0.16,8.44,747.0,211.0,0.023,0.104,1747.0,841.0,False
2016-09-07 17:08:00,8.0,0.17,8.43,747.0,211.0,0.023,0.104,1680.0,833.0,False
2016-09-07 17:09:00,7.9,0.17,8.43,747.0,211.0,0.023,0.104,1718.0,826.0,False
2016-09-07 17:10:00,8.0,0.16,8.43,747.0,211.0,0.023,0.104,1686.0,835.0,False
2016-09-07 17:11:00,8.0,0.16,8.43,747.0,211.0,0.023,0.104,1736.0,835.0,False
2016-09-07 17:12:00,7.9,0.16,8.43,747.0,211.0,0.023,0.104,1685.0,829.0,False
2016-09-07 17:13:00,8.0,0.16,8.43,747.0,211.0,0.024,0.104,1746.0,832.0,False
2016-09-07 17:14:00,8.0,0.16,8.43,747.0,211.0,0.023,0.104,1765.0,827.0,False
2016-09-07 17:15:00,7.9,0.16,8.43,747.0,211.0,0.023,0.104,1827.0,829.0,False
2016-09-07 17:16:00,8.0,0.16,8.42,747.0,211.0,0.023,0.104,1799.0,832.0,False
2016-09-07 17:17:00,7.9,0.16,8.43,747.0,211.0,0.023,0.104,1682.0,827.0,False
2016-09-07 17:18:00,8.0,0.16,8.42,747.0,211.0,0.028,0.104,1697.0,834.0,False
2016-09-07 17:19:00,7.9,0.16,8.43,747.0,211.0,0.023,0.104,1725.0,832.0,False
2016-09-07 17:20:00,7.9,0.16,8.44,747.0,211.0,0.023,0.104,1697.0,822.0,False
2016-09-07 17:21:00,8.0,0.16,8.44,747.0,211.0,0.023,0.102,1697.0,826.0,False
2016-09-07 17:22:00,8.0,0.16,8.44,747.0,211.0,0.027,0.104,1656.0,829.0,False
2016-09-07 17:23:00,7.9,0.16,8.44,747.0,211.0,0.023,0.104,1707.0,829.0,False
2016-09-07 17:24:00,8.0,0.16,8.45,747.0,211.0,0.023,0.104,1718.0,832.0,False
2016-09-07 17:25:00,7.9,0.16,8.45,747.0,211.0,0.023,0.104,1755.0,824.0,False
2016-09-07 17:26:00,8.0,0.16,8.45,747.0,211.0,0.023,0.104,1700.0,826.0,False
2016-09-07 17:27:00,7.9,0.16,8.45,747.0,211.0,0.023,0.104,1776.0,829.0,False
2016-09-07 17:28:00,8.0,0.16,8.45,747.0,211.0,0.023,0.102,1746.0,833.0,False
2016-09-07 17:29:00,7.9,0.16,8.45,747.0,211.0,0.024,0.104,1686.0,828.0,False
2016-09-07 17:30:00,8.0,0.16,8.45,747.0,211.0,0.023,0.104,1766.0,829.0,False
2016-09-07 17:31:00,7.9,0.17,8.45,747.0,211.0,0.023,0.102,1715.0,829.0,False
2016-09-07 17:32:00,8.0,0.16,8.46,746.0,211.0,0.023,0.102,1678.0,826.0,False
2016-09-07 17:33:00,8.0,0.16,8.47,746.0,211.0,0.024,0.104,1752.0,832.0,False
2016-09-07 17:34:00,7.9,0.16,8.48,747.0,211.0,0.026,0.104,1684.0,834.0,False
2016-09-07 17:35:00,8.0,0.16,8.47,747.0,214.0,0.024,0.104,1734.0,834.0,False
2016-09-07 17:36:00,8.0,0.17,8.49,747.0,211.0,0.024,0.104,1668.0,829.0,False
2016-09-07 17:37:00,7.9,0.17,8.49,747.0,211.0,0.026,0.104,1746.0,834.0,False
2016-09-07 17:38:00,8.0,0.17,8.49,747.0,211.0,0.023,0.104,1711.0,837.0,False
2016-09-07 17:39:00,8.0,0.17,8.49,747.0,214.0,0.023,0.104,1707.0,835.0,False
2016-09-07 17:40:00,8.0,0.17,8.49,747.0,214.0,0.023,0.104,1746.0,834.0,False
2016-09-07 17:41:00,7.9,0.17,8.49,747.0,214.0,0.023,0.105,1657.0,833.0,False
2016-09-07 17:42:00,7.9,0.17,8.49,747.0,211.0,0.023,0.105,1721.0,827.0,False
2016-09-07 17:43:00,8.0,0.17,8.5,747.0,214.0,0.023,0.105,1714.0,829.0,False
2016-09-07 17:44:00,8.0,0.17,8.51,747.0,214.0,0.023,0.105,1718.0,828.0,False
2016-09-07 17:45:00,7.9,0.17,8.51,747.0,214.0,0.023,0.106,1755.0,829.0,False
2016-09-07 17:46:00,7.9,0.17,8.51,747.0,214.0,0.023,0.106,1736.0,826.0,False
2016-09-07 17:47:00,7.9,0.17,8.51,747.0,211.0,0.023,0.106,1702.0,832.0,False
2016-09-07 17:48:00,7.9,0.17,8.51,747.0,211.0,0.023,0.106,1700.0,832.0,False
2016-09-07 17:49:00,8.0,0.17,8.51,747.0,211.0,0.023,0.106,1725.0,829.0,False
2016-09-07 17:50:00,8.0,0.17,8.52,747.0,211.0,0.023,0.106,1732.0,828.0,False
2016-09-07 17:51:00,8.0,0.17,8.51,747.0,211.0,0.023,0.106,1730.0,829.0,False
2016-09-07 17:52:00,8.0,0.17,8.51,747.0,211.0,0.025,0.106,1718.0,833.0,False
2016-09-07 17:53:00,7.9,0.17,8.51,747.0,211.0,0.023,0.106,1748.0,827.0,False
2016-09-07 17:54:00,8.0,0.17,8.51,747.0,211.0,0.024,0.106,1719.0,829.0,False
2016-09-07 17:55:00,8.0,0.17,8.51,747.0,211.0,0.023,0.106,1747.0,826.0,False
2016-09-07 17:56:00,7.9,0.17,8.51,747.0,211.0,0.023,0.106,1702.0,832.0,False
2016-09-07 17:57:00,8.0,0.17,8.51,747.0,211.0,0.023,0.105,1743.0,833.0,False
2016-09-07 17:58:00,8.0,0.17,8.51,747.0,211.0,0.023,0.106,1724.0,814.0,False
2016-09-07 17:59:00,8.0,0.17,8.51,747.0,211.0,0.023,0.106,1765.0,827.0,False
2016-09-07 18:00:00,8.0,0.17,8.51,746.0,211.0,0.023,0.105,1701.0,826.0,False
2016-09-07 18:01:00,7.9,0.17,8.51,747.0,211.0,0.023,0.105,1690.0,829.0,False
2016-09-07 18:02:00,8.0,0.17,8.51,747.0,211.0,0.023,0.106,1746.0,833.0,False
2016-09-07 18:03:00,8.0,0.17,8.51,747.0,211.0,0.023,0.105,1775.0,827.0,False
2016-09-07 18:04:00,8.0,0.17,8.51,747.0,211.0,0.023,0.105,1811.0,834.0,False
2016-09-07 18:05:00,8.0,0.17,8.51,747.0,211.0,0.024,0.105,1760.0,828.0,False
2016-09-07 18:06:00,8.0,0.17,8.52,747.0,211.0,0.024,0.104,1789.0,826.0,False
2016-09-07 18:07:00,8.0,0.17,8.51,747.0,211.0,0.024,0.105,1766.0,833.0,False
2016-09-07 18:08:00,7.9,0.17,8.52,747.0,211.0,0.024,0.104,1763.0,829.0,False
2016-09-07 18:09:00,8.0,0.17,8.52,747.0,211.0,0.024,0.104,1761.0,829.0,False
2016-09-07 18:10:00,8.0,0.17,8.52,747.0,211.0,0.024,0.104,1771.0,824.0,False
2016-09-07 18:11:00,8.0,0.18,8.52,747.0,211.0,0.024,0.104,1740.0,829.0,False
2016-09-07 18:12:00,7.9,0.18,8.52,747.0,211.0,0.024,0.104,1755.0,828.0,False
2016-09-07 18:13:00,8.0,0.18,8.53,747.0,211.0,0.024,0.104,1754.0,832.0,False
2016-09-07 18:14:00,7.9,0.18,8.53,747.0,211.0,0.024,0.104,1824.0,828.0,False
2016-09-07 18:15:00,8.0,0.18,8.54,747.0,211.0,0.024,0.104,1782.0,829.0,False
2016-09-07 18:16:00,8.0,0.18,8.54,747.0,211.0,0.024,0.104,1765.0,824.0,False
2016-09-07 18:17:00,8.0,0.18,8.54,747.0,211.0,0.024,0.104,1771.0,821.0,False
2016-09-07 18:18:00,8.0,0.18,8.55,746.0,211.0,0.025,0.104,1775.0,832.0,False
2016-09-07 18:19:00,8.0,0.18,8.55,747.0,214.0,0.024,0.104,1778.0,827.0,False
2016-09-07 18:20:00,7.9,0.17,8.55,747.0,211.0,0.024,0.104,1795.0,827.0,False
2016-09-07 18:21:00,8.0,0.18,8.56,747.0,211.0,0.025,0.104,1805.0,817.0,False
2016-09-07 18:22:00,7.9,0.17,8.56,746.0,211.0,0.024,0.104,1765.0,829.0,False
2016-09-07 18:23:00,8.0,0.17,8.56,746.0,211.0,0.025,0.104,1796.0,818.0,False
2016-09-07 18:24:00,8.0,0.17,8.56,747.0,211.0,0.025,0.104,1787.0,826.0,False
2016-09-07 18:25:00,8.0,0.18,8.56,746.0,211.0,0.025,0.104,1765.0,826.0,False
2016-09-07 18:26:00,8.0,0.18,8.57,746.0,211.0,0.025,0.104,1740.0,826.0,False
2016-09-07 18:27:00,8.0,0.17,8.57,746.0,211.0,0.025,0.104,1776.0,824.0,False
2016-09-07 18:28:00,8.0,0.17,8.57,747.0,211.0,0.025,0.104,1766.0,818.0,False
2016-09-07 18:29:00,8.0,0.17,8.58,746.0,211.0,0.025,0.104,1736.0,821.0,False
2016-09-07 18:30:00,8.0,0.17,8.58,745.0,211.0,0.025,0.104,1795.0,822.0,False
2016-09-07 18:31:00,8.0,0.17,8.58,746.0,211.0,0.025,0.104,1777.0,826.0,False
2016-09-07 18:32:00,8.0,0.17,8.58,746.0,211.0,0.025,0.104,1778.0,820.0,False
2016-09-07 18:33:00,8.0,0.17,8.58,747.0,211.0,0.025,0.104,1748.0,824.0,False
2016-09-07 18:34:00,8.0,0.17,8.58,747.0,211.0,0.024,0.104,1782.0,820.0,False
2016-09-07 18:35:00,8.0,0.17,8.58,747.0,211.0,0.024,0.105,1804.0,818.0,False
2016-09-07 18:36:00,8.0,0.17,8.58,746.0,211.0,0.025,0.104,1842.0,832.0,False
2016-09-07 18:37:00,8.0,0.17,8.58,747.0,211.0,0.025,0.105,1850.0,822.0,False
2016-09-07 18:38:00,8.0,0.17,8.58,747.0,211.0,0.025,0.105,1873.0,833.0,False
2016-09-07 18:39:00,8.0,0.17,8.58,747.0,211.0,0.025,0.105,1825.0,824.0,False
2016-09-07 18:40:00,8.0,0.17,8.57,747.0,211.0,0.025,0.104,1886.0,821.0,False
2016-09-07 18:41:00,8.0,0.17,8.57,746.0,211.0,0.025,0.105,1831.0,822.0,False
2016-09-07 18:42:00,8.0,0.17,8.58,747.0,211.0,0.025,0.105,1831.0,827.0,False
2016-09-07 18:43:00,8.0,0.17,8.57,747.0,211.0,0.025,0.105,1825.0,834.0,False
2016-09-07 18:44:00,8.0,0.18,8.57,747.0,211.0,0.025,0.106,1844.0,822.0,False
2016-09-07 18:45:00,8.0,0.18,8.57,747.0,211.0,0.025,0.106,1841.0,827.0,False
2016-09-07 18:46:00,8.0,0.17,8.57,747.0,211.0,0.025,0.106,1858.0,822.0,False
2016-09-07 18:47:00,8.0,0.17,8.57,747.0,211.0,0.025,0.106,1835.0,828.0,False
2016-09-07 18:48:00,8.0,0.17,8.56,747.0,211.0,0.025,0.106,1851.0,822.0,False
2016-09-07 18:49:00,8.0,0.18,8.56,747.0,211.0,0.025,0.106,1775.0,817.0,False
2016-09-07 18:50:00,8.0,0.17,8.56,747.0,211.0,0.025,0.106,1784.0,824.0,False
2016-09-07 18:51:00,8.0,0.18,8.56,747.0,211.0,0.025,0.108,1795.0,817.0,False
2016-09-07 18:52:00,8.0,0.18,8.56,747.0,211.0,0.025,0.106,1769.0,822.0,False
2016-09-07 18:53:00,8.0,0.18,8.56,747.0,211.0,0.027,0.108,1776.0,820.0,False
2016-09-07 18:54:00,8.0,0.18,8.56,747.0,211.0,0.024,0.108,1813.0,822.0,False
2016-09-07 18:55:00,8.0,0.18,8.56,747.0,211.0,0.024,0.106,1844.0,822.0,False
2016-09-07 18:56:00,8.0,0.18,8.56,747.0,211.0,0.024,0.106,1812.0,826.0,False
2016-09-07 18:57:00,7.9,0.17,8.56,747.0,211.0,0.024,0.108,1819.0,824.0,False
2016-09-07 18:58:00,8.0,0.17,8.56,747.0,211.0,0.024,0.108,1796.0,822.0,False
2016-09-07 18:59:00,8.0,0.17,8.56,747.0,211.0,0.024,0.106,1813.0,824.0,False
2016-09-07 19:00:00,7.9,0.17,8.56,747.0,211.0,0.024,0.106,1790.0,828.0,False
2016-09-07 19:01:00,8.0,0.17,8.56,747.0,211.0,0.024,0.108,1759.0,824.0,False
2016-09-07 19:02:00,8.0,0.17,8.56,747.0,211.0,0.024,0.106,1769.0,824.0,False
2016-09-07 19:03:00,8.0,0.17,8.56,747.0,211.0,0.025,0.106,1717.0,829.0,False
2016-09-07 19:04:00,7.9,0.17,8.55,747.0,211.0,0.024,0.106,1777.0,824.0,False
2016-09-07 19:05:00,8.0,0.17,8.56,747.0,211.0,0.024,0.108,1769.0,824.0,False
2016-09-07 19:06:00,7.9,0.17,8.56,747.0,211.0,0.024,0.106,1795.0,821.0,False
2016-09-07 19:07:00,7.9,0.17,8.55,747.0,211.0,0.024,0.108,1738.0,821.0,False
2016-09-07 19:08:00,7.9,0.17,8.55,747.0,211.0,0.024,0.108,1787.0,821.0,False
2016-09-07 19:09:00,7.9,0.17,8.55,747.0,211.0,0.024,0.109,1795.0,822.0,False
2016-09-07 19:10:00,7.9,0.17,8.55,747.0,211.0,0.024,0.109,1758.0,821.0,False
2016-09-07 19:11:00,7.9,0.17,8.55,747.0,211.0,0.024,0.108,1754.0,818.0,False
2016-09-07 19:12:00,7.9,0.17,8.55,748.0,211.0,0.024,0.108,1776.0,821.0,False
2016-09-07 19:13:00,7.9,0.17,8.55,747.0,211.0,0.024,0.108,1775.0,822.0,False
2016-09-07 19:14:00,7.9,0.17,8.55,747.0,211.0,0.024,0.109,1737.0,833.0,False
2016-09-07 19:15:00,7.9,0.17,8.54,747.0,211.0,0.024,0.109,1712.0,827.0,False
2016-09-07 19:16:00,7.9,0.17,8.54,747.0,211.0,0.024,0.109,1734.0,824.0,False
2016-09-07 19:17:00,7.9,0.17,8.54,747.0,211.0,0.024,0.109,1773.0,824.0,False
2016-09-07 19:18:00,7.9,0.17,8.55,747.0,211.0,0.024,0.111,1796.0,827.0,False
2016-09-07 19:19:00,7.9,0.17,8.54,747.0,211.0,0.024,0.111,1752.0,829.0,False
2016-09-07 19:20:00,7.9,0.17,8.54,748.0,211.0,0.025,0.11,1754.0,818.0,False
2016-09-07 19:21:00,7.9,0.17,8.54,748.0,211.0,0.024,0.11,1831.0,811.0,False
2016-09-07 19:22:00,7.9,0.17,8.54,747.0,211.0,0.024,0.109,1784.0,826.0,False
2016-09-07 19:23:00,7.9,0.17,8.53,747.0,211.0,0.025,0.111,1910.0,826.0,False
2016-09-07 19:24:00,7.9,0.17,8.53,747.0,211.0,0.024,0.111,1841.0,826.0,False
2016-09-07 19:25:00,7.9,0.17,8.53,748.0,211.0,0.025,0.111,1741.0,827.0,False
2016-09-07 19:26:00,8.0,0.17,8.53,748.0,211.0,0.025,0.111,1807.0,821.0,False
2016-09-07 19:27:00,7.9,0.17,8.53,747.0,211.0,0.024,0.111,1707.0,826.0,False
2016-09-07 19:28:00,7.9,0.17,8.53,748.0,211.0,0.024,0.111,1807.0,822.0,False
2016-09-07 19:29:00,8.0,0.17,8.52,747.0,211.0,0.025,0.11,1712.0,824.0,False
2016-09-07 19:30:00,7.9,0.17,8.53,748.0,211.0,0.024,0.111,1719.0,822.0,False
2016-09-07 19:31:00,8.0,0.17,8.52,749.0,211.0,0.025,0.111,1732.0,821.0,False
2016-09-07 19:32:00,8.0,0.17,8.52,748.0,211.0,0.025,0.111,1761.0,822.0,False
2016-09-07 19:33:00,8.0,0.17,8.52,748.0,211.0,0.025,0.111,1737.0,820.0,False
2016-09-07 19:34:00,8.0,0.17,8.51,748.0,211.0,0.026,0.111,1736.0,821.0,False
2016-09-07 19:35:00,8.0,0.17,8.51,748.0,211.0,0.025,0.111,1752.0,828.0,False
2016-09-07 19:36:00,8.0,0.17,8.51,749.0,211.0,0.025,0.111,1766.0,820.0,False
2016-09-07 19:37:00,7.9,0.17,8.51,748.0,211.0,0.025,0.111,1741.0,824.0,False
2016-09-07 19:38:00,8.0,0.17,8.51,749.0,211.0,0.026,0.111,1763.0,824.0,False
2016-09-07 19:39:00,8.0,0.17,8.51,748.0,211.0,0.026,0.111,1842.0,818.0,False
2016-09-07 19:40:00,8.0,0.17,8.51,747.0,211.0,0.028,0.111,1856.0,827.0,False
2016-09-07 19:41:00,8.0,0.17,8.51,748.0,211.0,0.026,0.11,1856.0,826.0,False
2016-09-07 19:42:00,7.9,0.17,8.51,748.0,211.0,0.026,0.111,1717.0,822.0,False
2016-09-07 19:43:00,8.0,0.17,8.51,749.0,211.0,0.026,0.111,1714.0,828.0,False
2016-09-07 19:44:00,8.0,0.17,8.51,749.0,211.0,0.026,0.111,1755.0,829.0,False
2016-09-07 19:45:00,8.0,0.17,8.51,748.0,211.0,0.027,0.111,1758.0,826.0,False
2016-09-07 19:46:00,7.9,0.17,8.51,747.0,211.0,0.026,0.111,1800.0,826.0,False
2016-09-07 19:47:00,8.0,0.17,8.51,748.0,211.0,0.027,0.111,1763.0,822.0,False
2016-09-07 19:48:00,8.0,0.17,8.51,748.0,211.0,0.026,0.111,1811.0,826.0,False
2016-09-07 19:49:00,8.0,0.17,8.51,748.0,211.0,0.028,0.111,1776.0,827.0,False
2016-09-07 19:50:00,8.0,0.17,8.52,748.0,211.0,0.027,0.111,1769.0,826.0,False
2016-09-07 19:51:00,8.0,0.17,8.51,748.0,211.0,0.027,0.11,1743.0,822.0,False
2016-09-07 19:52:00,8.0,0.17,8.51,749.0,211.0,0.028,0.111,1807.0,824.0,False
2016-09-07 19:53:00,8.0,0.17,8.51,748.0,211.0,0.028,0.111,1788.0,828.0,False
2016-09-07 19:54:00,8.0,0.17,8.52,748.0,211.0,0.027,0.111,1759.0,828.0,False
2016-09-07 19:55:00,8.0,0.17,8.51,748.0,211.0,0.027,0.11,1822.0,829.0,False
2016-09-07 19:56:00,8.0,0.17,8.52,748.0,211.0,0.027,0.111,1725.0,826.0,False
2016-09-07 19:57:00,8.0,0.17,8.52,749.0,211.0,0.027,0.111,1778.0,826.0,False
2016-09-07 19:58:00,8.0,0.17,8.52,748.0,211.0,0.028,0.111,1825.0,826.0,False
2016-09-07 19:59:00,8.0,0.17,8.52,748.0,211.0,0.028,0.111,1695.0,818.0,False
2016-09-07 20:00:00,8.0,0.17,8.52,748.0,211.0,0.028,0.111,1770.0,822.0,False
2016-09-07 20:01:00,7.9,0.17,8.51,749.0,211.0,0.028,0.111,1734.0,817.0,False
2016-09-07 20:02:00,8.0,0.17,8.52,748.0,211.0,0.028,0.111,1763.0,827.0,False
2016-09-07 20:03:00,8.0,0.17,8.52,748.0,211.0,0.028,0.111,1736.0,827.0,False
2016-09-07 20:04:00,8.0,0.17,8.52,749.0,211.0,0.03,0.111,1730.0,832.0,False
2016-09-07 20:05:00,8.0,0.17,8.52,749.0,211.0,0.028,0.111,1759.0,827.0,False
2016-09-07 20:06:00,8.0,0.17,8.52,749.0,211.0,0.028,0.111,1750.0,829.0,False
2016-09-07 20:07:00,8.0,0.17,8.52,748.0,211.0,0.028,0.111,1747.0,832.0,False
2016-09-07 20:08:00,8.0,0.17,8.52,748.0,211.0,0.028,0.111,1766.0,829.0,False
2016-09-07 20:09:00,8.0,0.17,8.52,749.0,211.0,0.028,0.111,1744.0,826.0,False
2016-09-07 20:10:00,8.0,0.17,8.52,747.0,211.0,0.028,0.111,1763.0,827.0,False
2016-09-07 20:11:00,8.0,0.17,8.52,749.0,211.0,0.027,0.111,1796.0,827.0,False
2016-09-07 20:12:00,8.0,0.17,8.51,748.0,211.0,0.028,0.111,1697.0,828.0,False
2016-09-07 20:13:00,8.0,0.17,8.52,748.0,211.0,0.028,0.11,1781.0,817.0,False
2016-09-07 20:14:00,8.0,0.17,8.51,748.0,211.0,0.028,0.109,1770.0,822.0,False
2016-09-07 20:15:00,8.0,0.17,8.51,749.0,211.0,0.027,0.109,1732.0,828.0,False
2016-09-07 20:16:00,8.0,0.17,8.51,748.0,211.0,0.027,0.109,1734.0,818.0,False
2016-09-07 20:17:00,8.0,0.17,8.51,748.0,211.0,0.028,0.109,1775.0,824.0,False
2016-09-07 20:18:00,8.0,0.17,8.51,748.0,211.0,0.027,0.109,1729.0,820.0,False
2016-09-07 20:19:00,8.0,0.17,8.51,749.0,211.0,0.028,0.109,1726.0,829.0,False
2016-09-07 20:20:00,8.0,0.17,8.51,748.0,211.0,0.027,0.109,1750.0,827.0,False
2016-09-07 20:21:00,8.0,0.17,8.51,749.0,211.0,0.028,0.108,1760.0,818.0,False
2016-09-07 20:22:00,8.0,0.16,8.51,748.0,211.0,0.027,0.108,1799.0,818.0,False
2016-09-07 20:23:00,8.0,0.16,8.51,748.0,211.0,0.028,0.108,1940.0,828.0,False
2016-09-07 20:24:00,8.0,0.16,8.51,749.0,211.0,0.028,0.109,1865.0,824.0,False
2016-09-07 20:25:00,8.0,0.17,8.5,748.0,211.0,0.028,0.109,1859.0,820.0,False
2016-09-07 20:26:00,8.0,0.17,8.5,749.0,211.0,0.028,0.109,1862.0,822.0,False
2016-09-07 20:27:00,8.0,0.17,8.49,748.0,211.0,0.028,0.109,1877.0,820.0,False
2016-09-07 20:28:00,8.0,0.17,8.5,749.0,211.0,0.031,0.109,1893.0,822.0,False
2016-09-07 20:29:00,8.0,0.17,8.49,748.0,211.0,0.028,0.109,1879.0,826.0,False
2016-09-07 20:30:00,8.0,0.17,8.49,749.0,211.0,0.028,0.109,1920.0,821.0,False
2016-09-07 20:31:00,8.0,0.17,8.49,748.0,211.0,0.028,0.111,1871.0,822.0,False
2016-09-07 20:32:00,8.0,0.17,8.49,749.0,211.0,0.027,0.109,1881.0,821.0,False
2016-09-07 20:33:00,8.0,0.17,8.49,749.0,211.0,0.028,0.109,1880.0,828.0,False
2016-09-07 20:34:00,8.0,0.17,8.49,749.0,211.0,0.028,0.111,1859.0,826.0,False
2016-09-07 20:35:00,8.0,0.17,8.49,749.0,211.0,0.028,0.109,1859.0,832.0,False
2016-09-07 20:36:00,8.0,0.17,8.48,749.0,211.0,0.028,0.111,1835.0,826.0,False
2016-09-07 20:37:00,8.0,0.17,8.47,749.0,211.0,0.028,0.111,1871.0,822.0,False
2016-09-07 20:38:00,7.9,0.17,8.47,749.0,211.0,0.03,0.109,1853.0,822.0,False
2016-09-07 20:39:00,7.9,0.17,8.47,749.0,211.0,0.05,0.111,1822.0,822.0,False
2016-09-07 20:40:00,7.9,0.17,8.47,749.0,211.0,0.031,0.109,1835.0,821.0,False
2016-09-07 20:41:00,7.9,0.17,8.47,749.0,211.0,0.028,0.111,1864.0,824.0,False
2016-09-07 20:42:00,7.9,0.17,8.47,749.0,211.0,0.029,0.111,1790.0,824.0,False
2016-09-07 20:43:00,7.9,0.17,8.47,749.0,211.0,0.028,0.111,1854.0,821.0,False
2016-09-07 20:44:00,7.9,0.17,8.46,749.0,211.0,0.028,0.111,1846.0,827.0,False
2016-09-07 20:45:00,7.9,0.17,8.46,749.0,211.0,0.029,0.109,1822.0,822.0,False
2016-09-07 20:46:00,7.9,0.18,8.45,749.0,211.0,0.029,0.111,1844.0,817.0,False
2016-09-07 20:47:00,7.9,0.17,8.45,750.0,211.0,0.029,0.109,1848.0,824.0,False
2016-09-07 20:48:00,7.9,0.17,8.45,749.0,211.0,0.028,0.111,1847.0,815.0,False
2016-09-07 20:49:00,7.9,0.17,8.45,749.0,211.0,0.029,0.109,1846.0,827.0,False
2016-09-07 20:50:00,7.9,0.17,8.45,750.0,211.0,0.028,0.109,1840.0,827.0,False
2016-09-07 20:51:00,7.9,0.17,8.45,749.0,211.0,0.028,0.111,1846.0,824.0,False
2016-09-07 20:52:00,7.9,0.17,8.45,749.0,211.0,0.028,0.109,1807.0,828.0,False
2016-09-07 20:53:00,7.9,0.17,8.45,749.0,211.0,0.028,0.111,1865.0,821.0,False
2016-09-07 20:54:00,7.9,0.17,8.45,749.0,211.0,0.029,0.108,1834.0,818.0,False
2016-09-07 20:55:00,7.9,0.17,8.45,750.0,211.0,0.028,0.109,1873.0,822.0,False
2016-09-07 20:56:00,7.9,0.17,8.45,749.0,211.0,0.028,0.109,1817.0,827.0,False
2016-09-07 20:57:00,7.9,0.16,8.45,750.0,211.0,0.028,0.109,1835.0,821.0,False
2016-09-07 20:58:00,7.9,0.17,8.45,750.0,211.0,0.028,0.111,1839.0,826.0,False
2016-09-07 20:59:00,7.9,0.17,8.45,749.0,211.0,0.028,0.109,1886.0,824.0,False
2016-09-07 21:00:00,7.9,0.17,8.45,749.0,211.0,0.028,0.109,1846.0,827.0,False
2016-09-07 21:01:00,7.9,0.17,8.45,750.0,211.0,0.033,0.111,1894.0,826.0,False
2016-09-07 21:02:00,7.9,0.17,8.45,749.0,211.0,0.028,0.108,1812.0,822.0,False
2016-09-07 21:03:00,7.9,0.17,8.45,750.0,211.0,0.028,0.109,1839.0,817.0,False
2016-09-07 21:04:00,7.9,0.17,8.45,749.0,211.0,0.028,0.109,1821.0,821.0,False
2016-09-07 21:05:00,7.9,0.17,8.45,750.0,211.0,0.029,0.109,1847.0,828.0,False
2016-09-07 21:06:00,7.9,0.17,8.45,750.0,211.0,0.03,0.109,1819.0,829.0,False
2016-09-07 21:07:00,7.9,0.17,8.45,749.0,211.0,0.028,0.108,1828.0,821.0,False
2016-09-07 21:08:00,7.9,0.17,8.45,749.0,211.0,0.027,0.111,1818.0,824.0,False
2016-09-07 21:09:00,7.9,0.17,8.45,749.0,211.0,0.027,0.111,1846.0,822.0,False
2016-09-07 21:10:00,7.9,0.17,8.45,750.0,211.0,0.028,0.109,1854.0,824.0,False
2016-09-07 21:11:00,7.9,0.17,8.45,749.0,211.0,0.028,0.108,1815.0,826.0,False
2016-09-07 21:12:00,7.9,0.17,8.45,750.0,211.0,0.028,0.109,1893.0,822.0,False
2016-09-07 21:13:00,7.9,0.17,8.46,750.0,211.0,0.028,0.108,1831.0,826.0,False
2016-09-07 21:14:00,7.9,0.17,8.46,749.0,211.0,0.028,0.109,1800.0,826.0,False
2016-09-07 21:15:00,7.9,0.17,8.46,749.0,211.0,0.028,0.109,1812.0,826.0,False
2016-09-07 21:16:00,7.9,0.17,8.46,749.0,211.0,0.028,0.108,1880.0,822.0,False
2016-09-07 21:17:00,7.9,0.17,8.47,749.0,211.0,0.028,0.108,1875.0,826.0,False
2016-09-07 21:18:00,7.9,0.17,8.46,749.0,211.0,0.028,0.108,1923.0,821.0,False
2016-09-07 21:19:00,7.9,0.17,8.46,749.0,211.0,0.027,0.108,1903.0,829.0,False
2016-09-07 21:20:00,7.9,0.17,8.46,750.0,211.0,0.028,0.109,1807.0,822.0,False
2016-09-07 21:21:00,7.9,0.17,8.47,750.0,211.0,0.027,0.109,1834.0,828.0,False
2016-09-07 21:22:00,7.9,0.17,8.46,750.0,211.0,0.028,0.108,1771.0,828.0,False
2016-09-07 21:23:00,7.9,0.17,8.46,749.0,211.0,0.028,0.108,1746.0,826.0,False
2016-09-07 21:24:00,7.9,0.16,8.45,749.0,211.0,0.028,0.106,1746.0,821.0,False
2016-09-07 21:25:00,7.9,0.17,8.45,749.0,211.0,0.028,0.108,1765.0,818.0,False
2016-09-07 21:26:00,7.9,0.17,8.46,750.0,211.0,0.027,0.108,1721.0,818.0,False
2016-09-07 21:27:00,7.9,0.17,8.45,750.0,211.0,0.028,0.108,1740.0,822.0,False
2016-09-07 21:28:00,7.9,0.16,8.45,749.0,211.0,0.027,0.108,1788.0,824.0,False
2016-09-07 21:29:00,7.9,0.16,8.45,750.0,211.0,0.027,0.108,1763.0,824.0,False
2016-09-07 21:30:00,7.9,0.16,8.45,750.0,211.0,0.027,0.108,1743.0,820.0,False
2016-09-07 21:31:00,7.9,0.16,8.45,749.0,211.0,0.027,0.108,1759.0,817.0,False
2016-09-07 21:32:00,7.9,0.16,8.45,749.0,211.0,0.028,0.108,1740.0,817.0,False
2016-09-07 21:33:00,7.9,0.16,8.45,750.0,211.0,0.027,0.108,1695.0,818.0,False
2016-09-07 21:34:00,7.9,0.16,8.45,749.0,211.0,0.028,0.108,1696.0,826.0,False
2016-09-07 21:35:00,7.9,0.16,8.45,749.0,211.0,0.028,0.108,1755.0,827.0,False
2016-09-07 21:36:00,7.9,0.16,8.45,749.0,211.0,0.028,0.108,1732.0,824.0,False
2016-09-07 21:37:00,7.9,0.16,8.45,750.0,211.0,0.028,0.108,1759.0,820.0,False
2016-09-07 21:38:00,7.9,0.16,8.45,749.0,211.0,0.028,0.109,1721.0,829.0,False
2016-09-07 21:39:00,7.9,0.17,8.45,750.0,211.0,0.028,0.108,1747.0,827.0,False
2016-09-07 21:40:00,7.9,0.17,8.44,750.0,211.0,0.028,0.106,1701.0,822.0,False
2016-09-07 21:41:00,7.9,0.17,8.44,750.0,211.0,0.026,0.106,1740.0,828.0,False
2016-09-07 21:42:00,7.9,0.16,8.44,750.0,211.0,0.026,0.108,1726.0,821.0,False
2016-09-07 21:43:00,7.9,0.16,8.44,749.0,211.0,0.026,0.106,1761.0,818.0,False
2016-09-07 21:44:00,7.9,0.17,8.44,750.0,211.0,0.038,0.108,1759.0,817.0,False
2016-09-07 21:45:00,7.9,0.17,8.44,750.0,211.0,0.026,0.108,1759.0,821.0,False
2016-09-07 21:46:00,7.9,0.17,8.44,750.0,211.0,0.03,0.108,1753.0,828.0,False
2016-09-07 21:47:00,7.9,0.17,8.44,750.0,211.0,0.026,0.109,1754.0,828.0,False
2016-09-07 21:48:00,7.9,0.17,8.44,750.0,211.0,0.026,0.108,1773.0,826.0,False
2016-09-07 21:49:00,7.9,0.17,8.44,750.0,211.0,0.026,0.108,1744.0,827.0,False
2016-09-07 21:50:00,7.9,0.17,8.44,750.0,211.0,0.026,0.108,1758.0,822.0,False
2016-09-07 21:51:00,7.9,0.17,8.43,750.0,211.0,0.025,0.108,1769.0,821.0,False
2016-09-07 21:52:00,7.9,0.17,8.43,750.0,211.0,0.025,0.109,1750.0,820.0,False
2016-09-07 21:53:00,7.9,0.17,8.43,750.0,211.0,0.026,0.108,1767.0,822.0,False
2016-09-07 21:54:00,7.9,0.17,8.43,750.0,211.0,0.026,0.108,1836.0,824.0,False
2016-09-07 21:55:00,7.9,0.17,8.43,750.0,211.0,0.026,0.108,1754.0,822.0,False
2016-09-07 21:56:00,7.9,0.17,8.42,750.0,211.0,0.026,0.108,1773.0,820.0,False
2016-09-07 21:57:00,7.9,0.17,8.42,750.0,211.0,0.026,0.108,1761.0,820.0,False
2016-09-07 21:58:00,7.9,0.17,8.42,750.0,211.0,0.026,0.106,1769.0,815.0,False
2016-09-07 21:59:00,7.9,0.17,8.41,750.0,211.0,0.026,0.106,1741.0,820.0,False
2016-09-07 22:00:00,7.9,0.17,8.41,750.0,211.0,0.026,0.106,1781.0,815.0,False
2016-09-07 22:01:00,7.9,0.17,8.42,749.0,211.0,0.027,0.108,1734.0,820.0,False
2016-09-07 22:02:00,7.9,0.17,8.42,750.0,211.0,0.03,0.106,1747.0,824.0,False
2016-09-07 22:03:00,7.9,0.17,8.42,750.0,211.0,0.026,0.106,1775.0,822.0,False
2016-09-07 22:04:00,7.9,0.17,8.42,750.0,211.0,0.026,0.108,1752.0,824.0,False
2016-09-07 22:05:00,7.9,0.17,8.42,750.0,211.0,0.026,0.106,1765.0,824.0,False
2016-09-07 22:06:00,7.9,0.17,8.42,750.0,211.0,0.026,0.106,1763.0,824.0,False
2016-09-07 22:07:00,7.9,0.17,8.42,750.0,211.0,0.027,0.106,1715.0,822.0,False
2016-09-07 22:08:00,7.9,0.17,8.42,750.0,211.0,0.026,0.106,1773.0,820.0,False
2016-09-07 22:09:00,7.9,0.17,8.43,749.0,211.0,0.026,0.106,1736.0,822.0,False
2016-09-07 22:10:00,7.8,0.17,8.42,750.0,211.0,0.027,0.106,1686.0,826.0,False
2016-09-07 22:11:00,7.8,0.17,8.42,750.0,211.0,0.027,0.106,1748.0,822.0,False
2016-09-07 22:12:00,7.9,0.17,8.43,749.0,211.0,0.026,0.106,1741.0,822.0,False
2016-09-07 22:13:00,7.8,0.17,8.43,749.0,211.0,0.026,0.106,1712.0,821.0,False
2016-09-07 22:14:00,7.8,0.17,8.43,750.0,211.0,0.026,0.106,1760.0,821.0,False
2016-09-07 22:15:00,7.8,0.17,8.43,750.0,211.0,0.026,0.106,1737.0,818.0,False
2016-09-07 22:16:00,7.8,0.17,8.44,750.0,211.0,0.026,0.106,1712.0,815.0,False
2016-09-07 22:17:00,7.8,0.17,8.44,750.0,211.0,0.026,0.106,1750.0,824.0,False
2016-09-07 22:18:00,7.8,0.17,8.44,749.0,211.0,0.026,0.106,1708.0,832.0,False
2016-09-07 22:19:00,7.9,0.17,8.43,750.0,211.0,0.026,0.106,1729.0,827.0,False
2016-09-07 22:20:00,7.9,0.17,8.44,750.0,211.0,0.026,0.106,1721.0,824.0,False
2016-09-07 22:21:00,7.9,0.17,8.44,749.0,211.0,0.026,0.106,1717.0,817.0,False
2016-09-07 22:22:00,7.8,0.17,8.44,750.0,211.0,0.026,0.106,1700.0,817.0,False
2016-09-07 22:23:00,7.9,0.17,8.44,749.0,211.0,0.026,0.106,1696.0,818.0,False
2016-09-07 22:24:00,7.9,0.17,8.44,750.0,211.0,0.026,0.106,1707.0,818.0,False
2016-09-07 22:25:00,7.9,0.17,8.44,750.0,211.0,0.026,0.106,1718.0,815.0,False
2016-09-07 22:26:00,7.9,0.17,8.44,749.0,211.0,0.026,0.106,1708.0,814.0,False
2016-09-07 22:27:00,7.9,0.17,8.44,749.0,211.0,0.026,0.106,1708.0,818.0,False
2016-09-07 22:28:00,7.9,0.17,8.44,749.0,211.0,0.026,0.106,1700.0,821.0,False
2016-09-07 22:29:00,7.9,0.17,8.44,749.0,211.0,0.026,0.106,1828.0,818.0,False
2016-09-07 22:30:00,7.9,0.17,8.44,750.0,211.0,0.026,0.106,1818.0,828.0,False
2016-09-07 22:31:00,7.8,0.17,8.44,749.0,214.0,0.025,0.106,1767.0,824.0,False
2016-09-07 22:32:00,7.9,0.17,8.45,750.0,211.0,0.026,0.105,1688.0,826.0,False
2016-09-07 22:33:00,7.9,0.17,8.45,749.0,211.0,0.026,0.106,1723.0,817.0,False
2016-09-07 22:34:00,7.9,0.17,8.45,750.0,211.0,0.026,0.106,1702.0,822.0,False
2016-09-07 22:35:00,7.9,0.17,8.45,749.0,214.0,0.026,0.105,1712.0,829.0,False
2016-09-07 22:36:00,7.9,0.17,8.45,749.0,214.0,0.026,0.104,1715.0,826.0,False
2016-09-07 22:37:00,7.9,0.17,8.45,749.0,214.0,0.026,0.106,1731.0,858.0,False
2016-09-07 22:38:00,7.9,0.17,8.45,749.0,211.0,0.026,0.105,1711.0,896.0,False
2016-09-07 22:39:00,7.9,0.17,8.45,749.0,211.0,0.026,0.105,1672.0,907.0,False
2016-09-07 22:40:00,7.9,0.17,8.45,749.0,211.0,0.026,0.105,1697.0,913.0,False
2016-09-07 22:41:00,7.9,0.17,8.45,750.0,211.0,0.026,0.106,1718.0,913.0,False
2016-09-07 22:42:00,7.9,0.17,8.45,749.0,211.0,0.026,0.105,1721.0,907.0,False
2016-09-07 22:43:00,7.9,0.17,8.45,749.0,211.0,0.026,0.106,1723.0,908.0,False
2016-09-07 22:44:00,7.8,0.17,8.45,749.0,211.0,0.027,0.105,1678.0,907.0,False
2016-09-07 22:45:00,7.9,0.17,8.45,749.0,211.0,0.026,0.105,1690.0,907.0,False
2016-09-07 22:46:00,7.9,0.18,8.45,749.0,211.0,0.026,0.105,1685.0,909.0,False
2016-09-07 22:47:00,7.9,0.17,8.45,749.0,211.0,0.026,0.105,1692.0,909.0,False
2016-09-07 22:48:00,7.9,0.17,8.46,749.0,211.0,0.026,0.105,1674.0,905.0,False
2016-09-07 22:49:00,7.9,0.17,8.46,749.0,211.0,0.026,0.105,1673.0,913.0,False
2016-09-07 22:50:00,7.9,0.17,8.47,749.0,211.0,0.026,0.105,1685.0,915.0,False
2016-09-07 22:51:00,7.9,0.18,8.47,750.0,211.0,0.026,0.106,1688.0,910.0,False
2016-09-07 22:52:00,7.8,0.17,8.47,750.0,211.0,0.027,0.105,1679.0,907.0,False
2016-09-07 22:53:00,7.9,0.17,8.47,749.0,211.0,0.026,0.105,1680.0,908.0,False
2016-09-07 22:54:00,7.9,0.18,8.47,749.0,211.0,0.026,0.106,1690.0,908.0,False
2016-09-07 22:55:00,7.9,0.18,8.47,749.0,211.0,0.026,0.106,1673.0,899.0,False
2016-09-07 22:56:00,7.9,0.18,8.47,750.0,211.0,0.026,0.106,1701.0,910.0,False
2016-09-07 22:57:00,7.9,0.18,8.47,750.0,211.0,0.026,0.106,1668.0,910.0,False
2016-09-07 22:58:00,7.9,0.18,8.47,749.0,211.0,0.026,0.106,1773.0,918.0,False
2016-09-07 22:59:00,7.9,0.18,8.47,750.0,211.0,0.026,0.106,1631.0,908.0,False
2016-09-07 23:00:00,7.9,0.18,8.47,750.0,214.0,0.026,0.106,1714.0,909.0,False
2016-09-07 23:01:00,7.9,0.18,8.47,750.0,211.0,0.026,0.106,1760.0,913.0,False
2016-09-07 23:02:00,7.9,0.18,8.47,749.0,211.0,0.026,0.106,1674.0,907.0,False
2016-09-07 23:03:00,7.9,0.17,8.47,749.0,211.0,0.026,0.106,1685.0,909.0,False
2016-09-07 23:04:00,7.9,0.17,8.47,749.0,214.0,0.026,0.106,1663.0,910.0,False
2016-09-07 23:05:00,7.9,0.17,8.47,749.0,214.0,0.026,0.106,1679.0,910.0,False
2016-09-07 23:06:00,7.9,0.17,8.47,749.0,211.0,0.026,0.106,1672.0,909.0,False
2016-09-07 23:07:00,7.9,0.17,8.47,749.0,211.0,0.026,0.106,1811.0,905.0,False
2016-09-07 23:08:00,7.8,0.17,8.47,749.0,214.0,0.026,0.106,1741.0,910.0,False
2016-09-07 23:09:00,7.9,0.17,8.47,749.0,214.0,0.027,0.106,1737.0,909.0,False
2016-09-07 23:10:00,7.9,0.17,8.48,749.0,211.0,0.026,0.106,1717.0,916.0,False
2016-09-07 23:11:00,7.9,0.17,8.49,749.0,211.0,0.026,0.105,1726.0,914.0,False
2016-09-07 23:12:00,7.9,0.17,8.48,749.0,211.0,0.026,0.106,1805.0,908.0,False
2016-09-07 23:13:00,7.9,0.17,8.49,749.0,211.0,0.026,0.106,1694.0,899.0,False
2016-09-07 23:14:00,7.8,0.16,8.49,749.0,211.0,0.026,0.106,1783.0,902.0,False
2016-09-07 23:15:00,7.8,0.16,8.49,748.0,211.0,0.026,0.106,1800.0,905.0,False
2016-09-07 23:16:00,7.8,0.16,8.49,749.0,211.0,0.026,0.105,1734.0,909.0,False
2016-09-07 23:17:00,7.8,0.16,8.49,749.0,211.0,0.04,0.105,1799.0,902.0,False
2016-09-07 23:18:00,7.8,0.16,8.5,748.0,214.0,0.026,0.105,1761.0,903.0,False
2016-09-07 23:19:00,7.8,0.16,8.49,749.0,214.0,0.026,0.104,1763.0,910.0,False
2016-09-07 23:20:00,7.8,0.16,8.5,749.0,214.0,0.026,0.105,1748.0,908.0,False
2016-09-07 23:21:00,7.8,0.16,8.51,749.0,214.0,0.026,0.105,1724.0,901.0,False
2016-09-07 23:22:00,7.8,0.16,8.51,749.0,214.0,0.026,0.105,1760.0,899.0,False
2016-09-07 23:23:00,7.8,0.17,8.51,749.0,214.0,0.026,0.105,1707.0,901.0,False
2016-09-07 23:24:00,7.8,0.16,8.52,749.0,211.0,0.028,0.105,1767.0,898.0,False
2016-09-07 23:25:00,7.8,0.16,8.52,749.0,211.0,0.026,0.105,1759.0,901.0,False
2016-09-07 23:26:00,7.8,0.17,8.52,749.0,211.0,0.026,0.105,1725.0,903.0,False
2016-09-07 23:27:00,7.8,0.17,8.52,749.0,214.0,0.026,0.105,1734.0,905.0,False
2016-09-07 23:28:00,7.7,0.16,8.52,749.0,211.0,0.025,0.105,1703.0,903.0,False
2016-09-07 23:29:00,7.7,0.17,8.52,748.0,211.0,0.026,0.105,1718.0,907.0,False
2016-09-07 23:30:00,7.8,0.17,8.53,749.0,214.0,0.026,0.106,1755.0,901.0,False
2016-09-07 23:31:00,7.8,0.17,8.53,749.0,211.0,0.026,0.105,1703.0,905.0,False
2016-09-07 23:32:00,7.8,0.17,8.53,749.0,214.0,0.025,0.104,1746.0,909.0,False
2016-09-07 23:33:00,7.8,0.17,8.53,749.0,211.0,0.026,0.104,1741.0,901.0,False
2016-09-07 23:34:00,7.8,0.17,8.54,749.0,211.0,0.026,0.105,1730.0,899.0,False
2016-09-07 23:35:00,7.8,0.17,8.53,748.0,214.0,0.026,0.105,1744.0,907.0,False
2016-09-07 23:36:00,7.8,0.17,8.54,749.0,211.0,0.026,0.105,1731.0,902.0,False
2016-09-07 23:37:00,7.8,0.17,8.54,748.0,211.0,0.026,0.105,1715.0,905.0,False
2016-09-07 23:38:00,7.8,0.17,8.53,749.0,211.0,0.026,0.105,1706.0,908.0,False
2016-09-07 23:39:00,7.8,0.17,8.53,748.0,211.0,0.025,0.105,1778.0,905.0,False
2016-09-07 23:40:00,7.7,0.17,8.53,749.0,211.0,0.025,0.105,1746.0,905.0,False
2016-09-07 23:41:00,7.7,0.17,8.53,749.0,211.0,0.026,0.106,1737.0,905.0,False
2016-09-07 23:42:00,7.8,0.17,8.53,748.0,211.0,0.025,0.105,1730.0,903.0,False
2016-09-07 23:43:00,7.7,0.17,8.53,749.0,211.0,0.025,0.106,1701.0,905.0,False
2016-09-07 23:44:00,7.8,0.17,8.53,749.0,211.0,0.025,0.105,1708.0,903.0,False
2016-09-07 23:45:00,7.7,0.17,8.53,749.0,211.0,0.025,0.106,1707.0,903.0,False
2016-09-07 23:46:00,7.7,0.17,8.53,749.0,211.0,0.025,0.106,1731.0,907.0,False
2016-09-07 23:47:00,7.7,0.17,8.52,749.0,211.0,0.025,0.106,1761.0,907.0,False
2016-09-07 23:48:00,7.7,0.17,8.52,749.0,211.0,0.025,0.106,1706.0,913.0,False
2016-09-07 23:49:00,7.7,0.17,8.51,749.0,211.0,0.025,0.106,1734.0,905.0,False
2016-09-07 23:50:00,7.7,0.17,8.51,749.0,211.0,0.025,0.106,1741.0,910.0,False
2016-09-07 23:51:00,7.7,0.16,8.51,749.0,211.0,0.025,0.106,1740.0,905.0,False
2016-09-07 23:52:00,7.7,0.16,8.51,749.0,211.0,0.025,0.106,1730.0,902.0,False
2016-09-07 23:53:00,7.7,0.16,8.5,749.0,211.0,0.025,0.108,1755.0,905.0,False
2016-09-07 23:54:00,7.7,0.16,8.5,750.0,211.0,0.025,0.108,1718.0,903.0,False
2016-09-07 23:55:00,7.7,0.16,8.49,749.0,211.0,0.026,0.108,1753.0,899.0,False
2016-09-07 23:56:00,7.7,0.16,8.49,749.0,211.0,0.025,0.108,1711.0,903.0,False
2016-09-07 23:57:00,7.7,0.16,8.48,750.0,211.0,0.025,0.108,1707.0,908.0,False
2016-09-07 23:58:00,7.7,0.16,8.48,749.0,211.0,0.025,0.108,1709.0,908.0,False
2016-09-07 23:59:00,7.7,0.16,8.48,750.0,211.0,0.026,0.109,1721.0,908.0,False
