time,x,y
0.04,371,432
0.24,372,432
0.44,372,432
0.64,358,425
0.84,348,420
1.04,348,420
1.24,348,422
1.44,350,423
1.64,351,424
1.84,352,424
2.04,355,424
2.24,358,426
2.44,360,427
2.64,363,428
2.84,366,428
3.04,370,430
3.24,374,431
3.44,378,432
3.64,382,434
3.84,386,435
4.04,389,436
4.24,391,437
4.44,389,436
4.64,384,434
4.84,376,430
5.04,367,427
5.24,361,425
5.44,354,421
5.64,349,420
5.84,349,420
6.04,352,421
6.24,357,423
6.44,362,426
6.64,368,428
6.84,375,431
7.04,381,433
7.24,386,434
7.44,389,436
7.64,392,438
7.84,375,429
8.04,358,429
8.24,349,423
8.44,351,423
8.64,354,426
8.84,358,427
9.04,362,428
9.24,364,429
9.44,367,430
9.64,370,432
9.84,372,433
10.04,375,435
10.24,377,435
10.44,377,436
10.64,368,429
10.84,364,429
11.04,355,424
11.24,355,424
11.44,356,425
11.64,359,426
11.84,362,428
12.04,366,429
12.24,370,431
12.44,376,433
12.64,382,436
12.84,382,437
13.04,378,435
13.24,371,431
13.44,364,428
13.64,359,425
13.84,353,422
14.04,352,421
14.24,353,421
14.44,358,424
14.64,364,427
14.84,369,429
15.04,372,430
15.24,375,432
15.44,379,434
15.64,385,437
15.84,364,437
16.04,339,432
16.24,325,422
16.44,306,397
16.64,294,379
16.84,304,392
17.04,336,429
17.24,353,445
17.44,352,430
17.64,364,428
17.84,368,432
18.04,368,431
18.24,362,427
18.44,351,422
18.64,346,420
18.84,345,417
19.04,348,420
19.24,351,422
19.44,355,424
19.64,357,424
19.84,359,425
20.04,362,426
20.24,365,427
20.44,367,428
20.64,370,430
20.84,374,431
21.04,375,431
21.24,376,431
21.44,374,431
21.64,361,424
21.84,346,421
22.04,346,420
22.24,350,423
22.44,355,425
22.64,359,427
22.84,363,429
23.04,366,430
23.24,370,431
23.44,372,433
23.64,373,433
23.84,366,426
24.04,355,426
24.24,349,422
24.44,345,419
24.64,347,420
24.84,354,424
25.04,364,428
25.24,371,431
25.44,375,433
25.64,378,434
25.84,380,435
26.04,383,436
26.24,380,434
26.44,369,428
26.64,355,422
26.84,348,419
27.04,352,422
27.24,358,423
27.44,364,424
27.64,370,426
27.84,375,429
28.04,379,430
28.24,383,432
28.44,387,433
28.64,390,434
28.84,384,439
29.04,355,433
29.24,330,423
29.44,309,402
29.64,295,391
29.84,289,377
30.04,306,392
30.24,344,423
30.44,364,434
30.64,364,431
30.84,363,428
31.04,358,426
31.24,350,419
31.44,355,420
31.64,359,420
31.84,366,421
32.04,372,424
32.24,376,427
32.44,381,429
32.64,385,431
32.84,384,432
33.04,374,430
33.24,367,426
33.44,360,423
33.64,356,420
33.84,357,419
34.04,362,421
34.24,366,423
34.44,369,425
34.64,374,427
34.84,378,430
35.04,383,432
35.24,386,434
35.44,376,427
35.64,361,427
35.84,353,420
36.04,351,416
36.24,354,417
36.44,357,419
36.64,361,421
36.84,365,422
37.04,369,424
37.24,372,427
37.44,376,429
37.64,379,430
37.84,382,432
38.04,382,431
38.24,368,424
38.44,362,421
38.64,354,418
38.84,355,417
39.04,358,419
39.24,362,421
39.44,366,422
39.64,372,424
39.84,375,427
40.04,379,428
40.24,383,430
40.44,384,429
40.64,374,426
40.84,371,426
41.04,355,419
41.24,352,415
41.44,356,418
41.64,362,420
41.84,368,421
42.04,374,423
42.24,379,426
42.44,382,429
42.64,386,431
42.84,391,432
43.04,391,433
43.24,388,432
43.44,377,427
43.64,365,421
43.84,358,418
44.04,354,415
44.24,351,412
44.44,350,408
44.64,350,413
44.84,355,416
45.04,361,418
45.24,367,422
45.44,371,424
45.64,375,427
45.84,376,428
46.04,371,432
46.24,372,432
46.44,372,432
46.64,358,425
46.84,348,420
47.04,348,420
47.24,348,422
47.44,350,423
47.64,351,424
47.84,352,424
48.04,355,424
48.24,358,426
48.44,360,427
48.64,363,428
48.84,366,428
49.04,370,430
49.24,374,431
49.44,378,432
49.64,382,434
49.84,386,435
50.04,389,436
50.24,391,437
50.44,389,436
50.64,384,434
50.84,376,430
51.04,367,427
51.24,361,425
51.44,354,421
51.64,349,420
51.84,349,420
52.04,352,421
52.24,357,423
52.44,362,426
52.64,368,428
52.84,375,431
53.04,381,433
53.24,386,434
53.44,389,436
53.64,392,438
53.84,375,429
54.04,358,429
54.24,349,423
54.44,351,423
54.64,354,426
54.84,358,427
55.04,362,428
55.24,364,429
55.44,367,430
55.64,370,432
55.84,372,433
56.04,375,435
56.24,377,435
56.44,377,436
56.64,368,429
56.84,364,429
57.04,355,424
57.24,355,424
57.44,356,425
57.64,359,426
57.84,362,428
58.04,366,429
58.24,370,431
58.44,376,433
58.64,382,436
58.84,382,437
59.04,378,435
59.24,371,431
59.44,364,428
59.64,359,425
59.84,353,422
60.04,352,421
60.24,353,421
60.44,358,424
60.64,364,427
60.84,369,429
61.04,372,430
61.24,375,432
61.44,379,434
61.64,385,437
61.84,364,437
62.04,339,432
62.24,325,422
62.44,306,397
62.64,294,379
62.84,304,392
63.04,336,429
63.24,353,445
63.44,352,430
63.64,364,428
63.84,368,432
64.04,368,431
64.24,362,427
64.44,351,422
64.64,346,420
64.84,345,417
65.04,348,420
65.24,351,422
65.44,355,424
65.64,357,424
65.84,359,425
66.04,362,426
66.24,365,427
66.44,367,428
66.64,370,430
66.84,374,431
67.04,375,431
67.24,376,431
67.44,374,431
67.64,361,424
67.84,346,421
68.04,346,420
68.24,350,423
68.44,355,425
68.64,359,427
68.84,363,429
69.04,366,430
69.24,370,431
69.44,372,433
69.64,373,433
69.84,366,426
70.04,355,426
70.24,349,422
70.44,345,419
70.64,347,420
70.84,354,424
71.04,364,428
71.24,371,431
71.44,375,433
71.64,378,434
71.84,380,435
72.04,383,436
72.24,380,434
72.44,369,428
72.64,355,422
72.84,348,419
73.04,352,422
73.24,358,423
73.44,364,424
73.64,370,426
73.84,375,429
74.04,379,430
74.24,383,432
74.44,387,433
74.64,390,434
74.84,384,439
75.04,355,433
75.24,330,423
75.44,309,402
75.64,295,391
75.84,289,377
76.04,306,392
76.24,344,423
76.44,364,434
76.64,364,431
76.84,363,428
77.04,358,426
77.24,350,419
77.44,355,420
77.64,359,420
77.84,366,421
78.04,372,424
78.24,376,427
78.44,381,429
78.64,385,431
78.84,384,432
79.04,374,430
79.24,367,426
79.44,360,423
79.64,356,420
79.84,357,419
80.04,362,421
80.24,366,423
80.44,369,425
80.64,374,427
80.84,378,430
81.04,383,432
81.24,386,434
81.44,376,427
81.64,361,427
81.84,353,420
82.04,351,416
82.24,354,417
82.44,357,419
82.64,361,421
82.84,365,422
83.04,369,424
83.24,372,427
83.44,376,429
83.64,379,430
83.84,382,432
84.04,382,431
84.24,368,424
84.44,362,421
84.64,354,418
84.84,355,417
85.04,358,419
85.24,362,421
85.44,366,422
85.64,372,424
85.84,375,427
86.04,379,428
86.24,383,430
86.44,384,429
86.64,374,426
86.84,371,426
87.04,355,419
87.24,352,415
87.44,356,418
87.64,362,420
87.84,368,421
88.04,374,423
88.24,379,426
88.44,382,429
88.64,386,431
88.84,391,432
89.04,391,433
89.24,388,432
89.44,377,427
89.64,365,421
89.84,358,418
90.04,354,415
90.24,351,412
90.44,350,408
90.64,350,413
90.84,355,416
91.04,361,418
91.24,367,422
91.44,371,424
91.64,375,427
91.84,376,428
92.04,371,432
92.24,372,432
92.44,372,432
92.64,358,425
92.84,348,420
93.04,348,420
93.24,348,422
93.44,350,423
93.64,351,424
93.84,352,424
94.04,355,424
94.24,358,426
94.44,360,427
94.64,363,428
94.84,366,428
95.04,370,430
95.24,374,431
95.44,378,432
95.64,382,434
95.84,386,435
96.04,389,436
96.24,391,437
96.44,389,436
96.64,384,434
96.84,376,430
97.04,367,427
97.24,361,425
97.44,354,421
97.64,349,420
97.84,349,420
98.04,352,421
98.24,357,423
98.44,362,426
98.64,368,428
98.84,375,431
99.04,381,433
99.24,386,434
99.44,389,436
99.64,392,438
99.84,375,429
100.04,358,429
100.24,349,423
100.44,351,423
100.64,354,426
100.84,358,427
101.04,362,428
101.24,364,429
101.44,367,430
101.64,370,432
101.84,372,433
102.04,375,435
102.24,377,435
102.44,377,436
102.64,368,429
102.84,364,429
103.04,355,424
103.24,355,424
103.44,356,425
103.64,359,426
103.84,362,428
104.04,366,429
104.24,370,431
104.44,376,433
104.64,382,436
104.84,382,437
105.04,378,435
105.24,371,431
105.44,364,428
105.64,359,425
105.84,353,422
106.04,352,421
106.24,353,421
106.44,358,424
106.64,364,427
106.84,369,429
107.04,372,430
107.24,375,432
107.44,379,434
107.64,385,437
107.84,364,437
108.04,339,432
108.24,325,422
108.44,306,397
108.64,294,379
108.84,304,392
109.04,336,429
109.24,353,445
109.44,352,430
109.64,364,428
109.84,368,432
110.04,368,431
110.24,362,427
110.44,351,422
110.64,346,420
110.84,345,417
111.04,348,420
111.24,351,422
111.44,355,424
111.64,357,424
111.84,359,425
112.04,362,426
112.24,365,427
112.44,367,428
112.64,370,430
112.84,374,431
113.04,375,431
113.24,376,431
113.44,374,431
113.64,361,424
113.84,346,421
114.04,346,420
114.24,350,423
114.44,355,425
114.64,359,427
114.84,363,429
115.04,366,430
115.24,370,431
115.44,372,433
115.64,373,433
115.84,366,426
116.04,355,426
116.24,349,422
116.44,345,419
116.64,347,420
116.84,354,424
117.04,364,428
117.24,371,431
117.44,375,433
117.64,378,434
117.84,380,435
118.04,383,436
118.24,380,434
118.44,369,428
118.64,355,422
118.84,348,419
119.04,352,422
119.24,358,423
119.44,364,424
119.64,370,426
119.84,375,429
120.04,379,430
120.24,383,432
120.44,387,433
120.64,390,434
120.84,384,439
121.04,355,433
121.24,330,423
121.44,309,402
121.64,295,391
121.84,289,377
122.04,306,392
122.24,344,423
122.44,364,434
122.64,364,431
122.84,363,428
123.04,358,426
123.24,350,419
123.44,355,420
123.64,359,420
123.84,366,421
124.04,372,424
124.24,376,427
124.44,381,429
124.64,385,431
124.84,384,432
125.04,374,430
125.24,367,426
125.44,360,423
125.64,356,420
125.84,357,419
126.04,362,421
126.24,366,423
126.44,369,425
126.64,374,427
126.84,378,430
127.04,383,432
127.24,386,434
127.44,376,427
127.64,361,427
127.84,353,420
128.04,351,416
128.24,354,417
128.44,357,419
128.64,361,421
128.84,365,422
129.04,369,424
129.24,372,427
129.44,376,429
129.64,379,430
129.84,382,432
130.04,382,431
130.24,368,424
130.44,362,421
130.64,354,418
130.84,355,417
131.04,358,419
131.24,362,421
131.44,366,422
131.64,372,424
131.84,375,427
132.04,379,428
132.24,383,430
132.44,384,429
132.64,374,426
132.84,371,426
133.04,355,419
133.24,352,415
133.44,356,418
133.64,362,420
133.84,368,421
134.04,374,423
134.24,379,426
134.44,382,429
134.64,386,431
134.84,391,432
135.04,391,433
135.24,388,432
135.44,377,427
135.64,365,421
135.84,358,418
136.04,354,415
136.24,351,412
136.44,350,408
136.64,350,413
136.84,355,416
137.04,361,418
137.24,367,422
137.44,371,424
137.64,375,427
137.84,376,428
138.04,371,432
138.24,372,432
138.44,372,432
138.64,358,425
138.84,348,420
139.04,348,420
139.24,348,422
139.44,350,423
139.64,351,424
139.84,352,424
140.04,355,424
140.24,358,426
140.44,360,427
140.64,363,428
140.84,366,428
141.04,370,430
141.24,374,431
141.44,378,432
141.64,382,434
141.84,386,435
142.04,389,436
142.24,391,437
142.44,389,436
142.64,384,434
142.84,376,430
143.04,367,427
143.24,361,425
143.44,354,421
143.64,349,420
143.84,349,420
144.04,352,421
144.24,357,423
144.44,362,426
144.64,368,428
144.84,375,431
145.04,381,433
145.24,386,434
145.44,389,436
145.64,392,438
145.84,375,429
146.04,358,429
146.24,349,423
146.44,351,423
146.64,354,426
146.84,358,427
147.04,362,428
147.24,364,429
147.44,367,430
147.64,370,432
147.84,372,433
148.04,375,435
148.24,377,435
148.44,377,436
148.64,368,429
148.84,364,429
149.04,355,424
149.24,355,424
149.44,356,425
149.64,359,426
149.84,362,428
150.04,366,429
150.24,370,431
150.44,376,433
150.64,382,436
150.84,382,437
151.04,378,435
151.24,371,431
151.44,364,428
151.64,359,425
151.84,353,422
152.04,352,421
152.24,353,421
152.44,358,424
152.64,364,427
152.84,369,429
153.04,372,430
153.24,375,432
153.44,379,434
153.64,385,437
153.84,364,437
154.04,339,432
154.24,325,422
154.44,306,397
154.64,294,379
154.84,304,392
155.04,336,429
155.24,353,445
155.44,352,430
155.64,364,428
155.84,368,432
156.04,368,431
156.24,362,427
156.44,351,422
156.64,346,420
156.84,345,417
157.04,348,420
157.24,351,422
157.44,355,424
157.64,357,424
157.84,359,425
158.04,362,426
158.24,365,427
158.44,367,428
158.64,370,430
158.84,374,431
159.04,375,431
159.24,376,431
159.44,374,431
159.64,361,424
159.84,346,421
160.04,346,420
160.24,350,423
160.44,355,425
160.64,359,427
160.84,363,429
161.04,366,430
161.24,370,431
161.44,372,433
161.64,373,433
161.84,366,426
162.04,355,426
162.24,349,422
162.44,345,419
162.64,347,420
162.84,354,424
163.04,364,428
163.24,371,431
163.44,375,433
163.64,378,434
163.84,380,435
164.04,383,436
164.24,380,434
164.44,369,428
164.64,355,422
164.84,348,419
165.04,352,422
165.24,358,423
165.44,364,424
165.64,370,426
165.84,375,429
166.04,379,430
166.24,383,432
166.44,387,433
166.64,390,434
166.84,384,439
167.04,355,433
167.24,330,423
167.44,309,402
167.64,295,391
167.84,289,377
168.04,306,392
168.24,344,423
168.44,364,434
168.64,364,431
168.84,363,428
169.04,358,426
169.24,350,419
169.44,355,420
169.64,359,420
169.84,366,421
170.04,372,424
170.24,376,427
170.44,381,429
170.64,385,431
170.84,384,432
171.04,374,430
171.24,367,426
171.44,360,423
171.64,356,420
171.84,357,419
172.04,362,421
172.24,366,423
172.44,369,425
172.64,374,427
172.84,378,430
173.04,383,432
173.24,386,434
173.44,376,427
173.64,361,427
173.84,353,420
174.04,351,416
174.24,354,417
174.44,357,419
174.64,361,421
174.84,365,422
175.04,369,424
175.24,372,427
175.44,376,429
175.64,379,430
175.84,382,432
176.04,382,431
176.24,368,424
176.44,362,421
176.64,354,418
176.84,355,417
177.04,358,419
177.24,362,421
177.44,366,422
177.64,372,424
177.84,375,427
178.04,379,428
178.24,383,430
178.44,384,429
178.64,374,426
178.84,371,426
179.04,355,419
179.24,352,415
179.44,356,418
179.64,362,420
179.84,368,421
180.04,374,423
180.24,379,426
180.44,382,429
180.64,386,431
180.84,391,432
181.04,391,433
181.24,388,432
181.44,377,427
181.64,365,421
181.84,358,418
182.04,354,415
182.24,351,412
182.44,350,408
182.64,350,413
182.84,355,416
183.04,361,418
183.24,367,422
183.44,371,424
183.64,375,427
183.84,376,428
184.04,371,432
184.24,372,432
184.44,372,432
184.64,358,425
184.84,348,420
185.04,348,420
185.24,348,422
185.44,350,423
185.64,351,424
185.84,352,424
186.04,355,424
186.24,358,426
186.44,360,427
186.64,363,428
186.84,366,428
187.04,370,430
187.24,374,431
187.44,378,432
187.64,382,434
187.84,386,435
188.04,389,436
188.24,391,437
188.44,389,436
188.64,384,434
188.84,376,430
189.04,367,427
189.24,361,425
189.44,354,421
189.64,349,420
189.84,349,420
190.04,352,421
190.24,357,423
190.44,362,426
190.64,368,428
190.84,375,431
191.04,381,433
191.24,386,434
191.44,389,436
191.64,392,438
191.84,375,429
192.04,358,429
192.24,349,423
192.44,351,423
192.64,354,426
192.84,358,427
193.04,362,428
193.24,364,429
193.44,367,430
193.64,370,432
193.84,372,433
194.04,375,435
194.24,377,435
194.44,377,436
194.64,368,429
194.84,364,429
195.04,355,424
195.24,355,424
195.44,356,425
195.64,359,426
195.84,362,428
196.04,366,429
196.24,370,431
196.44,376,433
196.64,382,436
196.84,382,437
197.04,378,435
197.24,371,431
197.44,364,428
197.64,359,425
197.84,353,422
198.04,352,421
198.24,353,421
198.44,358,424
198.64,364,427
198.84,369,429
199.04,372,430
199.24,375,432
199.44,379,434
199.64,385,437
199.84,364,437
200.04,339,432
200.24,325,422
200.44,306,397
200.64,294,379
200.84,304,392
201.04,336,429
201.24,353,445
201.44,352,430
201.64,364,428
201.84,368,432
202.04,368,431
202.24,362,427
202.44,351,422
202.64,346,420
202.84,345,417
203.04,348,420
203.24,351,422
203.44,355,424
203.64,357,424
203.84,359,425
204.04,362,426
204.24,365,427
204.44,367,428
204.64,370,430
204.84,374,431
205.04,375,431
205.24,376,431
205.44,374,431
205.64,361,424
205.84,346,421
206.04,346,420
206.24,350,423
206.44,355,425
206.64,359,427
206.84,363,429
207.04,366,430
207.24,370,431
207.44,372,433
207.64,373,433
207.84,366,426
208.04,355,426
208.24,349,422
208.44,345,419
208.64,347,420
208.84,354,424
209.04,364,428
209.24,371,431
209.44,375,433
209.64,378,434
209.84,380,435
210.04,383,436
210.24,380,434
210.44,369,428
210.64,355,422
210.84,348,419
211.04,352,422
211.24,358,423
211.44,364,424
211.64,370,426
211.84,375,429
212.04,379,430
212.24,383,432
212.44,387,433
212.64,390,434
212.84,384,439
213.04,355,433
213.24,330,423
213.44,309,402
213.64,295,391
213.84,289,377
214.04,306,392
214.24,344,423
214.44,364,434
214.64,364,431
214.84,363,428
215.04,358,426
215.24,350,419
215.44,355,420
215.64,359,420
215.84,366,421
216.04,372,424
216.24,376,427
216.44,381,429
216.64,385,431
216.84,384,432
217.04,374,430
217.24,367,426
217.44,360,423
217.64,356,420
217.84,357,419
218.04,362,421
218.24,366,423
218.44,369,425
218.64,374,427
218.84,378,430
219.04,383,432
219.24,386,434
219.44,376,427
219.64,361,427
219.84,353,420
220.04,351,416
220.24,354,417
220.44,357,419
220.64,361,421
220.84,365,422
221.04,369,424
221.24,372,427
221.44,376,429
221.64,379,430
221.84,382,432
222.04,382,431
222.24,368,424
222.44,362,421
222.64,354,418
222.84,355,417
223.04,358,419
223.24,362,421
223.44,366,422
223.64,372,424
223.84,375,427
224.04,379,428
224.24,383,430
224.44,384,429
224.64,374,426
224.84,371,426
225.04,355,419
225.24,352,415
225.44,356,418
225.64,362,420
225.84,368,421
226.04,374,423
226.24,379,426
226.44,382,429
226.64,386,431
226.84,391,432
227.04,391,433
227.24,388,432
227.44,377,427
227.64,365,421
227.84,358,418
228.04,354,415
228.24,351,412
228.44,350,408
228.64,350,413
228.84,355,416
229.04,361,418
229.24,367,422
229.44,371,424
229.64,375,427
229.84,376,428
230.04,371,432
230.24,372,432
230.44,372,432
230.64,358,425
230.84,348,420
231.04,348,420
231.24,348,422
231.44,350,423
231.64,351,424
231.84,352,424
232.04,355,424
232.24,358,426
232.44,360,427
232.64,363,428
232.84,366,428
233.04,370,430
233.24,374,431
233.44,378,432
233.64,382,434
233.84,386,435
234.04,389,436
234.24,391,437
234.44,389,436
234.64,384,434
234.84,376,430
235.04,367,427
235.24,361,425
235.44,354,421
235.64,349,420
235.84,349,420
236.04,352,421
236.24,357,423
236.44,362,426
236.64,368,428
236.84,375,431
237.04,381,433
237.24,386,434
237.44,389,436
237.64,392,438
237.84,375,429
238.04,358,429
238.24,349,423
238.44,351,423
238.64,354,426
238.84,358,427
239.04,362,428
239.24,364,429
239.44,367,430
239.64,370,432
239.84,372,433
240.04,375,435
240.24,377,435
240.44,377,436
240.64,368,429
240.84,364,429
241.04,355,424
241.24,355,424
241.44,356,425
241.64,359,426
241.84,362,428
242.04,366,429
242.24,370,431
242.44,376,433
242.64,382,436
242.84,382,437
243.04,378,435
243.24,371,431
243.44,364,428
243.64,359,425
243.84,353,422
244.04,352,421
244.24,353,421
244.44,358,424
244.64,364,427
244.84,369,429
245.04,372,430
245.24,375,432
245.44,379,434
245.64,385,437
245.84,364,437
246.04,339,432
246.24,325,422
246.44,306,397
246.64,294,379
246.84,304,392
247.04,336,429
247.24,353,445
247.44,352,430
247.64,364,428
247.84,368,432
248.04,368,431
248.24,362,427
248.44,351,422
248.64,346,420
248.84,345,417
249.04,348,420
249.24,351,422
249.44,355,424
249.64,357,424
249.84,359,425
250.04,362,426
250.24,365,427
250.44,367,428
250.64,370,430
250.84,374,431
251.04,375,431
251.24,376,431
251.44,374,431
251.64,361,424
251.84,346,421
252.04,346,420
252.24,350,423
252.44,355,425
252.64,359,427
252.84,363,429
253.04,366,430
253.24,370,431
253.44,372,433
253.64,373,433
253.84,366,426
254.04,355,426
254.24,349,422
254.44,345,419
254.64,347,420
254.84,354,424
255.04,364,428
255.24,371,431
255.44,375,433
255.64,378,434
255.84,380,435
256.04,383,436
256.24,380,434
256.44,369,428
256.64,355,422
256.84,348,419
257.04,352,422
257.24,358,423
257.44,364,424
257.64,370,426
257.84,375,429
258.04,379,430
258.24,383,432
258.44,387,433
258.64,390,434
258.84,384,439
259.04,355,433
259.24,330,423
259.44,309,402
259.64,295,391
259.84,289,377
260.04,306,392
260.24,344,423
260.44,364,434
260.64,364,431
260.84,363,428
261.04,358,426
261.24,350,419
261.44,355,420
261.64,359,420
261.84,366,421
262.04,372,424
262.24,376,427
262.44,381,429
262.64,385,431
262.84,384,432
263.04,374,430
263.24,367,426
263.44,360,423
263.64,356,420
263.84,357,419
264.04,362,421
264.24,366,423
264.44,369,425
264.64,374,427
264.84,378,430
265.04,383,432
265.24,386,434
265.44,376,427
265.64,361,427
265.84,353,420
266.04,351,416
266.24,354,417
266.44,357,419
266.64,361,421
266.84,365,422
267.04,369,424
267.24,372,427
267.44,376,429
267.64,379,430
267.84,382,432
268.04,382,431
268.24,368,424
268.44,362,421
268.64,354,418
268.84,355,417
269.04,358,419
269.24,362,421
269.44,366,422
269.64,372,424
269.84,375,427
270.04,379,428
270.24,383,430
270.44,384,429
270.64,374,426
270.84,371,426
271.04,355,419
271.24,352,415
271.44,356,418
271.64,362,420
271.84,368,421
272.04,374,423
272.24,379,426
272.44,382,429
272.64,386,431
272.84,391,432
273.04,391,433
273.24,388,432
273.44,377,427
273.64,365,421
273.84,358,418
274.04,354,415
274.24,351,412
274.44,350,408
274.64,350,413
274.84,355,416
275.04,361,418
275.24,367,422
275.44,371,424
275.64,375,427
275.84,376,428
276.04,371,432
276.24,372,432
276.44,372,432
276.64,358,425
276.84,348,420
277.04,348,420
277.24,348,422
277.44,350,423
277.64,351,424
277.84,352,424
278.04,355,424
278.24,358,426
278.44,360,427
278.64,363,428
278.84,366,428
279.04,370,430
279.24,374,431
279.44,378,432
279.64,382,434
279.84,386,435
280.04,389,436
280.24,391,437
280.44,389,436
280.64,384,434
280.84,376,430
281.04,367,427
281.24,361,425
281.44,354,421
281.64,349,420
281.84,349,420
282.04,352,421
282.24,357,423
282.44,362,426
282.64,368,428
282.84,375,431
283.04,381,433
283.24,386,434
283.44,389,436
283.64,392,438
283.84,375,429
284.04,358,429
284.24,349,423
284.44,351,423
284.64,354,426
284.84,358,427
285.04,362,428
285.24,364,429
285.44,367,430
285.64,370,432
285.84,372,433
286.04,375,435
286.24,377,435
286.44,377,436
286.64,368,429
286.84,364,429
287.04,355,424
287.24,355,424
287.44,356,425
287.64,359,426
287.84,362,428
288.04,366,429
288.24,370,431
288.44,376,433
288.64,382,436
288.84,382,437
289.04,378,435
289.24,371,431
289.44,364,428
289.64,359,425
289.84,353,422
290.04,352,421
290.24,353,421
290.44,358,424
290.64,364,427
290.84,369,429
291.04,372,430
291.24,375,432
291.44,379,434
291.64,385,437
291.84,364,437
292.04,339,432
292.24,325,422
292.44,306,397
292.64,294,379
292.84,304,392
293.04,336,429
293.24,353,445
293.44,352,430
293.64,364,428
293.84,368,432
294.04,368,431
294.24,362,427
294.44,351,422
294.64,346,420
294.84,345,417
295.04,348,420
295.24,351,422
295.44,355,424
295.64,357,424
295.84,359,425
296.04,362,426
296.24,365,427
296.44,367,428
296.64,370,430
296.84,374,431
297.04,375,431
297.24,376,431
297.44,374,431
297.64,361,424
297.84,346,421
298.04,346,420
298.24,350,423
298.44,355,425
298.64,359,427
298.84,363,429
299.04,366,430
299.24,370,431
299.44,372,433
299.64,373,433
299.84,366,426
300.04,355,426
300.24,349,422
300.44,345,419
300.64,347,420
300.84,354,424
301.04,364,428
301.24,371,431
301.44,375,433
301.64,378,434
301.84,380,435
302.04,383,436
302.24,380,434
302.44,369,428
302.64,355,422
302.84,348,419
303.04,352,422
303.24,358,423
303.44,364,424
303.64,370,426
303.84,375,429
304.04,379,430
304.24,383,432
304.44,387,433
304.64,390,434
304.84,384,439
305.04,355,433
305.24,330,423
305.44,309,402
305.64,295,391
305.84,289,377
306.04,306,392
306.24,344,423
306.44,364,434
306.64,364,431
306.84,363,428
307.04,358,426
307.24,350,419
307.44,355,420
307.64,359,420
307.84,366,421
308.04,372,424
308.24,376,427
308.44,381,429
308.64,385,431
308.84,384,432
309.04,374,430
309.24,367,426
309.44,360,423
309.64,356,420
309.84,357,419
310.04,362,421
310.24,366,423
310.44,369,425
310.64,374,427
310.84,378,430
311.04,383,432
311.24,386,434
311.44,376,427
311.64,361,427
311.84,353,420
312.04,351,416
312.24,354,417
312.44,357,419
312.64,361,421
312.84,365,422
313.04,369,424
313.24,372,427
313.44,376,429
313.64,379,430
313.84,382,432
314.04,382,431
314.24,368,424
314.44,362,421
314.64,354,418
314.84,355,417
315.04,358,419
315.24,362,421
315.44,366,422
315.64,372,424
315.84,375,427
316.04,379,428
316.24,383,430
316.44,384,429
316.64,374,426
316.84,371,426
317.04,355,419
317.24,352,415
317.44,356,418
317.64,362,420
317.84,368,421
318.04,374,423
318.24,379,426
318.44,382,429
318.64,386,431
318.84,391,432
319.04,391,433
319.24,388,432
319.44,377,427
319.64,365,421
319.84,358,418
320.04,354,415
320.24,351,412
320.44,350,408
320.64,350,413
320.84,355,416
321.04,361,418
321.24,367,422
321.44,371,424
321.64,375,427
321.84,376,428
322.04,371,432
322.24,372,432
322.44,372,432
322.64,358,425
322.84,348,420
323.04,348,420
323.24,348,422
323.44,350,423
323.64,351,424
323.84,352,424
324.04,355,424
324.24,358,426
324.44,360,427
324.64,363,428
324.84,366,428
325.04,370,430
325.24,374,431
325.44,378,432
325.64,382,434
325.84,386,435
326.04,389,436
326.24,391,437
326.44,389,436
326.64,384,434
326.84,376,430
327.04,367,427
327.24,361,425
327.44,354,421
327.64,349,420
327.84,349,420
328.04,352,421
328.24,357,423
328.44,362,426
328.64,368,428
328.84,375,431
329.04,381,433
329.24,386,434
329.44,389,436
329.64,392,438
329.84,375,429
330.04,358,429
330.24,349,423
330.44,351,423
330.64,354,426
330.84,358,427
331.04,362,428
331.24,364,429
331.44,367,430
331.64,370,432
331.84,372,433
332.04,375,435
332.24,377,435
332.44,377,436
332.64,368,429
332.84,364,429
333.04,355,424
333.24,355,424
333.44,356,425
333.64,359,426
333.84,362,428
334.04,366,429
334.24,370,431
334.44,376,433
334.64,382,436
334.84,382,437
335.04,378,435
335.24,371,431
335.44,364,428
335.64,359,425
335.84,353,422
336.04,352,421
336.24,353,421
336.44,358,424
336.64,364,427
336.84,369,429
337.04,372,430
337.24,375,432
337.44,379,434
337.64,385,437
337.84,364,437
338.04,339,432
338.24,325,422
338.44,306,397
338.64,294,379
338.84,304,392
339.04,336,429
339.24,353,445
339.44,352,430
339.64,364,428
339.84,368,432
340.04,368,431
340.24,362,427
340.44,351,422
340.64,346,420
340.84,345,417
341.04,348,420
341.24,351,422
341.44,355,424
341.64,357,424
341.84,359,425
342.04,362,426
342.24,365,427
342.44,367,428
342.64,370,430
342.84,374,431
343.04,375,431
343.24,376,431
343.44,374,431
343.64,361,424
343.84,346,421
344.04,346,420
344.24,350,423
344.44,355,425
344.64,359,427
344.84,363,429
345.04,366,430
345.24,370,431
345.44,372,433
345.64,373,433
345.84,366,426
346.04,355,426
346.24,349,422
346.44,345,419
346.64,347,420
346.84,354,424
347.04,364,428
347.24,371,431
347.44,375,433
347.64,378,434
347.84,380,435
348.04,383,436
348.24,380,434
348.44,369,428
348.64,355,422
348.84,348,419
349.04,352,422
349.24,358,423
349.44,364,424
349.64,370,426
349.84,375,429
350.04,379,430
350.24,383,432
350.44,387,433
350.64,390,434
350.84,384,439
351.04,355,433
351.24,330,423
351.44,309,402
351.64,295,391
351.84,289,377
352.04,306,392
352.24,344,423
352.44,364,434
352.64,364,431
352.84,363,428
353.04,358,426
353.24,350,419
353.44,355,420
353.64,359,420
353.84,366,421
354.04,372,424
354.24,376,427
354.44,381,429
354.64,385,431
354.84,384,432
355.04,374,430
355.24,367,426
355.44,360,423
355.64,356,420
355.84,357,419
356.04,362,421
356.24,366,423
356.44,369,425
356.64,374,427
356.84,378,430
357.04,383,432
357.24,386,434
357.44,376,427
357.64,361,427
357.84,353,420
358.04,351,416
358.24,354,417
358.44,357,419
358.64,361,421
358.84,365,422
359.04,369,424
359.24,372,427
359.44,376,429
359.64,379,430
359.84,382,432
360.04,382,431
360.24,368,424
360.44,362,421
360.64,354,418
360.84,355,417
361.04,358,419
361.24,362,421
361.44,366,422
361.64,372,424
361.84,375,427
362.04,379,428
362.24,383,430
362.44,384,429
362.64,374,426
362.84,371,426
363.04,355,419
363.24,352,415
363.44,356,418
363.64,362,420
363.84,368,421
364.04,374,423
364.24,379,426
364.44,382,429
364.64,386,431
364.84,391,432
365.04,391,433
365.24,388,432
365.44,377,427
365.64,365,421
365.84,358,418
366.04,354,415
366.24,351,412
366.44,350,408
366.64,350,413
366.84,355,416
367.04,361,418
367.24,367,422
367.44,371,424
367.64,375,427
367.84,376,428
368.04,371,432
368.24,372,432
368.44,372,432
368.64,358,425
368.84,348,420
369.04,348,420
369.24,348,422
369.44,350,423
369.64,351,424
369.84,352,424
370.04,355,424
370.24,358,426
370.44,360,427
370.64,363,428
370.84,366,428
371.04,370,430
371.24,374,431
371.44,378,432
371.64,382,434
371.84,386,435
372.04,389,436
372.24,391,437
372.44,389,436
372.64,384,434
372.84,376,430
373.04,367,427
373.24,361,425
373.44,354,421
373.64,349,420
373.84,349,420
374.04,352,421
374.24,357,423
374.44,362,426
374.64,368,428
374.84,375,431
375.04,381,433
375.24,386,434
375.44,389,436
375.64,392,438
375.84,375,429
376.04,358,429
376.24,349,423
376.44,351,423
376.64,354,426
376.84,358,427
377.04,362,428
377.24,364,429
377.44,367,430
377.64,370,432
377.84,372,433
378.04,375,435
378.24,377,435
378.44,377,436
378.64,368,429
378.84,364,429
379.04,355,424
379.24,355,424
379.44,356,425
379.64,359,426
379.84,362,428
380.04,366,429
380.24,370,431
380.44,376,433
380.64,382,436
380.84,382,437
381.04,378,435
381.24,371,431
381.44,364,428
381.64,359,425
381.84,353,422
382.04,352,421
382.24,353,421
382.44,358,424
382.64,364,427
382.84,369,429
383.04,372,430
383.24,375,432
383.44,379,434
383.64,385,437
383.84,364,437
384.04,339,432
384.24,325,422
384.44,306,397
384.64,294,379
384.84,304,392
385.04,336,429
385.24,353,445
385.44,352,430
385.64,364,428
385.84,368,432
386.04,368,431
386.24,362,427
386.44,351,422
386.64,346,420
386.84,345,417
387.04,348,420
387.24,351,422
387.44,355,424
387.64,357,424
387.84,359,425
388.04,362,426
388.24,365,427
388.44,367,428
388.64,370,430
388.84,374,431
389.04,375,431
389.24,376,431
389.44,374,431
389.64,361,424
389.84,346,421
390.04,346,420
390.24,350,423
390.44,355,425
390.64,359,427
390.84,363,429
391.04,366,430
391.24,370,431
391.44,372,433
391.64,373,433
391.84,366,426
392.04,355,426
392.24,349,422
392.44,345,419
392.64,347,420
392.84,354,424
393.04,364,428
393.24,371,431
393.44,375,433
393.64,378,434
393.84,380,435
394.04,383,436
394.24,380,434
394.44,369,428
394.64,355,422
394.84,348,419
395.04,352,422
395.24,358,423
395.44,364,424
395.64,370,426
395.84,375,429
396.04,379,430
396.24,383,432
396.44,387,433
396.64,390,434
396.84,384,439
397.04,355,433
397.24,330,423
397.44,309,402
397.64,295,391
397.84,289,377
398.04,306,392
398.24,344,423
398.44,364,434
398.64,364,431
398.84,363,428
399.04,358,426
399.24,350,419
399.44,355,420
399.64,359,420
399.84,366,421
400.04,372,424
400.24,376,427
400.44,381,429
400.64,385,431
400.84,384,432
401.04,374,430
401.24,367,426
401.44,360,423
401.64,356,420
401.84,357,419
402.04,362,421
402.24,366,423
402.44,369,425
402.64,374,427
402.84,378,430
403.04,383,432
403.24,386,434
403.44,376,427
403.64,361,427
403.84,353,420
404.04,351,416
404.24,354,417
404.44,357,419
404.64,361,421
404.84,365,422
405.04,369,424
405.24,372,427
405.44,376,429
405.64,379,430
405.84,382,432
406.04,382,431
406.24,368,424
406.44,362,421
406.64,354,418
406.84,355,417
407.04,358,419
407.24,362,421
407.44,366,422
407.64,372,424
407.84,375,427
408.04,379,428
408.24,383,430
408.44,384,429
408.64,374,426
408.84,371,426
409.04,355,419
409.24,352,415
409.44,356,418
409.64,362,420
409.84,368,421
410.04,374,423
410.24,379,426
410.44,382,429
410.64,386,431
410.84,391,432
411.04,391,433
411.24,388,432
411.44,377,427
411.64,365,421
411.84,358,418
412.04,354,415
412.24,351,412
412.44,350,408
412.64,350,413
412.84,355,416
413.04,361,418
413.24,367,422
413.44,371,424
413.64,375,427
413.84,376,428
414.04,371,432
414.24,372,432
414.44,372,432
414.64,358,425
414.84,348,420
415.04,348,420
415.24,348,422
415.44,350,423
415.64,351,424
415.84,352,424
416.04,355,424
416.24,358,426
416.44,360,427
416.64,363,428
416.84,366,428
417.04,370,430
417.24,374,431
417.44,378,432
417.64,382,434
417.84,386,435
418.04,389,436
418.24,391,437
418.44,389,436
418.64,384,434
418.84,376,430
419.04,367,427
419.24,361,425
419.44,354,421
419.64,349,420
419.84,349,420
420.04,352,421
420.24,357,423
420.44,362,426
420.64,368,428
420.84,375,431
421.04,381,433
421.24,386,434
421.44,389,436
421.64,392,438
421.84,375,429
422.04,358,429
422.24,349,423
422.44,351,423
422.64,354,426
422.84,358,427
423.04,362,428
423.24,364,429
423.44,367,430
423.64,370,432
423.84,372,433
424.04,375,435
424.24,377,435
424.44,377,436
424.64,368,429
424.84,364,429
425.04,355,424
425.24,355,424
425.44,356,425
425.64,359,426
425.84,362,428
426.04,366,429
426.24,370,431
426.44,376,433
426.64,382,436
426.84,382,437
427.04,378,435
427.24,371,431
427.44,364,428
427.64,359,425
427.84,353,422
428.04,352,421
428.24,353,421
428.44,358,424
428.64,364,427
428.84,369,429
429.04,372,430
429.24,375,432
429.44,379,434
429.64,385,437
429.84,364,437
430.04,339,432
430.24,325,422
430.44,306,397
430.64,294,379
430.84,304,392
431.04,336,429
431.24,353,445
431.44,352,430
431.64,364,428
431.84,368,432
432.04,368,431
432.24,362,427
432.44,351,422
432.64,346,420
432.84,345,417
433.04,348,420
433.24,351,422
433.44,355,424
433.64,357,424
433.84,359,425
434.04,362,426
434.24,365,427
434.44,367,428
434.64,370,430
434.84,374,431
435.04,375,431
435.24,376,431
435.44,374,431
435.64,361,424
435.84,346,421
436.04,346,420
436.24,350,423
436.44,355,425
436.64,359,427
436.84,363,429
437.04,366,430
437.24,370,431
437.44,372,433
437.64,373,433
437.84,366,426
438.04,355,426
438.24,349,422
438.44,345,419
438.64,347,420
438.84,354,424
439.04,364,428
439.24,371,431
439.44,375,433
439.64,378,434
439.84,380,435
440.04,383,436
440.24,380,434
440.44,369,428
440.64,355,422
440.84,348,419
441.04,352,422
441.24,358,423
441.44,364,424
441.64,370,426
441.84,375,429
442.04,379,430
442.24,383,432
442.44,387,433
442.64,390,434
442.84,384,439
443.04,355,433
443.24,330,423
443.44,309,402
443.64,295,391
443.84,289,377
444.04,306,392
444.24,344,423
444.44,364,434
444.64,364,431
444.84,363,428
445.04,358,426
445.24,350,419
445.44,355,420
445.64,359,420
445.84,366,421
446.04,372,424
446.24,376,427
446.44,381,429
446.64,385,431
446.84,384,432
447.04,374,430
447.24,367,426
447.44,360,423
447.64,356,420
447.84,357,419
448.04,362,421
448.24,366,423
448.44,369,425
448.64,374,427
448.84,378,430
449.04,383,432
449.24,386,434
449.44,376,427
449.64,361,427
449.84,353,420
450.04,351,416
450.24,354,417
450.44,357,419
450.64,361,421
450.84,365,422
451.04,369,424
451.24,372,427
451.44,376,429
451.64,379,430
451.84,382,432
452.04,382,431
452.24,368,424
452.44,362,421
452.64,354,418
452.84,355,417
453.04,358,419
453.24,362,421
453.44,366,422
453.64,372,424
453.84,375,427
454.04,379,428
454.24,383,430
454.44,384,429
454.64,374,426
454.84,371,426
455.04,355,419
455.24,352,415
455.44,356,418
455.64,362,420
455.84,368,421
456.04,374,423
456.24,379,426
456.44,382,429
456.64,386,431
456.84,391,432
457.04,391,433
457.24,388,432
457.44,377,427
457.64,365,421
457.84,358,418
458.04,354,415
458.24,351,412
458.44,350,408
458.64,350,413
458.84,355,416
459.04,361,418
459.24,367,422
459.44,371,424
459.64,375,427
459.84,376,428
460.04,371,432
460.24,372,432
460.44,372,432
460.64,358,425
460.84,348,420
461.04,348,420
461.24,348,422
461.44,350,423
461.64,351,424
461.84,352,424
462.04,355,424
462.24,358,426
462.44,360,427
462.64,363,428
462.84,366,428
463.04,370,430
463.24,374,431
463.44,378,432
463.64,382,434
463.84,386,435
464.04,389,436
464.24,391,437
464.44,389,436
464.64,384,434
464.84,376,430
465.04,367,427
465.24,361,425
465.44,354,421
465.64,349,420
465.84,349,420
466.04,352,421
466.24,357,423
466.44,362,426
466.64,368,428
466.84,375,431
467.04,381,433
467.24,386,434
467.44,389,436
467.64,392,438
467.84,375,429
468.04,358,429
468.24,349,423
468.44,351,423
468.64,354,426
468.84,358,427
469.04,362,428
469.24,364,429
469.44,367,430
469.64,370,432
469.84,372,433
470.04,375,435
470.24,377,435
470.44,377,436
470.64,368,429
470.84,364,429
471.04,355,424
471.24,355,424
471.44,356,425
471.64,359,426
471.84,362,428
472.04,366,429
472.24,370,431
472.44,376,433
472.64,382,436
472.84,382,437
473.04,378,435
473.24,371,431
473.44,364,428
473.64,359,425
473.84,353,422
474.04,352,421
474.24,353,421
474.44,358,424
474.64,364,427
474.84,369,429
475.04,372,430
475.24,375,432
475.44,379,434
475.64,385,437
475.84,364,437
476.04,339,432
476.24,325,422
476.44,306,397
476.64,294,379
476.84,304,392
477.04,336,429
477.24,353,445
477.44,352,430
477.64,364,428
477.84,368,432
478.04,368,431
478.24,362,427
478.44,351,422
478.64,346,420
478.84,345,417
479.04,348,420
479.24,351,422
479.44,355,424
479.64,357,424
479.84,359,425
480.04,362,426
480.24,365,427
480.44,367,428
480.64,370,430
480.84,374,431
481.04,375,431
481.24,376,431
481.44,374,431
481.64,361,424
481.84,346,421
482.04,346,420
482.24,350,423
482.44,355,425
482.64,359,427
482.84,363,429
483.04,366,430
483.24,370,431
483.44,372,433
483.64,373,433
483.84,366,426
484.04,355,426
484.24,349,422
484.44,345,419
484.64,347,420
484.84,354,424
485.04,364,428
485.24,371,431
485.44,375,433
485.64,378,434
485.84,380,435
486.04,383,436
486.24,380,434
486.44,369,428
486.64,355,422
486.84,348,419
487.04,352,422
487.24,358,423
487.44,364,424
487.64,370,426
487.84,375,429
488.04,379,430
488.24,383,432
488.44,387,433
488.64,390,434
488.84,384,439
489.04,355,433
489.24,330,423
489.44,309,402
489.64,295,391
489.84,289,377
490.04,306,392
490.24,344,423
490.44,364,434
490.64,364,431
490.84,363,428
491.04,358,426
491.24,350,419
491.44,355,420
491.64,359,420
491.84,366,421
492.04,372,424
492.24,376,427
492.44,381,429
492.64,385,431
492.84,384,432
493.04,374,430
493.24,367,426
493.44,360,423
493.64,356,420
493.84,357,419
494.04,362,421
494.24,366,423
494.44,369,425
494.64,374,427
494.84,378,430
495.04,383,432
495.24,386,434
495.44,376,427
495.64,361,427
495.84,353,420
496.04,351,416
496.24,354,417
496.44,357,419
496.64,361,421
496.84,365,422
497.04,369,424
497.24,372,427
497.44,376,429
497.64,379,430
497.84,382,432
498.04,382,431
498.24,368,424
498.44,362,421
498.64,354,418
498.84,355,417
499.04,358,419
499.24,362,421
499.44,366,422
499.64,372,424
499.84,375,427
500.04,379,428
500.24,383,430
500.44,384,429
500.64,374,426
500.84,371,426
501.04,355,419
501.24,352,415
501.44,356,418
501.64,362,420
501.84,368,421
502.04,374,423
502.24,379,426
502.44,382,429
502.64,386,431
502.84,391,432
503.04,391,433
503.24,388,432
503.44,377,427
503.64,365,421
503.84,358,418
504.04,354,415
504.24,351,412
504.44,350,408
504.64,350,413
504.84,355,416
505.04,361,418
505.24,367,422
505.44,371,424
505.64,375,427
505.84,376,428
506.04,371,432
506.24,372,432
506.44,372,432
506.64,358,425
506.84,348,420
507.04,348,420
507.24,348,422
507.44,350,423
507.64,351,424
507.84,352,424
508.04,355,424
508.24,358,426
508.44,360,427
508.64,363,428
508.84,366,428
509.04,370,430
509.24,374,431
509.44,378,432
509.64,382,434
509.84,386,435
510.04,389,436
510.24,391,437
510.44,389,436
510.64,384,434
510.84,376,430
511.04,367,427
511.24,361,425
511.44,354,421
511.64,349,420
511.84,349,420
512.04,352,421
512.24,357,423
512.44,362,426
512.64,368,428
512.84,375,431
513.04,381,433
513.24,386,434
513.44,389,436
513.64,392,438
513.84,375,429
514.04,358,429
514.24,349,423
514.44,351,423
514.64,354,426
514.84,358,427
515.04,362,428
515.24,364,429
515.44,367,430
515.64,370,432
515.84,372,433
516.04,375,435
516.24,377,435
516.44,377,436
516.64,368,429
516.84,364,429
517.04,355,424
517.24,355,424
517.44,356,425
517.64,359,426
517.84,362,428
518.04,366,429
518.24,370,431
518.44,376,433
518.64,382,436
518.84,382,437
519.04,378,435
519.24,371,431
519.44,364,428
519.64,359,425
519.84,353,422
520.04,352,421
520.24,353,421
520.44,358,424
520.64,364,427
520.84,369,429
521.04,372,430
521.24,375,432
521.44,379,434
521.64,385,437
521.84,364,437
522.04,339,432
522.24,325,422
522.44,306,397
522.64,294,379
522.84,304,392
523.04,336,429
523.24,353,445
523.44,352,430
523.64,364,428
523.84,368,432
524.04,368,431
524.24,362,427
524.44,351,422
524.64,346,420
524.84,345,417
525.04,348,420
525.24,351,422
525.44,355,424
525.64,357,424
525.84,359,425
526.04,362,426
526.24,365,427
526.44,367,428
526.64,370,430
526.84,374,431
527.04,375,431
527.24,376,431
527.44,374,431
527.64,361,424
527.84,346,421
528.04,346,420
528.24,350,423
528.44,355,425
528.64,359,427
528.84,363,429
529.04,366,430
529.24,370,431
529.44,372,433
529.64,373,433
529.84,366,426
530.04,355,426
530.24,349,422
530.44,345,419
530.64,347,420
530.84,354,424
531.04,364,428
531.24,371,431
531.44,375,433
531.64,378,434
531.84,380,435
532.04,383,436
532.24,380,434
532.44,369,428
532.64,355,422
532.84,348,419
533.04,352,422
533.24,358,423
533.44,364,424
533.64,370,426
533.84,375,429
534.04,379,430
534.24,383,432
534.44,387,433
534.64,390,434
534.84,384,439
535.04,355,433
535.24,330,423
535.44,309,402
535.64,295,391
535.84,289,377
536.04,306,392
536.24,344,423
536.44,364,434
536.64,364,431
536.84,363,428
537.04,358,426
537.24,350,419
537.44,355,420
537.64,359,420
537.84,366,421
538.04,372,424
538.24,376,427
538.44,381,429
538.64,385,431
538.84,384,432
539.04,374,430
539.24,367,426
539.44,360,423
539.64,356,420
539.84,357,419
540.04,362,421
540.24,366,423
540.44,369,425
540.64,374,427
540.84,378,430
541.04,383,432
541.24,386,434
541.44,376,427
541.64,361,427
541.84,353,420
542.04,351,416
542.24,354,417
542.44,357,419
542.64,361,421
542.84,365,422
543.04,369,424
543.24,372,427
543.44,376,429
543.64,379,430
543.84,382,432
544.04,382,431
544.24,368,424
544.44,362,421
544.64,354,418
544.84,355,417
545.04,358,419
545.24,362,421
545.44,366,422
545.64,372,424
545.84,375,427
546.04,379,428
546.24,383,430
546.44,384,429
546.64,374,426
546.84,371,426
547.04,355,419
547.24,352,415
547.44,356,418
547.64,362,420
547.84,368,421
548.04,374,423
548.24,379,426
548.44,382,429
548.64,386,431
548.84,391,432
549.04,391,433
549.24,388,432
549.44,377,427
549.64,365,421
549.84,358,418
550.04,354,415
550.24,351,412
550.44,350,408
550.64,350,413
550.84,355,416
551.04,361,418
551.24,367,422
551.44,371,424
551.64,375,427
551.84,376,428
552.04,371,432
552.24,372,432
552.44,372,432
552.64,358,425
552.84,348,420
553.04,348,420
553.24,348,422
553.44,350,423
553.64,351,424
553.84,352,424
554.04,355,424
554.24,358,426
554.44,360,427
554.64,363,428
554.84,366,428
555.04,370,430
555.24,374,431
555.44,378,432
555.64,382,434
555.84,386,435
556.04,389,436
556.24,391,437
556.44,389,436
556.64,384,434
556.84,376,430
557.04,367,427
557.24,361,425
557.44,354,421
557.64,349,420
557.84,349,420
558.04,352,421
558.24,357,423
558.44,362,426
558.64,368,428
558.84,375,431
559.04,381,433
559.24,386,434
559.44,389,436
559.64,392,438
559.84,375,429
560.04,358,429
560.24,349,423
560.44,351,423
560.64,354,426
560.84,358,427
561.04,362,428
561.24,364,429
561.44,367,430
561.64,370,432
561.84,372,433
562.04,375,435
562.24,377,435
562.44,377,436
562.64,368,429
562.84,364,429
563.04,355,424
563.24,355,424
563.44,356,425
563.64,359,426
563.84,362,428
564.04,366,429
564.24,370,431
564.44,376,433
564.64,382,436
564.84,382,437
565.04,378,435
565.24,371,431
565.44,364,428
565.64,359,425
565.84,353,422
566.04,352,421
566.24,353,421
566.44,358,424
566.64,364,427
566.84,369,429
567.04,372,430
567.24,375,432
567.44,379,434
567.64,385,437
567.84,364,437
568.04,339,432
568.24,325,422
568.44,306,397
568.64,294,379
568.84,304,392
569.04,336,429
569.24,353,445
569.44,352,430
569.64,364,428
569.84,368,432
570.04,368,431
570.24,362,427
570.44,351,422
570.64,346,420
570.84,345,417
571.04,348,420
571.24,351,422
571.44,355,424
571.64,357,424
571.84,359,425
572.04,362,426
572.24,365,427
572.44,367,428
572.64,370,430
572.84,374,431
573.04,375,431
573.24,376,431
573.44,374,431
573.64,361,424
573.84,346,421
574.04,346,420
574.24,350,423
574.44,355,425
574.64,359,427
574.84,363,429
575.04,366,430
575.24,370,431
575.44,372,433
575.64,373,433
575.84,366,426
576.04,355,426
576.24,349,422
576.44,345,419
576.64,347,420
576.84,354,424
577.04,364,428
577.24,371,431
577.44,375,433
577.64,378,434
577.84,380,435
578.04,383,436
578.24,380,434
578.44,369,428
578.64,355,422
578.84,348,419
579.04,352,422
579.24,358,423
579.44,364,424
579.64,370,426
579.84,375,429
580.04,379,430
580.24,383,432
580.44,387,433
580.64,390,434
580.84,384,439
581.04,355,433
581.24,330,423
581.44,309,402
581.64,295,391
581.84,289,377
582.04,306,392
582.24,344,423
582.44,364,434
582.64,364,431
582.84,363,428
583.04,358,426
583.24,350,419
583.44,355,420
583.64,359,420
583.84,366,421
584.04,372,424
584.24,376,427
584.44,381,429
584.64,385,431
584.84,384,432
585.04,374,430
585.24,367,426
585.44,360,423
585.64,356,420
585.84,357,419
586.04,362,421
586.24,366,423
586.44,369,425
586.64,374,427
586.84,378,430
587.04,383,432
587.24,386,434
587.44,376,427
587.64,361,427
587.84,353,420
588.04,351,416
588.24,354,417
588.44,357,419
588.64,361,421
588.84,365,422
589.04,369,424
589.24,372,427
589.44,376,429
589.64,379,430
589.84,382,432
590.04,382,431
590.24,368,424
590.44,362,421
590.64,354,418
590.84,355,417
591.04,358,419
591.24,362,421
591.44,366,422
591.64,372,424
591.84,375,427
592.04,379,428
592.24,383,430
592.44,384,429
592.64,374,426
592.84,371,426
593.04,355,419
593.24,352,415
593.44,356,418
593.64,362,420
593.84,368,421
594.04,374,423
594.24,379,426
594.44,382,429
594.64,386,431
594.84,391,432
595.04,391,433
595.24,388,432
595.44,377,427
595.64,365,421
595.84,358,418
596.04,354,415
596.24,351,412
596.44,350,408
596.64,350,413
596.84,355,416
597.04,361,418
597.24,367,422
597.44,371,424
597.64,375,427
597.84,376,428
598.04,371,432
598.24,372,432
598.44,372,432
598.64,358,425
598.84,348,420
599.04,348,420
599.24,348,422
599.44,350,423
599.64,351,424
599.84,352,424
600.04,355,424
600.24,358,426
600.44,360,427
600.64,363,428
600.84,366,428
601.04,370,430
601.24,374,431
601.44,378,432
601.64,382,434
601.84,386,435
602.04,389,436
602.24,391,437
602.44,389,436
602.64,384,434
602.84,376,430
603.04,367,427
603.24,361,425
603.44,354,421
603.64,349,420
603.84,349,420
604.04,352,421
604.24,357,423
604.44,362,426
604.64,368,428
604.84,375,431
605.04,381,433
605.24,386,434
605.44,389,436
605.64,392,438
605.84,375,429
606.04,358,429
606.24,349,423
606.44,351,423
606.64,354,426
606.84,358,427
607.04,362,428
607.24,364,429
607.44,367,430
607.64,370,432
607.84,372,433
608.04,375,435
608.24,377,435
608.44,377,436
608.64,368,429
608.84,364,429
609.04,355,424
609.24,355,424
609.44,356,425
609.64,359,426
609.84,362,428
610.04,366,429
610.24,370,431
610.44,376,433
610.64,382,436
610.84,382,437
611.04,378,435
611.24,371,431
611.44,364,428
611.64,359,425
611.84,353,422
612.04,352,421
612.24,353,421
612.44,358,424
612.64,364,427
612.84,369,429
613.04,372,430
613.24,375,432
613.44,379,434
613.64,385,437
613.84,364,437
614.04,339,432
614.24,325,422
614.44,306,397
614.64,294,379
614.84,304,392
615.04,336,429
615.24,353,445
615.44,352,430
615.64,364,428
615.84,368,432
616.04,368,431
616.24,362,427
616.44,351,422
616.64,346,420
616.84,345,417
617.04,348,420
617.24,351,422
617.44,355,424
617.64,357,424
617.84,359,425
618.04,362,426
618.24,365,427
618.44,367,428
618.64,370,430
618.84,374,431
619.04,375,431
619.24,376,431
619.44,374,431
619.64,361,424
619.84,346,421
620.04,346,420
620.24,350,423
620.44,355,425
620.64,359,427
620.84,363,429
621.04,366,430
621.24,370,431
621.44,372,433
621.64,373,433
621.84,366,426
622.04,355,426
622.24,349,422
622.44,345,419
622.64,347,420
622.84,354,424
623.04,364,428
623.24,371,431
623.44,375,433
623.64,378,434
623.84,380,435
624.04,383,436
624.24,380,434
624.44,369,428
624.64,355,422
624.84,348,419
625.04,352,422
625.24,358,423
625.44,364,424
625.64,370,426
625.84,375,429
626.04,379,430
626.24,383,432
626.44,387,433
626.64,390,434
626.84,384,439
627.04,355,433
627.24,330,423
627.44,309,402
627.64,295,391
627.84,289,377
628.04,306,392
628.24,344,423
628.44,364,434
628.64,364,431
628.84,363,428
629.04,358,426
629.24,350,419
629.44,355,420
629.64,359,420
629.84,366,421
630.04,372,424
630.24,376,427
630.44,381,429
630.64,385,431
630.84,384,432
631.04,374,430
631.24,367,426
631.44,360,423
631.64,356,420
631.84,357,419
632.04,362,421
632.24,366,423
632.44,369,425
632.64,374,427
632.84,378,430
633.04,383,432
633.24,386,434
633.44,376,427
633.64,361,427
633.84,353,420
634.04,351,416
634.24,354,417
634.44,357,419
634.64,361,421
634.84,365,422
635.04,369,424
635.24,372,427
635.44,376,429
635.64,379,430
635.84,382,432
636.04,382,431
636.24,368,424
636.44,362,421
636.64,354,418
636.84,355,417
637.04,358,419
637.24,362,421
637.44,366,422
637.64,372,424
637.84,375,427
638.04,379,428
638.24,383,430
638.44,384,429
638.64,374,426
638.84,371,426
639.04,355,419
639.24,352,415
639.44,356,418
639.64,362,420
639.84,368,421
640.04,374,423
640.24,379,426
640.44,382,429
640.64,386,431
640.84,391,432
641.04,391,433
641.24,388,432
641.44,377,427
641.64,365,421
641.84,358,418
642.04,354,415
642.24,351,412
642.44,350,408
642.64,350,413
642.84,355,416
643.04,361,418
643.24,367,422
643.44,371,424
643.64,375,427
643.84,376,428
644.04,371,432
644.24,372,432
644.44,372,432
644.64,358,425
644.84,348,420
645.04,348,420
645.24,348,422
645.44,350,423
645.64,351,424
645.84,352,424
646.04,355,424
646.24,358,426
646.44,360,427
646.64,363,428
646.84,366,428
647.04,370,430
647.24,374,431
647.44,378,432
647.64,382,434
647.84,386,435
648.04,389,436
648.24,391,437
648.44,389,436
648.64,384,434
648.84,376,430
649.04,367,427
649.24,361,425
649.44,354,421
649.64,349,420
649.84,349,420
650.04,352,421
650.24,357,423
650.44,362,426
650.64,368,428
650.84,375,431
651.04,381,433
651.24,386,434
651.44,389,436
651.64,392,438
651.84,375,429
652.04,358,429
652.24,349,423
652.44,351,423
652.64,354,426
652.84,358,427
653.04,362,428
653.24,364,429
653.44,367,430
653.64,370,432
653.84,372,433
654.04,375,435
654.24,377,435
654.44,377,436
654.64,368,429
654.84,364,429
655.04,355,424
655.24,355,424
655.44,356,425
655.64,359,426
655.84,362,428
656.04,366,429
656.24,370,431
656.44,376,433
656.64,382,436
656.84,382,437
657.04,378,435
657.24,371,431
657.44,364,428
657.64,359,425
657.84,353,422
658.04,352,421
658.24,353,421
658.44,358,424
658.64,364,427
658.84,369,429
659.04,372,430
659.24,375,432
659.44,379,434
659.64,385,437
659.84,364,437
660.04,339,432
660.24,325,422
660.44,306,397
660.64,294,379
660.84,304,392
661.04,336,429
661.24,353,445
661.44,352,430
661.64,364,428
661.84,368,432
662.04,368,431
662.24,362,427
662.44,351,422
662.64,346,420
662.84,345,417
663.04,348,420
663.24,351,422
663.44,355,424
663.64,357,424
663.84,359,425
664.04,362,426
664.24,365,427
664.44,367,428
664.64,370,430
664.84,374,431
665.04,375,431
665.24,376,431
665.44,374,431
665.64,361,424
665.84,346,421
666.04,346,420
666.24,350,423
666.44,355,425
666.64,359,427
666.84,363,429
667.04,366,430
667.24,370,431
667.44,372,433
667.64,373,433
667.84,366,426
668.04,355,426
668.24,349,422
668.44,345,419
668.64,347,420
668.84,354,424
669.04,364,428
669.24,371,431
669.44,375,433
669.64,378,434
669.84,380,435
670.04,383,436
670.24,380,434
670.44,369,428
670.64,355,422
670.84,348,419
671.04,352,422
671.24,358,423
671.44,364,424
671.64,370,426
671.84,375,429
672.04,379,430
672.24,383,432
672.44,387,433
672.64,390,434
672.84,384,439
673.04,355,433
673.24,330,423
673.44,309,402
673.64,295,391
673.84,289,377
674.04,306,392
674.24,344,423
674.44,364,434
674.64,364,431
674.84,363,428
675.04,358,426
675.24,350,419
675.44,355,420
675.64,359,420
675.84,366,421
676.04,372,424
676.24,376,427
676.44,381,429
676.64,385,431
676.84,384,432
677.04,374,430
677.24,367,426
677.44,360,423
677.64,356,420
677.84,357,419
678.04,362,421
678.24,366,423
678.44,369,425
678.64,374,427
678.84,378,430
679.04,383,432
679.24,386,434
679.44,376,427
679.64,361,427
679.84,353,420
680.04,351,416
680.24,354,417
680.44,357,419
680.64,361,421
680.84,365,422
681.04,369,424
681.24,372,427
681.44,376,429
681.64,379,430
681.84,382,432
682.04,382,431
682.24,368,424
682.44,362,421
682.64,354,418
682.84,355,417
683.04,358,419
683.24,362,421
683.44,366,422
683.64,372,424
683.84,375,427
684.04,379,428
684.24,383,430
684.44,384,429
684.64,374,426
684.84,371,426
685.04,355,419
685.24,352,415
685.44,356,418
685.64,362,420
685.84,368,421
686.04,374,423
686.24,379,426
686.44,382,429
686.64,386,431
686.84,391,432
687.04,391,433
687.24,388,432
687.44,377,427
687.64,365,421
687.84,358,418
688.04,354,415
688.24,351,412
688.44,350,408
688.64,350,413
688.84,355,416
689.04,361,418
689.24,367,422
689.44,371,424
689.64,375,427
689.84,376,428
690.04,371,432
690.24,372,432
690.44,372,432
690.64,358,425
690.84,348,420
691.04,348,420
691.24,348,422
691.44,350,423
691.64,351,424
691.84,352,424
692.04,355,424
692.24,358,426
692.44,360,427
692.64,363,428
692.84,366,428
693.04,370,430
693.24,374,431
693.44,378,432
693.64,382,434
693.84,386,435
694.04,389,436
694.24,391,437
694.44,389,436
694.64,384,434
694.84,376,430
695.04,367,427
695.24,361,425
695.44,354,421
695.64,349,420
695.84,349,420
696.04,352,421
696.24,357,423
696.44,362,426
696.64,368,428
696.84,375,431
697.04,381,433
697.24,386,434
697.44,389,436
697.64,392,438
697.84,375,429
698.04,358,429
698.24,349,423
698.44,351,423
698.64,354,426
698.84,358,427
699.04,362,428
699.24,364,429
699.44,367,430
699.64,370,432
699.84,372,433
700.04,375,435
700.24,377,435
700.44,377,436
700.64,368,429
700.84,364,429
701.04,355,424
701.24,355,424
701.44,356,425
701.64,359,426
701.84,362,428
702.04,366,429
702.24,370,431
702.44,376,433
702.64,382,436
702.84,382,437
703.04,378,435
703.24,371,431
703.44,364,428
703.64,359,425
703.84,353,422
704.04,352,421
704.24,353,421
704.44,358,424
704.64,364,427
704.84,369,429
705.04,372,430
705.24,375,432
705.44,379,434
705.64,385,437
705.84,364,437
706.04,339,432
706.24,325,422
706.44,306,397
706.64,294,379
706.84,304,392
707.04,336,429
707.24,353,445
707.44,352,430
707.64,364,428
707.84,368,432
708.04,368,431
708.24,362,427
708.44,351,422
708.64,346,420
708.84,345,417
709.04,348,420
709.24,351,422
709.44,355,424
709.64,357,424
709.84,359,425
710.04,362,426
710.24,365,427
710.44,367,428
710.64,370,430
710.84,374,431
711.04,375,431
711.24,376,431
711.44,374,431
711.64,361,424
711.84,346,421
712.04,346,420
712.24,350,423
712.44,355,425
712.64,359,427
712.84,363,429
713.04,366,430
713.24,370,431
713.44,372,433
713.64,373,433
713.84,366,426
714.04,355,426
714.24,349,422
714.44,345,419
714.64,347,420
714.84,354,424
715.04,364,428
715.24,371,431
715.44,375,433
715.64,378,434
715.84,380,435
716.04,383,436
716.24,380,434
716.44,369,428
716.64,355,422
716.84,348,419
717.04,352,422
717.24,358,423
717.44,364,424
717.64,370,426
717.84,375,429
718.04,379,430
718.24,383,432
718.44,387,433
718.64,390,434
718.84,384,439
719.04,355,433
719.24,330,423
719.44,309,402
719.64,295,391
719.84,289,377
720.04,306,392
720.24,344,423
720.44,364,434
720.64,364,431
720.84,363,428
721.04,358,426
721.24,350,419
721.44,355,420
721.64,359,420
721.84,366,421
722.04,372,424
722.24,376,427
722.44,381,429
722.64,385,431
722.84,384,432
723.04,374,430
723.24,367,426
723.44,360,423
723.64,356,420
723.84,357,419
724.04,362,421
724.24,366,423
724.44,369,425
724.64,374,427
724.84,378,430
725.04,383,432
725.24,386,434
725.44,376,427
725.64,361,427
725.84,353,420
726.04,351,416
726.24,354,417
726.44,357,419
726.64,361,421
726.84,365,422
727.04,369,424
727.24,372,427
727.44,376,429
727.64,379,430
727.84,382,432
728.04,382,431
728.24,368,424
728.44,362,421
728.64,354,418
728.84,355,417
729.04,358,419
729.24,362,421
729.44,366,422
729.64,372,424
729.84,375,427
730.04,379,428
730.24,383,430
730.44,384,429
730.64,374,426
730.84,371,426
731.04,355,419
731.24,352,415
731.44,356,418
731.64,362,420
731.84,368,421
732.04,374,423
732.24,379,426
732.44,382,429
732.64,386,431
732.84,391,432
733.04,391,433
733.24,388,432
733.44,377,427
733.64,365,421
733.84,358,418
734.04,354,415
734.24,351,412
734.44,350,408
734.64,350,413
734.84,355,416
735.04,361,418
735.24,367,422
735.44,371,424
735.64,375,427
735.84,376,428
736.04,371,432
736.24,372,432
736.44,372,432
736.64,358,425
736.84,348,420
737.04,348,420
737.24,348,422
737.44,350,423
737.64,351,424
737.84,352,424
738.04,355,424
738.24,358,426
738.44,360,427
738.64,363,428
738.84,366,428
739.04,370,430
739.24,374,431
739.44,378,432
739.64,382,434
739.84,386,435
740.04,389,436
740.24,391,437
740.44,389,436
740.64,384,434
740.84,376,430
741.04,367,427
741.24,361,425
741.44,354,421
741.64,349,420
741.84,349,420
742.04,352,421
742.24,357,423
742.44,362,426
742.64,368,428
742.84,375,431
743.04,381,433
743.24,386,434
743.44,389,436
743.64,392,438
743.84,375,429
744.04,358,429
744.24,349,423
744.44,351,423
744.64,354,426
744.84,358,427
745.04,362,428
745.24,364,429
745.44,367,430
745.64,370,432
745.84,372,433
746.04,375,435
746.24,377,435
746.44,377,436
746.64,368,429
746.84,364,429
747.04,355,424
747.24,355,424
747.44,356,425
747.64,359,426
747.84,362,428
748.04,366,429
748.24,370,431
748.44,376,433
748.64,382,436
748.84,382,437
749.04,378,435
749.24,371,431
749.44,364,428
749.64,359,425
749.84,353,422
750.04,352,421
750.24,353,421
750.44,358,424
750.64,364,427
750.84,369,429
751.04,372,430
751.24,375,432
751.44,379,434
751.64,385,437
751.84,364,437
752.04,339,432
752.24,325,422
752.44,306,397
752.64,294,379
752.84,304,392
753.04,336,429
753.24,353,445
753.44,352,430
753.64,364,428
753.84,368,432
754.04,368,431
754.24,362,427
754.44,351,422
754.64,346,420
754.84,345,417
755.04,348,420
755.24,351,422
755.44,355,424
755.64,357,424
755.84,359,425
756.04,362,426
756.24,365,427
756.44,367,428
756.64,370,430
756.84,374,431
757.04,375,431
757.24,376,431
757.44,374,431
757.64,361,424
757.84,346,421
758.04,346,420
758.24,350,423
758.44,355,425
758.64,359,427
758.84,363,429
759.04,366,430
759.24,370,431
759.44,372,433
759.64,373,433
759.84,366,426
760.04,355,426
760.24,349,422
760.44,345,419
760.64,347,420
760.84,354,424
761.04,364,428
761.24,371,431
761.44,375,433
761.64,378,434
761.84,380,435
762.04,383,436
762.24,380,434
762.44,369,428
762.64,355,422
762.84,348,419
763.04,352,422
763.24,358,423
763.44,364,424
763.64,370,426
763.84,375,429
764.04,379,430
764.24,383,432
764.44,387,433
764.64,390,434
764.84,384,439
765.04,355,433
765.24,330,423
765.44,309,402
765.64,295,391
765.84,289,377
766.04,306,392
766.24,344,423
766.44,364,434
766.64,364,431
766.84,363,428
767.04,358,426
767.24,350,419
767.44,355,420
767.64,359,420
767.84,366,421
768.04,372,424
768.24,376,427
768.44,381,429
768.64,385,431
768.84,384,432
769.04,374,430
769.24,367,426
769.44,360,423
769.64,356,420
769.84,357,419
770.04,362,421
770.24,366,423
770.44,369,425
770.64,374,427
770.84,378,430
771.04,383,432
771.24,386,434
771.44,376,427
771.64,361,427
771.84,353,420
772.04,351,416
772.24,354,417
772.44,357,419
772.64,361,421
772.84,365,422
773.04,369,424
773.24,372,427
773.44,376,429
773.64,379,430
773.84,382,432
774.04,382,431
774.24,368,424
774.44,362,421
774.64,354,418
774.84,355,417
775.04,358,419
775.24,362,421
775.44,366,422
775.64,372,424
775.84,375,427
776.04,379,428
776.24,383,430
776.44,384,429
776.64,374,426
776.84,371,426
777.04,355,419
777.24,352,415
777.44,356,418
777.64,362,420
777.84,368,421
778.04,374,423
778.24,379,426
778.44,382,429
778.64,386,431
778.84,391,432
779.04,391,433
779.24,388,432
779.44,377,427
779.64,365,421
779.84,358,418
780.04,354,415
780.24,351,412
780.44,350,408
780.64,350,413
780.84,355,416
781.04,361,418
781.24,367,422
781.44,371,424
781.64,375,427
781.84,376,428
782.04,371,432
782.24,372,432
782.44,372,432
782.64,358,425
782.84,348,420
783.04,348,420
783.24,348,422
783.44,350,423
783.64,351,424
783.84,352,424
784.04,355,424
784.24,358,426
784.44,360,427
784.64,363,428
784.84,366,428
785.04,370,430
785.24,374,431
785.44,378,432
785.64,382,434
785.84,386,435
786.04,389,436
786.24,391,437
786.44,389,436
786.64,384,434
786.84,376,430
787.04,367,427
787.24,361,425
787.44,354,421
787.64,349,420
787.84,349,420
788.04,352,421
788.24,357,423
788.44,362,426
788.64,368,428
788.84,375,431
789.04,381,433
789.24,386,434
789.44,389,436
789.64,392,438
789.84,375,429
790.04,358,429
790.24,349,423
790.44,351,423
790.64,354,426
790.84,358,427
791.04,362,428
791.24,364,429
791.44,367,430
791.64,370,432
791.84,372,433
792.04,375,435
792.24,377,435
792.44,377,436
792.64,368,429
792.84,364,429
793.04,355,424
793.24,355,424
793.44,356,425
793.64,359,426
793.84,362,428
794.04,366,429
794.24,370,431
794.44,376,433
794.64,382,436
794.84,382,437
795.04,378,435
795.24,371,431
795.44,364,428
795.64,359,425
795.84,353,422
796.04,352,421
796.24,353,421
796.44,358,424
796.64,364,427
796.84,369,429
797.04,372,430
797.24,375,432
797.44,379,434
797.64,385,437
797.84,364,437
798.04,339,432
798.24,325,422
798.44,306,397
798.64,294,379
798.84,304,392
799.04,336,429
799.24,353,445
799.44,352,430
799.64,364,428
799.84,368,432
800.04,368,431
800.24,362,427
800.44,351,422
800.64,346,420
800.84,345,417
801.04,348,420
801.24,351,422
801.44,355,424
801.64,357,424
801.84,359,425
802.04,362,426
802.24,365,427
802.44,367,428
802.64,370,430
802.84,374,431
803.04,375,431
803.24,376,431
803.44,374,431
803.64,361,424
803.84,346,421
804.04,346,420
804.24,350,423
804.44,355,425
804.64,359,427
804.84,363,429
805.04,366,430
805.24,370,431
805.44,372,433
805.64,373,433
805.84,366,426
806.04,355,426
806.24,349,422
806.44,345,419
806.64,347,420
806.84,354,424
807.04,364,428
807.24,371,431
807.44,375,433
807.64,378,434
807.84,380,435
808.04,383,436
808.24,380,434
808.44,369,428
808.64,355,422
808.84,348,419
809.04,352,422
809.24,358,423
809.44,364,424
809.64,370,426
809.84,375,429
810.04,379,430
810.24,383,432
810.44,387,433
810.64,390,434
810.84,384,439
811.04,355,433
811.24,330,423
811.44,309,402
811.64,295,391
811.84,289,377
812.04,306,392
812.24,344,423
812.44,364,434
812.64,364,431
812.84,363,428
813.04,358,426
813.24,350,419
813.44,355,420
813.64,359,420
813.84,366,421
814.04,372,424
814.24,376,427
814.44,381,429
814.64,385,431
814.84,384,432
815.04,374,430
815.24,367,426
815.44,360,423
815.64,356,420
815.84,357,419
816.04,362,421
816.24,366,423
816.44,369,425
816.64,374,427
816.84,378,430
817.04,383,432
817.24,386,434
817.44,376,427
817.64,361,427
817.84,353,420
818.04,351,416
818.24,354,417
818.44,357,419
818.64,361,421
818.84,365,422
819.04,369,424
819.24,372,427
819.44,376,429
819.64,379,430
819.84,382,432
820.04,382,431
820.24,368,424
820.44,362,421
820.64,354,418
820.84,355,417
821.04,358,419
821.24,362,421
821.44,366,422
821.64,372,424
821.84,375,427
822.04,379,428
822.24,383,430
822.44,384,429
822.64,374,426
822.84,371,426
823.04,355,419
823.24,352,415
823.44,356,418
823.64,362,420
823.84,368,421
824.04,374,423
824.24,379,426
824.44,382,429
824.64,386,431
824.84,391,432
825.04,391,433
825.24,388,432
825.44,377,427
825.64,365,421
825.84,358,418
826.04,354,415
826.24,351,412
826.44,350,408
826.64,350,413
826.84,355,416
827.04,361,418
827.24,367,422
827.44,371,424
827.64,375,427
827.84,376,428
828.04,371,432
828.24,372,432
828.44,372,432
828.64,358,425
828.84,348,420
829.04,348,420
829.24,348,422
829.44,350,423
829.64,351,424
829.84,352,424
830.04,355,424
830.24,358,426
830.44,360,427
830.64,363,428
830.84,366,428
831.04,370,430
831.24,374,431
831.44,378,432
831.64,382,434
831.84,386,435
832.04,389,436
832.24,391,437
832.44,389,436
832.64,384,434
832.84,376,430
833.04,367,427
833.24,361,425
833.44,354,421
833.64,349,420
833.84,349,420
834.04,352,421
834.24,357,423
834.44,362,426
834.64,368,428
834.84,375,431
835.04,381,433
835.24,386,434
835.44,389,436
835.64,392,438
835.84,375,429
836.04,358,429
836.24,349,423
836.44,351,423
836.64,354,426
836.84,358,427
837.04,362,428
837.24,364,429
837.44,367,430
837.64,370,432
837.84,372,433
838.04,375,435
838.24,377,435
838.44,377,436
838.64,368,429
838.84,364,429
839.04,355,424
839.24,355,424
839.44,356,425
839.64,359,426
839.84,362,428
840.04,366,429
840.24,370,431
840.44,376,433
840.64,382,436
840.84,382,437
841.04,378,435
841.24,371,431
841.44,364,428
841.64,359,425
841.84,353,422
842.04,352,421
842.24,353,421
842.44,358,424
842.64,364,427
842.84,369,429
843.04,372,430
843.24,375,432
843.44,379,434
843.64,385,437
843.84,364,437
844.04,339,432
844.24,325,422
844.44,306,397
844.64,294,379
844.84,304,392
845.04,336,429
845.24,353,445
845.44,352,430
845.64,364,428
845.84,368,432
846.04,368,431
846.24,362,427
846.44,351,422
846.64,346,420
846.84,345,417
847.04,348,420
847.24,351,422
847.44,355,424
847.64,357,424
847.84,359,425
848.04,362,426
848.24,365,427
848.44,367,428
848.64,370,430
848.84,374,431
849.04,375,431
849.24,376,431
849.44,374,431
849.64,361,424
849.84,346,421
850.04,346,420
850.24,350,423
850.44,355,425
850.64,359,427
850.84,363,429
851.04,366,430
851.24,370,431
851.44,372,433
851.64,373,433
851.84,366,426
852.04,355,426
852.24,349,422
852.44,345,419
852.64,347,420
852.84,354,424
853.04,364,428
853.24,371,431
853.44,375,433
853.64,378,434
853.84,380,435
854.04,383,436
854.24,380,434
854.44,369,428
854.64,355,422
854.84,348,419
855.04,352,422
855.24,358,423
855.44,364,424
855.64,370,426
855.84,375,429
856.04,379,430
856.24,383,432
856.44,387,433
856.64,390,434
856.84,384,439
857.04,355,433
857.24,330,423
857.44,309,402
857.64,295,391
857.84,289,377
858.04,306,392
858.24,344,423
858.44,364,434
858.64,364,431
858.84,363,428
859.04,358,426
859.24,350,419
859.44,355,420
859.64,359,420
859.84,366,421
860.04,372,424
860.24,376,427
860.44,381,429
860.64,385,431
860.84,384,432
861.04,374,430
861.24,367,426
861.44,360,423
861.64,356,420
861.84,357,419
862.04,362,421
862.24,366,423
862.44,369,425
862.64,374,427
862.84,378,430
863.04,383,432
863.24,386,434
863.44,376,427
863.64,361,427
863.84,353,420
864.04,351,416
864.24,354,417
864.44,357,419
864.64,361,421
864.84,365,422
865.04,369,424
865.24,372,427
865.44,376,429
865.64,379,430
865.84,382,432
866.04,382,431
866.24,368,424
866.44,362,421
866.64,354,418
866.84,355,417
867.04,358,419
867.24,362,421
867.44,366,422
867.64,372,424
867.84,375,427
868.04,379,428
868.24,383,430
868.44,384,429
868.64,374,426
868.84,371,426
869.04,355,419
869.24,352,415
869.44,356,418
869.64,362,420
869.84,368,421
870.04,374,423
870.24,379,426
870.44,382,429
870.64,386,431
870.84,391,432
871.04,391,433
871.24,388,432
871.44,377,427
871.64,365,421
871.84,358,418
872.04,354,415
872.24,351,412
872.44,350,408
872.64,350,413
872.84,355,416
873.04,361,418
873.24,367,422
873.44,371,424
873.64,375,427
873.84,376,428
874.04,371,432
874.24,372,432
874.44,372,432
874.64,358,425
874.84,348,420
875.04,348,420
875.24,348,422
875.44,350,423
875.64,351,424
875.84,352,424
876.04,355,424
876.24,358,426
876.44,360,427
876.64,363,428
876.84,366,428
877.04,370,430
877.24,374,431
877.44,378,432
877.64,382,434
877.84,386,435
878.04,389,436
878.24,391,437
878.44,389,436
878.64,384,434
878.84,376,430
879.04,367,427
879.24,361,425
879.44,354,421
879.64,349,420
879.84,349,420
880.04,352,421
880.24,357,423
880.44,362,426
880.64,368,428
880.84,375,431
881.04,381,433
881.24,386,434
881.44,389,436
881.64,392,438
881.84,375,429
882.04,358,429
882.24,349,423
882.44,351,423
882.64,354,426
882.84,358,427
883.04,362,428
883.24,364,429
883.44,367,430
883.64,370,432
883.84,372,433
884.04,375,435
884.24,377,435
884.44,377,436
884.64,368,429
884.84,364,429
885.04,355,424
885.24,355,424
885.44,356,425
885.64,359,426
885.84,362,428
886.04,366,429
886.24,370,431
886.44,376,433
886.64,382,436
886.84,382,437
887.04,378,435
887.24,371,431
887.44,364,428
887.64,359,425
887.84,353,422
888.04,352,421
888.24,353,421
888.44,358,424
888.64,364,427
888.84,369,429
889.04,372,430
889.24,375,432
889.44,379,434
889.64,385,437
889.84,364,437
890.04,339,432
890.24,325,422
890.44,306,397
890.64,294,379
890.84,304,392
891.04,336,429
891.24,353,445
891.44,352,430
891.64,364,428
891.84,368,432
892.04,368,431
892.24,362,427
892.44,351,422
892.64,346,420
892.84,345,417
893.04,348,420
893.24,351,422
893.44,355,424
893.64,357,424
893.84,359,425
894.04,362,426
894.24,365,427
894.44,367,428
894.64,370,430
894.84,374,431
895.04,375,431
895.24,376,431
895.44,374,431
895.64,361,424
895.84,346,421
896.04,346,420
896.24,350,423
896.44,355,425
896.64,359,427
896.84,363,429
897.04,366,430
897.24,370,431
897.44,372,433
897.64,373,433
897.84,366,426
898.04,355,426
898.24,349,422
898.44,345,419
898.64,347,420
898.84,354,424
899.04,364,428
899.24,371,431
899.44,375,433
899.64,378,434
899.84,380,435
900.04,383,436
900.24,380,434
900.44,369,428
900.64,355,422
900.84,348,419
901.04,352,422
901.24,358,423
901.44,364,424
901.64,370,426
901.84,375,429
902.04,379,430
902.24,383,432
902.44,387,433
902.64,390,434
902.84,384,439
903.04,355,433
903.24,330,423
903.44,309,402
903.64,295,391
903.84,289,377
904.04,306,392
904.24,344,423
904.44,364,434
904.64,364,431
904.84,363,428
905.04,358,426
905.24,350,419
905.44,355,420
905.64,359,420
905.84,366,421
906.04,372,424
906.24,376,427
906.44,381,429
906.64,385,431
906.84,384,432
907.04,374,430
907.24,367,426
907.44,360,423
907.64,356,420
907.84,357,419
908.04,362,421
908.24,366,423
908.44,369,425
908.64,374,427
908.84,378,430
909.04,383,432
909.24,386,434
909.44,376,427
909.64,361,427
909.84,353,420
910.04,351,416
910.24,354,417
910.44,357,419
910.64,361,421
910.84,365,422
911.04,369,424
911.24,372,427
911.44,376,429
911.64,379,430
911.84,382,432
912.04,382,431
912.24,368,424
912.44,362,421
912.64,354,418
912.84,355,417
913.04,358,419
913.24,362,421
913.44,366,422
913.64,372,424
913.84,375,427
914.04,379,428
914.24,383,430
914.44,384,429
914.64,374,426
914.84,371,426
915.04,355,419
915.24,352,415
915.44,356,418
915.64,362,420
915.84,368,421
916.04,374,423
916.24,379,426
916.44,382,429
916.64,386,431
916.84,391,432
917.04,391,433
917.24,388,432
917.44,377,427
917.64,365,421
917.84,358,418
918.04,354,415
918.24,351,412
918.44,350,408
918.64,350,413
918.84,355,416
919.04,361,418
919.24,367,422
919.44,371,424
919.64,375,427
919.84,376,428
920.04,371,432
920.24,372,432
920.44,372,432
920.64,358,425
920.84,348,420
921.04,348,420
921.24,348,422
921.44,350,423
921.64,351,424
921.84,352,424
922.04,355,424
922.24,358,426
922.44,360,427
922.64,363,428
922.84,366,428
923.04,370,430
923.24,374,431
923.44,378,432
923.64,382,434
923.84,386,435
924.04,389,436
924.24,391,437
924.44,389,436
924.64,384,434
924.84,376,430
925.04,367,427
925.24,361,425
925.44,354,421
925.64,349,420
925.84,349,420
926.04,352,421
926.24,357,423
926.44,362,426
926.64,368,428
926.84,375,431
927.04,381,433
927.24,386,434
927.44,389,436
927.64,392,438
927.84,375,429
928.04,358,429
928.24,349,423
928.44,351,423
928.64,354,426
928.84,358,427
929.04,362,428
929.24,364,429
929.44,367,430
929.64,370,432
929.84,372,433
930.04,375,435
930.24,377,435
930.44,377,436
930.64,368,429
930.84,364,429
931.04,355,424
931.24,355,424
931.44,356,425
931.64,359,426
931.84,362,428
932.04,366,429
932.24,370,431
932.44,376,433
932.64,382,436
932.84,382,437
933.04,378,435
933.24,371,431
933.44,364,428
933.64,359,425
933.84,353,422
934.04,352,421
934.24,353,421
934.44,358,424
934.64,364,427
934.84,369,429
935.04,372,430
935.24,375,432
935.44,379,434
935.64,385,437
935.84,364,437
936.04,339,432
936.24,325,422
936.44,306,397
936.64,294,379
936.84,304,392
937.04,336,429
937.24,353,445
937.44,352,430
937.64,364,428
937.84,368,432
938.04,368,431
938.24,362,427
938.44,351,422
938.64,346,420
938.84,345,417
939.04,348,420
939.24,351,422
939.44,355,424
939.64,357,424
939.84,359,425
940.04,362,426
940.24,365,427
940.44,367,428
940.64,370,430
940.84,374,431
941.04,375,431
941.24,376,431
941.44,374,431
941.64,361,424
941.84,346,421
942.04,346,420
942.24,350,423
942.44,355,425
942.64,359,427
942.84,363,429
943.04,366,430
943.24,370,431
943.44,372,433
943.64,373,433
943.84,366,426
944.04,355,426
944.24,349,422
944.44,345,419
944.64,347,420
944.84,354,424
945.04,364,428
945.24,371,431
945.44,375,433
945.64,378,434
945.84,380,435
946.04,383,436
946.24,380,434
946.44,369,428
946.64,355,422
946.84,348,419
947.04,352,422
947.24,358,423
947.44,364,424
947.64,370,426
947.84,375,429
948.04,379,430
948.24,383,432
948.44,387,433
948.64,390,434
948.84,384,439
949.04,355,433
949.24,330,423
949.44,309,402
949.64,295,391
949.84,289,377
950.04,306,392
950.24,344,423
950.44,364,434
950.64,364,431
950.84,363,428
951.04,358,426
951.24,350,419
951.44,355,420
951.64,359,420
951.84,366,421
952.04,372,424
952.24,376,427
952.44,381,429
952.64,385,431
952.84,384,432
953.04,374,430
953.24,367,426
953.44,360,423
953.64,356,420
953.84,357,419
954.04,362,421
954.24,366,423
954.44,369,425
954.64,374,427
954.84,378,430
955.04,383,432
955.24,386,434
955.44,376,427
955.64,361,427
955.84,353,420
956.04,351,416
956.24,354,417
956.44,357,419
956.64,361,421
956.84,365,422
957.04,369,424
957.24,372,427
957.44,376,429
957.64,379,430
957.84,382,432
958.04,382,431
958.24,368,424
958.44,362,421
958.64,354,418
958.84,355,417
959.04,358,419
959.24,362,421
959.44,366,422
959.64,372,424
959.84,375,427
960.04,379,428
960.24,383,430
960.44,384,429
960.64,374,426
960.84,371,426
961.04,355,419
961.24,352,415
961.44,356,418
961.64,362,420
961.84,368,421
962.04,374,423
962.24,379,426
962.44,382,429
962.64,386,431
962.84,391,432
963.04,391,433
963.24,388,432
963.44,377,427
963.64,365,421
963.84,358,418
964.04,354,415
964.24,351,412
964.44,350,408
964.64,350,413
964.84,355,416
965.04,361,418
965.24,367,422
965.44,371,424
965.64,375,427
965.84,376,428
966.04,371,432
966.24,372,432
966.44,372,432
966.64,358,425
966.84,348,420
967.04,348,420
967.24,348,422
967.44,350,423
967.64,351,424
967.84,352,424
968.04,355,424
968.24,358,426
968.44,360,427
968.64,363,428
968.84,366,428
969.04,370,430
969.24,374,431
969.44,378,432
969.64,382,434
969.84,386,435
970.04,389,436
970.24,391,437
970.44,389,436
970.64,384,434
970.84,376,430
971.04,367,427
971.24,361,425
971.44,354,421
971.64,349,420
971.84,349,420
972.04,352,421
972.24,357,423
972.44,362,426
972.64,368,428
972.84,375,431
973.04,381,433
973.24,386,434
973.44,389,436
973.64,392,438
973.84,375,429
974.04,358,429
974.24,349,423
974.44,351,423
974.64,354,426
974.84,358,427
975.04,362,428
975.24,364,429
975.44,367,430
975.64,370,432
975.84,372,433
976.04,375,435
976.24,377,435
976.44,377,436
976.64,368,429
976.84,364,429
977.04,355,424
977.24,355,424
977.44,356,425
977.64,359,426
977.84,362,428
978.04,366,429
978.24,370,431
978.44,376,433
978.64,382,436
978.84,382,437
979.04,378,435
979.24,371,431
979.44,364,428
979.64,359,425
979.84,353,422
980.04,352,421
980.24,353,421
980.44,358,424
980.64,364,427
980.84,369,429
981.04,372,430
981.24,375,432
981.44,379,434
981.64,385,437
981.84,364,437
982.04,339,432
982.24,325,422
982.44,306,397
982.64,294,379
982.84,304,392
983.04,336,429
983.24,353,445
983.44,352,430
983.64,364,428
983.84,368,432
984.04,368,431
984.24,362,427
984.44,351,422
984.64,346,420
984.84,345,417
985.04,348,420
985.24,351,422
985.44,355,424
985.64,357,424
985.84,359,425
986.04,362,426
986.24,365,427
986.44,367,428
986.64,370,430
986.84,374,431
987.04,375,431
987.24,376,431
987.44,374,431
987.64,361,424
987.84,346,421
988.04,346,420
988.24,350,423
988.44,355,425
988.64,359,427
988.84,363,429
989.04,366,430
989.24,370,431
989.44,372,433
989.64,373,433
989.84,366,426
990.04,355,426
990.24,349,422
990.44,345,419
990.64,347,420
990.84,354,424
991.04,364,428
991.24,371,431
991.44,375,433
991.64,378,434
991.84,380,435
992.04,383,436
992.24,380,434
992.44,369,428
992.64,355,422
992.84,348,419
993.04,352,422
993.24,358,423
993.44,364,424
993.64,370,426
993.84,375,429
994.04,379,430
994.24,383,432
994.44,387,433
994.64,390,434
994.84,384,439
995.04,355,433
995.24,330,423
995.44,309,402
995.64,295,391
995.84,289,377
996.04,306,392
996.24,344,423
996.44,364,434
996.64,364,431
996.84,363,428
997.04,358,426
997.24,350,419
997.44,355,420
997.64,359,420
997.84,366,421
998.04,372,424
998.24,376,427
998.44,381,429
998.64,385,431
998.84,384,432
999.04,374,430
999.24,367,426
999.44,360,423
999.64,356,420
999.84,357,419
1000.04,362,421
1000.24,366,423
1000.44,369,425
1000.64,374,427
1000.84,378,430
1001.04,383,432
1001.24,386,434
1001.44,376,427
1001.64,361,427
1001.84,353,420
1002.04,351,416
1002.24,354,417
1002.44,357,419
1002.64,361,421
1002.84,365,422
1003.04,369,424
1003.24,372,427
1003.44,376,429
1003.64,379,430
1003.84,382,432
1004.04,382,431
1004.24,368,424
1004.44,362,421
1004.64,354,418
1004.84,355,417
1005.04,358,419
1005.24,362,421
1005.44,366,422
1005.64,372,424
1005.84,375,427
1006.04,379,428
1006.24,383,430
1006.44,384,429
1006.64,374,426
1006.84,371,426
1007.04,355,419
1007.24,352,415
1007.44,356,418
1007.64,362,420
1007.84,368,421
1008.04,374,423
1008.24,379,426
1008.44,382,429
1008.64,386,431
1008.84,391,432
1009.04,391,433
1009.24,388,432
1009.44,377,427
1009.64,365,421
1009.84,358,418
1010.04,354,415
1010.24,351,412
1010.44,350,408
1010.64,350,413
1010.84,355,416
1011.04,361,418
1011.24,367,422
1011.44,371,424
1011.64,375,427
1011.84,376,428
1012.04,371,432
1012.24,372,432
1012.44,372,432
1012.64,358,425
1012.84,348,420
1013.04,348,420
1013.24,348,422
1013.44,350,423
1013.64,351,424
1013.84,352,424
1014.04,355,424
1014.24,358,426
1014.44,360,427
1014.64,363,428
1014.84,366,428
1015.04,370,430
1015.24,374,431
1015.44,378,432
1015.64,382,434
1015.84,386,435
1016.04,389,436
1016.24,391,437
1016.44,389,436
1016.64,384,434
1016.84,376,430
1017.04,367,427
1017.24,361,425
1017.44,354,421
1017.64,349,420
1017.84,349,420
1018.04,352,421
1018.24,357,423
1018.44,362,426
1018.64,368,428
1018.84,375,431
1019.04,381,433
1019.24,386,434
1019.44,389,436
1019.64,392,438
1019.84,375,429
1020.04,358,429
1020.24,349,423
1020.44,351,423
1020.64,354,426
1020.84,358,427
1021.04,362,428
1021.24,364,429
1021.44,367,430
1021.64,370,432
1021.84,372,433
1022.04,375,435
1022.24,377,435
1022.44,377,436
1022.64,368,429
1022.84,364,429
1023.04,355,424
1023.24,355,424
1023.44,356,425
1023.64,359,426
1023.84,362,428
1024.04,366,429
1024.24,370,431
1024.44,376,433
1024.64,382,436
1024.84,382,437
1025.04,378,435
1025.24,371,431
1025.44,364,428
1025.64,359,425
1025.84,353,422
1026.04,352,421
1026.24,353,421
1026.44,358,424
1026.64,364,427
1026.84,369,429
1027.04,372,430
1027.24,375,432
1027.44,379,434
1027.64,385,437
1027.84,364,437
1028.04,339,432
1028.24,325,422
1028.44,306,397
1028.64,294,379
1028.84,304,392
1029.04,336,429
1029.24,353,445
1029.44,352,430
1029.64,364,428
1029.84,368,432
1030.04,368,431
1030.24,362,427
1030.44,351,422
1030.64,346,420
1030.84,345,417
1031.04,348,420
1031.24,351,422
1031.44,355,424
1031.64,357,424
1031.84,359,425
1032.04,362,426
1032.24,365,427
1032.44,367,428
1032.64,370,430
1032.84,374,431
1033.04,375,431
1033.24,376,431
1033.44,374,431
1033.64,361,424
1033.84,346,421
1034.04,346,420
1034.24,350,423
1034.44,355,425
1034.64,359,427
1034.84,363,429
1035.04,366,430
1035.24,370,431
1035.44,372,433
1035.64,373,433
1035.84,366,426
1036.04,355,426
1036.24,349,422
1036.44,345,419
1036.64,347,420
1036.84,354,424
1037.04,364,428
1037.24,371,431
1037.44,375,433
1037.64,378,434
1037.84,380,435
1038.04,383,436
1038.24,380,434
1038.44,369,428
1038.64,355,422
1038.84,348,419
1039.04,352,422
1039.24,358,423
1039.44,364,424
1039.64,370,426
1039.84,375,429
1040.04,379,430
1040.24,383,432
1040.44,387,433
1040.64,390,434
1040.84,384,439
1041.04,355,433
1041.24,330,423
1041.44,309,402
1041.64,295,391
1041.84,289,377
1042.04,306,392
1042.24,344,423
1042.44,364,434
1042.64,364,431
1042.84,363,428
1043.04,358,426
1043.24,350,419
1043.44,355,420
1043.64,359,420
1043.84,366,421
1044.04,372,424
1044.24,376,427
1044.44,381,429
1044.64,385,431
1044.84,384,432
1045.04,374,430
1045.24,367,426
1045.44,360,423
1045.64,356,420
1045.84,357,419
1046.04,362,421
1046.24,366,423
1046.44,369,425
1046.64,374,427
1046.84,378,430
1047.04,383,432
1047.24,386,434
1047.44,376,427
1047.64,361,427
1047.84,353,420
1048.04,351,416
1048.24,354,417
1048.44,357,419
1048.64,361,421
1048.84,365,422
1049.04,369,424
1049.24,372,427
1049.44,376,429
1049.64,379,430
1049.84,382,432
1050.04,382,431
1050.24,368,424
1050.44,362,421
1050.64,354,418
1050.84,355,417
1051.04,358,419
1051.24,362,421
1051.44,366,422
1051.64,372,424
1051.84,375,427
1052.04,379,428
1052.24,383,430
1052.44,384,429
1052.64,374,426
1052.84,371,426
1053.04,355,419
1053.24,352,415
1053.44,356,418
1053.64,362,420
1053.84,368,421
1054.04,374,423
1054.24,379,426
1054.44,382,429
1054.64,386,431
1054.84,391,432
1055.04,391,433
1055.24,388,432
1055.44,377,427
1055.64,365,421
1055.84,358,418
1056.04,354,415
1056.24,351,412
1056.44,350,408
1056.64,350,413
1056.84,355,416
1057.04,361,418
1057.24,367,422
1057.44,371,424
1057.64,375,427
1057.84,376,428
1058.04,371,432
1058.24,372,432
1058.44,372,432
1058.64,358,425
1058.84,348,420
1059.04,348,420
1059.24,348,422
1059.44,350,423
1059.64,351,424
1059.84,352,424
1060.04,355,424
1060.24,358,426
1060.44,360,427
1060.64,363,428
1060.84,366,428
1061.04,370,430
1061.24,374,431
1061.44,378,432
1061.64,382,434
1061.84,386,435
1062.04,389,436
1062.24,391,437
1062.44,389,436
1062.64,384,434
1062.84,376,430
1063.04,367,427
1063.24,361,425
1063.44,354,421
1063.64,349,420
1063.84,349,420
1064.04,352,421
1064.24,357,423
1064.44,362,426
1064.64,368,428
1064.84,375,431
1065.04,381,433
1065.24,386,434
1065.44,389,436
1065.64,392,438
1065.84,375,429
1066.04,358,429
1066.24,349,423
1066.44,351,423
1066.64,354,426
1066.84,358,427
1067.04,362,428
1067.24,364,429
1067.44,367,430
1067.64,370,432
1067.84,372,433
1068.04,375,435
1068.24,377,435
1068.44,377,436
1068.64,368,429
1068.84,364,429
1069.04,355,424
1069.24,355,424
1069.44,356,425
1069.64,359,426
1069.84,362,428
1070.04,366,429
1070.24,370,431
1070.44,376,433
1070.64,382,436
1070.84,382,437
1071.04,378,435
1071.24,371,431
1071.44,364,428
1071.64,359,425
1071.84,353,422
1072.04,352,421
1072.24,353,421
1072.44,358,424
1072.64,364,427
1072.84,369,429
1073.04,372,430
1073.24,375,432
1073.44,379,434
1073.64,385,437
1073.84,364,437
1074.04,339,432
1074.24,325,422
1074.44,306,397
1074.64,294,379
1074.84,304,392
1075.04,336,429
1075.24,353,445
1075.44,352,430
1075.64,364,428
1075.84,368,432
1076.04,368,431
1076.24,362,427
1076.44,351,422
1076.64,346,420
1076.84,345,417
1077.04,348,420
1077.24,351,422
1077.44,355,424
1077.64,357,424
1077.84,359,425
1078.04,362,426
1078.24,365,427
1078.44,367,428
1078.64,370,430
1078.84,374,431
1079.04,375,431
1079.24,376,431
1079.44,374,431
1079.64,361,424
1079.84,346,421
1080.04,346,420
1080.24,350,423
1080.44,355,425
1080.64,359,427
1080.84,363,429
1081.04,366,430
1081.24,370,431
1081.44,372,433
1081.64,373,433
1081.84,366,426
1082.04,355,426
1082.24,349,422
1082.44,345,419
1082.64,347,420
1082.84,354,424
1083.04,364,428
1083.24,371,431
1083.44,375,433
1083.64,378,434
1083.84,380,435
1084.04,383,436
1084.24,380,434
1084.44,369,428
1084.64,355,422
1084.84,348,419
1085.04,352,422
1085.24,358,423
1085.44,364,424
1085.64,370,426
1085.84,375,429
1086.04,379,430
1086.24,383,432
1086.44,387,433
1086.64,390,434
1086.84,384,439
1087.04,355,433
1087.24,330,423
1087.44,309,402
1087.64,295,391
1087.84,289,377
1088.04,306,392
1088.24,344,423
1088.44,364,434
1088.64,364,431
1088.84,363,428
1089.04,358,426
1089.24,350,419
1089.44,355,420
1089.64,359,420
1089.84,366,421
1090.04,372,424
1090.24,376,427
1090.44,381,429
1090.64,385,431
1090.84,384,432
1091.04,374,430
1091.24,367,426
1091.44,360,423
1091.64,356,420
1091.84,357,419
1092.04,362,421
1092.24,366,423
1092.44,369,425
1092.64,374,427
1092.84,378,430
1093.04,383,432
1093.24,386,434
1093.44,376,427
1093.64,361,427
1093.84,353,420
1094.04,351,416
1094.24,354,417
1094.44,357,419
1094.64,361,421
1094.84,365,422
1095.04,369,424
1095.24,372,427
1095.44,376,429
1095.64,379,430
1095.84,382,432
1096.04,382,431
1096.24,368,424
1096.44,362,421
1096.64,354,418
1096.84,355,417
1097.04,358,419
1097.24,362,421
1097.44,366,422
1097.64,372,424
1097.84,375,427
1098.04,379,428
1098.24,383,430
1098.44,384,429
1098.64,374,426
1098.84,371,426
1099.04,355,419
1099.24,352,415
1099.44,356,418
1099.64,362,420
1099.84,368,421
1100.04,374,423
1100.24,379,426
1100.44,382,429
1100.64,386,431
1100.84,391,432
1101.04,391,433
1101.24,388,432
1101.44,377,427
1101.64,365,421
1101.84,358,418
1102.04,354,415
1102.24,351,412
1102.44,350,408
1102.64,350,413
1102.84,355,416
1103.04,361,418
1103.24,367,422
1103.44,371,424
1103.64,375,427
1103.84,376,428
1104.04,371,432
1104.24,372,432
1104.44,372,432
1104.64,358,425
1104.84,348,420
1105.04,348,420
1105.24,348,422
1105.44,350,423
1105.64,351,424
1105.84,352,424
1106.04,355,424
1106.24,358,426
1106.44,360,427
1106.64,363,428
1106.84,366,428
1107.04,370,430
1107.24,374,431
1107.44,378,432
1107.64,382,434
1107.84,386,435
1108.04,389,436
1108.24,391,437
1108.44,389,436
1108.64,384,434
1108.84,376,430
1109.04,367,427
1109.24,361,425
1109.44,354,421
1109.64,349,420
1109.84,349,420
1110.04,352,421
1110.24,357,423
1110.44,362,426
1110.64,368,428
1110.84,375,431
1111.04,381,433
1111.24,386,434
1111.44,389,436
1111.64,392,438
1111.84,375,429
1112.04,358,429
1112.24,349,423
1112.44,351,423
1112.64,354,426
1112.84,358,427
1113.04,362,428
1113.24,364,429
1113.44,367,430
1113.64,370,432
1113.84,372,433
1114.04,375,435
1114.24,377,435
1114.44,377,436
1114.64,368,429
1114.84,364,429
1115.04,355,424
1115.24,355,424
1115.44,356,425
1115.64,359,426
1115.84,362,428
1116.04,366,429
1116.24,370,431
1116.44,376,433
1116.64,382,436
1116.84,382,437
1117.04,378,435
1117.24,371,431
1117.44,364,428
1117.64,359,425
1117.84,353,422
1118.04,352,421
1118.24,353,421
1118.44,358,424
1118.64,364,427
1118.84,369,429
1119.04,372,430
1119.24,375,432
1119.44,379,434
1119.64,385,437
1119.84,364,437
1120.04,339,432
1120.24,325,422
1120.44,306,397
1120.64,294,379
1120.84,304,392
1121.04,336,429
1121.24,353,445
1121.44,352,430
1121.64,364,428
1121.84,368,432
1122.04,368,431
1122.24,362,427
1122.44,351,422
1122.64,346,420
1122.84,345,417
1123.04,348,420
1123.24,351,422
1123.44,355,424
1123.64,357,424
1123.84,359,425
1124.04,362,426
1124.24,365,427
1124.44,367,428
1124.64,370,430
1124.84,374,431
1125.04,375,431
1125.24,376,431
1125.44,374,431
1125.64,361,424
1125.84,346,421
1126.04,346,420
1126.24,350,423
1126.44,355,425
1126.64,359,427
1126.84,363,429
1127.04,366,430
1127.24,370,431
1127.44,372,433
1127.64,373,433
1127.84,366,426
1128.04,355,426
1128.24,349,422
1128.44,345,419
1128.64,347,420
1128.84,354,424
1129.04,364,428
1129.24,371,431
1129.44,375,433
1129.64,378,434
1129.84,380,435
1130.04,383,436
1130.24,380,434
1130.44,369,428
1130.64,355,422
1130.84,348,419
1131.04,352,422
1131.24,358,423
1131.44,364,424
1131.64,370,426
1131.84,375,429
1132.04,379,430
1132.24,383,432
1132.44,387,433
1132.64,390,434
1132.84,384,439
1133.04,355,433
1133.24,330,423
1133.44,309,402
1133.64,295,391
1133.84,289,377
1134.04,306,392
1134.24,344,423
1134.44,364,434
1134.64,364,431
1134.84,363,428
1135.04,358,426
1135.24,350,419
1135.44,355,420
1135.64,359,420
1135.84,366,421
1136.04,372,424
1136.24,376,427
1136.44,381,429
1136.64,385,431
1136.84,384,432
1137.04,374,430
1137.24,367,426
1137.44,360,423
1137.64,356,420
1137.84,357,419
1138.04,362,421
1138.24,366,423
1138.44,369,425
1138.64,374,427
1138.84,378,430
1139.04,383,432
1139.24,386,434
1139.44,376,427
1139.64,361,427
1139.84,353,420
1140.04,351,416
1140.24,354,417
1140.44,357,419
1140.64,361,421
1140.84,365,422
1141.04,369,424
1141.24,372,427
1141.44,376,429
1141.64,379,430
1141.84,382,432
1142.04,382,431
1142.24,368,424
1142.44,362,421
1142.64,354,418
1142.84,355,417
1143.04,358,419
1143.24,362,421
1143.44,366,422
1143.64,372,424
1143.84,375,427
1144.04,379,428
1144.24,383,430
1144.44,384,429
1144.64,374,426
1144.84,371,426
1145.04,355,419
1145.24,352,415
1145.44,356,418
1145.64,362,420
1145.84,368,421
1146.04,374,423
1146.24,379,426
1146.44,382,429
1146.64,386,431
1146.84,391,432
1147.04,391,433
1147.24,388,432
1147.44,377,427
1147.64,365,421
1147.84,358,418
1148.04,354,415
1148.24,351,412
1148.44,350,408
1148.64,350,413
1148.84,355,416
1149.04,361,418
1149.24,367,422
1149.44,371,424
1149.64,375,427
1149.84,376,428
1150.04,371,432
1150.24,372,432
1150.44,372,432
1150.64,358,425
1150.84,348,420
1151.04,348,420
1151.24,348,422
1151.44,350,423
1151.64,351,424
1151.84,352,424
1152.04,355,424
1152.24,358,426
1152.44,360,427
1152.64,363,428
1152.84,366,428
1153.04,370,430
1153.24,374,431
1153.44,378,432
1153.64,382,434
1153.84,386,435
1154.04,389,436
1154.24,391,437
1154.44,389,436
1154.64,384,434
1154.84,376,430
1155.04,367,427
1155.24,361,425
1155.44,354,421
1155.64,349,420
1155.84,349,420
1156.04,352,421
1156.24,357,423
1156.44,362,426
1156.64,368,428
1156.84,375,431
1157.04,381,433
1157.24,386,434
1157.44,389,436
1157.64,392,438
1157.84,375,429
1158.04,358,429
1158.24,349,423
1158.44,351,423
1158.64,354,426
1158.84,358,427
1159.04,362,428
1159.24,364,429
1159.44,367,430
1159.64,370,432
1159.84,372,433
1160.04,375,435
1160.24,377,435
1160.44,377,436
1160.64,368,429
1160.84,364,429
1161.04,355,424
1161.24,355,424
1161.44,356,425
1161.64,359,426
1161.84,362,428
1162.04,366,429
1162.24,370,431
1162.44,376,433
1162.64,382,436
1162.84,382,437
1163.04,378,435
1163.24,371,431
1163.44,364,428
1163.64,359,425
1163.84,353,422
1164.04,352,421
1164.24,353,421
1164.44,358,424
1164.64,364,427
1164.84,369,429
1165.04,372,430
1165.24,375,432
1165.44,379,434
1165.64,385,437
1165.84,364,437
1166.04,339,432
1166.24,325,422
1166.44,306,397
1166.64,294,379
1166.84,304,392
1167.04,336,429
1167.24,353,445
1167.44,352,430
1167.64,364,428
1167.84,368,432
1168.04,368,431
1168.24,362,427
1168.44,351,422
1168.64,346,420
1168.84,345,417
1169.04,348,420
1169.24,351,422
1169.44,355,424
1169.64,357,424
1169.84,359,425
1170.04,362,426
1170.24,365,427
1170.44,367,428
1170.64,370,430
1170.84,374,431
1171.04,375,431
1171.24,376,431
1171.44,374,431
1171.64,361,424
1171.84,346,421
1172.04,346,420
1172.24,350,423
1172.44,355,425
1172.64,359,427
1172.84,363,429
1173.04,366,430
1173.24,370,431
1173.44,372,433
1173.64,373,433
1173.84,366,426
1174.04,355,426
1174.24,349,422
1174.44,345,419
1174.64,347,420
1174.84,354,424
1175.04,364,428
1175.24,371,431
1175.44,375,433
1175.64,378,434
1175.84,380,435
1176.04,383,436
1176.24,380,434
1176.44,369,428
1176.64,355,422
1176.84,348,419
1177.04,352,422
1177.24,358,423
1177.44,364,424
1177.64,370,426
1177.84,375,429
1178.04,379,430
1178.24,383,432
1178.44,387,433
1178.64,390,434
1178.84,384,439
1179.04,355,433
1179.24,330,423
1179.44,309,402
1179.64,295,391
1179.84,289,377
1180.04,306,392
1180.24,344,423
1180.44,364,434
1180.64,364,431
1180.84,363,428
1181.04,358,426
1181.24,350,419
1181.44,355,420
1181.64,359,420
1181.84,366,421
1182.04,372,424
1182.24,376,427
1182.44,381,429
1182.64,385,431
1182.84,384,432
1183.04,374,430
1183.24,367,426
1183.44,360,423
1183.64,356,420
1183.84,357,419
1184.04,362,421
1184.24,366,423
1184.44,369,425
1184.64,374,427
1184.84,378,430
1185.04,383,432
1185.24,386,434
1185.44,376,427
1185.64,361,427
1185.84,353,420
1186.04,351,416
1186.24,354,417
1186.44,357,419
1186.64,361,421
1186.84,365,422
1187.04,369,424
1187.24,372,427
1187.44,376,429
1187.64,379,430
1187.84,382,432
1188.04,382,431
1188.24,368,424
1188.44,362,421
1188.64,354,418
1188.84,355,417
1189.04,358,419
1189.24,362,421
1189.44,366,422
1189.64,372,424
1189.84,375,427
1190.04,379,428
1190.24,383,430
1190.44,384,429
1190.64,374,426
1190.84,371,426
1191.04,355,419
1191.24,352,415
1191.44,356,418
1191.64,362,420
1191.84,368,421
1192.04,374,423
1192.24,379,426
1192.44,382,429
1192.64,386,431
1192.84,391,432
1193.04,391,433
1193.24,388,432
1193.44,377,427
1193.64,365,421
1193.84,358,418
1194.04,354,415
1194.24,351,412
1194.44,350,408
1194.64,350,413
1194.84,355,416
1195.04,361,418
1195.24,367,422
1195.44,371,424
1195.64,375,427
1195.84,376,428
1196.04,371,432
1196.24,372,432
1196.44,372,432
1196.64,358,425
1196.84,348,420
1197.04,348,420
1197.24,348,422
1197.44,350,423
1197.64,351,424
1197.84,352,424
1198.04,355,424
1198.24,358,426
1198.44,360,427
1198.64,363,428
1198.84,366,428
1199.04,370,430
1199.24,374,431
1199.44,378,432
1199.64,382,434
1199.84,386,435
1200.04,389,436
1200.24,391,437
1200.44,389,436
1200.64,384,434
1200.84,376,430
1201.04,367,427
1201.24,361,425
1201.44,354,421
1201.64,349,420
1201.84,349,420
1202.04,352,421
1202.24,357,423
1202.44,362,426
1202.64,368,428
1202.84,375,431
1203.04,381,433
1203.24,386,434
1203.44,389,436
1203.64,392,438
1203.84,375,429
1204.04,358,429
1204.24,349,423
1204.44,351,423
1204.64,354,426
1204.84,358,427
1205.04,362,428
1205.24,364,429
1205.44,367,430
1205.64,370,432
1205.84,372,433
1206.04,375,435
1206.24,377,435
1206.44,377,436
1206.64,368,429
1206.84,364,429
1207.04,355,424
1207.24,355,424
1207.44,356,425
1207.64,359,426
1207.84,362,428
1208.04,366,429
1208.24,370,431
1208.44,376,433
1208.64,382,436
1208.84,382,437
1209.04,378,435
1209.24,371,431
1209.44,364,428
1209.64,359,425
1209.84,353,422
1210.04,352,421
1210.24,353,421
1210.44,358,424
1210.64,364,427
1210.84,369,429
1211.04,372,430
1211.24,375,432
1211.44,379,434
1211.64,385,437
1211.84,364,437
1212.04,339,432
1212.24,325,422
1212.44,306,397
1212.64,294,379
1212.84,304,392
1213.04,336,429
1213.24,353,445
1213.44,352,430
1213.64,364,428
1213.84,368,432
1214.04,368,431
1214.24,362,427
1214.44,351,422
1214.64,346,420
1214.84,345,417
1215.04,348,420
1215.24,351,422
1215.44,355,424
1215.64,357,424
1215.84,359,425
1216.04,362,426
1216.24,365,427
1216.44,367,428
1216.64,370,430
1216.84,374,431
1217.04,375,431
1217.24,376,431
1217.44,374,431
1217.64,361,424
1217.84,346,421
1218.04,346,420
1218.24,350,423
1218.44,355,425
1218.64,359,427
1218.84,363,429
1219.04,366,430
1219.24,370,431
1219.44,372,433
1219.64,373,433
1219.84,366,426
1220.04,355,426
1220.24,349,422
1220.44,345,419
1220.64,347,420
1220.84,354,424
1221.04,364,428
1221.24,371,431
1221.44,375,433
1221.64,378,434
1221.84,380,435
1222.04,383,436
1222.24,380,434
1222.44,369,428
1222.64,355,422
1222.84,348,419
1223.04,352,422
1223.24,358,423
1223.44,364,424
1223.64,370,426
1223.84,375,429
1224.04,379,430
1224.24,383,432
1224.44,387,433
1224.64,390,434
1224.84,384,439
1225.04,355,433
1225.24,330,423
1225.44,309,402
1225.64,295,391
1225.84,289,377
1226.04,306,392
1226.24,344,423
1226.44,364,434
1226.64,364,431
1226.84,363,428
1227.04,358,426
1227.24,350,419
1227.44,355,420
1227.64,359,420
1227.84,366,421
1228.04,372,424
1228.24,376,427
1228.44,381,429
1228.64,385,431
1228.84,384,432
1229.04,374,430
1229.24,367,426
1229.44,360,423
1229.64,356,420
1229.84,357,419
1230.04,362,421
1230.24,366,423
1230.44,369,425
1230.64,374,427
1230.84,378,430
1231.04,383,432
1231.24,386,434
1231.44,376,427
1231.64,361,427
1231.84,353,420
1232.04,351,416
1232.24,354,417
1232.44,357,419
1232.64,361,421
1232.84,365,422
1233.04,369,424
1233.24,372,427
1233.44,376,429
1233.64,379,430
1233.84,382,432
1234.04,382,431
1234.24,368,424
1234.44,362,421
1234.64,354,418
1234.84,355,417
1235.04,358,419
1235.24,362,421
1235.44,366,422
1235.64,372,424
1235.84,375,427
1236.04,379,428
1236.24,383,430
1236.44,384,429
1236.64,374,426
1236.84,371,426
1237.04,355,419
1237.24,352,415
1237.44,356,418
1237.64,362,420
1237.84,368,421
1238.04,374,423
1238.24,379,426
1238.44,382,429
1238.64,386,431
1238.84,391,432
1239.04,391,433
1239.24,388,432
1239.44,377,427
1239.64,365,421
1239.84,358,418
1240.04,354,415
1240.24,351,412
1240.44,350,408
1240.64,350,413
1240.84,355,416
1241.04,361,418
1241.24,367,422
1241.44,371,424
1241.64,375,427
1241.84,376,428
1242.04,371,432
1242.24,372,432
1242.44,372,432
1242.64,358,425
1242.84,348,420
1243.04,348,420
1243.24,348,422
1243.44,350,423
1243.64,351,424
1243.84,352,424
1244.04,355,424
1244.24,358,426
1244.44,360,427
1244.64,363,428
1244.84,366,428
1245.04,370,430
1245.24,374,431
1245.44,378,432
1245.64,382,434
1245.84,386,435
1246.04,389,436
1246.24,391,437
1246.44,389,436
1246.64,384,434
1246.84,376,430
1247.04,367,427
1247.24,361,425
1247.44,354,421
1247.64,349,420
1247.84,349,420
1248.04,352,421
1248.24,357,423
1248.44,362,426
1248.64,368,428
1248.84,375,431
1249.04,381,433
1249.24,386,434
1249.44,389,436
1249.64,392,438
1249.84,375,429
1250.04,358,429
1250.24,349,423
1250.44,351,423
1250.64,354,426
1250.84,358,427
1251.04,362,428
1251.24,364,429
1251.44,367,430
1251.64,370,432
1251.84,372,433
1252.04,375,435
1252.24,377,435
1252.44,377,436
1252.64,368,429
1252.84,364,429
1253.04,355,424
1253.24,355,424
1253.44,356,425
1253.64,359,426
1253.84,362,428
1254.04,366,429
1254.24,370,431
1254.44,376,433
1254.64,382,436
1254.84,382,437
1255.04,378,435
1255.24,371,431
1255.44,364,428
1255.64,359,425
1255.84,353,422
1256.04,352,421
1256.24,353,421
1256.44,358,424
1256.64,364,427
1256.84,369,429
1257.04,372,430
1257.24,375,432
1257.44,379,434
1257.64,385,437
1257.84,364,437
1258.04,339,432
1258.24,325,422
1258.44,306,397
1258.64,294,379
1258.84,304,392
1259.04,336,429
1259.24,353,445
1259.44,352,430
1259.64,364,428
1259.84,368,432
1260.04,368,431
1260.24,362,427
1260.44,351,422
1260.64,346,420
1260.84,345,417
1261.04,348,420
1261.24,351,422
1261.44,355,424
1261.64,357,424
1261.84,359,425
1262.04,362,426
1262.24,365,427
1262.44,367,428
1262.64,370,430
1262.84,374,431
1263.04,375,431
1263.24,376,431
1263.44,374,431
1263.64,361,424
1263.84,346,421
1264.04,346,420
1264.24,350,423
1264.44,355,425
1264.64,359,427
1264.84,363,429
1265.04,366,430
1265.24,370,431
1265.44,372,433
1265.64,373,433
1265.84,366,426
1266.04,355,426
1266.24,349,422
1266.44,345,419
1266.64,347,420
1266.84,354,424
1267.04,364,428
1267.24,371,431
1267.44,375,433
1267.64,378,434
1267.84,380,435
1268.04,383,436
1268.24,380,434
1268.44,369,428
1268.64,355,422
1268.84,348,419
1269.04,352,422
1269.24,358,423
1269.44,364,424
1269.64,370,426
1269.84,375,429
1270.04,379,430
1270.24,383,432
1270.44,387,433
1270.64,390,434
1270.84,384,439
1271.04,355,433
1271.24,330,423
1271.44,309,402
1271.64,295,391
1271.84,289,377
1272.04,306,392
1272.24,344,423
1272.44,364,434
1272.64,364,431
1272.84,363,428
1273.04,358,426
1273.24,350,419
1273.44,355,420
1273.64,359,420
1273.84,366,421
1274.04,372,424
1274.24,376,427
1274.44,381,429
1274.64,385,431
1274.84,384,432
1275.04,374,430
1275.24,367,426
1275.44,360,423
1275.64,356,420
1275.84,357,419
1276.04,362,421
1276.24,366,423
1276.44,369,425
1276.64,374,427
1276.84,378,430
1277.04,383,432
1277.24,386,434
1277.44,376,427
1277.64,361,427
1277.84,353,420
1278.04,351,416
1278.24,354,417
1278.44,357,419
1278.64,361,421
1278.84,365,422
1279.04,369,424
1279.24,372,427
1279.44,376,429
1279.64,379,430
1279.84,382,432
1280.04,382,431
1280.24,368,424
1280.44,362,421
1280.64,354,418
1280.84,355,417
1281.04,358,419
1281.24,362,421
1281.44,366,422
1281.64,372,424
1281.84,375,427
1282.04,379,428
1282.24,383,430
1282.44,384,429
1282.64,374,426
1282.84,371,426
1283.04,355,419
1283.24,352,415
1283.44,356,418
1283.64,362,420
1283.84,368,421
1284.04,374,423
1284.24,379,426
1284.44,382,429
1284.64,386,431
1284.84,391,432
1285.04,391,433
1285.24,388,432
1285.44,377,427
1285.64,365,421
1285.84,358,418
1286.04,354,415
1286.24,351,412
1286.44,350,408
1286.64,350,413
1286.84,355,416
1287.04,361,418
1287.24,367,422
1287.44,371,424
1287.64,375,427
1287.84,376,428
1288.04,371,432
1288.24,372,432
1288.44,372,432
1288.64,358,425
1288.84,348,420
1289.04,348,420
1289.24,348,422
1289.44,350,423
1289.64,351,424
1289.84,352,424
1290.04,355,424
1290.24,358,426
1290.44,360,427
1290.64,363,428
1290.84,366,428
1291.04,370,430
1291.24,374,431
1291.44,378,432
1291.64,382,434
1291.84,386,435
1292.04,389,436
1292.24,391,437
1292.44,389,436
1292.64,384,434
1292.84,376,430
1293.04,367,427
1293.24,361,425
1293.44,354,421
1293.64,349,420
1293.84,349,420
1294.04,352,421
1294.24,357,423
1294.44,362,426
1294.64,368,428
1294.84,375,431
1295.04,381,433
1295.24,386,434
1295.44,389,436
1295.64,392,438
1295.84,375,429
1296.04,358,429
1296.24,349,423
1296.44,351,423
1296.64,354,426
1296.84,358,427
1297.04,362,428
1297.24,364,429
1297.44,367,430
1297.64,370,432
1297.84,372,433
1298.04,375,435
1298.24,377,435
1298.44,377,436
1298.64,368,429
1298.84,364,429
1299.04,355,424
1299.24,355,424
1299.44,356,425
1299.64,359,426
1299.84,362,428
1300.04,366,429
1300.24,370,431
1300.44,376,433
1300.64,382,436
1300.84,382,437
1301.04,378,435
1301.24,371,431
1301.44,364,428
1301.64,359,425
1301.84,353,422
1302.04,352,421
1302.24,353,421
1302.44,358,424
1302.64,364,427
1302.84,369,429
1303.04,372,430
1303.24,375,432
1303.44,379,434
1303.64,385,437
1303.84,364,437
1304.04,339,432
1304.24,325,422
1304.44,306,397
1304.64,294,379
1304.84,304,392
1305.04,336,429
1305.24,353,445
1305.44,352,430
1305.64,364,428
1305.84,368,432
1306.04,368,431
1306.24,362,427
1306.44,351,422
1306.64,346,420
1306.84,345,417
1307.04,348,420
1307.24,351,422
1307.44,355,424
1307.64,357,424
1307.84,359,425
1308.04,362,426
1308.24,365,427
1308.44,367,428
1308.64,370,430
1308.84,374,431
1309.04,375,431
1309.24,376,431
1309.44,374,431
1309.64,361,424
1309.84,346,421
1310.04,346,420
1310.24,350,423
1310.44,355,425
1310.64,359,427
1310.84,363,429
1311.04,366,430
1311.24,370,431
1311.44,372,433
1311.64,373,433
1311.84,366,426
1312.04,355,426
1312.24,349,422
1312.44,345,419
1312.64,347,420
1312.84,354,424
1313.04,364,428
1313.24,371,431
1313.44,375,433
1313.64,378,434
1313.84,380,435
1314.04,383,436
1314.24,380,434
1314.44,369,428
1314.64,355,422
1314.84,348,419
1315.04,352,422
1315.24,358,423
1315.44,364,424
1315.64,370,426
1315.84,375,429
1316.04,379,430
1316.24,383,432
1316.44,387,433
1316.64,390,434
1316.84,384,439
1317.04,355,433
1317.24,330,423
1317.44,309,402
1317.64,295,391
1317.84,289,377
1318.04,306,392
1318.24,344,423
1318.44,364,434
1318.64,364,431
1318.84,363,428
1319.04,358,426
1319.24,350,419
1319.44,355,420
1319.64,359,420
1319.84,366,421
1320.04,372,424
1320.24,376,427
1320.44,381,429
1320.64,385,431
1320.84,384,432
1321.04,374,430
1321.24,367,426
1321.44,360,423
1321.64,356,420
1321.84,357,419
1322.04,362,421
1322.24,366,423
1322.44,369,425
1322.64,374,427
1322.84,378,430
1323.04,383,432
1323.24,386,434
1323.44,376,427
1323.64,361,427
1323.84,353,420
1324.04,351,416
1324.24,354,417
1324.44,357,419
1324.64,361,421
1324.84,365,422
1325.04,369,424
1325.24,372,427
1325.44,376,429
1325.64,379,430
1325.84,382,432
1326.04,382,431
1326.24,368,424
1326.44,362,421
1326.64,354,418
1326.84,355,417
1327.04,358,419
1327.24,362,421
1327.44,366,422
1327.64,372,424
1327.84,375,427
1328.04,379,428
1328.24,383,430
1328.44,384,429
1328.64,374,426
1328.84,371,426
1329.04,355,419
1329.24,352,415
1329.44,356,418
1329.64,362,420
1329.84,368,421
1330.04,374,423
1330.24,379,426
1330.44,382,429
1330.64,386,431
1330.84,391,432
1331.04,391,433
1331.24,388,432
1331.44,377,427
1331.64,365,421
1331.84,358,418
1332.04,354,415
1332.24,351,412
1332.44,350,408
1332.64,350,413
1332.84,355,416
1333.04,361,418
1333.24,367,422
1333.44,371,424
1333.64,375,427
1333.84,376,428
1334.04,371,432
1334.24,372,432
1334.44,372,432
1334.64,358,425
1334.84,348,420
1335.04,348,420
1335.24,348,422
1335.44,350,423
1335.64,351,424
1335.84,352,424
1336.04,355,424
1336.24,358,426
1336.44,360,427
1336.64,363,428
1336.84,366,428
1337.04,370,430
1337.24,374,431
1337.44,378,432
1337.64,382,434
1337.84,386,435
1338.04,389,436
1338.24,391,437
1338.44,389,436
1338.64,384,434
1338.84,376,430
1339.04,367,427
1339.24,361,425
1339.44,354,421
1339.64,349,420
1339.84,349,420
1340.04,352,421
1340.24,357,423
1340.44,362,426
1340.64,368,428
1340.84,375,431
1341.04,381,433
1341.24,386,434
1341.44,389,436
1341.64,392,438
1341.84,375,429
1342.04,358,429
1342.24,349,423
1342.44,351,423
1342.64,354,426
1342.84,358,427
1343.04,362,428
1343.24,364,429
1343.44,367,430
1343.64,370,432
1343.84,372,433
1344.04,375,435
1344.24,377,435
1344.44,377,436
1344.64,368,429
1344.84,364,429
1345.04,355,424
1345.24,355,424
1345.44,356,425
1345.64,359,426
1345.84,362,428
1346.04,366,429
1346.24,370,431
1346.44,376,433
1346.64,382,436
1346.84,382,437
1347.04,378,435
1347.24,371,431
1347.44,364,428
1347.64,359,425
1347.84,353,422
1348.04,352,421
1348.24,353,421
1348.44,358,424
1348.64,364,427
1348.84,369,429
1349.04,372,430
1349.24,375,432
1349.44,379,434
1349.64,385,437
1349.84,364,437
1350.04,339,432
1350.24,325,422
1350.44,306,397
1350.64,294,379
1350.84,304,392
1351.04,336,429
1351.24,353,445
1351.44,352,430
1351.64,364,428
1351.84,368,432
1352.04,368,431
1352.24,362,427
1352.44,351,422
1352.64,346,420
1352.84,345,417
1353.04,348,420
1353.24,351,422
1353.44,355,424
1353.64,357,424
1353.84,359,425
1354.04,362,426
1354.24,365,427
1354.44,367,428
1354.64,370,430
1354.84,374,431
1355.04,375,431
1355.24,376,431
1355.44,374,431
1355.64,361,424
1355.84,346,421
1356.04,346,420
1356.24,350,423
1356.44,355,425
1356.64,359,427
1356.84,363,429
1357.04,366,430
1357.24,370,431
1357.44,372,433
1357.64,373,433
1357.84,366,426
1358.04,355,426
1358.24,349,422
1358.44,345,419
1358.64,347,420
1358.84,354,424
1359.04,364,428
1359.24,371,431
1359.44,375,433
1359.64,378,434
1359.84,380,435
1360.04,383,436
1360.24,380,434
1360.44,369,428
1360.64,355,422
1360.84,348,419
1361.04,352,422
1361.24,358,423
1361.44,364,424
1361.64,370,426
1361.84,375,429
1362.04,379,430
1362.24,383,432
1362.44,387,433
1362.64,390,434
1362.84,384,439
1363.04,355,433
1363.24,330,423
1363.44,309,402
1363.64,295,391
1363.84,289,377
1364.04,306,392
1364.24,344,423
1364.44,364,434
1364.64,364,431
1364.84,363,428
1365.04,358,426
1365.24,350,419
1365.44,355,420
1365.64,359,420
1365.84,366,421
1366.04,372,424
1366.24,376,427
1366.44,381,429
1366.64,385,431
1366.84,384,432
1367.04,374,430
1367.24,367,426
1367.44,360,423
1367.64,356,420
1367.84,357,419
1368.04,362,421
1368.24,366,423
1368.44,369,425
1368.64,374,427
1368.84,378,430
1369.04,383,432
1369.24,386,434
1369.44,376,427
1369.64,361,427
1369.84,353,420
1370.04,351,416
1370.24,354,417
1370.44,357,419
1370.64,361,421
1370.84,365,422
1371.04,369,424
1371.24,372,427
1371.44,376,429
1371.64,379,430
1371.84,382,432
1372.04,382,431
1372.24,368,424
1372.44,362,421
1372.64,354,418
1372.84,355,417
1373.04,358,419
1373.24,362,421
1373.44,366,422
1373.64,372,424
1373.84,375,427
1374.04,379,428
1374.24,383,430
1374.44,384,429
1374.64,374,426
1374.84,371,426
1375.04,355,419
1375.24,352,415
1375.44,356,418
1375.64,362,420
1375.84,368,421
1376.04,374,423
1376.24,379,426
1376.44,382,429
1376.64,386,431
1376.84,391,432
1377.04,391,433
1377.24,388,432
1377.44,377,427
1377.64,365,421
1377.84,358,418
1378.04,354,415
1378.24,351,412
1378.44,350,408
1378.64,350,413
1378.84,355,416
1379.04,361,418
1379.24,367,422
1379.44,371,424
1379.64,375,427
1379.84,376,428
1380.04,371,432
1380.24,372,432
1380.44,372,432
1380.64,358,425
1380.84,348,420
1381.04,348,420
1381.24,348,422
1381.44,350,423
1381.64,351,424
1381.84,352,424
1382.04,355,424
1382.24,358,426
1382.44,360,427
1382.64,363,428
1382.84,366,428
1383.04,370,430
1383.24,374,431
1383.44,378,432
1383.64,382,434
1383.84,386,435
1384.04,389,436
1384.24,391,437
1384.44,389,436
1384.64,384,434
1384.84,376,430
1385.04,367,427
1385.24,361,425
1385.44,354,421
1385.64,349,420
1385.84,349,420
1386.04,352,421
1386.24,357,423
1386.44,362,426
1386.64,368,428
1386.84,375,431
1387.04,381,433
1387.24,386,434
1387.44,389,436
1387.64,392,438
1387.84,375,429
1388.04,358,429
1388.24,349,423
1388.44,351,423
1388.64,354,426
1388.84,358,427
1389.04,362,428
1389.24,364,429
1389.44,367,430
1389.64,370,432
1389.84,372,433
1390.04,375,435
1390.24,377,435
1390.44,377,436
1390.64,368,429
1390.84,364,429
1391.04,355,424
1391.24,355,424
1391.44,356,425
1391.64,359,426
1391.84,362,428
1392.04,366,429
1392.24,370,431
1392.44,376,433
1392.64,382,436
1392.84,382,437
1393.04,378,435
1393.24,371,431
1393.44,364,428
1393.64,359,425
1393.84,353,422
1394.04,352,421
1394.24,353,421
1394.44,358,424
1394.64,364,427
1394.84,369,429
1395.04,372,430
1395.24,375,432
1395.44,379,434
1395.64,385,437
1395.84,364,437
1396.04,339,432
1396.24,325,422
1396.44,306,397
1396.64,294,379
1396.84,304,392
1397.04,336,429
1397.24,353,445
1397.44,352,430
1397.64,364,428
1397.84,368,432
1398.04,368,431
1398.24,362,427
1398.44,351,422
1398.64,346,420
1398.84,345,417
1399.04,348,420
1399.24,351,422
1399.44,355,424
1399.64,357,424
1399.84,359,425
1400.04,362,426
1400.24,365,427
1400.44,367,428
1400.64,370,430
1400.84,374,431
1401.04,375,431
1401.24,376,431
1401.44,374,431
1401.64,361,424
1401.84,346,421
1402.04,346,420
1402.24,350,423
1402.44,355,425
1402.64,359,427
1402.84,363,429
1403.04,366,430
1403.24,370,431
1403.44,372,433
1403.64,373,433
1403.84,366,426
1404.04,355,426
1404.24,349,422
1404.44,345,419
1404.64,347,420
1404.84,354,424
1405.04,364,428
1405.24,371,431
1405.44,375,433
1405.64,378,434
1405.84,380,435
1406.04,383,436
1406.24,380,434
1406.44,369,428
1406.64,355,422
1406.84,348,419
1407.04,352,422
1407.24,358,423
1407.44,364,424
1407.64,370,426
1407.84,375,429
1408.04,379,430
1408.24,383,432
1408.44,387,433
1408.64,390,434
1408.84,384,439
1409.04,355,433
1409.24,330,423
1409.44,309,402
1409.64,295,391
1409.84,289,377
1410.04,306,392
1410.24,344,423
1410.44,364,434
1410.64,364,431
1410.84,363,428
1411.04,358,426
1411.24,350,419
1411.44,355,420
1411.64,359,420
1411.84,366,421
1412.04,372,424
1412.24,376,427
1412.44,381,429
1412.64,385,431
1412.84,384,432
1413.04,374,430
1413.24,367,426
1413.44,360,423
1413.64,356,420
1413.84,357,419
1414.04,362,421
1414.24,366,423
1414.44,369,425
1414.64,374,427
1414.84,378,430
1415.04,383,432
1415.24,386,434
1415.44,376,427
1415.64,361,427
1415.84,353,420
1416.04,351,416
1416.24,354,417
1416.44,357,419
1416.64,361,421
1416.84,365,422
1417.04,369,424
1417.24,372,427
1417.44,376,429
1417.64,379,430
1417.84,382,432
1418.04,382,431
1418.24,368,424
1418.44,362,421
1418.64,354,418
1418.84,355,417
1419.04,358,419
1419.24,362,421
1419.44,366,422
1419.64,372,424
1419.84,375,427
1420.04,379,428
1420.24,383,430
1420.44,384,429
1420.64,374,426
1420.84,371,426
1421.04,355,419
1421.24,352,415
1421.44,356,418
1421.64,362,420
1421.84,368,421
1422.04,374,423
1422.24,379,426
1422.44,382,429
1422.64,386,431
1422.84,391,432
1423.04,391,433
1423.24,388,432
1423.44,377,427
1423.64,365,421
1423.84,358,418
1424.04,354,415
1424.24,351,412
1424.44,350,408
1424.64,350,413
1424.84,355,416
1425.04,361,418
1425.24,367,422
1425.44,371,424
1425.64,375,427
1425.84,376,428
1426.04,371,432
1426.24,372,432
1426.44,372,432
1426.64,358,425
1426.84,348,420
1427.04,348,420
1427.24,348,422
1427.44,350,423
1427.64,351,424
1427.84,352,424
1428.04,355,424
1428.24,358,426
1428.44,360,427
1428.64,363,428
1428.84,366,428
1429.04,370,430
1429.24,374,431
1429.44,378,432
1429.64,382,434
1429.84,386,435
1430.04,389,436
1430.24,391,437
1430.44,389,436
1430.64,384,434
1430.84,376,430
1431.04,367,427
1431.24,361,425
1431.44,354,421
1431.64,349,420
1431.84,349,420
1432.04,352,421
1432.24,357,423
1432.44,362,426
1432.64,368,428
1432.84,375,431
1433.04,381,433
1433.24,386,434
1433.44,389,436
1433.64,392,438
1433.84,375,429
1434.04,358,429
1434.24,349,423
1434.44,351,423
1434.64,354,426
1434.84,358,427
1435.04,362,428
1435.24,364,429
1435.44,367,430
1435.64,370,432
1435.84,372,433
1436.04,375,435
1436.24,377,435
1436.44,377,436
1436.64,368,429
1436.84,364,429
1437.04,355,424
1437.24,355,424
1437.44,356,425
1437.64,359,426
1437.84,362,428
1438.04,366,429
1438.24,370,431
1438.44,376,433
1438.64,382,436
1438.84,382,437
1439.04,378,435
1439.24,371,431
1439.44,364,428
1439.64,359,425
1439.84,353,422
1440.04,352,421
1440.24,353,421
1440.44,358,424
1440.64,364,427
1440.84,369,429
1441.04,372,430
1441.24,375,432
1441.44,379,434
1441.64,385,437
1441.84,364,437
1442.04,339,432
1442.24,325,422
1442.44,306,397
1442.64,294,379
1442.84,304,392
1443.04,336,429
1443.24,353,445
1443.44,352,430
1443.64,364,428
1443.84,368,432
1444.04,368,431
1444.24,362,427
1444.44,351,422
1444.64,346,420
1444.84,345,417
1445.04,348,420
1445.24,351,422
1445.44,355,424
1445.64,357,424
1445.84,359,425
1446.04,362,426
1446.24,365,427
1446.44,367,428
1446.64,370,430
1446.84,374,431
1447.04,375,431
1447.24,376,431
1447.44,374,431
1447.64,361,424
1447.84,346,421
1448.04,346,420
1448.24,350,423
1448.44,355,425
1448.64,359,427
1448.84,363,429
1449.04,366,430
1449.24,370,431
1449.44,372,433
1449.64,373,433
1449.84,366,426
1450.04,355,426
1450.24,349,422
1450.44,345,419
1450.64,347,420
1450.84,354,424
1451.04,364,428
1451.24,371,431
1451.44,375,433
1451.64,378,434
1451.84,380,435
1452.04,383,436
1452.24,380,434
1452.44,369,428
1452.64,355,422
1452.84,348,419
1453.04,352,422
1453.24,358,423
1453.44,364,424
1453.64,370,426
1453.84,375,429
1454.04,379,430
1454.24,383,432
1454.44,387,433
1454.64,390,434
1454.84,384,439
1455.04,355,433
1455.24,330,423
1455.44,309,402
1455.64,295,391
1455.84,289,377
1456.04,306,392
1456.24,344,423
1456.44,364,434
1456.64,364,431
1456.84,363,428
1457.04,358,426
1457.24,350,419
1457.44,355,420
1457.64,359,420
1457.84,366,421
1458.04,372,424
1458.24,376,427
1458.44,381,429
1458.64,385,431
1458.84,384,432
1459.04,374,430
1459.24,367,426
1459.44,360,423
1459.64,356,420
1459.84,357,419
1460.04,362,421
1460.24,366,423
1460.44,369,425
1460.64,374,427
1460.84,378,430
1461.04,383,432
1461.24,386,434
1461.44,376,427
1461.64,361,427
1461.84,353,420
1462.04,351,416
1462.24,354,417
1462.44,357,419
1462.64,361,421
1462.84,365,422
1463.04,369,424
1463.24,372,427
1463.44,376,429
1463.64,379,430
1463.84,382,432
1464.04,382,431
1464.24,368,424
1464.44,362,421
1464.64,354,418
1464.84,355,417
1465.04,358,419
1465.24,362,421
1465.44,366,422
1465.64,372,424
1465.84,375,427
1466.04,379,428
1466.24,383,430
1466.44,384,429
1466.64,374,426
1466.84,371,426
1467.04,355,419
1467.24,352,415
1467.44,356,418
1467.64,362,420
1467.84,368,421
1468.04,374,423
1468.24,379,426
1468.44,382,429
1468.64,386,431
1468.84,391,432
1469.04,391,433
1469.24,388,432
1469.44,377,427
1469.64,365,421
1469.84,358,418
1470.04,354,415
1470.24,351,412
1470.44,350,408
1470.64,350,413
1470.84,355,416
1471.04,361,418
1471.24,367,422
1471.44,371,424
1471.64,375,427
1471.84,376,428
1472.04,371,432
1472.24,372,432
1472.44,372,432
1472.64,358,425
1472.84,348,420
1473.04,348,420
1473.24,348,422
1473.44,350,423
1473.64,351,424
1473.84,352,424
1474.04,355,424
1474.24,358,426
1474.44,360,427
1474.64,363,428
1474.84,366,428
1475.04,370,430
1475.24,374,431
1475.44,378,432
1475.64,382,434
1475.84,386,435
1476.04,389,436
1476.24,391,437
1476.44,389,436
1476.64,384,434
1476.84,376,430
1477.04,367,427
1477.24,361,425
1477.44,354,421
1477.64,349,420
1477.84,349,420
1478.04,352,421
1478.24,357,423
1478.44,362,426
1478.64,368,428
1478.84,375,431
1479.04,381,433
1479.24,386,434
1479.44,389,436
1479.64,392,438
1479.84,375,429
1480.04,358,429
1480.24,349,423
1480.44,351,423
1480.64,354,426
1480.84,358,427
1481.04,362,428
1481.24,364,429
1481.44,367,430
1481.64,370,432
1481.84,372,433
1482.04,375,435
1482.24,377,435
1482.44,377,436
1482.64,368,429
1482.84,364,429
1483.04,355,424
1483.24,355,424
1483.44,356,425
1483.64,359,426
1483.84,362,428
1484.04,366,429
1484.24,370,431
1484.44,376,433
1484.64,382,436
1484.84,382,437
1485.04,378,435
1485.24,371,431
1485.44,364,428
1485.64,359,425
1485.84,353,422
1486.04,352,421
1486.24,353,421
1486.44,358,424
1486.64,364,427
1486.84,369,429
1487.04,372,430
1487.24,375,432
1487.44,379,434
1487.64,385,437
1487.84,364,437
1488.04,339,432
1488.24,325,422
1488.44,306,397
1488.64,294,379
1488.84,304,392
1489.04,336,429
1489.24,353,445
1489.44,352,430
1489.64,364,428
1489.84,368,432
1490.04,368,431
1490.24,362,427
1490.44,351,422
1490.64,346,420
1490.84,345,417
1491.04,348,420
1491.24,351,422
1491.44,355,424
1491.64,357,424
1491.84,359,425
1492.04,362,426
1492.24,365,427
1492.44,367,428
1492.64,370,430
1492.84,374,431
1493.04,375,431
1493.24,376,431
1493.44,374,431
1493.64,361,424
1493.84,346,421
1494.04,346,420
1494.24,350,423
1494.44,355,425
1494.64,359,427
1494.84,363,429
1495.04,366,430
1495.24,370,431
1495.44,372,433
1495.64,373,433
1495.84,366,426
1496.04,355,426
1496.24,349,422
1496.44,345,419
1496.64,347,420
1496.84,354,424
1497.04,364,428
1497.24,371,431
1497.44,375,433
1497.64,378,434
1497.84,380,435
1498.04,383,436
1498.24,380,434
1498.44,369,428
1498.64,355,422
1498.84,348,419
1499.04,352,422
1499.24,358,423
1499.44,364,424
1499.64,370,426
1499.84,375,429
1500.04,379,430
1500.24,383,432
1500.44,387,433
1500.64,390,434
1500.84,384,439
1501.04,355,433
1501.24,330,423
1501.44,309,402
1501.64,295,391
1501.84,289,377
1502.04,306,392
1502.24,344,423
1502.44,364,434
1502.64,364,431
1502.84,363,428
1503.04,358,426
1503.24,350,419
1503.44,355,420
1503.64,359,420
1503.84,366,421
1504.04,372,424
1504.24,376,427
1504.44,381,429
1504.64,385,431
1504.84,384,432
1505.04,374,430
1505.24,367,426
1505.44,360,423
1505.64,356,420
1505.84,357,419
1506.04,362,421
1506.24,366,423
1506.44,369,425
1506.64,374,427
1506.84,378,430
1507.04,383,432
1507.24,386,434
1507.44,376,427
1507.64,361,427
1507.84,353,420
1508.04,351,416
1508.24,354,417
1508.44,357,419
1508.64,361,421
1508.84,365,422
1509.04,369,424
1509.24,372,427
1509.44,376,429
1509.64,379,430
1509.84,382,432
1510.04,382,431
1510.24,368,424
1510.44,362,421
1510.64,354,418
1510.84,355,417
1511.04,358,419
1511.24,362,421
1511.44,366,422
1511.64,372,424
1511.84,375,427
1512.04,379,428
1512.24,383,430
1512.44,384,429
1512.64,374,426
1512.84,371,426
1513.04,355,419
1513.24,352,415
1513.44,356,418
1513.64,362,420
1513.84,368,421
1514.04,374,423
1514.24,379,426
1514.44,382,429
1514.64,386,431
1514.84,391,432
1515.04,391,433
1515.24,388,432
1515.44,377,427
1515.64,365,421
1515.84,358,418
1516.04,354,415
1516.24,351,412
1516.44,350,408
1516.64,350,413
1516.84,355,416
1517.04,361,418
1517.24,367,422
1517.44,371,424
1517.64,375,427
1517.84,376,428
1518.04,371,432
1518.24,372,432
1518.44,372,432
1518.64,358,425
1518.84,348,420
1519.04,348,420
1519.24,348,422
1519.44,350,423
1519.64,351,424
1519.84,352,424
1520.04,355,424
1520.24,358,426
1520.44,360,427
1520.64,363,428
1520.84,366,428
1521.04,370,430
1521.24,374,431
1521.44,378,432
1521.64,382,434
1521.84,386,435
1522.04,389,436
1522.24,391,437
1522.44,389,436
1522.64,384,434
1522.84,376,430
1523.04,367,427
1523.24,361,425
1523.44,354,421
1523.64,349,420
1523.84,349,420
1524.04,352,421
1524.24,357,423
1524.44,362,426
1524.64,368,428
1524.84,375,431
1525.04,381,433
1525.24,386,434
1525.44,389,436
1525.64,392,438
1525.84,375,429
1526.04,358,429
1526.24,349,423
1526.44,351,423
1526.64,354,426
1526.84,358,427
1527.04,362,428
1527.24,364,429
1527.44,367,430
1527.64,370,432
1527.84,372,433
1528.04,375,435
1528.24,377,435
1528.44,377,436
1528.64,368,429
1528.84,364,429
1529.04,355,424
1529.24,355,424
1529.44,356,425
1529.64,359,426
1529.84,362,428
1530.04,366,429
1530.24,370,431
1530.44,376,433
1530.64,382,436
1530.84,382,437
1531.04,378,435
1531.24,371,431
1531.44,364,428
1531.64,359,425
1531.84,353,422
1532.04,352,421
1532.24,353,421
1532.44,358,424
1532.64,364,427
1532.84,369,429
1533.04,372,430
1533.24,375,432
1533.44,379,434
1533.64,385,437
1533.84,364,437
1534.04,339,432
1534.24,325,422
1534.44,306,397
1534.64,294,379
1534.84,304,392
1535.04,336,429
1535.24,353,445
1535.44,352,430
1535.64,364,428
1535.84,368,432
1536.04,368,431
1536.24,362,427
1536.44,351,422
1536.64,346,420
1536.84,345,417
1537.04,348,420
1537.24,351,422
1537.44,355,424
1537.64,357,424
1537.84,359,425
1538.04,362,426
1538.24,365,427
1538.44,367,428
1538.64,370,430
1538.84,374,431
1539.04,375,431
1539.24,376,431
1539.44,374,431
1539.64,361,424
1539.84,346,421
1540.04,346,420
1540.24,350,423
1540.44,355,425
1540.64,359,427
1540.84,363,429
1541.04,366,430
1541.24,370,431
1541.44,372,433
1541.64,373,433
1541.84,366,426
1542.04,355,426
1542.24,349,422
1542.44,345,419
1542.64,347,420
1542.84,354,424
1543.04,364,428
1543.24,371,431
1543.44,375,433
1543.64,378,434
1543.84,380,435
1544.04,383,436
1544.24,380,434
1544.44,369,428
1544.64,355,422
1544.84,348,419
1545.04,352,422
1545.24,358,423
1545.44,364,424
1545.64,370,426
1545.84,375,429
1546.04,379,430
1546.24,383,432
1546.44,387,433
1546.64,390,434
1546.84,384,439
1547.04,355,433
1547.24,330,423
1547.44,309,402
1547.64,295,391
1547.84,289,377
1548.04,306,392
1548.24,344,423
1548.44,364,434
1548.64,364,431
1548.84,363,428
1549.04,358,426
1549.24,350,419
1549.44,355,420
1549.64,359,420
1549.84,366,421
1550.04,372,424
1550.24,376,427
1550.44,381,429
1550.64,385,431
1550.84,384,432
1551.04,374,430
1551.24,367,426
1551.44,360,423
1551.64,356,420
1551.84,357,419
1552.04,362,421
1552.24,366,423
1552.44,369,425
1552.64,374,427
1552.84,378,430
1553.04,383,432
1553.24,386,434
1553.44,376,427
1553.64,361,427
1553.84,353,420
1554.04,351,416
1554.24,354,417
1554.44,357,419
1554.64,361,421
1554.84,365,422
1555.04,369,424
1555.24,372,427
1555.44,376,429
1555.64,379,430
1555.84,382,432
1556.04,382,431
1556.24,368,424
1556.44,362,421
1556.64,354,418
1556.84,355,417
1557.04,358,419
1557.24,362,421
1557.44,366,422
1557.64,372,424
1557.84,375,427
1558.04,379,428
1558.24,383,430
1558.44,384,429
1558.64,374,426
1558.84,371,426
1559.04,355,419
1559.24,352,415
1559.44,356,418
1559.64,362,420
1559.84,368,421
1560.04,374,423
1560.24,379,426
1560.44,382,429
1560.64,386,431
1560.84,391,432
1561.04,391,433
1561.24,388,432
1561.44,377,427
1561.64,365,421
1561.84,358,418
1562.04,354,415
1562.24,351,412
1562.44,350,408
1562.64,350,413
1562.84,355,416
1563.04,361,418
1563.24,367,422
1563.44,371,424
1563.64,375,427
1563.84,376,428
1564.04,371,432
1564.24,372,432
1564.44,372,432
1564.64,358,425
1564.84,348,420
1565.04,348,420
1565.24,348,422
1565.44,350,423
1565.64,351,424
1565.84,352,424
1566.04,355,424
1566.24,358,426
1566.44,360,427
1566.64,363,428
1566.84,366,428
1567.04,370,430
1567.24,374,431
1567.44,378,432
1567.64,382,434
1567.84,386,435
1568.04,389,436
1568.24,391,437
1568.44,389,436
1568.64,384,434
1568.84,376,430
1569.04,367,427
1569.24,361,425
1569.44,354,421
1569.64,349,420
1569.84,349,420
1570.04,352,421
1570.24,357,423
1570.44,362,426
1570.64,368,428
1570.84,375,431
1571.04,381,433
1571.24,386,434
1571.44,389,436
1571.64,392,438
1571.84,375,429
1572.04,358,429
1572.24,349,423
1572.44,351,423
1572.64,354,426
1572.84,358,427
1573.04,362,428
1573.24,364,429
1573.44,367,430
1573.64,370,432
1573.84,372,433
1574.04,375,435
1574.24,377,435
1574.44,377,436
1574.64,368,429
1574.84,364,429
1575.04,355,424
1575.24,355,424
1575.44,356,425
1575.64,359,426
1575.84,362,428
1576.04,366,429
1576.24,370,431
1576.44,376,433
1576.64,382,436
1576.84,382,437
1577.04,378,435
1577.24,371,431
1577.44,364,428
1577.64,359,425
1577.84,353,422
1578.04,352,421
1578.24,353,421
1578.44,358,424
1578.64,364,427
1578.84,369,429
1579.04,372,430
1579.24,375,432
1579.44,379,434
1579.64,385,437
1579.84,364,437
1580.04,339,432
1580.24,325,422
1580.44,306,397
1580.64,294,379
1580.84,304,392
1581.04,336,429
1581.24,353,445
1581.44,352,430
1581.64,364,428
1581.84,368,432
1582.04,368,431
1582.24,362,427
1582.44,351,422
1582.64,346,420
1582.84,345,417
1583.04,348,420
1583.24,351,422
1583.44,355,424
1583.64,357,424
1583.84,359,425
1584.04,362,426
1584.24,365,427
1584.44,367,428
1584.64,370,430
1584.84,374,431
1585.04,375,431
1585.24,376,431
1585.44,374,431
1585.64,361,424
1585.84,346,421
1586.04,346,420
1586.24,350,423
1586.44,355,425
1586.64,359,427
1586.84,363,429
1587.04,366,430
1587.24,370,431
1587.44,372,433
1587.64,373,433
1587.84,366,426
1588.04,355,426
1588.24,349,422
1588.44,345,419
1588.64,347,420
1588.84,354,424
1589.04,364,428
1589.24,371,431
1589.44,375,433
1589.64,378,434
1589.84,380,435
1590.04,383,436
1590.24,380,434
1590.44,369,428
1590.64,355,422
1590.84,348,419
1591.04,352,422
1591.24,358,423
1591.44,364,424
1591.64,370,426
1591.84,375,429
1592.04,379,430
1592.24,383,432
1592.44,387,433
1592.64,390,434
1592.84,384,439
1593.04,355,433
1593.24,330,423
1593.44,309,402
1593.64,295,391
1593.84,289,377
1594.04,306,392
1594.24,344,423
1594.44,364,434
1594.64,364,431
1594.84,363,428
1595.04,358,426
1595.24,350,419
1595.44,355,420
1595.64,359,420
1595.84,366,421
1596.04,372,424
1596.24,376,427
1596.44,381,429
1596.64,385,431
1596.84,384,432
1597.04,374,430
1597.24,367,426
1597.44,360,423
1597.64,356,420
1597.84,357,419
1598.04,362,421
1598.24,366,423
1598.44,369,425
1598.64,374,427
1598.84,378,430
1599.04,383,432
1599.24,386,434
1599.44,376,427
1599.64,361,427
1599.84,353,420
1600.04,351,416
1600.24,354,417
1600.44,357,419
1600.64,361,421
1600.84,365,422
1601.04,369,424
1601.24,372,427
1601.44,376,429
1601.64,379,430
1601.84,382,432
1602.04,382,431
1602.24,368,424
1602.44,362,421
1602.64,354,418
1602.84,355,417
1603.04,358,419
1603.24,362,421
1603.44,366,422
1603.64,372,424
1603.84,375,427
1604.04,379,428
1604.24,383,430
1604.44,384,429
1604.64,374,426
1604.84,371,426
1605.04,355,419
1605.24,352,415
1605.44,356,418
1605.64,362,420
1605.84,368,421
1606.04,374,423
1606.24,379,426
1606.44,382,429
1606.64,386,431
1606.84,391,432
1607.04,391,433
1607.24,388,432
1607.44,377,427
1607.64,365,421
1607.84,358,418
1608.04,354,415
1608.24,351,412
1608.44,350,408
1608.64,350,413
1608.84,355,416
1609.04,361,418
1609.24,367,422
1609.44,371,424
1609.64,375,427
1609.84,376,428
1610.04,371,432
1610.24,372,432
1610.44,372,432
1610.64,358,425
1610.84,348,420
1611.04,348,420
1611.24,348,422
1611.44,350,423
1611.64,351,424
1611.84,352,424
1612.04,355,424
1612.24,358,426
1612.44,360,427
1612.64,363,428
1612.84,366,428
1613.04,370,430
1613.24,374,431
1613.44,378,432
1613.64,382,434
1613.84,386,435
1614.04,389,436
1614.24,391,437
1614.44,389,436
1614.64,384,434
1614.84,376,430
1615.04,367,427
1615.24,361,425
1615.44,354,421
1615.64,349,420
1615.84,349,420
1616.04,352,421
1616.24,357,423
1616.44,362,426
1616.64,368,428
1616.84,375,431
1617.04,381,433
1617.24,386,434
1617.44,389,436
1617.64,392,438
1617.84,375,429
1618.04,358,429
1618.24,349,423
1618.44,351,423
1618.64,354,426
1618.84,358,427
1619.04,362,428
1619.24,364,429
1619.44,367,430
1619.64,370,432
1619.84,372,433
1620.04,375,435
1620.24,377,435
1620.44,377,436
1620.64,368,429
1620.84,364,429
1621.04,355,424
1621.24,355,424
1621.44,356,425
1621.64,359,426
1621.84,362,428
1622.04,366,429
1622.24,370,431
1622.44,376,433
1622.64,382,436
1622.84,382,437
1623.04,378,435
1623.24,371,431
1623.44,364,428
1623.64,359,425
1623.84,353,422
1624.04,352,421
1624.24,353,421
1624.44,358,424
1624.64,364,427
1624.84,369,429
1625.04,372,430
1625.24,375,432
1625.44,379,434
1625.64,385,437
1625.84,364,437
1626.04,339,432
1626.24,325,422
1626.44,306,397
1626.64,294,379
1626.84,304,392
1627.04,336,429
1627.24,353,445
1627.44,352,430
1627.64,364,428
1627.84,368,432
1628.04,368,431
1628.24,362,427
1628.44,351,422
1628.64,346,420
1628.84,345,417
1629.04,348,420
1629.24,351,422
1629.44,355,424
1629.64,357,424
1629.84,359,425
1630.04,362,426
1630.24,365,427
1630.44,367,428
1630.64,370,430
1630.84,374,431
1631.04,375,431
1631.24,376,431
1631.44,374,431
1631.64,361,424
1631.84,346,421
1632.04,346,420
1632.24,350,423
1632.44,355,425
1632.64,359,427
1632.84,363,429
1633.04,366,430
1633.24,370,431
1633.44,372,433
1633.64,373,433
1633.84,366,426
1634.04,355,426
1634.24,349,422
1634.44,345,419
1634.64,347,420
1634.84,354,424
1635.04,364,428
1635.24,371,431
1635.44,375,433
1635.64,378,434
1635.84,380,435
1636.04,383,436
1636.24,380,434
1636.44,369,428
1636.64,355,422
1636.84,348,419
1637.04,352,422
1637.24,358,423
1637.44,364,424
1637.64,370,426
1637.84,375,429
1638.04,379,430
1638.24,383,432
1638.44,387,433
1638.64,390,434
1638.84,384,439
1639.04,355,433
1639.24,330,423
1639.44,309,402
1639.64,295,391
1639.84,289,377
1640.04,306,392
1640.24,344,423
1640.44,364,434
1640.64,364,431
1640.84,363,428
1641.04,358,426
1641.24,350,419
1641.44,355,420
1641.64,359,420
1641.84,366,421
1642.04,372,424
1642.24,376,427
1642.44,381,429
1642.64,385,431
1642.84,384,432
1643.04,374,430
1643.24,367,426
1643.44,360,423
1643.64,356,420
1643.84,357,419
1644.04,362,421
1644.24,366,423
1644.44,369,425
1644.64,374,427
1644.84,378,430
1645.04,383,432
1645.24,386,434
1645.44,376,427
1645.64,361,427
1645.84,353,420
1646.04,351,416
1646.24,354,417
1646.44,357,419
1646.64,361,421
1646.84,365,422
1647.04,369,424
1647.24,372,427
1647.44,376,429
1647.64,379,430
1647.84,382,432
1648.04,382,431
1648.24,368,424
1648.44,362,421
1648.64,354,418
1648.84,355,417
1649.04,358,419
1649.24,362,421
1649.44,366,422
1649.64,372,424
1649.84,375,427
1650.04,379,428
1650.24,383,430
1650.44,384,429
1650.64,374,426
1650.84,371,426
1651.04,355,419
1651.24,352,415
1651.44,356,418
1651.64,362,420
1651.84,368,421
1652.04,374,423
1652.24,379,426
1652.44,382,429
1652.64,386,431
1652.84,391,432
1653.04,391,433
1653.24,388,432
1653.44,377,427
1653.64,365,421
1653.84,358,418
1654.04,354,415
1654.24,351,412
1654.44,350,408
1654.64,350,413
1654.84,355,416
1655.04,361,418
1655.24,367,422
1655.44,371,424
1655.64,375,427
1655.84,376,428
1656.04,371,432
1656.24,372,432
1656.44,372,432
1656.64,358,425
1656.84,348,420
1657.04,348,420
1657.24,348,422
1657.44,350,423
1657.64,351,424
1657.84,352,424
1658.04,355,424
1658.24,358,426
1658.44,360,427
1658.64,363,428
1658.84,366,428
1659.04,370,430
1659.24,374,431
1659.44,378,432
1659.64,382,434
1659.84,386,435
1660.04,389,436
1660.24,391,437
1660.44,389,436
1660.64,384,434
1660.84,376,430
1661.04,367,427
1661.24,361,425
1661.44,354,421
1661.64,349,420
1661.84,349,420
1662.04,352,421
1662.24,357,423
1662.44,362,426
1662.64,368,428
1662.84,375,431
1663.04,381,433
1663.24,386,434
1663.44,389,436
1663.64,392,438
1663.84,375,429
1664.04,358,429
1664.24,349,423
1664.44,351,423
1664.64,354,426
1664.84,358,427
1665.04,362,428
1665.24,364,429
1665.44,367,430
1665.64,370,432
1665.84,372,433
1666.04,375,435
1666.24,377,435
1666.44,377,436
1666.64,368,429
1666.84,364,429
1667.04,355,424
1667.24,355,424
1667.44,356,425
1667.64,359,426
1667.84,362,428
1668.04,366,429
1668.24,370,431
1668.44,376,433
1668.64,382,436
1668.84,382,437
1669.04,378,435
1669.24,371,431
1669.44,364,428
1669.64,359,425
1669.84,353,422
1670.04,352,421
1670.24,353,421
1670.44,358,424
1670.64,364,427
1670.84,369,429
1671.04,372,430
1671.24,375,432
1671.44,379,434
1671.64,385,437
1671.84,364,437
1672.04,339,432
1672.24,325,422
1672.44,306,397
1672.64,294,379
1672.84,304,392
1673.04,336,429
1673.24,353,445
1673.44,352,430
1673.64,364,428
1673.84,368,432
1674.04,368,431
1674.24,362,427
1674.44,351,422
1674.64,346,420
1674.84,345,417
1675.04,348,420
1675.24,351,422
1675.44,355,424
1675.64,357,424
1675.84,359,425
1676.04,362,426
1676.24,365,427
1676.44,367,428
1676.64,370,430
1676.84,374,431
1677.04,375,431
1677.24,376,431
1677.44,374,431
1677.64,361,424
1677.84,346,421
1678.04,346,420
1678.24,350,423
1678.44,355,425
1678.64,359,427
1678.84,363,429
1679.04,366,430
1679.24,370,431
1679.44,372,433
1679.64,373,433
1679.84,366,426
1680.04,355,426
1680.24,349,422
1680.44,345,419
1680.64,347,420
1680.84,354,424
1681.04,364,428
1681.24,371,431
1681.44,375,433
1681.64,378,434
1681.84,380,435
1682.04,383,436
1682.24,380,434
1682.44,369,428
1682.64,355,422
1682.84,348,419
1683.04,352,422
1683.24,358,423
1683.44,364,424
1683.64,370,426
1683.84,375,429
1684.04,379,430
1684.24,383,432
1684.44,387,433
1684.64,390,434
1684.84,384,439
1685.04,355,433
1685.24,330,423
1685.44,309,402
1685.64,295,391
1685.84,289,377
1686.04,306,392
1686.24,344,423
1686.44,364,434
1686.64,364,431
1686.84,363,428
1687.04,358,426
1687.24,350,419
1687.44,355,420
1687.64,359,420
1687.84,366,421
1688.04,372,424
1688.24,376,427
1688.44,381,429
1688.64,385,431
1688.84,384,432
1689.04,374,430
1689.24,367,426
1689.44,360,423
1689.64,356,420
1689.84,357,419
1690.04,362,421
1690.24,366,423
1690.44,369,425
1690.64,374,427
1690.84,378,430
1691.04,383,432
1691.24,386,434
1691.44,376,427
1691.64,361,427
1691.84,353,420
1692.04,351,416
1692.24,354,417
1692.44,357,419
1692.64,361,421
1692.84,365,422
1693.04,369,424
1693.24,372,427
1693.44,376,429
1693.64,379,430
1693.84,382,432
1694.04,382,431
1694.24,368,424
1694.44,362,421
1694.64,354,418
1694.84,355,417
1695.04,358,419
1695.24,362,421
1695.44,366,422
1695.64,372,424
1695.84,375,427
1696.04,379,428
1696.24,383,430
1696.44,384,429
1696.64,374,426
1696.84,371,426
1697.04,355,419
1697.24,352,415
1697.44,356,418
1697.64,362,420
1697.84,368,421
1698.04,374,423
1698.24,379,426
1698.44,382,429
1698.64,386,431
1698.84,391,432
1699.04,391,433
1699.24,388,432
1699.44,377,427
1699.64,365,421
1699.84,358,418
1700.04,354,415
1700.24,351,412
1700.44,350,408
1700.64,350,413
1700.84,355,416
1701.04,361,418
1701.24,367,422
1701.44,371,424
1701.64,375,427
1701.84,376,428
1702.04,371,432
1702.24,372,432
1702.44,372,432
1702.64,358,425
1702.84,348,420
1703.04,348,420
1703.24,348,422
1703.44,350,423
1703.64,351,424
1703.84,352,424
1704.04,355,424
1704.24,358,426
1704.44,360,427
1704.64,363,428
1704.84,366,428
1705.04,370,430
1705.24,374,431
1705.44,378,432
1705.64,382,434
1705.84,386,435
1706.04,389,436
1706.24,391,437
1706.44,389,436
1706.64,384,434
1706.84,376,430
1707.04,367,427
1707.24,361,425
1707.44,354,421
1707.64,349,420
1707.84,349,420
1708.04,352,421
1708.24,357,423
1708.44,362,426
1708.64,368,428
1708.84,375,431
1709.04,381,433
1709.24,386,434
1709.44,389,436
1709.64,392,438
1709.84,375,429
1710.04,358,429
1710.24,349,423
1710.44,351,423
1710.64,354,426
1710.84,358,427
1711.04,362,428
1711.24,364,429
1711.44,367,430
1711.64,370,432
1711.84,372,433
1712.04,375,435
1712.24,377,435
1712.44,377,436
1712.64,368,429
1712.84,364,429
1713.04,355,424
1713.24,355,424
1713.44,356,425
1713.64,359,426
1713.84,362,428
1714.04,366,429
1714.24,370,431
1714.44,376,433
1714.64,382,436
1714.84,382,437
1715.04,378,435
1715.24,371,431
1715.44,364,428
1715.64,359,425
1715.84,353,422
1716.04,352,421
1716.24,353,421
1716.44,358,424
1716.64,364,427
1716.84,369,429
1717.04,372,430
1717.24,375,432
1717.44,379,434
1717.64,385,437
1717.84,364,437
1718.04,339,432
1718.24,325,422
1718.44,306,397
1718.64,294,379
1718.84,304,392
1719.04,336,429
1719.24,353,445
1719.44,352,430
1719.64,364,428
1719.84,368,432
1720.04,368,431
1720.24,362,427
1720.44,351,422
1720.64,346,420
1720.84,345,417
1721.04,348,420
1721.24,351,422
1721.44,355,424
1721.64,357,424
1721.84,359,425
1722.04,362,426
1722.24,365,427
1722.44,367,428
1722.64,370,430
1722.84,374,431
1723.04,375,431
1723.24,376,431
1723.44,374,431
1723.64,361,424
1723.84,346,421
1724.04,346,420
1724.24,350,423
1724.44,355,425
1724.64,359,427
1724.84,363,429
1725.04,366,430
1725.24,370,431
1725.44,372,433
1725.64,373,433
1725.84,366,426
1726.04,355,426
1726.24,349,422
1726.44,345,419
1726.64,347,420
1726.84,354,424
1727.04,364,428
1727.24,371,431
1727.44,375,433
1727.64,378,434
1727.84,380,435
1728.04,383,436
1728.24,380,434
1728.44,369,428
1728.64,355,422
1728.84,348,419
1729.04,352,422
1729.24,358,423
1729.44,364,424
1729.64,370,426
1729.84,375,429
1730.04,379,430
1730.24,383,432
1730.44,387,433
1730.64,390,434
1730.84,384,439
1731.04,355,433
1731.24,330,423
1731.44,309,402
1731.64,295,391
1731.84,289,377
1732.04,306,392
1732.24,344,423
1732.44,364,434
1732.64,364,431
1732.84,363,428
1733.04,358,426
1733.24,350,419
1733.44,355,420
1733.64,359,420
1733.84,366,421
1734.04,372,424
1734.24,376,427
1734.44,381,429
1734.64,385,431
1734.84,384,432
1735.04,374,430
1735.24,367,426
1735.44,360,423
1735.64,356,420
1735.84,357,419
1736.04,362,421
1736.24,366,423
1736.44,369,425
1736.64,374,427
1736.84,378,430
1737.04,383,432
1737.24,386,434
1737.44,376,427
1737.64,361,427
1737.84,353,420
1738.04,351,416
1738.24,354,417
1738.44,357,419
1738.64,361,421
1738.84,365,422
1739.04,369,424
1739.24,372,427
1739.44,376,429
1739.64,379,430
1739.84,382,432
1740.04,382,431
1740.24,368,424
1740.44,362,421
1740.64,354,418
1740.84,355,417
1741.04,358,419
1741.24,362,421
1741.44,366,422
1741.64,372,424
1741.84,375,427
1742.04,379,428
1742.24,383,430
1742.44,384,429
1742.64,374,426
1742.84,371,426
1743.04,355,419
1743.24,352,415
1743.44,356,418
1743.64,362,420
1743.84,368,421
1744.04,374,423
1744.24,379,426
1744.44,382,429
1744.64,386,431
1744.84,391,432
1745.04,391,433
1745.24,388,432
1745.44,377,427
1745.64,365,421
1745.84,358,418
1746.04,354,415
1746.24,351,412
1746.44,350,408
1746.64,350,413
1746.84,355,416
1747.04,361,418
1747.24,367,422
1747.44,371,424
1747.64,375,427
1747.84,376,428
1748.04,371,432
1748.24,372,432
1748.44,372,432
1748.64,358,425
1748.84,348,420
1749.04,348,420
1749.24,348,422
1749.44,350,423
1749.64,351,424
1749.84,352,424
1750.04,355,424
1750.24,358,426
1750.44,360,427
1750.64,363,428
1750.84,366,428
1751.04,370,430
1751.24,374,431
1751.44,378,432
1751.64,382,434
1751.84,386,435
1752.04,389,436
1752.24,391,437
1752.44,389,436
1752.64,384,434
1752.84,376,430
1753.04,367,427
1753.24,361,425
1753.44,354,421
1753.64,349,420
1753.84,349,420
1754.04,352,421
1754.24,357,423
1754.44,362,426
1754.64,368,428
1754.84,375,431
1755.04,381,433
1755.24,386,434
1755.44,389,436
1755.64,392,438
1755.84,375,429
1756.04,358,429
1756.24,349,423
1756.44,351,423
1756.64,354,426
1756.84,358,427
1757.04,362,428
1757.24,364,429
1757.44,367,430
1757.64,370,432
1757.84,372,433
1758.04,375,435
1758.24,377,435
1758.44,377,436
1758.64,368,429
1758.84,364,429
1759.04,355,424
1759.24,355,424
1759.44,356,425
1759.64,359,426
1759.84,362,428
1760.04,366,429
1760.24,370,431
1760.44,376,433
1760.64,382,436
1760.84,382,437
1761.04,378,435
1761.24,371,431
1761.44,364,428
1761.64,359,425
1761.84,353,422
1762.04,352,421
1762.24,353,421
1762.44,358,424
1762.64,364,427
1762.84,369,429
1763.04,372,430
1763.24,375,432
1763.44,379,434
1763.64,385,437
1763.84,364,437
1764.04,339,432
1764.24,325,422
1764.44,306,397
1764.64,294,379
1764.84,304,392
1765.04,336,429
1765.24,353,445
1765.44,352,430
1765.64,364,428
1765.84,368,432
1766.04,368,431
1766.24,362,427
1766.44,351,422
1766.64,346,420
1766.84,345,417
1767.04,348,420
1767.24,351,422
1767.44,355,424
1767.64,357,424
1767.84,359,425
1768.04,362,426
1768.24,365,427
1768.44,367,428
1768.64,370,430
1768.84,374,431
1769.04,375,431
1769.24,376,431
1769.44,374,431
1769.64,361,424
1769.84,346,421
1770.04,346,420
1770.24,350,423
1770.44,355,425
1770.64,359,427
1770.84,363,429
1771.04,366,430
1771.24,370,431
1771.44,372,433
1771.64,373,433
1771.84,366,426
1772.04,355,426
1772.24,349,422
1772.44,345,419
1772.64,347,420
1772.84,354,424
1773.04,364,428
1773.24,371,431
1773.44,375,433
1773.64,378,434
1773.84,380,435
1774.04,383,436
1774.24,380,434
1774.44,369,428
1774.64,355,422
1774.84,348,419
1775.04,352,422
1775.24,358,423
1775.44,364,424
1775.64,370,426
1775.84,375,429
1776.04,379,430
1776.24,383,432
1776.44,387,433
1776.64,390,434
1776.84,384,439
1777.04,355,433
1777.24,330,423
1777.44,309,402
1777.64,295,391
1777.84,289,377
1778.04,306,392
1778.24,344,423
1778.44,364,434
1778.64,364,431
1778.84,363,428
1779.04,358,426
1779.24,350,419
1779.44,355,420
1779.64,359,420
1779.84,366,421
1780.04,372,424
1780.24,376,427
1780.44,381,429
1780.64,385,431
1780.84,384,432
1781.04,374,430
1781.24,367,426
1781.44,360,423
1781.64,356,420
1781.84,357,419
1782.04,362,421
1782.24,366,423
1782.44,369,425
1782.64,374,427
1782.84,378,430
1783.04,383,432
1783.24,386,434
1783.44,376,427
1783.64,361,427
1783.84,353,420
1784.04,351,416
1784.24,354,417
1784.44,357,419
1784.64,361,421
1784.84,365,422
1785.04,369,424
1785.24,372,427
1785.44,376,429
1785.64,379,430
1785.84,382,432
1786.04,382,431
1786.24,368,424
1786.44,362,421
1786.64,354,418
1786.84,355,417
1787.04,358,419
1787.24,362,421
1787.44,366,422
1787.64,372,424
1787.84,375,427
1788.04,379,428
1788.24,383,430
1788.44,384,429
1788.64,374,426
1788.84,371,426
1789.04,355,419
1789.24,352,415
1789.44,356,418
1789.64,362,420
1789.84,368,421
1790.04,374,423
1790.24,379,426
1790.44,382,429
1790.64,386,431
1790.84,391,432
1791.04,391,433
1791.24,388,432
1791.44,377,427
1791.64,365,421
1791.84,358,418
1792.04,354,415
1792.24,351,412
1792.44,350,408
1792.64,350,413
1792.84,355,416
1793.04,361,418
1793.24,367,422
1793.44,371,424
1793.64,375,427
1793.84,376,428
1794.04,371,432
1794.24,372,432
1794.44,372,432
1794.64,358,425
1794.84,348,420
1795.04,348,420
1795.24,348,422
1795.44,350,423
1795.64,351,424
1795.84,352,424
1796.04,355,424
1796.24,358,426
1796.44,360,427
1796.64,363,428
1796.84,366,428
1797.04,370,430
1797.24,374,431
1797.44,378,432
1797.64,382,434
1797.84,386,435
1798.04,389,436
1798.24,391,437
1798.44,389,436
1798.64,384,434
1798.84,376,430
1799.04,367,427
1799.24,361,425
1799.44,354,421
1799.64,349,420
1799.84,349,420
1800.04,352,421
1800.24,357,423
1800.44,362,426
1800.64,368,428
1800.84,375,431
1801.04,381,433
1801.24,386,434
1801.44,389,436
1801.64,392,438
1801.84,375,429
1802.04,358,429
1802.24,349,423
1802.44,351,423
1802.64,354,426
1802.84,358,427
1803.04,362,428
1803.24,364,429
1803.44,367,430
1803.64,370,432
1803.84,372,433
1804.04,375,435
1804.24,377,435
1804.44,377,436
1804.64,368,429
1804.84,364,429
1805.04,355,424
1805.24,355,424
1805.44,356,425
1805.64,359,426
1805.84,362,428
1806.04,366,429
1806.24,370,431
1806.44,376,433
1806.64,382,436
1806.84,382,437
1807.04,378,435
1807.24,371,431
1807.44,364,428
1807.64,359,425
1807.84,353,422
1808.04,352,421
1808.24,353,421
1808.44,358,424
1808.64,364,427
1808.84,369,429
1809.04,372,430
1809.24,375,432
1809.44,379,434
1809.64,385,437
1809.84,364,437
1810.04,339,432
1810.24,325,422
1810.44,306,397
1810.64,294,379
1810.84,304,392
1811.04,336,429
1811.24,353,445
1811.44,352,430
1811.64,364,428
1811.84,368,432
1812.04,368,431
1812.24,362,427
1812.44,351,422
1812.64,346,420
1812.84,345,417
1813.04,348,420
1813.24,351,422
1813.44,355,424
1813.64,357,424
1813.84,359,425
1814.04,362,426
1814.24,365,427
1814.44,367,428
1814.64,370,430
1814.84,374,431
1815.04,375,431
1815.24,376,431
1815.44,374,431
1815.64,361,424
1815.84,346,421
1816.04,346,420
1816.24,350,423
1816.44,355,425
1816.64,359,427
1816.84,363,429
1817.04,366,430
1817.24,370,431
1817.44,372,433
1817.64,373,433
1817.84,366,426
1818.04,355,426
1818.24,349,422
1818.44,345,419
1818.64,347,420
1818.84,354,424
1819.04,364,428
1819.24,371,431
1819.44,375,433
1819.64,378,434
1819.84,380,435
1820.04,383,436
1820.24,380,434
1820.44,369,428
1820.64,355,422
1820.84,348,419
1821.04,352,422
1821.24,358,423
1821.44,364,424
1821.64,370,426
1821.84,375,429
1822.04,379,430
1822.24,383,432
1822.44,387,433
1822.64,390,434
1822.84,384,439
1823.04,355,433
1823.24,330,423
1823.44,309,402
1823.64,295,391
1823.84,289,377
1824.04,306,392
1824.24,344,423
1824.44,364,434
1824.64,364,431
1824.84,363,428
1825.04,358,426
1825.24,350,419
1825.44,355,420
1825.64,359,420
1825.84,366,421
1826.04,372,424
1826.24,376,427
1826.44,381,429
1826.64,385,431
1826.84,384,432
1827.04,374,430
1827.24,367,426
1827.44,360,423
1827.64,356,420
1827.84,357,419
1828.04,362,421
1828.24,366,423
1828.44,369,425
1828.64,374,427
1828.84,378,430
1829.04,383,432
1829.24,386,434
1829.44,376,427
1829.64,361,427
1829.84,353,420
1830.04,351,416
1830.24,354,417
1830.44,357,419
1830.64,361,421
1830.84,365,422
1831.04,369,424
1831.24,372,427
1831.44,376,429
1831.64,379,430
1831.84,382,432
1832.04,382,431
1832.24,368,424
1832.44,362,421
1832.64,354,418
1832.84,355,417
1833.04,358,419
1833.24,362,421
1833.44,366,422
1833.64,372,424
1833.84,375,427
1834.04,379,428
1834.24,383,430
1834.44,384,429
1834.64,374,426
1834.84,371,426
1835.04,355,419
1835.24,352,415
1835.44,356,418
1835.64,362,420
1835.84,368,421
1836.04,374,423
1836.24,379,426
1836.44,382,429
1836.64,386,431
1836.84,391,432
1837.04,391,433
1837.24,388,432
1837.44,377,427
1837.64,365,421
1837.84,358,418
1838.04,354,415
1838.24,351,412
1838.44,350,408
1838.64,350,413
1838.84,355,416
1839.04,361,418
1839.24,367,422
1839.44,371,424
1839.64,375,427
1839.84,376,428
1840.04,371,432
1840.24,372,432
1840.44,372,432
1840.64,358,425
1840.84,348,420
1841.04,348,420
1841.24,348,422
1841.44,350,423
1841.64,351,424
1841.84,352,424
1842.04,355,424
1842.24,358,426
1842.44,360,427
1842.64,363,428
1842.84,366,428
1843.04,370,430
1843.24,374,431
1843.44,378,432
1843.64,382,434
1843.84,386,435
1844.04,389,436
1844.24,391,437
1844.44,389,436
1844.64,384,434
1844.84,376,430
1845.04,367,427
1845.24,361,425
1845.44,354,421
1845.64,349,420
1845.84,349,420
1846.04,352,421
1846.24,357,423
1846.44,362,426
1846.64,368,428
1846.84,375,431
1847.04,381,433
1847.24,386,434
1847.44,389,436
1847.64,392,438
1847.84,375,429
1848.04,358,429
1848.24,349,423
1848.44,351,423
1848.64,354,426
1848.84,358,427
1849.04,362,428
1849.24,364,429
1849.44,367,430
1849.64,370,432
1849.84,372,433
1850.04,375,435
1850.24,377,435
1850.44,377,436
1850.64,368,429
1850.84,364,429
1851.04,355,424
1851.24,355,424
1851.44,356,425
1851.64,359,426
1851.84,362,428
1852.04,366,429
1852.24,370,431
1852.44,376,433
1852.64,382,436
1852.84,382,437
1853.04,378,435
1853.24,371,431
1853.44,364,428
1853.64,359,425
1853.84,353,422
1854.04,352,421
1854.24,353,421
1854.44,358,424
1854.64,364,427
1854.84,369,429
1855.04,372,430
1855.24,375,432
1855.44,379,434
1855.64,385,437
1855.84,364,437
1856.04,339,432
1856.24,325,422
1856.44,306,397
1856.64,294,379
1856.84,304,392
1857.04,336,429
1857.24,353,445
1857.44,352,430
1857.64,364,428
1857.84,368,432
1858.04,368,431
1858.24,362,427
1858.44,351,422
1858.64,346,420
1858.84,345,417
1859.04,348,420
1859.24,351,422
1859.44,355,424
1859.64,357,424
1859.84,359,425
1860.04,362,426
1860.24,365,427
1860.44,367,428
1860.64,370,430
1860.84,374,431
1861.04,375,431
1861.24,376,431
1861.44,374,431
1861.64,361,424
1861.84,346,421
1862.04,346,420
1862.24,350,423
1862.44,355,425
1862.64,359,427
1862.84,363,429
1863.04,366,430
1863.24,370,431
1863.44,372,433
1863.64,373,433
1863.84,366,426
1864.04,355,426
1864.24,349,422
1864.44,345,419
1864.64,347,420
1864.84,354,424
1865.04,364,428
1865.24,371,431
1865.44,375,433
1865.64,378,434
1865.84,380,435
1866.04,383,436
1866.24,380,434
1866.44,369,428
1866.64,355,422
1866.84,348,419
1867.04,352,422
1867.24,358,423
1867.44,364,424
1867.64,370,426
1867.84,375,429
1868.04,379,430
1868.24,383,432
1868.44,387,433
1868.64,390,434
1868.84,384,439
1869.04,355,433
1869.24,330,423
1869.44,309,402
1869.64,295,391
1869.84,289,377
1870.04,306,392
1870.24,344,423
1870.44,364,434
1870.64,364,431
1870.84,363,428
1871.04,358,426
1871.24,350,419
1871.44,355,420
1871.64,359,420
1871.84,366,421
1872.04,372,424
1872.24,376,427
1872.44,381,429
1872.64,385,431
1872.84,384,432
1873.04,374,430
1873.24,367,426
1873.44,360,423
1873.64,356,420
1873.84,357,419
1874.04,362,421
1874.24,366,423
1874.44,369,425
1874.64,374,427
1874.84,378,430
1875.04,383,432
1875.24,386,434
1875.44,376,427
1875.64,361,427
1875.84,353,420
1876.04,351,416
1876.24,354,417
1876.44,357,419
1876.64,361,421
1876.84,365,422
1877.04,369,424
1877.24,372,427
1877.44,376,429
1877.64,379,430
1877.84,382,432
1878.04,382,431
1878.24,368,424
1878.44,362,421
1878.64,354,418
1878.84,355,417
1879.04,358,419
1879.24,362,421
1879.44,366,422
1879.64,372,424
1879.84,375,427
1880.04,379,428
1880.24,383,430
1880.44,384,429
1880.64,374,426
1880.84,371,426
1881.04,355,419
1881.24,352,415
1881.44,356,418
1881.64,362,420
1881.84,368,421
1882.04,374,423
1882.24,379,426
1882.44,382,429
1882.64,386,431
1882.84,391,432
1883.04,391,433
1883.24,388,432
1883.44,377,427
1883.64,365,421
1883.84,358,418
1884.04,354,415
1884.24,351,412
1884.44,350,408
1884.64,350,413
1884.84,355,416
1885.04,361,418
1885.24,367,422
1885.44,371,424
1885.64,375,427
1885.84,376,428
1886.04,371,432
1886.24,372,432
1886.44,372,432
1886.64,358,425
1886.84,348,420
1887.04,348,420
1887.24,348,422
1887.44,350,423
1887.64,351,424
1887.84,352,424
1888.04,355,424
1888.24,358,426
1888.44,360,427
1888.64,363,428
1888.84,366,428
1889.04,370,430
1889.24,374,431
1889.44,378,432
1889.64,382,434
1889.84,386,435
1890.04,389,436
1890.24,391,437
1890.44,389,436
1890.64,384,434
1890.84,376,430
1891.04,367,427
1891.24,361,425
1891.44,354,421
1891.64,349,420
1891.84,349,420
1892.04,352,421
1892.24,357,423
1892.44,362,426
1892.64,368,428
1892.84,375,431
1893.04,381,433
1893.24,386,434
1893.44,389,436
1893.64,392,438
1893.84,375,429
1894.04,358,429
1894.24,349,423
1894.44,351,423
1894.64,354,426
1894.84,358,427
1895.04,362,428
1895.24,364,429
1895.44,367,430
1895.64,370,432
1895.84,372,433
1896.04,375,435
1896.24,377,435
1896.44,377,436
1896.64,368,429
1896.84,364,429
1897.04,355,424
1897.24,355,424
1897.44,356,425
1897.64,359,426
1897.84,362,428
1898.04,366,429
1898.24,370,431
1898.44,376,433
1898.64,382,436
1898.84,382,437
1899.04,378,435
1899.24,371,431
1899.44,364,428
1899.64,359,425
1899.84,353,422
1900.04,352,421
1900.24,353,421
1900.44,358,424
1900.64,364,427
1900.84,369,429
1901.04,372,430
1901.24,375,432
1901.44,379,434
1901.64,385,437
1901.84,364,437
1902.04,339,432
1902.24,325,422
1902.44,306,397
1902.64,294,379
1902.84,304,392
1903.04,336,429
1903.24,353,445
1903.44,352,430
1903.64,364,428
1903.84,368,432
1904.04,368,431
1904.24,362,427
1904.44,351,422
1904.64,346,420
1904.84,345,417
1905.04,348,420
1905.24,351,422
1905.44,355,424
1905.64,357,424
1905.84,359,425
1906.04,362,426
1906.24,365,427
1906.44,367,428
1906.64,370,430
1906.84,374,431
1907.04,375,431
1907.24,376,431
1907.44,374,431
1907.64,361,424
1907.84,346,421
1908.04,346,420
1908.24,350,423
1908.44,355,425
1908.64,359,427
1908.84,363,429
1909.04,366,430
1909.24,370,431
1909.44,372,433
1909.64,373,433
1909.84,366,426
1910.04,355,426
1910.24,349,422
1910.44,345,419
1910.64,347,420
1910.84,354,424
1911.04,364,428
1911.24,371,431
1911.44,375,433
1911.64,378,434
1911.84,380,435
1912.04,383,436
1912.24,380,434
1912.44,369,428
1912.64,355,422
1912.84,348,419
1913.04,352,422
1913.24,358,423
1913.44,364,424
1913.64,370,426
1913.84,375,429
1914.04,379,430
1914.24,383,432
1914.44,387,433
1914.64,390,434
1914.84,384,439
1915.04,355,433
1915.24,330,423
1915.44,309,402
1915.64,295,391
1915.84,289,377
1916.04,306,392
1916.24,344,423
1916.44,364,434
1916.64,364,431
1916.84,363,428
1917.04,358,426
1917.24,350,419
1917.44,355,420
1917.64,359,420
1917.84,366,421
1918.04,372,424
1918.24,376,427
1918.44,381,429
1918.64,385,431
1918.84,384,432
1919.04,374,430
1919.24,367,426
1919.44,360,423
1919.64,356,420
1919.84,357,419
1920.04,362,421
1920.24,366,423
1920.44,369,425
1920.64,374,427
1920.84,378,430
1921.04,383,432
1921.24,386,434
1921.44,376,427
1921.64,361,427
1921.84,353,420
1922.04,351,416
1922.24,354,417
1922.44,357,419
1922.64,361,421
1922.84,365,422
1923.04,369,424
1923.24,372,427
1923.44,376,429
1923.64,379,430
1923.84,382,432
1924.04,382,431
1924.24,368,424
1924.44,362,421
1924.64,354,418
1924.84,355,417
1925.04,358,419
1925.24,362,421
1925.44,366,422
1925.64,372,424
1925.84,375,427
1926.04,379,428
1926.24,383,430
1926.44,384,429
1926.64,374,426
1926.84,371,426
1927.04,355,419
1927.24,352,415
1927.44,356,418
1927.64,362,420
1927.84,368,421
1928.04,374,423
1928.24,379,426
1928.44,382,429
1928.64,386,431
1928.84,391,432
1929.04,391,433
1929.24,388,432
1929.44,377,427
1929.64,365,421
1929.84,358,418
1930.04,354,415
1930.24,351,412
1930.44,350,408
1930.64,350,413
1930.84,355,416
1931.04,361,418
1931.24,367,422
1931.44,371,424
1931.64,375,427
1931.84,376,428
1932.04,371,432
1932.24,372,432
1932.44,372,432
1932.64,358,425
1932.84,348,420
1933.04,348,420
1933.24,348,422
1933.44,350,423
1933.64,351,424
1933.84,352,424
1934.04,355,424
1934.24,358,426
1934.44,360,427
1934.64,363,428
1934.84,366,428
1935.04,370,430
1935.24,374,431
1935.44,378,432
1935.64,382,434
1935.84,386,435
1936.04,389,436
1936.24,391,437
1936.44,389,436
1936.64,384,434
1936.84,376,430
1937.04,367,427
1937.24,361,425
1937.44,354,421
1937.64,349,420
1937.84,349,420
1938.04,352,421
1938.24,357,423
1938.44,362,426
1938.64,368,428
1938.84,375,431
1939.04,381,433
1939.24,386,434
1939.44,389,436
1939.64,392,438
1939.84,375,429
1940.04,358,429
1940.24,349,423
1940.44,351,423
1940.64,354,426
1940.84,358,427
1941.04,362,428
1941.24,364,429
1941.44,367,430
1941.64,370,432
1941.84,372,433
1942.04,375,435
1942.24,377,435
1942.44,377,436
1942.64,368,429
1942.84,364,429
1943.04,355,424
1943.24,355,424
1943.44,356,425
1943.64,359,426
1943.84,362,428
1944.04,366,429
1944.24,370,431
1944.44,376,433
1944.64,382,436
1944.84,382,437
1945.04,378,435
1945.24,371,431
1945.44,364,428
1945.64,359,425
1945.84,353,422
1946.04,352,421
1946.24,353,421
1946.44,358,424
1946.64,364,427
1946.84,369,429
1947.04,372,430
1947.24,375,432
1947.44,379,434
1947.64,385,437
1947.84,364,437
1948.04,339,432
1948.24,325,422
1948.44,306,397
1948.64,294,379
1948.84,304,392
1949.04,336,429
1949.24,353,445
1949.44,352,430
1949.64,364,428
1949.84,368,432
1950.04,368,431
1950.24,362,427
1950.44,351,422
1950.64,346,420
1950.84,345,417
1951.04,348,420
1951.24,351,422
1951.44,355,424
1951.64,357,424
1951.84,359,425
1952.04,362,426
1952.24,365,427
1952.44,367,428
1952.64,370,430
1952.84,374,431
1953.04,375,431
1953.24,376,431
1953.44,374,431
1953.64,361,424
1953.84,346,421
1954.04,346,420
1954.24,350,423
1954.44,355,425
1954.64,359,427
1954.84,363,429
1955.04,366,430
1955.24,370,431
1955.44,372,433
1955.64,373,433
1955.84,366,426
1956.04,355,426
1956.24,349,422
1956.44,345,419
1956.64,347,420
1956.84,354,424
1957.04,364,428
1957.24,371,431
1957.44,375,433
1957.64,378,434
1957.84,380,435
1958.04,383,436
1958.24,380,434
1958.44,369,428
1958.64,355,422
1958.84,348,419
1959.04,352,422
1959.24,358,423
1959.44,364,424
1959.64,370,426
1959.84,375,429
1960.04,379,430
1960.24,383,432
1960.44,387,433
1960.64,390,434
1960.84,384,439
1961.04,355,433
1961.24,330,423
1961.44,309,402
1961.64,295,391
1961.84,289,377
1962.04,306,392
1962.24,344,423
1962.44,364,434
1962.64,364,431
1962.84,363,428
1963.04,358,426
1963.24,350,419
1963.44,355,420
1963.64,359,420
1963.84,366,421
1964.04,372,424
1964.24,376,427
1964.44,381,429
1964.64,385,431
1964.84,384,432
1965.04,374,430
1965.24,367,426
1965.44,360,423
1965.64,356,420
1965.84,357,419
1966.04,362,421
1966.24,366,423
1966.44,369,425
1966.64,374,427
1966.84,378,430
1967.04,383,432
1967.24,386,434
1967.44,376,427
1967.64,361,427
1967.84,353,420
1968.04,351,416
1968.24,354,417
1968.44,357,419
1968.64,361,421
1968.84,365,422
1969.04,369,424
1969.24,372,427
1969.44,376,429
1969.64,379,430
1969.84,382,432
1970.04,382,431
1970.24,368,424
1970.44,362,421
1970.64,354,418
1970.84,355,417
1971.04,358,419
1971.24,362,421
1971.44,366,422
1971.64,372,424
1971.84,375,427
1972.04,379,428
1972.24,383,430
1972.44,384,429
1972.64,374,426
1972.84,371,426
1973.04,355,419
1973.24,352,415
1973.44,356,418
1973.64,362,420
1973.84,368,421
1974.04,374,423
1974.24,379,426
1974.44,382,429
1974.64,386,431
1974.84,391,432
1975.04,391,433
1975.24,388,432
1975.44,377,427
1975.64,365,421
1975.84,358,418
1976.04,354,415
1976.24,351,412
1976.44,350,408
1976.64,350,413
1976.84,355,416
1977.04,361,418
1977.24,367,422
1977.44,371,424
1977.64,375,427
1977.84,376,428
1978.04,371,432
1978.24,372,432
1978.44,372,432
1978.64,358,425
1978.84,348,420
1979.04,348,420
1979.24,348,422
1979.44,350,423
1979.64,351,424
1979.84,352,424
1980.04,355,424
1980.24,358,426
1980.44,360,427
1980.64,363,428
1980.84,366,428
1981.04,370,430
1981.24,374,431
1981.44,378,432
1981.64,382,434
1981.84,386,435
1982.04,389,436
1982.24,391,437
1982.44,389,436
1982.64,384,434
1982.84,376,430
1983.04,367,427
1983.24,361,425
1983.44,354,421
1983.64,349,420
1983.84,349,420
1984.04,352,421
1984.24,357,423
1984.44,362,426
1984.64,368,428
1984.84,375,431
1985.04,381,433
1985.24,386,434
1985.44,389,436
1985.64,392,438
1985.84,375,429
1986.04,358,429
1986.24,349,423
1986.44,351,423
1986.64,354,426
1986.84,358,427
1987.04,362,428
1987.24,364,429
1987.44,367,430
1987.64,370,432
1987.84,372,433
1988.04,375,435
1988.24,377,435
1988.44,377,436
1988.64,368,429
1988.84,364,429
1989.04,355,424
1989.24,355,424
1989.44,356,425
1989.64,359,426
1989.84,362,428
1990.04,366,429
1990.24,370,431
1990.44,376,433
1990.64,382,436
1990.84,382,437
1991.04,378,435
1991.24,371,431
1991.44,364,428
1991.64,359,425
1991.84,353,422
1992.04,352,421
1992.24,353,421
1992.44,358,424
1992.64,364,427
1992.84,369,429
1993.04,372,430
1993.24,375,432
1993.44,379,434
1993.64,385,437
1993.84,364,437
1994.04,339,432
1994.24,325,422
1994.44,306,397
1994.64,294,379
1994.84,304,392
1995.04,336,429
1995.24,353,445
1995.44,352,430
1995.64,364,428
1995.84,368,432
1996.04,368,431
1996.24,362,427
1996.44,351,422
1996.64,346,420
1996.84,345,417
1997.04,348,420
1997.24,351,422
1997.44,355,424
1997.64,357,424
1997.84,359,425
1998.04,362,426
1998.24,365,427
1998.44,367,428
1998.64,370,430
1998.84,374,431
1999.04,375,431
1999.24,376,431
1999.44,374,431
1999.64,361,424
1999.84,346,421
2000.04,346,420
2000.24,350,423
2000.44,355,425
2000.64,359,427
2000.84,363,429
2001.04,366,430
2001.24,370,431
2001.44,372,433
2001.64,373,433
2001.84,366,426
2002.04,355,426
2002.24,349,422
2002.44,345,419
2002.64,347,420
2002.84,354,424
2003.04,364,428
2003.24,371,431
2003.44,375,433
2003.64,378,434
2003.84,380,435
2004.04,383,436
2004.24,380,434
2004.44,369,428
2004.64,355,422
2004.84,348,419
2005.04,352,422
2005.24,358,423
2005.44,364,424
2005.64,370,426
2005.84,375,429
2006.04,379,430
2006.24,383,432
2006.44,387,433
2006.64,390,434
2006.84,384,439
2007.04,355,433
2007.24,330,423
2007.44,309,402
2007.64,295,391
2007.84,289,377
2008.04,306,392
2008.24,344,423
2008.44,364,434
2008.64,364,431
2008.84,363,428
2009.04,358,426
2009.24,350,419
2009.44,355,420
2009.64,359,420
2009.84,366,421
2010.04,372,424
2010.24,376,427
2010.44,381,429
2010.64,385,431
2010.84,384,432
2011.04,374,430
2011.24,367,426
2011.44,360,423
2011.64,356,420
2011.84,357,419
2012.04,362,421
2012.24,366,423
2012.44,369,425
2012.64,374,427
2012.84,378,430
2013.04,383,432
2013.24,386,434
2013.44,376,427
2013.64,361,427
2013.84,353,420
2014.04,351,416
2014.24,354,417
2014.44,357,419
2014.64,361,421
2014.84,365,422
2015.04,369,424
2015.24,372,427
2015.44,376,429
2015.64,379,430
2015.84,382,432
2016.04,382,431
2016.24,368,424
2016.44,362,421
2016.64,354,418
2016.84,355,417
2017.04,358,419
2017.24,362,421
2017.44,366,422
2017.64,372,424
2017.84,375,427
2018.04,379,428
2018.24,383,430
2018.44,384,429
2018.64,374,426
2018.84,371,426
2019.04,355,419
2019.24,352,415
2019.44,356,418
2019.64,362,420
2019.84,368,421
2020.04,374,423
2020.24,379,426
2020.44,382,429
2020.64,386,431
2020.84,391,432
2021.04,391,433
2021.24,388,432
2021.44,377,427
2021.64,365,421
2021.84,358,418
2022.04,354,415
2022.24,351,412
2022.44,350,408
2022.64,350,413
2022.84,355,416
2023.04,361,418
2023.24,367,422
2023.44,371,424
2023.64,375,427
2023.84,376,428
2024.04,371,432
2024.24,372,432
2024.44,372,432
2024.64,358,425
2024.84,348,420
2025.04,348,420
2025.24,348,422
2025.44,350,423
2025.64,351,424
2025.84,352,424
2026.04,355,424
2026.24,358,426
2026.44,360,427
2026.64,363,428
2026.84,366,428
2027.04,370,430
2027.24,374,431
2027.44,378,432
2027.64,382,434
2027.84,386,435
2028.04,389,436
2028.24,391,437
2028.44,389,436
2028.64,384,434
2028.84,376,430
2029.04,367,427
2029.24,361,425
2029.44,354,421
2029.64,349,420
2029.84,349,420
2030.04,352,421
2030.24,357,423
2030.44,362,426
2030.64,368,428
2030.84,375,431
2031.04,381,433
2031.24,386,434
2031.44,389,436
2031.64,392,438
2031.84,375,429
2032.04,358,429
2032.24,349,423
2032.44,351,423
2032.64,354,426
2032.84,358,427
2033.04,362,428
2033.24,364,429
2033.44,367,430
2033.64,370,432
2033.84,372,433
2034.04,375,435
2034.24,377,435
2034.44,377,436
2034.64,368,429
2034.84,364,429
2035.04,355,424
2035.24,355,424
2035.44,356,425
2035.64,359,426
2035.84,362,428
2036.04,366,429
2036.24,370,431
2036.44,376,433
2036.64,382,436
2036.84,382,437
2037.04,378,435
2037.24,371,431
2037.44,364,428
2037.64,359,425
2037.84,353,422
2038.04,352,421
2038.24,353,421
2038.44,358,424
2038.64,364,427
2038.84,369,429
2039.04,372,430
2039.24,375,432
2039.44,379,434
2039.64,385,437
2039.84,364,437
2040.04,339,432
2040.24,325,422
2040.44,306,397
2040.64,294,379
2040.84,304,392
2041.04,336,429
2041.24,353,445
2041.44,352,430
2041.64,364,428
2041.84,368,432
2042.04,368,431
2042.24,362,427
2042.44,351,422
2042.64,346,420
2042.84,345,417
2043.04,348,420
2043.24,351,422
2043.44,355,424
2043.64,357,424
2043.84,359,425
2044.04,362,426
2044.24,365,427
2044.44,367,428
2044.64,370,430
2044.84,374,431
2045.04,375,431
2045.24,376,431
2045.44,374,431
2045.64,361,424
2045.84,346,421
2046.04,346,420
2046.24,350,423
2046.44,355,425
2046.64,359,427
2046.84,363,429
2047.04,366,430
2047.24,370,431
2047.44,372,433
2047.64,373,433
2047.84,366,426
2048.04,355,426
2048.24,349,422
2048.44,345,419
2048.64,347,420
2048.84,354,424
2049.04,364,428
2049.24,371,431
2049.44,375,433
2049.64,378,434
2049.84,380,435
2050.04,383,436
2050.24,380,434
2050.44,369,428
2050.64,355,422
2050.84,348,419
2051.04,352,422
2051.24,358,423
2051.44,364,424
2051.64,370,426
2051.84,375,429
2052.04,379,430
2052.24,383,432
2052.44,387,433
2052.64,390,434
2052.84,384,439
2053.04,355,433
2053.24,330,423
2053.44,309,402
2053.64,295,391
2053.84,289,377
2054.04,306,392
2054.24,344,423
2054.44,364,434
2054.64,364,431
2054.84,363,428
2055.04,358,426
2055.24,350,419
2055.44,355,420
2055.64,359,420
2055.84,366,421
2056.04,372,424
2056.24,376,427
2056.44,381,429
2056.64,385,431
2056.84,384,432
2057.04,374,430
2057.24,367,426
2057.44,360,423
2057.64,356,420
2057.84,357,419
2058.04,362,421
2058.24,366,423
2058.44,369,425
2058.64,374,427
2058.84,378,430
2059.04,383,432
2059.24,386,434
2059.44,376,427
2059.64,361,427
2059.84,353,420
2060.04,351,416
2060.24,354,417
2060.44,357,419
2060.64,361,421
2060.84,365,422
2061.04,369,424
2061.24,372,427
2061.44,376,429
2061.64,379,430
2061.84,382,432
2062.04,382,431
2062.24,368,424
2062.44,362,421
2062.64,354,418
2062.84,355,417
2063.04,358,419
2063.24,362,421
2063.44,366,422
2063.64,372,424
2063.84,375,427
2064.04,379,428
2064.24,383,430
2064.44,384,429
2064.64,374,426
2064.84,371,426
2065.04,355,419
2065.24,352,415
2065.44,356,418
2065.64,362,420
2065.84,368,421
2066.04,374,423
2066.24,379,426
2066.44,382,429
2066.64,386,431
2066.84,391,432
2067.04,391,433
2067.24,388,432
2067.44,377,427
2067.64,365,421
2067.84,358,418
2068.04,354,415
2068.24,351,412
2068.44,350,408
2068.64,350,413
2068.84,355,416
2069.04,361,418
2069.24,367,422
2069.44,371,424
2069.64,375,427
2069.84,376,428
2070.04,371,432
2070.24,372,432
2070.44,372,432
2070.64,358,425
2070.84,348,420
2071.04,348,420
2071.24,348,422
2071.44,350,423
2071.64,351,424
2071.84,352,424
2072.04,355,424
2072.24,358,426
2072.44,360,427
2072.64,363,428
2072.84,366,428
2073.04,370,430
2073.24,374,431
2073.44,378,432
2073.64,382,434
2073.84,386,435
2074.04,389,436
2074.24,391,437
2074.44,389,436
2074.64,384,434
2074.84,376,430
2075.04,367,427
2075.24,361,425
2075.44,354,421
2075.64,349,420
2075.84,349,420
2076.04,352,421
2076.24,357,423
2076.44,362,426
2076.64,368,428
2076.84,375,431
2077.04,381,433
2077.24,386,434
2077.44,389,436
2077.64,392,438
2077.84,375,429
2078.04,358,429
2078.24,349,423
2078.44,351,423
2078.64,354,426
2078.84,358,427
2079.04,362,428
2079.24,364,429
2079.44,367,430
2079.64,370,432
2079.84,372,433
2080.04,375,435
2080.24,377,435
2080.44,377,436
2080.64,368,429
2080.84,364,429
2081.04,355,424
2081.24,355,424
2081.44,356,425
2081.64,359,426
2081.84,362,428
2082.04,366,429
2082.24,370,431
2082.44,376,433
2082.64,382,436
2082.84,382,437
2083.04,378,435
2083.24,371,431
2083.44,364,428
2083.64,359,425
2083.84,353,422
2084.04,352,421
2084.24,353,421
2084.44,358,424
2084.64,364,427
2084.84,369,429
2085.04,372,430
2085.24,375,432
2085.44,379,434
2085.64,385,437
2085.84,364,437
2086.04,339,432
2086.24,325,422
2086.44,306,397
2086.64,294,379
2086.84,304,392
2087.04,336,429
2087.24,353,445
2087.44,352,430
2087.64,364,428
2087.84,368,432
2088.04,368,431
2088.24,362,427
2088.44,351,422
2088.64,346,420
2088.84,345,417
2089.04,348,420
2089.24,351,422
2089.44,355,424
2089.64,357,424
2089.84,359,425
2090.04,362,426
2090.24,365,427
2090.44,367,428
2090.64,370,430
2090.84,374,431
2091.04,375,431
2091.24,376,431
2091.44,374,431
2091.64,361,424
2091.84,346,421
2092.04,346,420
2092.24,350,423
2092.44,355,425
2092.64,359,427
2092.84,363,429
2093.04,366,430
2093.24,370,431
2093.44,372,433
2093.64,373,433
2093.84,366,426
2094.04,355,426
2094.24,349,422
2094.44,345,419
2094.64,347,420
2094.84,354,424
2095.04,364,428
2095.24,371,431
2095.44,375,433
2095.64,378,434
2095.84,380,435
2096.04,383,436
2096.24,380,434
2096.44,369,428
2096.64,355,422
2096.84,348,419
2097.04,352,422
2097.24,358,423
2097.44,364,424
2097.64,370,426
2097.84,375,429
2098.04,379,430
2098.24,383,432
2098.44,387,433
2098.64,390,434
2098.84,384,439
2099.04,355,433
2099.24,330,423
2099.44,309,402
2099.64,295,391
2099.84,289,377
2100.04,306,392
2100.24,344,423
2100.44,364,434
2100.64,364,431
2100.84,363,428
2101.04,358,426
2101.24,350,419
2101.44,355,420
2101.64,359,420
2101.84,366,421
2102.04,372,424
2102.24,376,427
2102.44,381,429
2102.64,385,431
2102.84,384,432
2103.04,374,430
2103.24,367,426
2103.44,360,423
2103.64,356,420
2103.84,357,419
2104.04,362,421
2104.24,366,423
2104.44,369,425
2104.64,374,427
2104.84,378,430
2105.04,383,432
2105.24,386,434
2105.44,376,427
2105.64,361,427
2105.84,353,420
2106.04,351,416
2106.24,354,417
2106.44,357,419
2106.64,361,421
2106.84,365,422
2107.04,369,424
2107.24,372,427
2107.44,376,429
2107.64,379,430
2107.84,382,432
2108.04,382,431
2108.24,368,424
2108.44,362,421
2108.64,354,418
2108.84,355,417
2109.04,358,419
2109.24,362,421
2109.44,366,422
2109.64,372,424
2109.84,375,427
2110.04,379,428
2110.24,383,430
2110.44,384,429
2110.64,374,426
2110.84,371,426
2111.04,355,419
2111.24,352,415
2111.44,356,418
2111.64,362,420
2111.84,368,421
2112.04,374,423
2112.24,379,426
2112.44,382,429
2112.64,386,431
2112.84,391,432
2113.04,391,433
2113.24,388,432
2113.44,377,427
2113.64,365,421
2113.84,358,418
2114.04,354,415
2114.24,351,412
2114.44,350,408
2114.64,350,413
2114.84,355,416
2115.04,361,418
2115.24,367,422
2115.44,371,424
2115.64,375,427
2115.84,376,428
2116.04,371,432
2116.24,372,432
2116.44,372,432
2116.64,358,425
2116.84,348,420
2117.04,348,420
2117.24,348,422
2117.44,350,423
2117.64,351,424
2117.84,352,424
2118.04,355,424
2118.24,358,426
2118.44,360,427
2118.64,363,428
2118.84,366,428
2119.04,370,430
2119.24,374,431
2119.44,378,432
2119.64,382,434
2119.84,386,435
2120.04,389,436
2120.24,391,437
2120.44,389,436
2120.64,384,434
2120.84,376,430
2121.04,367,427
2121.24,361,425
2121.44,354,421
2121.64,349,420
2121.84,349,420
2122.04,352,421
2122.24,357,423
2122.44,362,426
2122.64,368,428
2122.84,375,431
2123.04,381,433
2123.24,386,434
2123.44,389,436
2123.64,392,438
2123.84,375,429
2124.04,358,429
2124.24,349,423
2124.44,351,423
2124.64,354,426
2124.84,358,427
2125.04,362,428
2125.24,364,429
2125.44,367,430
2125.64,370,432
2125.84,372,433
2126.04,375,435
2126.24,377,435
2126.44,377,436
2126.64,368,429
2126.84,364,429
2127.04,355,424
2127.24,355,424
2127.44,356,425
2127.64,359,426
2127.84,362,428
2128.04,366,429
2128.24,370,431
2128.44,376,433
2128.64,382,436
2128.84,382,437
2129.04,378,435
2129.24,371,431
2129.44,364,428
2129.64,359,425
2129.84,353,422
2130.04,352,421
2130.24,353,421
2130.44,358,424
2130.64,364,427
2130.84,369,429
2131.04,372,430
2131.24,375,432
2131.44,379,434
2131.64,385,437
2131.84,364,437
2132.04,339,432
2132.24,325,422
2132.44,306,397
2132.64,294,379
2132.84,304,392
2133.04,336,429
2133.24,353,445
2133.44,352,430
2133.64,364,428
2133.84,368,432
2134.04,368,431
2134.24,362,427
2134.44,351,422
2134.64,346,420
2134.84,345,417
2135.04,348,420
2135.24,351,422
2135.44,355,424
2135.64,357,424
2135.84,359,425
2136.04,362,426
2136.24,365,427
2136.44,367,428
2136.64,370,430
2136.84,374,431
2137.04,375,431
2137.24,376,431
2137.44,374,431
2137.64,361,424
2137.84,346,421
2138.04,346,420
2138.24,350,423
2138.44,355,425
2138.64,359,427
2138.84,363,429
2139.04,366,430
2139.24,370,431
2139.44,372,433
2139.64,373,433
2139.84,366,426
2140.04,355,426
2140.24,349,422
2140.44,345,419
2140.64,347,420
2140.84,354,424
2141.04,364,428
2141.24,371,431
2141.44,375,433
2141.64,378,434
2141.84,380,435
2142.04,383,436
2142.24,380,434
2142.44,369,428
2142.64,355,422
2142.84,348,419
2143.04,352,422
2143.24,358,423
2143.44,364,424
2143.64,370,426
2143.84,375,429
2144.04,379,430
2144.24,383,432
2144.44,387,433
2144.64,390,434
2144.84,384,439
2145.04,355,433
2145.24,330,423
2145.44,309,402
2145.64,295,391
2145.84,289,377
2146.04,306,392
2146.24,344,423
2146.44,364,434
2146.64,364,431
2146.84,363,428
2147.04,358,426
2147.24,350,419
2147.44,355,420
2147.64,359,420
2147.84,366,421
2148.04,372,424
2148.24,376,427
2148.44,381,429
2148.64,385,431
2148.84,384,432
2149.04,374,430
2149.24,367,426
2149.44,360,423
2149.64,356,420
2149.84,357,419
2150.04,362,421
2150.24,366,423
2150.44,369,425
2150.64,374,427
2150.84,378,430
2151.04,383,432
2151.24,386,434
2151.44,376,427
2151.64,361,427
2151.84,353,420
2152.04,351,416
2152.24,354,417
2152.44,357,419
2152.64,361,421
2152.84,365,422
2153.04,369,424
2153.24,372,427
2153.44,376,429
2153.64,379,430
2153.84,382,432
2154.04,382,431
2154.24,368,424
2154.44,362,421
2154.64,354,418
2154.84,355,417
2155.04,358,419
2155.24,362,421
2155.44,366,422
2155.64,372,424
2155.84,375,427
2156.04,379,428
2156.24,383,430
2156.44,384,429
2156.64,374,426
2156.84,371,426
2157.04,355,419
2157.24,352,415
2157.44,356,418
2157.64,362,420
2157.84,368,421
2158.04,374,423
2158.24,379,426
2158.44,382,429
2158.64,386,431
2158.84,391,432
2159.04,391,433
2159.24,388,432
2159.44,377,427
2159.64,365,421
2159.84,358,418
2160.04,354,415
2160.24,351,412
2160.44,350,408
2160.64,350,413
2160.84,355,416
2161.04,361,418
2161.24,367,422
2161.44,371,424
2161.64,375,427
2161.84,376,428
2162.04,371,432
2162.24,372,432
2162.44,372,432
2162.64,358,425
2162.84,348,420
2163.04,348,420
2163.24,348,422
2163.44,350,423
2163.64,351,424
2163.84,352,424
2164.04,355,424
2164.24,358,426
2164.44,360,427
2164.64,363,428
2164.84,366,428
2165.04,370,430
2165.24,374,431
2165.44,378,432
2165.64,382,434
2165.84,386,435
2166.04,389,436
2166.24,391,437
2166.44,389,436
2166.64,384,434
2166.84,376,430
2167.04,367,427
2167.24,361,425
2167.44,354,421
2167.64,349,420
2167.84,349,420
2168.04,352,421
2168.24,357,423
2168.44,362,426
2168.64,368,428
2168.84,375,431
2169.04,381,433
2169.24,386,434
2169.44,389,436
2169.64,392,438
2169.84,375,429
2170.04,358,429
2170.24,349,423
2170.44,351,423
2170.64,354,426
2170.84,358,427
2171.04,362,428
2171.24,364,429
2171.44,367,430
2171.64,370,432
2171.84,372,433
2172.04,375,435
2172.24,377,435
2172.44,377,436
2172.64,368,429
2172.84,364,429
2173.04,355,424
2173.24,355,424
2173.44,356,425
2173.64,359,426
2173.84,362,428
2174.04,366,429
2174.24,370,431
2174.44,376,433
2174.64,382,436
2174.84,382,437
2175.04,378,435
2175.24,371,431
2175.44,364,428
2175.64,359,425
2175.84,353,422
2176.04,352,421
2176.24,353,421
2176.44,358,424
2176.64,364,427
2176.84,369,429
2177.04,372,430
2177.24,375,432
2177.44,379,434
2177.64,385,437
2177.84,364,437
2178.04,339,432
2178.24,325,422
2178.44,306,397
2178.64,294,379
2178.84,304,392
2179.04,336,429
2179.24,353,445
2179.44,352,430
2179.64,364,428
2179.84,368,432
2180.04,368,431
2180.24,362,427
2180.44,351,422
2180.64,346,420
2180.84,345,417
2181.04,348,420
2181.24,351,422
2181.44,355,424
2181.64,357,424
2181.84,359,425
2182.04,362,426
2182.24,365,427
2182.44,367,428
2182.64,370,430
2182.84,374,431
2183.04,375,431
2183.24,376,431
2183.44,374,431
2183.64,361,424
2183.84,346,421
2184.04,346,420
2184.24,350,423
2184.44,355,425
2184.64,359,427
2184.84,363,429
2185.04,366,430
2185.24,370,431
2185.44,372,433
2185.64,373,433
2185.84,366,426
2186.04,355,426
2186.24,349,422
2186.44,345,419
2186.64,347,420
2186.84,354,424
2187.04,364,428
2187.24,371,431
2187.44,375,433
2187.64,378,434
2187.84,380,435
2188.04,383,436
2188.24,380,434
2188.44,369,428
2188.64,355,422
2188.84,348,419
2189.04,352,422
2189.24,358,423
2189.44,364,424
2189.64,370,426
2189.84,375,429
2190.04,379,430
2190.24,383,432
2190.44,387,433
2190.64,390,434
2190.84,384,439
2191.04,355,433
2191.24,330,423
2191.44,309,402
2191.64,295,391
2191.84,289,377
2192.04,306,392
2192.24,344,423
2192.44,364,434
2192.64,364,431
2192.84,363,428
2193.04,358,426
2193.24,350,419
2193.44,355,420
2193.64,359,420
2193.84,366,421
2194.04,372,424
2194.24,376,427
2194.44,381,429
2194.64,385,431
2194.84,384,432
2195.04,374,430
2195.24,367,426
2195.44,360,423
2195.64,356,420
2195.84,357,419
2196.04,362,421
2196.24,366,423
2196.44,369,425
2196.64,374,427
2196.84,378,430
2197.04,383,432
2197.24,386,434
2197.44,376,427
2197.64,361,427
2197.84,353,420
2198.04,351,416
2198.24,354,417
2198.44,357,419
2198.64,361,421
2198.84,365,422
2199.04,369,424
2199.24,372,427
2199.44,376,429
2199.64,379,430
2199.84,382,432
2200.04,382,431
2200.24,368,424
2200.44,362,421
2200.64,354,418
2200.84,355,417
2201.04,358,419
2201.24,362,421
2201.44,366,422
2201.64,372,424
2201.84,375,427
2202.04,379,428
2202.24,383,430
2202.44,384,429
2202.64,374,426
2202.84,371,426
2203.04,355,419
2203.24,352,415
2203.44,356,418
2203.64,362,420
2203.84,368,421
2204.04,374,423
2204.24,379,426
2204.44,382,429
2204.64,386,431
2204.84,391,432
2205.04,391,433
2205.24,388,432
2205.44,377,427
2205.64,365,421
2205.84,358,418
2206.04,354,415
2206.24,351,412
2206.44,350,408
2206.64,350,413
2206.84,355,416
2207.04,361,418
2207.24,367,422
2207.44,371,424
2207.64,375,427
2207.84,376,428
2208.04,371,432
2208.24,372,432
2208.44,372,432
2208.64,358,425
2208.84,348,420
2209.04,348,420
2209.24,348,422
2209.44,350,423
2209.64,351,424
2209.84,352,424
2210.04,355,424
2210.24,358,426
2210.44,360,427
2210.64,363,428
2210.84,366,428
2211.04,370,430
2211.24,374,431
2211.44,378,432
2211.64,382,434
2211.84,386,435
2212.04,389,436
2212.24,391,437
2212.44,389,436
2212.64,384,434
2212.84,376,430
2213.04,367,427
2213.24,361,425
2213.44,354,421
2213.64,349,420
2213.84,349,420
2214.04,352,421
2214.24,357,423
2214.44,362,426
2214.64,368,428
2214.84,375,431
2215.04,381,433
2215.24,386,434
2215.44,389,436
2215.64,392,438
2215.84,375,429
2216.04,358,429
2216.24,349,423
2216.44,351,423
2216.64,354,426
2216.84,358,427
2217.04,362,428
2217.24,364,429
2217.44,367,430
2217.64,370,432
2217.84,372,433
2218.04,375,435
2218.24,377,435
2218.44,377,436
2218.64,368,429
2218.84,364,429
2219.04,355,424
2219.24,355,424
2219.44,356,425
2219.64,359,426
2219.84,362,428
2220.04,366,429
2220.24,370,431
2220.44,376,433
2220.64,382,436
2220.84,382,437
2221.04,378,435
2221.24,371,431
2221.44,364,428
2221.64,359,425
2221.84,353,422
2222.04,352,421
2222.24,353,421
2222.44,358,424
2222.64,364,427
2222.84,369,429
2223.04,372,430
2223.24,375,432
2223.44,379,434
2223.64,385,437
2223.84,364,437
2224.04,339,432
2224.24,325,422
2224.44,306,397
2224.64,294,379
2224.84,304,392
2225.04,336,429
2225.24,353,445
2225.44,352,430
2225.64,364,428
2225.84,368,432
2226.04,368,431
2226.24,362,427
2226.44,351,422
2226.64,346,420
2226.84,345,417
2227.04,348,420
2227.24,351,422
2227.44,355,424
2227.64,357,424
2227.84,359,425
2228.04,362,426
2228.24,365,427
2228.44,367,428
2228.64,370,430
2228.84,374,431
2229.04,375,431
2229.24,376,431
2229.44,374,431
2229.64,361,424
2229.84,346,421
2230.04,346,420
2230.24,350,423
2230.44,355,425
2230.64,359,427
2230.84,363,429
2231.04,366,430
2231.24,370,431
2231.44,372,433
2231.64,373,433
2231.84,366,426
2232.04,355,426
2232.24,349,422
2232.44,345,419
2232.64,347,420
2232.84,354,424
2233.04,364,428
2233.24,371,431
2233.44,375,433
2233.64,378,434
2233.84,380,435
2234.04,383,436
2234.24,380,434
2234.44,369,428
2234.64,355,422
2234.84,348,419
2235.04,352,422
2235.24,358,423
2235.44,364,424
2235.64,370,426
2235.84,375,429
2236.04,379,430
2236.24,383,432
2236.44,387,433
2236.64,390,434
2236.84,384,439
2237.04,355,433
2237.24,330,423
2237.44,309,402
2237.64,295,391
2237.84,289,377
2238.04,306,392
2238.24,344,423
2238.44,364,434
2238.64,364,431
2238.84,363,428
2239.04,358,426
2239.24,350,419
2239.44,355,420
2239.64,359,420
2239.84,366,421
2240.04,372,424
2240.24,376,427
2240.44,381,429
2240.64,385,431
2240.84,384,432
2241.04,374,430
2241.24,367,426
2241.44,360,423
2241.64,356,420
2241.84,357,419
2242.04,362,421
2242.24,366,423
2242.44,369,425
2242.64,374,427
2242.84,378,430
2243.04,383,432
2243.24,386,434
2243.44,376,427
2243.64,361,427
2243.84,353,420
2244.04,351,416
2244.24,354,417
2244.44,357,419
2244.64,361,421
2244.84,365,422
2245.04,369,424
2245.24,372,427
2245.44,376,429
2245.64,379,430
2245.84,382,432
2246.04,382,431
2246.24,368,424
2246.44,362,421
2246.64,354,418
2246.84,355,417
2247.04,358,419
2247.24,362,421
2247.44,366,422
2247.64,372,424
2247.84,375,427
2248.04,379,428
2248.24,383,430
2248.44,384,429
2248.64,374,426
2248.84,371,426
2249.04,355,419
2249.24,352,415
2249.44,356,418
2249.64,362,420
2249.84,368,421
2250.04,374,423
2250.24,379,426
2250.44,382,429
2250.64,386,431
2250.84,391,432
2251.04,391,433
2251.24,388,432
2251.44,377,427
2251.64,365,421
2251.84,358,418
2252.04,354,415
2252.24,351,412
2252.44,350,408
2252.64,350,413
2252.84,355,416
2253.04,361,418
2253.24,367,422
2253.44,371,424
2253.64,375,427
2253.84,376,428
2254.04,371,432
2254.24,372,432
2254.44,372,432
2254.64,358,425
2254.84,348,420
2255.04,348,420
2255.24,348,422
2255.44,350,423
2255.64,351,424
2255.84,352,424
2256.04,355,424
2256.24,358,426
2256.44,360,427
2256.64,363,428
2256.84,366,428
2257.04,370,430
2257.24,374,431
2257.44,378,432
2257.64,382,434
2257.84,386,435
2258.04,389,436
2258.24,391,437
2258.44,389,436
2258.64,384,434
2258.84,376,430
2259.04,367,427
2259.24,361,425
2259.44,354,421
2259.64,349,420
2259.84,349,420
2260.04,352,421
2260.24,357,423
2260.44,362,426
2260.64,368,428
2260.84,375,431
2261.04,381,433
2261.24,386,434
2261.44,389,436
2261.64,392,438
2261.84,375,429
2262.04,358,429
2262.24,349,423
2262.44,351,423
2262.64,354,426
2262.84,358,427
2263.04,362,428
2263.24,364,429
2263.44,367,430
2263.64,370,432
2263.84,372,433
2264.04,375,435
2264.24,377,435
2264.44,377,436
2264.64,368,429
2264.84,364,429
2265.04,355,424
2265.24,355,424
2265.44,356,425
2265.64,359,426
2265.84,362,428
2266.04,366,429
2266.24,370,431
2266.44,376,433
2266.64,382,436
2266.84,382,437
2267.04,378,435
2267.24,371,431
2267.44,364,428
2267.64,359,425
2267.84,353,422
2268.04,352,421
2268.24,353,421
2268.44,358,424
2268.64,364,427
2268.84,369,429
2269.04,372,430
2269.24,375,432
2269.44,379,434
2269.64,385,437
2269.84,364,437
2270.04,339,432
2270.24,325,422
2270.44,306,397
2270.64,294,379
2270.84,304,392
2271.04,336,429
2271.24,353,445
2271.44,352,430
2271.64,364,428
2271.84,368,432
2272.04,368,431
2272.24,362,427
2272.44,351,422
2272.64,346,420
2272.84,345,417
2273.04,348,420
2273.24,351,422
2273.44,355,424
2273.64,357,424
2273.84,359,425
2274.04,362,426
2274.24,365,427
2274.44,367,428
2274.64,370,430
2274.84,374,431
2275.04,375,431
2275.24,376,431
2275.44,374,431
2275.64,361,424
2275.84,346,421
2276.04,346,420
2276.24,350,423
2276.44,355,425
2276.64,359,427
2276.84,363,429
2277.04,366,430
2277.24,370,431
2277.44,372,433
2277.64,373,433
2277.84,366,426
2278.04,355,426
2278.24,349,422
2278.44,345,419
2278.64,347,420
2278.84,354,424
2279.04,364,428
2279.24,371,431
2279.44,375,433
2279.64,378,434
2279.84,380,435
2280.04,383,436
2280.24,380,434
2280.44,369,428
2280.64,355,422
2280.84,348,419
2281.04,352,422
2281.24,358,423
2281.44,364,424
2281.64,370,426
2281.84,375,429
2282.04,379,430
2282.24,383,432
2282.44,387,433
2282.64,390,434
2282.84,384,439
2283.04,355,433
2283.24,330,423
2283.44,309,402
2283.64,295,391
2283.84,289,377
2284.04,306,392
2284.24,344,423
2284.44,364,434
2284.64,364,431
2284.84,363,428
2285.04,358,426
2285.24,350,419
2285.44,355,420
2285.64,359,420
2285.84,366,421
2286.04,372,424
2286.24,376,427
2286.44,381,429
2286.64,385,431
2286.84,384,432
2287.04,374,430
2287.24,367,426
2287.44,360,423
2287.64,356,420
2287.84,357,419
2288.04,362,421
2288.24,366,423
2288.44,369,425
2288.64,374,427
2288.84,378,430
2289.04,383,432
2289.24,386,434
2289.44,376,427
2289.64,361,427
2289.84,353,420
2290.04,351,416
2290.24,354,417
2290.44,357,419
2290.64,361,421
2290.84,365,422
2291.04,369,424
2291.24,372,427
2291.44,376,429
2291.64,379,430
2291.84,382,432
2292.04,382,431
2292.24,368,424
2292.44,362,421
2292.64,354,418
2292.84,355,417
2293.04,358,419
2293.24,362,421
2293.44,366,422
2293.64,372,424
2293.84,375,427
2294.04,379,428
2294.24,383,430
2294.44,384,429
2294.64,374,426
2294.84,371,426
2295.04,355,419
2295.24,352,415
2295.44,356,418
2295.64,362,420
2295.84,368,421
2296.04,374,423
2296.24,379,426
2296.44,382,429
2296.64,386,431
2296.84,391,432
2297.04,391,433
2297.24,388,432
2297.44,377,427
2297.64,365,421
2297.84,358,418
2298.04,354,415
2298.24,351,412
2298.44,350,408
2298.64,350,413
2298.84,355,416
2299.04,361,418
2299.24,367,422
2299.44,371,424
2299.64,375,427
2299.84,376,428
2300.04,371,432
2300.24,372,432
2300.44,372,432
2300.64,358,425
2300.84,348,420
2301.04,348,420
2301.24,348,422
2301.44,350,423
2301.64,351,424
2301.84,352,424
2302.04,355,424
2302.24,358,426
2302.44,360,427
2302.64,363,428
2302.84,366,428
2303.04,370,430
2303.24,374,431
2303.44,378,432
2303.64,382,434
2303.84,386,435
2304.04,389,436
2304.24,391,437
2304.44,389,436
2304.64,384,434
2304.84,376,430
2305.04,367,427
2305.24,361,425
2305.44,354,421
2305.64,349,420
2305.84,349,420
2306.04,352,421
2306.24,357,423
2306.44,362,426
2306.64,368,428
2306.84,375,431
2307.04,381,433
2307.24,386,434
2307.44,389,436
2307.64,392,438
2307.84,375,429
2308.04,358,429
2308.24,349,423
2308.44,351,423
2308.64,354,426
2308.84,358,427
2309.04,362,428
2309.24,364,429
2309.44,367,430
2309.64,370,432
2309.84,372,433
2310.04,375,435
2310.24,377,435
2310.44,377,436
2310.64,368,429
2310.84,364,429
2311.04,355,424
2311.24,355,424
2311.44,356,425
2311.64,359,426
2311.84,362,428
2312.04,366,429
2312.24,370,431
2312.44,376,433
2312.64,382,436
2312.84,382,437
2313.04,378,435
2313.24,371,431
2313.44,364,428
2313.64,359,425
2313.84,353,422
2314.04,352,421
2314.24,353,421
2314.44,358,424
2314.64,364,427
2314.84,369,429
2315.04,372,430
2315.24,375,432
2315.44,379,434
2315.64,385,437
2315.84,364,437
2316.04,339,432
2316.24,325,422
2316.44,306,397
2316.64,294,379
2316.84,304,392
2317.04,336,429
2317.24,353,445
2317.44,352,430
2317.64,364,428
2317.84,368,432
2318.04,368,431
2318.24,362,427
2318.44,351,422
2318.64,346,420
2318.84,345,417
2319.04,348,420
2319.24,351,422
2319.44,355,424
2319.64,357,424
2319.84,359,425
2320.04,362,426
2320.24,365,427
2320.44,367,428
2320.64,370,430
2320.84,374,431
2321.04,375,431
2321.24,376,431
2321.44,374,431
2321.64,361,424
2321.84,346,421
2322.04,346,420
2322.24,350,423
2322.44,355,425
2322.64,359,427
2322.84,363,429
2323.04,366,430
2323.24,370,431
2323.44,372,433
2323.64,373,433
2323.84,366,426
2324.04,355,426
2324.24,349,422
2324.44,345,419
2324.64,347,420
2324.84,354,424
2325.04,364,428
2325.24,371,431
2325.44,375,433
2325.64,378,434
2325.84,380,435
2326.04,383,436
2326.24,380,434
2326.44,369,428
2326.64,355,422
2326.84,348,419
2327.04,352,422
2327.24,358,423
2327.44,364,424
2327.64,370,426
2327.84,375,429
2328.04,379,430
2328.24,383,432
2328.44,387,433
2328.64,390,434
2328.84,384,439
2329.04,355,433
2329.24,330,423
2329.44,309,402
2329.64,295,391
2329.84,289,377
2330.04,306,392
2330.24,344,423
2330.44,364,434
2330.64,364,431
2330.84,363,428
2331.04,358,426
2331.24,350,419
2331.44,355,420
2331.64,359,420
2331.84,366,421
2332.04,372,424
2332.24,376,427
2332.44,381,429
2332.64,385,431
2332.84,384,432
2333.04,374,430
2333.24,367,426
2333.44,360,423
2333.64,356,420
2333.84,357,419
2334.04,362,421
2334.24,366,423
2334.44,369,425
2334.64,374,427
2334.84,378,430
2335.04,383,432
2335.24,386,434
2335.44,376,427
2335.64,361,427
2335.84,353,420
2336.04,351,416
2336.24,354,417
2336.44,357,419
2336.64,361,421
2336.84,365,422
2337.04,369,424
2337.24,372,427
2337.44,376,429
2337.64,379,430
2337.84,382,432
2338.04,382,431
2338.24,368,424
2338.44,362,421
2338.64,354,418
2338.84,355,417
2339.04,358,419
2339.24,362,421
2339.44,366,422
2339.64,372,424
2339.84,375,427
2340.04,379,428
2340.24,383,430
2340.44,384,429
2340.64,374,426
2340.84,371,426
2341.04,355,419
2341.24,352,415
2341.44,356,418
2341.64,362,420
2341.84,368,421
2342.04,374,423
2342.24,379,426
2342.44,382,429
2342.64,386,431
2342.84,391,432
2343.04,391,433
2343.24,388,432
2343.44,377,427
2343.64,365,421
2343.84,358,418
2344.04,354,415
2344.24,351,412
2344.44,350,408
2344.64,350,413
2344.84,355,416
2345.04,361,418
2345.24,367,422
2345.44,371,424
2345.64,375,427
2345.84,376,428
2346.04,371,432
2346.24,372,432
2346.44,372,432
2346.64,358,425
2346.84,348,420
2347.04,348,420
2347.24,348,422
2347.44,350,423
2347.64,351,424
2347.84,352,424
2348.04,355,424
2348.24,358,426
2348.44,360,427
2348.64,363,428
2348.84,366,428
2349.04,370,430
2349.24,374,431
2349.44,378,432
2349.64,382,434
2349.84,386,435
2350.04,389,436
2350.24,391,437
2350.44,389,436
2350.64,384,434
2350.84,376,430
2351.04,367,427
2351.24,361,425
2351.44,354,421
2351.64,349,420
2351.84,349,420
2352.04,352,421
2352.24,357,423
2352.44,362,426
2352.64,368,428
2352.84,375,431
2353.04,381,433
2353.24,386,434
2353.44,389,436
2353.64,392,438
2353.84,375,429
2354.04,358,429
2354.24,349,423
2354.44,351,423
2354.64,354,426
2354.84,358,427
2355.04,362,428
2355.24,364,429
2355.44,367,430
2355.64,370,432
2355.84,372,433
2356.04,375,435
2356.24,377,435
2356.44,377,436
2356.64,368,429
2356.84,364,429
2357.04,355,424
2357.24,355,424
2357.44,356,425
2357.64,359,426
2357.84,362,428
2358.04,366,429
2358.24,370,431
2358.44,376,433
2358.64,382,436
2358.84,382,437
2359.04,378,435
2359.24,371,431
2359.44,364,428
2359.64,359,425
2359.84,353,422
2360.04,352,421
2360.24,353,421
2360.44,358,424
2360.64,364,427
2360.84,369,429
2361.04,372,430
2361.24,375,432
2361.44,379,434
2361.64,385,437
2361.84,364,437
2362.04,339,432
2362.24,325,422
2362.44,306,397
2362.64,294,379
2362.84,304,392
2363.04,336,429
2363.24,353,445
2363.44,352,430
2363.64,364,428
2363.84,368,432
2364.04,368,431
2364.24,362,427
2364.44,351,422
2364.64,346,420
2364.84,345,417
2365.04,348,420
2365.24,351,422
2365.44,355,424
2365.64,357,424
2365.84,359,425
2366.04,362,426
2366.24,365,427
2366.44,367,428
2366.64,370,430
2366.84,374,431
2367.04,375,431
2367.24,376,431
2367.44,374,431
2367.64,361,424
2367.84,346,421
2368.04,346,420
2368.24,350,423
2368.44,355,425
2368.64,359,427
2368.84,363,429
2369.04,366,430
2369.24,370,431
2369.44,372,433
2369.64,373,433
2369.84,366,426
2370.04,355,426
2370.24,349,422
2370.44,345,419
2370.64,347,420
2370.84,354,424
2371.04,364,428
2371.24,371,431
2371.44,375,433
2371.64,378,434
2371.84,380,435
2372.04,383,436
2372.24,380,434
2372.44,369,428
2372.64,355,422
2372.84,348,419
2373.04,352,422
2373.24,358,423
2373.44,364,424
2373.64,370,426
2373.84,375,429
2374.04,379,430
2374.24,383,432
2374.44,387,433
2374.64,390,434
2374.84,384,439
2375.04,355,433
2375.24,330,423
2375.44,309,402
2375.64,295,391
2375.84,289,377
2376.04,306,392
2376.24,344,423
2376.44,364,434
2376.64,364,431
2376.84,363,428
2377.04,358,426
2377.24,350,419
2377.44,355,420
2377.64,359,420
2377.84,366,421
2378.04,372,424
2378.24,376,427
2378.44,381,429
2378.64,385,431
2378.84,384,432
2379.04,374,430
2379.24,367,426
2379.44,360,423
2379.64,356,420
2379.84,357,419
2380.04,362,421
2380.24,366,423
2380.44,369,425
2380.64,374,427
2380.84,378,430
2381.04,383,432
2381.24,386,434
2381.44,376,427
2381.64,361,427
2381.84,353,420
2382.04,351,416
2382.24,354,417
2382.44,357,419
2382.64,361,421
2382.84,365,422
2383.04,369,424
2383.24,372,427
2383.44,376,429
2383.64,379,430
2383.84,382,432
2384.04,382,431
2384.24,368,424
2384.44,362,421
2384.64,354,418
2384.84,355,417
2385.04,358,419
2385.24,362,421
2385.44,366,422
2385.64,372,424
2385.84,375,427
2386.04,379,428
2386.24,383,430
2386.44,384,429
2386.64,374,426
2386.84,371,426
2387.04,355,419
2387.24,352,415
2387.44,356,418
2387.64,362,420
2387.84,368,421
2388.04,374,423
2388.24,379,426
2388.44,382,429
2388.64,386,431
2388.84,391,432
2389.04,391,433
2389.24,388,432
2389.44,377,427
2389.64,365,421
2389.84,358,418
2390.04,354,415
2390.24,351,412
2390.44,350,408
2390.64,350,413
2390.84,355,416
2391.04,361,418
2391.24,367,422
2391.44,371,424
2391.64,375,427
2391.84,376,428
2392.04,371,432
2392.24,372,432
2392.44,372,432
2392.64,358,425
2392.84,348,420
2393.04,348,420
2393.24,348,422
2393.44,350,423
2393.64,351,424
2393.84,352,424
2394.04,355,424
2394.24,358,426
2394.44,360,427
2394.64,363,428
2394.84,366,428
2395.04,370,430
2395.24,374,431
2395.44,378,432
2395.64,382,434
2395.84,386,435
2396.04,389,436
2396.24,391,437
2396.44,389,436
2396.64,384,434
2396.84,376,430
2397.04,367,427
2397.24,361,425
2397.44,354,421
2397.64,349,420
2397.84,349,420
2398.04,352,421
2398.24,357,423
2398.44,362,426
2398.64,368,428
2398.84,375,431
2399.04,381,433
2399.24,386,434
2399.44,389,436
2399.64,392,438
2399.84,375,429
2400.04,358,429
2400.24,349,423
2400.44,351,423
2400.64,354,426
2400.84,358,427
2401.04,362,428
2401.24,364,429
2401.44,367,430
2401.64,370,432
2401.84,372,433
2402.04,375,435
2402.24,377,435
2402.44,377,436
2402.64,368,429
2402.84,364,429
2403.04,355,424
2403.24,355,424
2403.44,356,425
2403.64,359,426
2403.84,362,428
2404.04,366,429
2404.24,370,431
2404.44,376,433
2404.64,382,436
2404.84,382,437
2405.04,378,435
2405.24,371,431
2405.44,364,428
2405.64,359,425
2405.84,353,422
2406.04,352,421
2406.24,353,421
2406.44,358,424
2406.64,364,427
2406.84,369,429
2407.04,372,430
2407.24,375,432
2407.44,379,434
2407.64,385,437
2407.84,364,437
2408.04,339,432
2408.24,325,422
2408.44,306,397
2408.64,294,379
2408.84,304,392
2409.04,336,429
2409.24,353,445
2409.44,352,430
2409.64,364,428
2409.84,368,432
2410.04,368,431
2410.24,362,427
2410.44,351,422
2410.64,346,420
2410.84,345,417
2411.04,348,420
2411.24,351,422
2411.44,355,424
2411.64,357,424
2411.84,359,425
2412.04,362,426
2412.24,365,427
2412.44,367,428
2412.64,370,430
2412.84,374,431
2413.04,375,431
2413.24,376,431
2413.44,374,431
2413.64,361,424
2413.84,346,421
2414.04,346,420
2414.24,350,423
2414.44,355,425
2414.64,359,427
2414.84,363,429
2415.04,366,430
2415.24,370,431
2415.44,372,433
2415.64,373,433
2415.84,366,426
2416.04,355,426
2416.24,349,422
2416.44,345,419
2416.64,347,420
2416.84,354,424
2417.04,364,428
2417.24,371,431
2417.44,375,433
2417.64,378,434
2417.84,380,435
2418.04,383,436
2418.24,380,434
2418.44,369,428
2418.64,355,422
2418.84,348,419
2419.04,352,422
2419.24,358,423
2419.44,364,424
2419.64,370,426
2419.84,375,429
2420.04,379,430
2420.24,383,432
2420.44,387,433
2420.64,390,434
2420.84,384,439
2421.04,355,433
2421.24,330,423
2421.44,309,402
2421.64,295,391
2421.84,289,377
2422.04,306,392
2422.24,344,423
2422.44,364,434
2422.64,364,431
2422.84,363,428
2423.04,358,426
2423.24,350,419
2423.44,355,420
2423.64,359,420
2423.84,366,421
2424.04,372,424
2424.24,376,427
2424.44,381,429
2424.64,385,431
2424.84,384,432
2425.04,374,430
2425.24,367,426
2425.44,360,423
2425.64,356,420
2425.84,357,419
2426.04,362,421
2426.24,366,423
2426.44,369,425
2426.64,374,427
2426.84,378,430
2427.04,383,432
2427.24,386,434
2427.44,376,427
2427.64,361,427
2427.84,353,420
2428.04,351,416
2428.24,354,417
2428.44,357,419
2428.64,361,421
2428.84,365,422
2429.04,369,424
2429.24,372,427
2429.44,376,429
2429.64,379,430
2429.84,382,432
2430.04,382,431
2430.24,368,424
2430.44,362,421
2430.64,354,418
2430.84,355,417
2431.04,358,419
2431.24,362,421
2431.44,366,422
2431.64,372,424
2431.84,375,427
2432.04,379,428
2432.24,383,430
2432.44,384,429
2432.64,374,426
2432.84,371,426
2433.04,355,419
2433.24,352,415
2433.44,356,418
2433.64,362,420
2433.84,368,421
2434.04,374,423
2434.24,379,426
2434.44,382,429
2434.64,386,431
2434.84,391,432
2435.04,391,433
2435.24,388,432
2435.44,377,427
2435.64,365,421
2435.84,358,418
2436.04,354,415
2436.24,351,412
2436.44,350,408
2436.64,350,413
2436.84,355,416
2437.04,361,418
2437.24,367,422
2437.44,371,424
2437.64,375,427
2437.84,376,428
2438.04,371,432
2438.24,372,432
2438.44,372,432
2438.64,358,425
2438.84,348,420
2439.04,348,420
2439.24,348,422
2439.44,350,423
2439.64,351,424
2439.84,352,424
2440.04,355,424
2440.24,358,426
2440.44,360,427
2440.64,363,428
2440.84,366,428
2441.04,370,430
2441.24,374,431
2441.44,378,432
2441.64,382,434
2441.84,386,435
2442.04,389,436
2442.24,391,437
2442.44,389,436
2442.64,384,434
2442.84,376,430
2443.04,367,427
2443.24,361,425
2443.44,354,421
2443.64,349,420
2443.84,349,420
2444.04,352,421
2444.24,357,423
2444.44,362,426
2444.64,368,428
2444.84,375,431
2445.04,381,433
2445.24,386,434
2445.44,389,436
2445.64,392,438
2445.84,375,429
2446.04,358,429
2446.24,349,423
2446.44,351,423
2446.64,354,426
2446.84,358,427
2447.04,362,428
2447.24,364,429
2447.44,367,430
2447.64,370,432
2447.84,372,433
2448.04,375,435
2448.24,377,435
2448.44,377,436
2448.64,368,429
2448.84,364,429
2449.04,355,424
2449.24,355,424
2449.44,356,425
2449.64,359,426
2449.84,362,428
2450.04,366,429
2450.24,370,431
2450.44,376,433
2450.64,382,436
2450.84,382,437
2451.04,378,435
2451.24,371,431
2451.44,364,428
2451.64,359,425
2451.84,353,422
2452.04,352,421
2452.24,353,421
2452.44,358,424
2452.64,364,427
2452.84,369,429
2453.04,372,430
2453.24,375,432
2453.44,379,434
2453.64,385,437
2453.84,364,437
2454.04,339,432
2454.24,325,422
2454.44,306,397
2454.64,294,379
2454.84,304,392
2455.04,336,429
2455.24,353,445
2455.44,352,430
2455.64,364,428
2455.84,368,432
2456.04,368,431
2456.24,362,427
2456.44,351,422
2456.64,346,420
2456.84,345,417
2457.04,348,420
2457.24,351,422
2457.44,355,424
2457.64,357,424
2457.84,359,425
2458.04,362,426
2458.24,365,427
2458.44,367,428
2458.64,370,430
2458.84,374,431
2459.04,375,431
2459.24,376,431
2459.44,374,431
2459.64,361,424
2459.84,346,421
2460.04,346,420
2460.24,350,423
2460.44,355,425
2460.64,359,427
2460.84,363,429
2461.04,366,430
2461.24,370,431
2461.44,372,433
2461.64,373,433
2461.84,366,426
2462.04,355,426
2462.24,349,422
2462.44,345,419
2462.64,347,420
2462.84,354,424
2463.04,364,428
2463.24,371,431
2463.44,375,433
2463.64,378,434
2463.84,380,435
2464.04,383,436
2464.24,380,434
2464.44,369,428
2464.64,355,422
2464.84,348,419
2465.04,352,422
2465.24,358,423
2465.44,364,424
2465.64,370,426
2465.84,375,429
2466.04,379,430
2466.24,383,432
2466.44,387,433
2466.64,390,434
2466.84,384,439
2467.04,355,433
2467.24,330,423
2467.44,309,402
2467.64,295,391
2467.84,289,377
2468.04,306,392
2468.24,344,423
2468.44,364,434
2468.64,364,431
2468.84,363,428
2469.04,358,426
2469.24,350,419
2469.44,355,420
2469.64,359,420
2469.84,366,421
2470.04,372,424
2470.24,376,427
2470.44,381,429
2470.64,385,431
2470.84,384,432
2471.04,374,430
2471.24,367,426
2471.44,360,423
2471.64,356,420
2471.84,357,419
2472.04,362,421
2472.24,366,423
2472.44,369,425
2472.64,374,427
2472.84,378,430
2473.04,383,432
2473.24,386,434
2473.44,376,427
2473.64,361,427
2473.84,353,420
2474.04,351,416
2474.24,354,417
2474.44,357,419
2474.64,361,421
2474.84,365,422
2475.04,369,424
2475.24,372,427
2475.44,376,429
2475.64,379,430
2475.84,382,432
2476.04,382,431
2476.24,368,424
2476.44,362,421
2476.64,354,418
2476.84,355,417
2477.04,358,419
2477.24,362,421
2477.44,366,422
2477.64,372,424
2477.84,375,427
2478.04,379,428
2478.24,383,430
2478.44,384,429
2478.64,374,426
2478.84,371,426
2479.04,355,419
2479.24,352,415
2479.44,356,418
2479.64,362,420
2479.84,368,421
2480.04,374,423
2480.24,379,426
2480.44,382,429
2480.64,386,431
2480.84,391,432
2481.04,391,433
2481.24,388,432
2481.44,377,427
2481.64,365,421
2481.84,358,418
2482.04,354,415
2482.24,351,412
2482.44,350,408
2482.64,350,413
2482.84,355,416
2483.04,361,418
2483.24,367,422
2483.44,371,424
2483.64,375,427
2483.84,376,428
2484.04,371,432
2484.24,372,432
2484.44,372,432
2484.64,358,425
2484.84,348,420
2485.04,348,420
2485.24,348,422
2485.44,350,423
2485.64,351,424
2485.84,352,424
2486.04,355,424
2486.24,358,426
2486.44,360,427
2486.64,363,428
2486.84,366,428
2487.04,370,430
2487.24,374,431
2487.44,378,432
2487.64,382,434
2487.84,386,435
2488.04,389,436
2488.24,391,437
2488.44,389,436
2488.64,384,434
2488.84,376,430
2489.04,367,427
2489.24,361,425
2489.44,354,421
2489.64,349,420
2489.84,349,420
2490.04,352,421
2490.24,357,423
2490.44,362,426
2490.64,368,428
2490.84,375,431
2491.04,381,433
2491.24,386,434
2491.44,389,436
2491.64,392,438
2491.84,375,429
2492.04,358,429
2492.24,349,423
2492.44,351,423
2492.64,354,426
2492.84,358,427
2493.04,362,428
2493.24,364,429
2493.44,367,430
2493.64,370,432
2493.84,372,433
2494.04,375,435
2494.24,377,435
2494.44,377,436
2494.64,368,429
2494.84,364,429
2495.04,355,424
2495.24,355,424
2495.44,356,425
2495.64,359,426
2495.84,362,428
2496.04,366,429
2496.24,370,431
2496.44,376,433
2496.64,382,436
2496.84,382,437
2497.04,378,435
2497.24,371,431
2497.44,364,428
2497.64,359,425
2497.84,353,422
2498.04,352,421
2498.24,353,421
2498.44,358,424
2498.64,364,427
2498.84,369,429
2499.04,372,430
2499.24,375,432
2499.44,379,434
2499.64,385,437
2499.84,364,437
2500.04,339,432
2500.24,325,422
2500.44,306,397
2500.64,294,379
2500.84,304,392
2501.04,336,429
2501.24,353,445
2501.44,352,430
2501.64,364,428
2501.84,368,432
2502.04,368,431
2502.24,362,427
2502.44,351,422
2502.64,346,420
2502.84,345,417
2503.04,348,420
2503.24,351,422
2503.44,355,424
2503.64,357,424
2503.84,359,425
2504.04,362,426
2504.24,365,427
2504.44,367,428
2504.64,370,430
2504.84,374,431
2505.04,375,431
2505.24,376,431
2505.44,374,431
2505.64,361,424
2505.84,346,421
2506.04,346,420
2506.24,350,423
2506.44,355,425
2506.64,359,427
2506.84,363,429
2507.04,366,430
2507.24,370,431
2507.44,372,433
2507.64,373,433
2507.84,366,426
2508.04,355,426
2508.24,349,422
2508.44,345,419
2508.64,347,420
2508.84,354,424
2509.04,364,428
2509.24,371,431
2509.44,375,433
2509.64,378,434
2509.84,380,435
2510.04,383,436
2510.24,380,434
2510.44,369,428
2510.64,355,422
2510.84,348,419
2511.04,352,422
2511.24,358,423
2511.44,364,424
2511.64,370,426
2511.84,375,429
2512.04,379,430
2512.24,383,432
2512.44,387,433
2512.64,390,434
2512.84,384,439
2513.04,355,433
2513.24,330,423
2513.44,309,402
2513.64,295,391
2513.84,289,377
2514.04,306,392
2514.24,344,423
2514.44,364,434
2514.64,364,431
2514.84,363,428
2515.04,358,426
2515.24,350,419
2515.44,355,420
2515.64,359,420
2515.84,366,421
2516.04,372,424
2516.24,376,427
2516.44,381,429
2516.64,385,431
2516.84,384,432
2517.04,374,430
2517.24,367,426
2517.44,360,423
2517.64,356,420
2517.84,357,419
2518.04,362,421
2518.24,366,423
2518.44,369,425
2518.64,374,427
2518.84,378,430
2519.04,383,432
2519.24,386,434
2519.44,376,427
2519.64,361,427
2519.84,353,420
2520.04,351,416
2520.24,354,417
2520.44,357,419
2520.64,361,421
2520.84,365,422
2521.04,369,424
2521.24,372,427
2521.44,376,429
2521.64,379,430
2521.84,382,432
2522.04,382,431
2522.24,368,424
2522.44,362,421
2522.64,354,418
2522.84,355,417
2523.04,358,419
2523.24,362,421
2523.44,366,422
2523.64,372,424
2523.84,375,427
2524.04,379,428
2524.24,383,430
2524.44,384,429
2524.64,374,426
2524.84,371,426
2525.04,355,419
2525.24,352,415
2525.44,356,418
2525.64,362,420
2525.84,368,421
2526.04,374,423
2526.24,379,426
2526.44,382,429
2526.64,386,431
2526.84,391,432
2527.04,391,433
2527.24,388,432
2527.44,377,427
2527.64,365,421
2527.84,358,418
2528.04,354,415
2528.24,351,412
2528.44,350,408
2528.64,350,413
2528.84,355,416
2529.04,361,418
2529.24,367,422
2529.44,371,424
2529.64,375,427
2529.84,376,428
2530.04,371,432
2530.24,372,432
2530.44,372,432
2530.64,358,425
2530.84,348,420
2531.04,348,420
2531.24,348,422
2531.44,350,423
2531.64,351,424
2531.84,352,424
2532.04,355,424
2532.24,358,426
2532.44,360,427
2532.64,363,428
2532.84,366,428
2533.04,370,430
2533.24,374,431
2533.44,378,432
2533.64,382,434
2533.84,386,435
2534.04,389,436
2534.24,391,437
2534.44,389,436
2534.64,384,434
2534.84,376,430
2535.04,367,427
2535.24,361,425
2535.44,354,421
2535.64,349,420
2535.84,349,420
2536.04,352,421
2536.24,357,423
2536.44,362,426
2536.64,368,428
2536.84,375,431
2537.04,381,433
2537.24,386,434
2537.44,389,436
2537.64,392,438
2537.84,375,429
2538.04,358,429
2538.24,349,423
2538.44,351,423
2538.64,354,426
2538.84,358,427
2539.04,362,428
2539.24,364,429
2539.44,367,430
2539.64,370,432
2539.84,372,433
2540.04,375,435
2540.24,377,435
2540.44,377,436
2540.64,368,429
2540.84,364,429
2541.04,355,424
2541.24,355,424
2541.44,356,425
2541.64,359,426
2541.84,362,428
2542.04,366,429
2542.24,370,431
2542.44,376,433
2542.64,382,436
2542.84,382,437
2543.04,378,435
2543.24,371,431
2543.44,364,428
2543.64,359,425
2543.84,353,422
2544.04,352,421
2544.24,353,421
2544.44,358,424
2544.64,364,427
2544.84,369,429
2545.04,372,430
2545.24,375,432
2545.44,379,434
2545.64,385,437
2545.84,364,437
2546.04,339,432
2546.24,325,422
2546.44,306,397
2546.64,294,379
2546.84,304,392
2547.04,336,429
2547.24,353,445
2547.44,352,430
2547.64,364,428
2547.84,368,432
2548.04,368,431
2548.24,362,427
2548.44,351,422
2548.64,346,420
2548.84,345,417
2549.04,348,420
2549.24,351,422
2549.44,355,424
2549.64,357,424
2549.84,359,425
2550.04,362,426
2550.24,365,427
2550.44,367,428
2550.64,370,430
2550.84,374,431
2551.04,375,431
2551.24,376,431
2551.44,374,431
2551.64,361,424
2551.84,346,421
2552.04,346,420
2552.24,350,423
2552.44,355,425
2552.64,359,427
2552.84,363,429
2553.04,366,430
2553.24,370,431
2553.44,372,433
2553.64,373,433
2553.84,366,426
2554.04,355,426
2554.24,349,422
2554.44,345,419
2554.64,347,420
2554.84,354,424
2555.04,364,428
2555.24,371,431
2555.44,375,433
2555.64,378,434
2555.84,380,435
2556.04,383,436
2556.24,380,434
2556.44,369,428
2556.64,355,422
2556.84,348,419
2557.04,352,422
2557.24,358,423
2557.44,364,424
2557.64,370,426
2557.84,375,429
2558.04,379,430
2558.24,383,432
2558.44,387,433
2558.64,390,434
2558.84,384,439
2559.04,355,433
2559.24,330,423
2559.44,309,402
2559.64,295,391
2559.84,289,377
2560.04,306,392
2560.24,344,423
2560.44,364,434
2560.64,364,431
2560.84,363,428
2561.04,358,426
2561.24,350,419
2561.44,355,420
2561.64,359,420
2561.84,366,421
2562.04,372,424
2562.24,376,427
2562.44,381,429
2562.64,385,431
2562.84,384,432
2563.04,374,430
2563.24,367,426
2563.44,360,423
2563.64,356,420
2563.84,357,419
2564.04,362,421
2564.24,366,423
2564.44,369,425
2564.64,374,427
2564.84,378,430
2565.04,383,432
2565.24,386,434
2565.44,376,427
2565.64,361,427
2565.84,353,420
2566.04,351,416
2566.24,354,417
2566.44,357,419
2566.64,361,421
2566.84,365,422
2567.04,369,424
2567.24,372,427
2567.44,376,429
2567.64,379,430
2567.84,382,432
2568.04,382,431
2568.24,368,424
2568.44,362,421
2568.64,354,418
2568.84,355,417
2569.04,358,419
2569.24,362,421
2569.44,366,422
2569.64,372,424
2569.84,375,427
2570.04,379,428
2570.24,383,430
2570.44,384,429
2570.64,374,426
2570.84,371,426
2571.04,355,419
2571.24,352,415
2571.44,356,418
2571.64,362,420
2571.84,368,421
2572.04,374,423
2572.24,379,426
2572.44,382,429
2572.64,386,431
2572.84,391,432
2573.04,391,433
2573.24,388,432
2573.44,377,427
2573.64,365,421
2573.84,358,418
2574.04,354,415
2574.24,351,412
2574.44,350,408
2574.64,350,413
2574.84,355,416
2575.04,361,418
2575.24,367,422
2575.44,371,424
2575.64,375,427
2575.84,376,428
2576.04,371,432
2576.24,372,432
2576.44,372,432
2576.64,358,425
2576.84,348,420
2577.04,348,420
2577.24,348,422
2577.44,350,423
2577.64,351,424
2577.84,352,424
2578.04,355,424
2578.24,358,426
2578.44,360,427
2578.64,363,428
2578.84,366,428
2579.04,370,430
2579.24,374,431
2579.44,378,432
2579.64,382,434
2579.84,386,435
2580.04,389,436
2580.24,391,437
2580.44,389,436
2580.64,384,434
2580.84,376,430
2581.04,367,427
2581.24,361,425
2581.44,354,421
2581.64,349,420
2581.84,349,420
2582.04,352,421
2582.24,357,423
2582.44,362,426
2582.64,368,428
2582.84,375,431
2583.04,381,433
2583.24,386,434
2583.44,389,436
2583.64,392,438
2583.84,375,429
2584.04,358,429
2584.24,349,423
2584.44,351,423
2584.64,354,426
2584.84,358,427
2585.04,362,428
2585.24,364,429
2585.44,367,430
2585.64,370,432
2585.84,372,433
2586.04,375,435
2586.24,377,435
2586.44,377,436
2586.64,368,429
2586.84,364,429
2587.04,355,424
2587.24,355,424
2587.44,356,425
2587.64,359,426
2587.84,362,428
2588.04,366,429
2588.24,370,431
2588.44,376,433
2588.64,382,436
2588.84,382,437
2589.04,378,435
2589.24,371,431
2589.44,364,428
2589.64,359,425
2589.84,353,422
2590.04,352,421
2590.24,353,421
2590.44,358,424
2590.64,364,427
2590.84,369,429
2591.04,372,430
2591.24,375,432
2591.44,379,434
2591.64,385,437
2591.84,364,437
2592.04,339,432
2592.24,325,422
2592.44,306,397
2592.64,294,379
2592.84,304,392
2593.04,336,429
2593.24,353,445
2593.44,352,430
2593.64,364,428
2593.84,368,432
2594.04,368,431
2594.24,362,427
2594.44,351,422
2594.64,346,420
2594.84,345,417
2595.04,348,420
2595.24,351,422
2595.44,355,424
2595.64,357,424
2595.84,359,425
2596.04,362,426
2596.24,365,427
2596.44,367,428
2596.64,370,430
2596.84,374,431
2597.04,375,431
2597.24,376,431
2597.44,374,431
2597.64,361,424
2597.84,346,421
2598.04,346,420
2598.24,350,423
2598.44,355,425
2598.64,359,427
2598.84,363,429
2599.04,366,430
2599.24,370,431
2599.44,372,433
2599.64,373,433
2599.84,366,426
2600.04,355,426
2600.24,349,422
2600.44,345,419
2600.64,347,420
2600.84,354,424
2601.04,364,428
2601.24,371,431
2601.44,375,433
2601.64,378,434
2601.84,380,435
2602.04,383,436
2602.24,380,434
2602.44,369,428
2602.64,355,422
2602.84,348,419
2603.04,352,422
2603.24,358,423
2603.44,364,424
2603.64,370,426
2603.84,375,429
2604.04,379,430
2604.24,383,432
2604.44,387,433
2604.64,390,434
2604.84,384,439
2605.04,355,433
2605.24,330,423
2605.44,309,402
2605.64,295,391
2605.84,289,377
2606.04,306,392
2606.24,344,423
2606.44,364,434
2606.64,364,431
2606.84,363,428
2607.04,358,426
2607.24,350,419
2607.44,355,420
2607.64,359,420
2607.84,366,421
2608.04,372,424
2608.24,376,427
2608.44,381,429
2608.64,385,431
2608.84,384,432
2609.04,374,430
2609.24,367,426
2609.44,360,423
2609.64,356,420
2609.84,357,419
2610.04,362,421
2610.24,366,423
2610.44,369,425
2610.64,374,427
2610.84,378,430
2611.04,383,432
2611.24,386,434
2611.44,376,427
2611.64,361,427
2611.84,353,420
2612.04,351,416
2612.24,354,417
2612.44,357,419
2612.64,361,421
2612.84,365,422
2613.04,369,424
2613.24,372,427
2613.44,376,429
2613.64,379,430
2613.84,382,432
2614.04,382,431
2614.24,368,424
2614.44,362,421
2614.64,354,418
2614.84,355,417
2615.04,358,419
2615.24,362,421
2615.44,366,422
2615.64,372,424
2615.84,375,427
2616.04,379,428
2616.24,383,430
2616.44,384,429
2616.64,374,426
2616.84,371,426
2617.04,355,419
2617.24,352,415
2617.44,356,418
2617.64,362,420
2617.84,368,421
2618.04,374,423
2618.24,379,426
2618.44,382,429
2618.64,386,431
2618.84,391,432
2619.04,391,433
2619.24,388,432
2619.44,377,427
2619.64,365,421
2619.84,358,418
2620.04,354,415
2620.24,351,412
2620.44,350,408
2620.64,350,413
2620.84,355,416
2621.04,361,418
2621.24,367,422
2621.44,371,424
2621.64,375,427
2621.84,376,428
2622.04,371,432
2622.24,372,432
2622.44,372,432
2622.64,358,425
2622.84,348,420
2623.04,348,420
2623.24,348,422
2623.44,350,423
2623.64,351,424
2623.84,352,424
2624.04,355,424
2624.24,358,426
2624.44,360,427
2624.64,363,428
2624.84,366,428
2625.04,370,430
2625.24,374,431
2625.44,378,432
2625.64,382,434
2625.84,386,435
2626.04,389,436
2626.24,391,437
2626.44,389,436
2626.64,384,434
2626.84,376,430
2627.04,367,427
2627.24,361,425
2627.44,354,421
2627.64,349,420
2627.84,349,420
2628.04,352,421
2628.24,357,423
2628.44,362,426
2628.64,368,428
2628.84,375,431
2629.04,381,433
2629.24,386,434
2629.44,389,436
2629.64,392,438
2629.84,375,429
2630.04,358,429
2630.24,349,423
2630.44,351,423
2630.64,354,426
2630.84,358,427
2631.04,362,428
2631.24,364,429
2631.44,367,430
2631.64,370,432
2631.84,372,433
2632.04,375,435
2632.24,377,435
2632.44,377,436
2632.64,368,429
2632.84,364,429
2633.04,355,424
2633.24,355,424
2633.44,356,425
2633.64,359,426
2633.84,362,428
2634.04,366,429
2634.24,370,431
2634.44,376,433
2634.64,382,436
2634.84,382,437
2635.04,378,435
2635.24,371,431
2635.44,364,428
2635.64,359,425
2635.84,353,422
2636.04,352,421
2636.24,353,421
2636.44,358,424
2636.64,364,427
2636.84,369,429
2637.04,372,430
2637.24,375,432
2637.44,379,434
2637.64,385,437
2637.84,364,437
2638.04,339,432
2638.24,325,422
2638.44,306,397
2638.64,294,379
2638.84,304,392
2639.04,336,429
2639.24,353,445
2639.44,352,430
2639.64,364,428
2639.84,368,432
2640.04,368,431
2640.24,362,427
2640.44,351,422
2640.64,346,420
2640.84,345,417
2641.04,348,420
2641.24,351,422
2641.44,355,424
2641.64,357,424
2641.84,359,425
2642.04,362,426
2642.24,365,427
2642.44,367,428
2642.64,370,430
2642.84,374,431
2643.04,375,431
2643.24,376,431
2643.44,374,431
2643.64,361,424
2643.84,346,421
2644.04,346,420
2644.24,350,423
2644.44,355,425
2644.64,359,427
2644.84,363,429
2645.04,366,430
2645.24,370,431
2645.44,372,433
2645.64,373,433
2645.84,366,426
2646.04,355,426
2646.24,349,422
2646.44,345,419
2646.64,347,420
2646.84,354,424
2647.04,364,428
2647.24,371,431
2647.44,375,433
2647.64,378,434
2647.84,380,435
2648.04,383,436
2648.24,380,434
2648.44,369,428
2648.64,355,422
2648.84,348,419
2649.04,352,422
2649.24,358,423
2649.44,364,424
2649.64,370,426
2649.84,375,429
2650.04,379,430
2650.24,383,432
2650.44,387,433
2650.64,390,434
2650.84,384,439
2651.04,355,433
2651.24,330,423
2651.44,309,402
2651.64,295,391
2651.84,289,377
2652.04,306,392
2652.24,344,423
2652.44,364,434
2652.64,364,431
2652.84,363,428
2653.04,358,426
2653.24,350,419
2653.44,355,420
2653.64,359,420
2653.84,366,421
2654.04,372,424
2654.24,376,427
2654.44,381,429
2654.64,385,431
2654.84,384,432
2655.04,374,430
2655.24,367,426
2655.44,360,423
2655.64,356,420
2655.84,357,419
2656.04,362,421
2656.24,366,423
2656.44,369,425
2656.64,374,427
2656.84,378,430
2657.04,383,432
2657.24,386,434
2657.44,376,427
2657.64,361,427
2657.84,353,420
2658.04,351,416
2658.24,354,417
2658.44,357,419
2658.64,361,421
2658.84,365,422
2659.04,369,424
2659.24,372,427
2659.44,376,429
2659.64,379,430
2659.84,382,432
2660.04,382,431
2660.24,368,424
2660.44,362,421
2660.64,354,418
2660.84,355,417
2661.04,358,419
2661.24,362,421
2661.44,366,422
2661.64,372,424
2661.84,375,427
2662.04,379,428
2662.24,383,430
2662.44,384,429
2662.64,374,426
2662.84,371,426
2663.04,355,419
2663.24,352,415
2663.44,356,418
2663.64,362,420
2663.84,368,421
2664.04,374,423
2664.24,379,426
2664.44,382,429
2664.64,386,431
2664.84,391,432
2665.04,391,433
2665.24,388,432
2665.44,377,427
2665.64,365,421
2665.84,358,418
2666.04,354,415
2666.24,351,412
2666.44,350,408
2666.64,350,413
2666.84,355,416
2667.04,361,418
2667.24,367,422
2667.44,371,424
2667.64,375,427
2667.84,376,428
2668.04,371,432
2668.24,372,432
2668.44,372,432
2668.64,358,425
2668.84,348,420
2669.04,348,420
2669.24,348,422
2669.44,350,423
2669.64,351,424
2669.84,352,424
2670.04,355,424
2670.24,358,426
2670.44,360,427
2670.64,363,428
2670.84,366,428
2671.04,370,430
2671.24,374,431
2671.44,378,432
2671.64,382,434
2671.84,386,435
2672.04,389,436
2672.24,391,437
2672.44,389,436
2672.64,384,434
2672.84,376,430
2673.04,367,427
2673.24,361,425
2673.44,354,421
2673.64,349,420
2673.84,349,420
2674.04,352,421
2674.24,357,423
2674.44,362,426
2674.64,368,428
2674.84,375,431
2675.04,381,433
2675.24,386,434
2675.44,389,436
2675.64,392,438
2675.84,375,429
2676.04,358,429
2676.24,349,423
2676.44,351,423
2676.64,354,426
2676.84,358,427
2677.04,362,428
2677.24,364,429
2677.44,367,430
2677.64,370,432
2677.84,372,433
2678.04,375,435
2678.24,377,435
2678.44,377,436
2678.64,368,429
2678.84,364,429
2679.04,355,424
2679.24,355,424
2679.44,356,425
2679.64,359,426
2679.84,362,428
2680.04,366,429
2680.24,370,431
2680.44,376,433
2680.64,382,436
2680.84,382,437
2681.04,378,435
2681.24,371,431
2681.44,364,428
2681.64,359,425
2681.84,353,422
2682.04,352,421
2682.24,353,421
2682.44,358,424
2682.64,364,427
2682.84,369,429
2683.04,372,430
2683.24,375,432
2683.44,379,434
2683.64,385,437
2683.84,364,437
2684.04,339,432
2684.24,325,422
2684.44,306,397
2684.64,294,379
2684.84,304,392
2685.04,336,429
2685.24,353,445
2685.44,352,430
2685.64,364,428
2685.84,368,432
2686.04,368,431
2686.24,362,427
2686.44,351,422
2686.64,346,420
2686.84,345,417
2687.04,348,420
2687.24,351,422
2687.44,355,424
2687.64,357,424
2687.84,359,425
2688.04,362,426
2688.24,365,427
2688.44,367,428
2688.64,370,430
2688.84,374,431
2689.04,375,431
2689.24,376,431
2689.44,374,431
2689.64,361,424
2689.84,346,421
2690.04,346,420
2690.24,350,423
2690.44,355,425
2690.64,359,427
2690.84,363,429
2691.04,366,430
2691.24,370,431
2691.44,372,433
2691.64,373,433
2691.84,366,426
2692.04,355,426
2692.24,349,422
2692.44,345,419
2692.64,347,420
2692.84,354,424
2693.04,364,428
2693.24,371,431
2693.44,375,433
2693.64,378,434
2693.84,380,435
2694.04,383,436
2694.24,380,434
2694.44,369,428
2694.64,355,422
2694.84,348,419
2695.04,352,422
2695.24,358,423
2695.44,364,424
2695.64,370,426
2695.84,375,429
2696.04,379,430
2696.24,383,432
2696.44,387,433
2696.64,390,434
2696.84,384,439
2697.04,355,433
2697.24,330,423
2697.44,309,402
2697.64,295,391
2697.84,289,377
2698.04,306,392
2698.24,344,423
2698.44,364,434
2698.64,364,431
2698.84,363,428
2699.04,358,426
2699.24,350,419
2699.44,355,420
2699.64,359,420
2699.84,366,421
2700.04,372,424
2700.24,376,427
2700.44,381,429
2700.64,385,431
2700.84,384,432
2701.04,374,430
2701.24,367,426
2701.44,360,423
2701.64,356,420
2701.84,357,419
2702.04,362,421
2702.24,366,423
2702.44,369,425
2702.64,374,427
2702.84,378,430
2703.04,383,432
2703.24,386,434
2703.44,376,427
2703.64,361,427
2703.84,353,420
2704.04,351,416
2704.24,354,417
2704.44,357,419
2704.64,361,421
2704.84,365,422
2705.04,369,424
2705.24,372,427
2705.44,376,429
2705.64,379,430
2705.84,382,432
2706.04,382,431
2706.24,368,424
2706.44,362,421
2706.64,354,418
2706.84,355,417
2707.04,358,419
2707.24,362,421
2707.44,366,422
2707.64,372,424
2707.84,375,427
2708.04,379,428
2708.24,383,430
2708.44,384,429
2708.64,374,426
2708.84,371,426
2709.04,355,419
2709.24,352,415
2709.44,356,418
2709.64,362,420
2709.84,368,421
2710.04,374,423
2710.24,379,426
2710.44,382,429
2710.64,386,431
2710.84,391,432
2711.04,391,433
2711.24,388,432
2711.44,377,427
2711.64,365,421
2711.84,358,418
2712.04,354,415
2712.24,351,412
2712.44,350,408
2712.64,350,413
2712.84,355,416
2713.04,361,418
2713.24,367,422
2713.44,371,424
2713.64,375,427
2713.84,376,428
2714.04,371,432
2714.24,372,432
2714.44,372,432
2714.64,358,425
2714.84,348,420
2715.04,348,420
2715.24,348,422
2715.44,350,423
2715.64,351,424
2715.84,352,424
2716.04,355,424
2716.24,358,426
2716.44,360,427
2716.64,363,428
2716.84,366,428
2717.04,370,430
2717.24,374,431
2717.44,378,432
2717.64,382,434
2717.84,386,435
2718.04,389,436
2718.24,391,437
2718.44,389,436
2718.64,384,434
2718.84,376,430
2719.04,367,427
2719.24,361,425
2719.44,354,421
2719.64,349,420
2719.84,349,420
2720.04,352,421
2720.24,357,423
2720.44,362,426
2720.64,368,428
2720.84,375,431
2721.04,381,433
2721.24,386,434
2721.44,389,436
2721.64,392,438
2721.84,375,429
2722.04,358,429
2722.24,349,423
2722.44,351,423
2722.64,354,426
2722.84,358,427
2723.04,362,428
2723.24,364,429
2723.44,367,430
2723.64,370,432
2723.84,372,433
2724.04,375,435
2724.24,377,435
2724.44,377,436
2724.64,368,429
2724.84,364,429
2725.04,355,424
2725.24,355,424
2725.44,356,425
2725.64,359,426
2725.84,362,428
2726.04,366,429
2726.24,370,431
2726.44,376,433
2726.64,382,436
2726.84,382,437
2727.04,378,435
2727.24,371,431
2727.44,364,428
2727.64,359,425
2727.84,353,422
2728.04,352,421
2728.24,353,421
2728.44,358,424
2728.64,364,427
2728.84,369,429
2729.04,372,430
2729.24,375,432
2729.44,379,434
2729.64,385,437
2729.84,364,437
2730.04,339,432
2730.24,325,422
2730.44,306,397
2730.64,294,379
2730.84,304,392
2731.04,336,429
2731.24,353,445
2731.44,352,430
2731.64,364,428
2731.84,368,432
2732.04,368,431
2732.24,362,427
2732.44,351,422
2732.64,346,420
2732.84,345,417
2733.04,348,420
2733.24,351,422
2733.44,355,424
2733.64,357,424
2733.84,359,425
2734.04,362,426
2734.24,365,427
2734.44,367,428
2734.64,370,430
2734.84,374,431
2735.04,375,431
2735.24,376,431
2735.44,374,431
2735.64,361,424
2735.84,346,421
2736.04,346,420
2736.24,350,423
2736.44,355,425
2736.64,359,427
2736.84,363,429
2737.04,366,430
2737.24,370,431
2737.44,372,433
2737.64,373,433
2737.84,366,426
2738.04,355,426
2738.24,349,422
2738.44,345,419
2738.64,347,420
2738.84,354,424
2739.04,364,428
2739.24,371,431
2739.44,375,433
2739.64,378,434
2739.84,380,435
2740.04,383,436
2740.24,380,434
2740.44,369,428
2740.64,355,422
2740.84,348,419
2741.04,352,422
2741.24,358,423
2741.44,364,424
2741.64,370,426
2741.84,375,429
2742.04,379,430
2742.24,383,432
2742.44,387,433
2742.64,390,434
2742.84,384,439
2743.04,355,433
2743.24,330,423
2743.44,309,402
2743.64,295,391
2743.84,289,377
2744.04,306,392
2744.24,344,423
2744.44,364,434
2744.64,364,431
2744.84,363,428
2745.04,358,426
2745.24,350,419
2745.44,355,420
2745.64,359,420
2745.84,366,421
2746.04,372,424
2746.24,376,427
2746.44,381,429
2746.64,385,431
2746.84,384,432
2747.04,374,430
2747.24,367,426
2747.44,360,423
2747.64,356,420
2747.84,357,419
2748.04,362,421
2748.24,366,423
2748.44,369,425
2748.64,374,427
2748.84,378,430
2749.04,383,432
2749.24,386,434
2749.44,376,427
2749.64,361,427
2749.84,353,420
2750.04,351,416
2750.24,354,417
2750.44,357,419
2750.64,361,421
2750.84,365,422
2751.04,369,424
2751.24,372,427
2751.44,376,429
2751.64,379,430
2751.84,382,432
2752.04,382,431
2752.24,368,424
2752.44,362,421
2752.64,354,418
2752.84,355,417
2753.04,358,419
2753.24,362,421
2753.44,366,422
2753.64,372,424
2753.84,375,427
2754.04,379,428
2754.24,383,430
2754.44,384,429
2754.64,374,426
2754.84,371,426
2755.04,355,419
2755.24,352,415
2755.44,356,418
2755.64,362,420
2755.84,368,421
2756.04,374,423
2756.24,379,426
2756.44,382,429
2756.64,386,431
2756.84,391,432
2757.04,391,433
2757.24,388,432
2757.44,377,427
2757.64,365,421
2757.84,358,418
2758.04,354,415
2758.24,351,412
2758.44,350,408
2758.64,350,413
2758.84,355,416
2759.04,361,418
2759.24,367,422
2759.44,371,424
2759.64,375,427
2759.84,376,428
2760.04,371,432
2760.24,372,432
2760.44,372,432
2760.64,358,425
2760.84,348,420
2761.04,348,420
2761.24,348,422
2761.44,350,423
2761.64,351,424
2761.84,352,424
2762.04,355,424
2762.24,358,426
2762.44,360,427
2762.64,363,428
2762.84,366,428
2763.04,370,430
2763.24,374,431
2763.44,378,432
2763.64,382,434
2763.84,386,435
2764.04,389,436
2764.24,391,437
2764.44,389,436
2764.64,384,434
2764.84,376,430
2765.04,367,427
2765.24,361,425
2765.44,354,421
2765.64,349,420
2765.84,349,420
2766.04,352,421
2766.24,357,423
2766.44,362,426
2766.64,368,428
2766.84,375,431
2767.04,381,433
2767.24,386,434
2767.44,389,436
2767.64,392,438
2767.84,375,429
2768.04,358,429
2768.24,349,423
2768.44,351,423
2768.64,354,426
2768.84,358,427
2769.04,362,428
2769.24,364,429
2769.44,367,430
2769.64,370,432
2769.84,372,433
2770.04,375,435
2770.24,377,435
2770.44,377,436
2770.64,368,429
2770.84,364,429
2771.04,355,424
2771.24,355,424
2771.44,356,425
2771.64,359,426
2771.84,362,428
2772.04,366,429
2772.24,370,431
2772.44,376,433
2772.64,382,436
2772.84,382,437
2773.04,378,435
2773.24,371,431
2773.44,364,428
2773.64,359,425
2773.84,353,422
2774.04,352,421
2774.24,353,421
2774.44,358,424
2774.64,364,427
2774.84,369,429
2775.04,372,430
2775.24,375,432
2775.44,379,434
2775.64,385,437
2775.84,364,437
2776.04,339,432
2776.24,325,422
2776.44,306,397
2776.64,294,379
2776.84,304,392
2777.04,336,429
2777.24,353,445
2777.44,352,430
2777.64,364,428
2777.84,368,432
2778.04,368,431
2778.24,362,427
2778.44,351,422
2778.64,346,420
2778.84,345,417
2779.04,348,420
2779.24,351,422
2779.44,355,424
2779.64,357,424
2779.84,359,425
2780.04,362,426
2780.24,365,427
2780.44,367,428
2780.64,370,430
2780.84,374,431
2781.04,375,431
2781.24,376,431
2781.44,374,431
2781.64,361,424
2781.84,346,421
2782.04,346,420
2782.24,350,423
2782.44,355,425
2782.64,359,427
2782.84,363,429
2783.04,366,430
2783.24,370,431
2783.44,372,433
2783.64,373,433
2783.84,366,426
2784.04,355,426
2784.24,349,422
2784.44,345,419
2784.64,347,420
2784.84,354,424
2785.04,364,428
2785.24,371,431
2785.44,375,433
2785.64,378,434
2785.84,380,435
2786.04,383,436
2786.24,380,434
2786.44,369,428
2786.64,355,422
2786.84,348,419
2787.04,352,422
2787.24,358,423
2787.44,364,424
2787.64,370,426
2787.84,375,429
2788.04,379,430
2788.24,383,432
2788.44,387,433
2788.64,390,434
2788.84,384,439
2789.04,355,433
2789.24,330,423
2789.44,309,402
2789.64,295,391
2789.84,289,377
2790.04,306,392
2790.24,344,423
2790.44,364,434
2790.64,364,431
2790.84,363,428
2791.04,358,426
2791.24,350,419
2791.44,355,420
2791.64,359,420
2791.84,366,421
2792.04,372,424
2792.24,376,427
2792.44,381,429
2792.64,385,431
2792.84,384,432
2793.04,374,430
2793.24,367,426
2793.44,360,423
2793.64,356,420
2793.84,357,419
2794.04,362,421
2794.24,366,423
2794.44,369,425
2794.64,374,427
2794.84,378,430
2795.04,383,432
2795.24,386,434
2795.44,376,427
2795.64,361,427
2795.84,353,420
2796.04,351,416
2796.24,354,417
2796.44,357,419
2796.64,361,421
2796.84,365,422
2797.04,369,424
2797.24,372,427
2797.44,376,429
2797.64,379,430
2797.84,382,432
2798.04,382,431
2798.24,368,424
2798.44,362,421
2798.64,354,418
2798.84,355,417
2799.04,358,419
2799.24,362,421
2799.44,366,422
2799.64,372,424
2799.84,375,427
2800.04,379,428
2800.24,383,430
2800.44,384,429
2800.64,374,426
2800.84,371,426
2801.04,355,419
2801.24,352,415
2801.44,356,418
2801.64,362,420
2801.84,368,421
2802.04,374,423
2802.24,379,426
2802.44,382,429
2802.64,386,431
2802.84,391,432
2803.04,391,433
2803.24,388,432
2803.44,377,427
2803.64,365,421
2803.84,358,418
2804.04,354,415
2804.24,351,412
2804.44,350,408
2804.64,350,413
2804.84,355,416
2805.04,361,418
2805.24,367,422
2805.44,371,424
2805.64,375,427
2805.84,376,428
2806.04,371,432
2806.24,372,432
2806.44,372,432
2806.64,358,425
2806.84,348,420
2807.04,348,420
2807.24,348,422
2807.44,350,423
2807.64,351,424
2807.84,352,424
2808.04,355,424
2808.24,358,426
2808.44,360,427
2808.64,363,428
2808.84,366,428
2809.04,370,430
2809.24,374,431
2809.44,378,432
2809.64,382,434
2809.84,386,435
2810.04,389,436
2810.24,391,437
2810.44,389,436
2810.64,384,434
2810.84,376,430
2811.04,367,427
2811.24,361,425
2811.44,354,421
2811.64,349,420
2811.84,349,420
2812.04,352,421
2812.24,357,423
2812.44,362,426
2812.64,368,428
2812.84,375,431
2813.04,381,433
2813.24,386,434
2813.44,389,436
2813.64,392,438
2813.84,375,429
2814.04,358,429
2814.24,349,423
2814.44,351,423
2814.64,354,426
2814.84,358,427
2815.04,362,428
2815.24,364,429
2815.44,367,430
2815.64,370,432
2815.84,372,433
2816.04,375,435
2816.24,377,435
2816.44,377,436
2816.64,368,429
2816.84,364,429
2817.04,355,424
2817.24,355,424
2817.44,356,425
2817.64,359,426
2817.84,362,428
2818.04,366,429
2818.24,370,431
2818.44,376,433
2818.64,382,436
2818.84,382,437
2819.04,378,435
2819.24,371,431
2819.44,364,428
2819.64,359,425
2819.84,353,422
2820.04,352,421
2820.24,353,421
2820.44,358,424
2820.64,364,427
2820.84,369,429
2821.04,372,430
2821.24,375,432
2821.44,379,434
2821.64,385,437
2821.84,364,437
2822.04,339,432
2822.24,325,422
2822.44,306,397
2822.64,294,379
2822.84,304,392
2823.04,336,429
2823.24,353,445
2823.44,352,430
2823.64,364,428
2823.84,368,432
2824.04,368,431
2824.24,362,427
2824.44,351,422
2824.64,346,420
2824.84,345,417
2825.04,348,420
2825.24,351,422
2825.44,355,424
2825.64,357,424
2825.84,359,425
2826.04,362,426
2826.24,365,427
2826.44,367,428
2826.64,370,430
2826.84,374,431
2827.04,375,431
2827.24,376,431
2827.44,374,431
2827.64,361,424
2827.84,346,421
2828.04,346,420
2828.24,350,423
2828.44,355,425
2828.64,359,427
2828.84,363,429
2829.04,366,430
2829.24,370,431
2829.44,372,433
2829.64,373,433
2829.84,366,426
2830.04,355,426
2830.24,349,422
2830.44,345,419
2830.64,347,420
2830.84,354,424
2831.04,364,428
2831.24,371,431
2831.44,375,433
2831.64,378,434
2831.84,380,435
2832.04,383,436
2832.24,380,434
2832.44,369,428
2832.64,355,422
2832.84,348,419
2833.04,352,422
2833.24,358,423
2833.44,364,424
2833.64,370,426
2833.84,375,429
2834.04,379,430
2834.24,383,432
2834.44,387,433
2834.64,390,434
2834.84,384,439
2835.04,355,433
2835.24,330,423
2835.44,309,402
2835.64,295,391
2835.84,289,377
2836.04,306,392
2836.24,344,423
2836.44,364,434
2836.64,364,431
2836.84,363,428
2837.04,358,426
2837.24,350,419
2837.44,355,420
2837.64,359,420
2837.84,366,421
2838.04,372,424
2838.24,376,427
2838.44,381,429
2838.64,385,431
2838.84,384,432
2839.04,374,430
2839.24,367,426
2839.44,360,423
2839.64,356,420
2839.84,357,419
2840.04,362,421
2840.24,366,423
2840.44,369,425
2840.64,374,427
2840.84,378,430
2841.04,383,432
2841.24,386,434
2841.44,376,427
2841.64,361,427
2841.84,353,420
2842.04,351,416
2842.24,354,417
2842.44,357,419
2842.64,361,421
2842.84,365,422
2843.04,369,424
2843.24,372,427
2843.44,376,429
2843.64,379,430
2843.84,382,432
2844.04,382,431
2844.24,368,424
2844.44,362,421
2844.64,354,418
2844.84,355,417
2845.04,358,419
2845.24,362,421
2845.44,366,422
2845.64,372,424
2845.84,375,427
2846.04,379,428
2846.24,383,430
2846.44,384,429
2846.64,374,426
2846.84,371,426
2847.04,355,419
2847.24,352,415
2847.44,356,418
2847.64,362,420
2847.84,368,421
2848.04,374,423
2848.24,379,426
2848.44,382,429
2848.64,386,431
2848.84,391,432
2849.04,391,433
2849.24,388,432
2849.44,377,427
2849.64,365,421
2849.84,358,418
2850.04,354,415
2850.24,351,412
2850.44,350,408
2850.64,350,413
2850.84,355,416
2851.04,361,418
2851.24,367,422
2851.44,371,424
2851.64,375,427
2851.84,376,428
2852.04,371,432
2852.24,372,432
2852.44,372,432
2852.64,358,425
2852.84,348,420
2853.04,348,420
2853.24,348,422
2853.44,350,423
2853.64,351,424
2853.84,352,424
2854.04,355,424
2854.24,358,426
2854.44,360,427
2854.64,363,428
2854.84,366,428
2855.04,370,430
2855.24,374,431
2855.44,378,432
2855.64,382,434
2855.84,386,435
2856.04,389,436
2856.24,391,437
2856.44,389,436
2856.64,384,434
2856.84,376,430
2857.04,367,427
2857.24,361,425
2857.44,354,421
2857.64,349,420
2857.84,349,420
2858.04,352,421
2858.24,357,423
2858.44,362,426
2858.64,368,428
2858.84,375,431
2859.04,381,433
2859.24,386,434
2859.44,389,436
2859.64,392,438
2859.84,375,429
2860.04,358,429
2860.24,349,423
2860.44,351,423
2860.64,354,426
2860.84,358,427
2861.04,362,428
2861.24,364,429
2861.44,367,430
2861.64,370,432
2861.84,372,433
2862.04,375,435
2862.24,377,435
2862.44,377,436
2862.64,368,429
2862.84,364,429
2863.04,355,424
2863.24,355,424
2863.44,356,425
2863.64,359,426
2863.84,362,428
2864.04,366,429
2864.24,370,431
2864.44,376,433
2864.64,382,436
2864.84,382,437
2865.04,378,435
2865.24,371,431
2865.44,364,428
2865.64,359,425
2865.84,353,422
2866.04,352,421
2866.24,353,421
2866.44,358,424
2866.64,364,427
2866.84,369,429
2867.04,372,430
2867.24,375,432
2867.44,379,434
2867.64,385,437
2867.84,364,437
2868.04,339,432
2868.24,325,422
2868.44,306,397
2868.64,294,379
2868.84,304,392
2869.04,336,429
2869.24,353,445
2869.44,352,430
2869.64,364,428
2869.84,368,432
2870.04,368,431
2870.24,362,427
2870.44,351,422
2870.64,346,420
2870.84,345,417
2871.04,348,420
2871.24,351,422
2871.44,355,424
2871.64,357,424
2871.84,359,425
2872.04,362,426
2872.24,365,427
2872.44,367,428
2872.64,370,430
2872.84,374,431
2873.04,375,431
2873.24,376,431
2873.44,374,431
2873.64,361,424
2873.84,346,421
2874.04,346,420
2874.24,350,423
2874.44,355,425
2874.64,359,427
2874.84,363,429
2875.04,366,430
2875.24,370,431
2875.44,372,433
2875.64,373,433
2875.84,366,426
2876.04,355,426
2876.24,349,422
2876.44,345,419
2876.64,347,420
2876.84,354,424
2877.04,364,428
2877.24,371,431
2877.44,375,433
2877.64,378,434
2877.84,380,435
2878.04,383,436
2878.24,380,434
2878.44,369,428
2878.64,355,422
2878.84,348,419
2879.04,352,422
2879.24,358,423
2879.44,364,424
2879.64,370,426
2879.84,375,429
2880.04,379,430
2880.24,383,432
2880.44,387,433
2880.64,390,434
2880.84,384,439
2881.04,355,433
2881.24,330,423
2881.44,309,402
2881.64,295,391
2881.84,289,377
2882.04,306,392
2882.24,344,423
2882.44,364,434
2882.64,364,431
2882.84,363,428
2883.04,358,426
2883.24,350,419
2883.44,355,420
2883.64,359,420
2883.84,366,421
2884.04,372,424
2884.24,376,427
2884.44,381,429
2884.64,385,431
2884.84,384,432
2885.04,374,430
2885.24,367,426
2885.44,360,423
2885.64,356,420
2885.84,357,419
2886.04,362,421
2886.24,366,423
2886.44,369,425
2886.64,374,427
2886.84,378,430
2887.04,383,432
2887.24,386,434
2887.44,376,427
2887.64,361,427
2887.84,353,420
2888.04,351,416
2888.24,354,417
2888.44,357,419
2888.64,361,421
2888.84,365,422
2889.04,369,424
2889.24,372,427
2889.44,376,429
2889.64,379,430
2889.84,382,432
2890.04,382,431
2890.24,368,424
2890.44,362,421
2890.64,354,418
2890.84,355,417
2891.04,358,419
2891.24,362,421
2891.44,366,422
2891.64,372,424
2891.84,375,427
2892.04,379,428
2892.24,383,430
2892.44,384,429
2892.64,374,426
2892.84,371,426
2893.04,355,419
2893.24,352,415
2893.44,356,418
2893.64,362,420
2893.84,368,421
2894.04,374,423
2894.24,379,426
2894.44,382,429
2894.64,386,431
2894.84,391,432
2895.04,391,433
2895.24,388,432
2895.44,377,427
2895.64,365,421
2895.84,358,418
2896.04,354,415
2896.24,351,412
2896.44,350,408
2896.64,350,413
2896.84,355,416
2897.04,361,418
2897.24,367,422
2897.44,371,424
2897.64,375,427
2897.84,376,428
2898.04,371,432
2898.24,372,432
2898.44,372,432
2898.64,358,425
2898.84,348,420
2899.04,348,420
2899.24,348,422
2899.44,350,423
2899.64,351,424
2899.84,352,424
2900.04,355,424
2900.24,358,426
2900.44,360,427
2900.64,363,428
2900.84,366,428
2901.04,370,430
2901.24,374,431
2901.44,378,432
2901.64,382,434
2901.84,386,435
2902.04,389,436
2902.24,391,437
2902.44,389,436
2902.64,384,434
2902.84,376,430
2903.04,367,427
2903.24,361,425
2903.44,354,421
2903.64,349,420
2903.84,349,420
2904.04,352,421
2904.24,357,423
2904.44,362,426
2904.64,368,428
2904.84,375,431
2905.04,381,433
2905.24,386,434
2905.44,389,436
2905.64,392,438
2905.84,375,429
2906.04,358,429
2906.24,349,423
2906.44,351,423
2906.64,354,426
2906.84,358,427
2907.04,362,428
2907.24,364,429
2907.44,367,430
2907.64,370,432
2907.84,372,433
2908.04,375,435
2908.24,377,435
2908.44,377,436
2908.64,368,429
2908.84,364,429
2909.04,355,424
2909.24,355,424
2909.44,356,425
2909.64,359,426
2909.84,362,428
2910.04,366,429
2910.24,370,431
2910.44,376,433
2910.64,382,436
2910.84,382,437
2911.04,378,435
2911.24,371,431
2911.44,364,428
2911.64,359,425
2911.84,353,422
2912.04,352,421
2912.24,353,421
2912.44,358,424
2912.64,364,427
2912.84,369,429
2913.04,372,430
2913.24,375,432
2913.44,379,434
2913.64,385,437
2913.84,364,437
2914.04,339,432
2914.24,325,422
2914.44,306,397
2914.64,294,379
2914.84,304,392
2915.04,336,429
2915.24,353,445
2915.44,352,430
2915.64,364,428
2915.84,368,432
2916.04,368,431
2916.24,362,427
2916.44,351,422
2916.64,346,420
2916.84,345,417
2917.04,348,420
2917.24,351,422
2917.44,355,424
2917.64,357,424
2917.84,359,425
2918.04,362,426
2918.24,365,427
2918.44,367,428
2918.64,370,430
2918.84,374,431
2919.04,375,431
2919.24,376,431
2919.44,374,431
2919.64,361,424
2919.84,346,421
2920.04,346,420
2920.24,350,423
2920.44,355,425
2920.64,359,427
2920.84,363,429
2921.04,366,430
2921.24,370,431
2921.44,372,433
2921.64,373,433
2921.84,366,426
2922.04,355,426
2922.24,349,422
2922.44,345,419
2922.64,347,420
2922.84,354,424
2923.04,364,428
2923.24,371,431
2923.44,375,433
2923.64,378,434
2923.84,380,435
2924.04,383,436
2924.24,380,434
2924.44,369,428
2924.64,355,422
2924.84,348,419
2925.04,352,422
2925.24,358,423
2925.44,364,424
2925.64,370,426
2925.84,375,429
2926.04,379,430
2926.24,383,432
2926.44,387,433
2926.64,390,434
2926.84,384,439
2927.04,355,433
2927.24,330,423
2927.44,309,402
2927.64,295,391
2927.84,289,377
2928.04,306,392
2928.24,344,423
2928.44,364,434
2928.64,364,431
2928.84,363,428
2929.04,358,426
2929.24,350,419
2929.44,355,420
2929.64,359,420
2929.84,366,421
2930.04,372,424
2930.24,376,427
2930.44,381,429
2930.64,385,431
2930.84,384,432
2931.04,374,430
2931.24,367,426
2931.44,360,423
2931.64,356,420
2931.84,357,419
2932.04,362,421
2932.24,366,423
2932.44,369,425
2932.64,374,427
2932.84,378,430
2933.04,383,432
2933.24,386,434
2933.44,376,427
2933.64,361,427
2933.84,353,420
2934.04,351,416
2934.24,354,417
2934.44,357,419
2934.64,361,421
2934.84,365,422
2935.04,369,424
2935.24,372,427
2935.44,376,429
2935.64,379,430
2935.84,382,432
2936.04,382,431
2936.24,368,424
2936.44,362,421
2936.64,354,418
2936.84,355,417
2937.04,358,419
2937.24,362,421
2937.44,366,422
2937.64,372,424
2937.84,375,427
2938.04,379,428
2938.24,383,430
2938.44,384,429
2938.64,374,426
2938.84,371,426
2939.04,355,419
2939.24,352,415
2939.44,356,418
2939.64,362,420
2939.84,368,421
2940.04,374,423
2940.24,379,426
2940.44,382,429
2940.64,386,431
2940.84,391,432
2941.04,391,433
2941.24,388,432
2941.44,377,427
2941.64,365,421
2941.84,358,418
2942.04,354,415
2942.24,351,412
2942.44,350,408
2942.64,350,413
2942.84,355,416
2943.04,361,418
2943.24,367,422
2943.44,371,424
2943.64,375,427
2943.84,376,428
2944.04,371,432
2944.24,372,432
2944.44,372,432
2944.64,358,425
2944.84,348,420
2945.04,348,420
2945.24,348,422
2945.44,350,423
2945.64,351,424
2945.84,352,424
2946.04,355,424
2946.24,358,426
2946.44,360,427
2946.64,363,428
2946.84,366,428
2947.04,370,430
2947.24,374,431
2947.44,378,432
2947.64,382,434
2947.84,386,435
2948.04,389,436
2948.24,391,437
2948.44,389,436
2948.64,384,434
2948.84,376,430
2949.04,367,427
2949.24,361,425
2949.44,354,421
2949.64,349,420
2949.84,349,420
2950.04,352,421
2950.24,357,423
2950.44,362,426
2950.64,368,428
2950.84,375,431
2951.04,381,433
2951.24,386,434
2951.44,389,436
2951.64,392,438
2951.84,375,429
2952.04,358,429
2952.24,349,423
2952.44,351,423
2952.64,354,426
2952.84,358,427
2953.04,362,428
2953.24,364,429
2953.44,367,430
2953.64,370,432
2953.84,372,433
2954.04,375,435
2954.24,377,435
2954.44,377,436
2954.64,368,429
2954.84,364,429
2955.04,355,424
2955.24,355,424
2955.44,356,425
2955.64,359,426
2955.84,362,428
2956.04,366,429
2956.24,370,431
2956.44,376,433
2956.64,382,436
2956.84,382,437
2957.04,378,435
2957.24,371,431
2957.44,364,428
2957.64,359,425
2957.84,353,422
2958.04,352,421
2958.24,353,421
2958.44,358,424
2958.64,364,427
2958.84,369,429
2959.04,372,430
2959.24,375,432
2959.44,379,434
2959.64,385,437
2959.84,364,437
2960.04,339,432
2960.24,325,422
2960.44,306,397
2960.64,294,379
2960.84,304,392
2961.04,336,429
2961.24,353,445
2961.44,352,430
2961.64,364,428
2961.84,368,432
2962.04,368,431
2962.24,362,427
2962.44,351,422
2962.64,346,420
2962.84,345,417
2963.04,348,420
2963.24,351,422
2963.44,355,424
2963.64,357,424
2963.84,359,425
2964.04,362,426
2964.24,365,427
2964.44,367,428
2964.64,370,430
2964.84,374,431
2965.04,375,431
2965.24,376,431
2965.44,374,431
2965.64,361,424
2965.84,346,421
2966.04,346,420
2966.24,350,423
2966.44,355,425
2966.64,359,427
2966.84,363,429
2967.04,366,430
2967.24,370,431
2967.44,372,433
2967.64,373,433
2967.84,366,426
2968.04,355,426
2968.24,349,422
2968.44,345,419
2968.64,347,420
2968.84,354,424
2969.04,364,428
2969.24,371,431
2969.44,375,433
2969.64,378,434
2969.84,380,435
2970.04,383,436
2970.24,380,434
2970.44,369,428
2970.64,355,422
2970.84,348,419
2971.04,352,422
2971.24,358,423
2971.44,364,424
2971.64,370,426
2971.84,375,429
2972.04,379,430
2972.24,383,432
2972.44,387,433
2972.64,390,434
2972.84,384,439
2973.04,355,433
2973.24,330,423
2973.44,309,402
2973.64,295,391
2973.84,289,377
2974.04,306,392
2974.24,344,423
2974.44,364,434
2974.64,364,431
2974.84,363,428
2975.04,358,426
2975.24,350,419
2975.44,355,420
2975.64,359,420
2975.84,366,421
2976.04,372,424
2976.24,376,427
2976.44,381,429
2976.64,385,431
2976.84,384,432
2977.04,374,430
2977.24,367,426
2977.44,360,423
2977.64,356,420
2977.84,357,419
2978.04,362,421
2978.24,366,423
2978.44,369,425
2978.64,374,427
2978.84,378,430
2979.04,383,432
2979.24,386,434
2979.44,376,427
2979.64,361,427
2979.84,353,420
2980.04,351,416
2980.24,354,417
2980.44,357,419
2980.64,361,421
2980.84,365,422
2981.04,369,424
2981.24,372,427
2981.44,376,429
2981.64,379,430
2981.84,382,432
2982.04,382,431
2982.24,368,424
2982.44,362,421
2982.64,354,418
2982.84,355,417
2983.04,358,419
2983.24,362,421
2983.44,366,422
2983.64,372,424
2983.84,375,427
2984.04,379,428
2984.24,383,430
2984.44,384,429
2984.64,374,426
2984.84,371,426
2985.04,355,419
2985.24,352,415
2985.44,356,418
2985.64,362,420
2985.84,368,421
2986.04,374,423
2986.24,379,426
2986.44,382,429
2986.64,386,431
2986.84,391,432
2987.04,391,433
2987.24,388,432
2987.44,377,427
2987.64,365,421
2987.84,358,418
2988.04,354,415
2988.24,351,412
2988.44,350,408
2988.64,350,413
2988.84,355,416
2989.04,361,418
2989.24,367,422
2989.44,371,424
2989.64,375,427
2989.84,376,428
2990.04,371,432
2990.24,372,432
2990.44,372,432
2990.64,358,425
2990.84,348,420
2991.04,348,420
2991.24,348,422
2991.44,350,423
2991.64,351,424
2991.84,352,424
2992.04,355,424
2992.24,358,426
2992.44,360,427
2992.64,363,428
2992.84,366,428
2993.04,370,430
2993.24,374,431
2993.44,378,432
2993.64,382,434
2993.84,386,435
2994.04,389,436
2994.24,391,437
2994.44,389,436
2994.64,384,434
2994.84,376,430
2995.04,367,427
2995.24,361,425
2995.44,354,421
2995.64,349,420
2995.84,349,420
2996.04,352,421
2996.24,357,423
2996.44,362,426
2996.64,368,428
2996.84,375,431
2997.04,381,433
2997.24,386,434
2997.44,389,436
2997.64,392,438
2997.84,375,429
2998.04,358,429
2998.24,349,423
2998.44,351,423
2998.64,354,426
2998.84,358,427
2999.04,362,428
2999.24,364,429
2999.44,367,430
2999.64,370,432
2999.84,372,433
3000.04,375,435
3000.24,377,435
3000.44,377,436
3000.64,368,429
3000.84,364,429
3001.04,355,424
3001.24,355,424
3001.44,356,425
3001.64,359,426
3001.84,362,428
3002.04,366,429
3002.24,370,431
3002.44,376,433
3002.64,382,436
3002.84,382,437
3003.04,378,435
3003.24,371,431
3003.44,364,428
3003.64,359,425
3003.84,353,422
3004.04,352,421
3004.24,353,421
3004.44,358,424
3004.64,364,427
3004.84,369,429
3005.04,372,430
3005.24,375,432
3005.44,379,434
3005.64,385,437
3005.84,364,437
3006.04,339,432
3006.24,325,422
3006.44,306,397
3006.64,294,379
3006.84,304,392
3007.04,336,429
3007.24,353,445
3007.44,352,430
3007.64,364,428
3007.84,368,432
3008.04,368,431
3008.24,362,427
3008.44,351,422
3008.64,346,420
3008.84,345,417
3009.04,348,420
3009.24,351,422
3009.44,355,424
3009.64,357,424
3009.84,359,425
3010.04,362,426
3010.24,365,427
3010.44,367,428
3010.64,370,430
3010.84,374,431
3011.04,375,431
3011.24,376,431
3011.44,374,431
3011.64,361,424
3011.84,346,421
3012.04,346,420
3012.24,350,423
3012.44,355,425
3012.64,359,427
3012.84,363,429
3013.04,366,430
3013.24,370,431
3013.44,372,433
3013.64,373,433
3013.84,366,426
3014.04,355,426
3014.24,349,422
3014.44,345,419
3014.64,347,420
3014.84,354,424
3015.04,364,428
3015.24,371,431
3015.44,375,433
3015.64,378,434
3015.84,380,435
3016.04,383,436
3016.24,380,434
3016.44,369,428
3016.64,355,422
3016.84,348,419
3017.04,352,422
3017.24,358,423
3017.44,364,424
3017.64,370,426
3017.84,375,429
3018.04,379,430
3018.24,383,432
3018.44,387,433
3018.64,390,434
3018.84,384,439
3019.04,355,433
3019.24,330,423
3019.44,309,402
3019.64,295,391
3019.84,289,377
3020.04,306,392
3020.24,344,423
3020.44,364,434
3020.64,364,431
3020.84,363,428
3021.04,358,426
3021.24,350,419
3021.44,355,420
3021.64,359,420
3021.84,366,421
3022.04,372,424
3022.24,376,427
3022.44,381,429
3022.64,385,431
3022.84,384,432
3023.04,374,430
3023.24,367,426
3023.44,360,423
3023.64,356,420
3023.84,357,419
3024.04,362,421
3024.24,366,423
3024.44,369,425
3024.64,374,427
3024.84,378,430
3025.04,383,432
3025.24,386,434
3025.44,376,427
3025.64,361,427
3025.84,353,420
3026.04,351,416
3026.24,354,417
3026.44,357,419
3026.64,361,421
3026.84,365,422
3027.04,369,424
3027.24,372,427
3027.44,376,429
3027.64,379,430
3027.84,382,432
3028.04,382,431
3028.24,368,424
3028.44,362,421
3028.64,354,418
3028.84,355,417
3029.04,358,419
3029.24,362,421
3029.44,366,422
3029.64,372,424
3029.84,375,427
3030.04,379,428
3030.24,383,430
3030.44,384,429
3030.64,374,426
3030.84,371,426
3031.04,355,419
3031.24,352,415
3031.44,356,418
3031.64,362,420
3031.84,368,421
3032.04,374,423
3032.24,379,426
3032.44,382,429
3032.64,386,431
3032.84,391,432
3033.04,391,433
3033.24,388,432
3033.44,377,427
3033.64,365,421
3033.84,358,418
3034.04,354,415
3034.24,351,412
3034.44,350,408
3034.64,350,413
3034.84,355,416
3035.04,361,418
3035.24,367,422
3035.44,371,424
3035.64,375,427
3035.84,376,428
3036.04,371,432
3036.24,372,432
3036.44,372,432
3036.64,358,425
3036.84,348,420
3037.04,348,420
3037.24,348,422
3037.44,350,423
3037.64,351,424
3037.84,352,424
3038.04,355,424
3038.24,358,426
3038.44,360,427
3038.64,363,428
3038.84,366,428
3039.04,370,430
3039.24,374,431
3039.44,378,432
3039.64,382,434
3039.84,386,435
3040.04,389,436
3040.24,391,437
3040.44,389,436
3040.64,384,434
3040.84,376,430
3041.04,367,427
3041.24,361,425
3041.44,354,421
3041.64,349,420
3041.84,349,420
3042.04,352,421
3042.24,357,423
3042.44,362,426
3042.64,368,428
3042.84,375,431
3043.04,381,433
3043.24,386,434
3043.44,389,436
3043.64,392,438
3043.84,375,429
3044.04,358,429
3044.24,349,423
3044.44,351,423
3044.64,354,426
3044.84,358,427
3045.04,362,428
3045.24,364,429
3045.44,367,430
3045.64,370,432
3045.84,372,433
3046.04,375,435
3046.24,377,435
3046.44,377,436
3046.64,368,429
3046.84,364,429
3047.04,355,424
3047.24,355,424
3047.44,356,425
3047.64,359,426
3047.84,362,428
3048.04,366,429
3048.24,370,431
3048.44,376,433
3048.64,382,436
3048.84,382,437
3049.04,378,435
3049.24,371,431
3049.44,364,428
3049.64,359,425
3049.84,353,422
3050.04,352,421
3050.24,353,421
3050.44,358,424
3050.64,364,427
3050.84,369,429
3051.04,372,430
3051.24,375,432
3051.44,379,434
3051.64,385,437
3051.84,364,437
3052.04,339,432
3052.24,325,422
3052.44,306,397
3052.64,294,379
3052.84,304,392
3053.04,336,429
3053.24,353,445
3053.44,352,430
3053.64,364,428
3053.84,368,432
3054.04,368,431
3054.24,362,427
3054.44,351,422
3054.64,346,420
3054.84,345,417
3055.04,348,420
3055.24,351,422
3055.44,355,424
3055.64,357,424
3055.84,359,425
3056.04,362,426
3056.24,365,427
3056.44,367,428
3056.64,370,430
3056.84,374,431
3057.04,375,431
3057.24,376,431
3057.44,374,431
3057.64,361,424
3057.84,346,421
3058.04,346,420
3058.24,350,423
3058.44,355,425
3058.64,359,427
3058.84,363,429
3059.04,366,430
3059.24,370,431
3059.44,372,433
3059.64,373,433
3059.84,366,426
3060.04,355,426
3060.24,349,422
3060.44,345,419
3060.64,347,420
3060.84,354,424
3061.04,364,428
3061.24,371,431
3061.44,375,433
3061.64,378,434
3061.84,380,435
3062.04,383,436
3062.24,380,434
3062.44,369,428
3062.64,355,422
3062.84,348,419
3063.04,352,422
3063.24,358,423
3063.44,364,424
3063.64,370,426
3063.84,375,429
3064.04,379,430
3064.24,383,432
3064.44,387,433
3064.64,390,434
3064.84,384,439
3065.04,355,433
3065.24,330,423
3065.44,309,402
3065.64,295,391
3065.84,289,377
3066.04,306,392
3066.24,344,423
3066.44,364,434
3066.64,364,431
3066.84,363,428
3067.04,358,426
3067.24,350,419
3067.44,355,420
3067.64,359,420
3067.84,366,421
3068.04,372,424
3068.24,376,427
3068.44,381,429
3068.64,385,431
3068.84,384,432
3069.04,374,430
3069.24,367,426
3069.44,360,423
3069.64,356,420
3069.84,357,419
3070.04,362,421
3070.24,366,423
3070.44,369,425
3070.64,374,427
3070.84,378,430
3071.04,383,432
3071.24,386,434
3071.44,376,427
3071.64,361,427
3071.84,353,420
3072.04,351,416
3072.24,354,417
3072.44,357,419
3072.64,361,421
3072.84,365,422
3073.04,369,424
3073.24,372,427
3073.44,376,429
3073.64,379,430
3073.84,382,432
3074.04,382,431
3074.24,368,424
3074.44,362,421
3074.64,354,418
3074.84,355,417
3075.04,358,419
3075.24,362,421
3075.44,366,422
3075.64,372,424
3075.84,375,427
3076.04,379,428
3076.24,383,430
3076.44,384,429
3076.64,374,426
3076.84,371,426
3077.04,355,419
3077.24,352,415
3077.44,356,418
3077.64,362,420
3077.84,368,421
3078.04,374,423
3078.24,379,426
3078.44,382,429
3078.64,386,431
3078.84,391,432
3079.04,391,433
3079.24,388,432
3079.44,377,427
3079.64,365,421
3079.84,358,418
3080.04,354,415
3080.24,351,412
3080.44,350,408
3080.64,350,413
3080.84,355,416
3081.04,361,418
3081.24,367,422
3081.44,371,424
3081.64,375,427
3081.84,376,428
3082.04,371,432
3082.24,372,432
3082.44,372,432
3082.64,358,425
3082.84,348,420
3083.04,348,420
3083.24,348,422
3083.44,350,423
3083.64,351,424
3083.84,352,424
3084.04,355,424
3084.24,358,426
3084.44,360,427
3084.64,363,428
3084.84,366,428
3085.04,370,430
3085.24,374,431
3085.44,378,432
3085.64,382,434
3085.84,386,435
3086.04,389,436
3086.24,391,437
3086.44,389,436
3086.64,384,434
3086.84,376,430
3087.04,367,427
3087.24,361,425
3087.44,354,421
3087.64,349,420
3087.84,349,420
3088.04,352,421
3088.24,357,423
3088.44,362,426
3088.64,368,428
3088.84,375,431
3089.04,381,433
3089.24,386,434
3089.44,389,436
3089.64,392,438
3089.84,375,429
3090.04,358,429
3090.24,349,423
3090.44,351,423
3090.64,354,426
3090.84,358,427
3091.04,362,428
3091.24,364,429
3091.44,367,430
3091.64,370,432
3091.84,372,433
3092.04,375,435
3092.24,377,435
3092.44,377,436
3092.64,368,429
3092.84,364,429
3093.04,355,424
3093.24,355,424
3093.44,356,425
3093.64,359,426
3093.84,362,428
3094.04,366,429
3094.24,370,431
3094.44,376,433
3094.64,382,436
3094.84,382,437
3095.04,378,435
3095.24,371,431
3095.44,364,428
3095.64,359,425
3095.84,353,422
3096.04,352,421
3096.24,353,421
3096.44,358,424
3096.64,364,427
3096.84,369,429
3097.04,372,430
3097.24,375,432
3097.44,379,434
3097.64,385,437
3097.84,364,437
3098.04,339,432
3098.24,325,422
3098.44,306,397
3098.64,294,379
3098.84,304,392
3099.04,336,429
3099.24,353,445
3099.44,352,430
3099.64,364,428
3099.84,368,432
3100.04,368,431
3100.24,362,427
3100.44,351,422
3100.64,346,420
3100.84,345,417
3101.04,348,420
3101.24,351,422
3101.44,355,424
3101.64,357,424
3101.84,359,425
3102.04,362,426
3102.24,365,427
3102.44,367,428
3102.64,370,430
3102.84,374,431
3103.04,375,431
3103.24,376,431
3103.44,374,431
3103.64,361,424
3103.84,346,421
3104.04,346,420
3104.24,350,423
3104.44,355,425
3104.64,359,427
3104.84,363,429
3105.04,366,430
3105.24,370,431
3105.44,372,433
3105.64,373,433
3105.84,366,426
3106.04,355,426
3106.24,349,422
3106.44,345,419
3106.64,347,420
3106.84,354,424
3107.04,364,428
3107.24,371,431
3107.44,375,433
3107.64,378,434
3107.84,380,435
3108.04,383,436
3108.24,380,434
3108.44,369,428
3108.64,355,422
3108.84,348,419
3109.04,352,422
3109.24,358,423
3109.44,364,424
3109.64,370,426
3109.84,375,429
3110.04,379,430
3110.24,383,432
3110.44,387,433
3110.64,390,434
3110.84,384,439
3111.04,355,433
3111.24,330,423
3111.44,309,402
3111.64,295,391
3111.84,289,377
3112.04,306,392
3112.24,344,423
3112.44,364,434
3112.64,364,431
3112.84,363,428
3113.04,358,426
3113.24,350,419
3113.44,355,420
3113.64,359,420
3113.84,366,421
3114.04,372,424
3114.24,376,427
3114.44,381,429
3114.64,385,431
3114.84,384,432
3115.04,374,430
3115.24,367,426
3115.44,360,423
3115.64,356,420
3115.84,357,419
3116.04,362,421
3116.24,366,423
3116.44,369,425
3116.64,374,427
3116.84,378,430
3117.04,383,432
3117.24,386,434
3117.44,376,427
3117.64,361,427
3117.84,353,420
3118.04,351,416
3118.24,354,417
3118.44,357,419
3118.64,361,421
3118.84,365,422
3119.04,369,424
3119.24,372,427
3119.44,376,429
3119.64,379,430
3119.84,382,432
3120.04,382,431
3120.24,368,424
3120.44,362,421
3120.64,354,418
3120.84,355,417
3121.04,358,419
3121.24,362,421
3121.44,366,422
3121.64,372,424
3121.84,375,427
3122.04,379,428
3122.24,383,430
3122.44,384,429
3122.64,374,426
3122.84,371,426
3123.04,355,419
3123.24,352,415
3123.44,356,418
3123.64,362,420
3123.84,368,421
3124.04,374,423
3124.24,379,426
3124.44,382,429
3124.64,386,431
3124.84,391,432
3125.04,391,433
3125.24,388,432
3125.44,377,427
3125.64,365,421
3125.84,358,418
3126.04,354,415
3126.24,351,412
3126.44,350,408
3126.64,350,413
3126.84,355,416
3127.04,361,418
3127.24,367,422
3127.44,371,424
3127.64,375,427
3127.84,376,428
3128.04,371,432
3128.24,372,432
3128.44,372,432
3128.64,358,425
3128.84,348,420
3129.04,348,420
3129.24,348,422
3129.44,350,423
3129.64,351,424
3129.84,352,424
3130.04,355,424
3130.24,358,426
3130.44,360,427
3130.64,363,428
3130.84,366,428
3131.04,370,430
3131.24,374,431
3131.44,378,432
3131.64,382,434
3131.84,386,435
3132.04,389,436
3132.24,391,437
3132.44,389,436
3132.64,384,434
3132.84,376,430
3133.04,367,427
3133.24,361,425
3133.44,354,421
3133.64,349,420
3133.84,349,420
3134.04,352,421
3134.24,357,423
3134.44,362,426
3134.64,368,428
3134.84,375,431
3135.04,381,433
3135.24,386,434
3135.44,389,436
3135.64,392,438
3135.84,375,429
3136.04,358,429
3136.24,349,423
3136.44,351,423
3136.64,354,426
3136.84,358,427
3137.04,362,428
3137.24,364,429
3137.44,367,430
3137.64,370,432
3137.84,372,433
3138.04,375,435
3138.24,377,435
3138.44,377,436
3138.64,368,429
3138.84,364,429
3139.04,355,424
3139.24,355,424
3139.44,356,425
3139.64,359,426
3139.84,362,428
3140.04,366,429
3140.24,370,431
3140.44,376,433
3140.64,382,436
3140.84,382,437
3141.04,378,435
3141.24,371,431
3141.44,364,428
3141.64,359,425
3141.84,353,422
3142.04,352,421
3142.24,353,421
3142.44,358,424
3142.64,364,427
3142.84,369,429
3143.04,372,430
3143.24,375,432
3143.44,379,434
3143.64,385,437
3143.84,364,437
3144.04,339,432
3144.24,325,422
3144.44,306,397
3144.64,294,379
3144.84,304,392
3145.04,336,429
3145.24,353,445
3145.44,352,430
3145.64,364,428
3145.84,368,432
3146.04,368,431
3146.24,362,427
3146.44,351,422
3146.64,346,420
3146.84,345,417
3147.04,348,420
3147.24,351,422
3147.44,355,424
3147.64,357,424
3147.84,359,425
3148.04,362,426
3148.24,365,427
3148.44,367,428
3148.64,370,430
3148.84,374,431
3149.04,375,431
3149.24,376,431
3149.44,374,431
3149.64,361,424
3149.84,346,421
3150.04,346,420
3150.24,350,423
3150.44,355,425
3150.64,359,427
3150.84,363,429
3151.04,366,430
3151.24,370,431
3151.44,372,433
3151.64,373,433
3151.84,366,426
3152.04,355,426
3152.24,349,422
3152.44,345,419
3152.64,347,420
3152.84,354,424
3153.04,364,428
3153.24,371,431
3153.44,375,433
3153.64,378,434
3153.84,380,435
3154.04,383,436
3154.24,380,434
3154.44,369,428
3154.64,355,422
3154.84,348,419
3155.04,352,422
3155.24,358,423
3155.44,364,424
3155.64,370,426
3155.84,375,429
3156.04,379,430
3156.24,383,432
3156.44,387,433
3156.64,390,434
3156.84,384,439
3157.04,355,433
3157.24,330,423
3157.44,309,402
3157.64,295,391
3157.84,289,377
3158.04,306,392
3158.24,344,423
3158.44,364,434
3158.64,364,431
3158.84,363,428
3159.04,358,426
3159.24,350,419
3159.44,355,420
3159.64,359,420
3159.84,366,421
3160.04,372,424
3160.24,376,427
3160.44,381,429
3160.64,385,431
3160.84,384,432
3161.04,374,430
3161.24,367,426
3161.44,360,423
3161.64,356,420
3161.84,357,419
3162.04,362,421
3162.24,366,423
3162.44,369,425
3162.64,374,427
3162.84,378,430
3163.04,383,432
3163.24,386,434
3163.44,376,427
3163.64,361,427
3163.84,353,420
3164.04,351,416
3164.24,354,417
3164.44,357,419
3164.64,361,421
3164.84,365,422
3165.04,369,424
3165.24,372,427
3165.44,376,429
3165.64,379,430
3165.84,382,432
3166.04,382,431
3166.24,368,424
3166.44,362,421
3166.64,354,418
3166.84,355,417
3167.04,358,419
3167.24,362,421
3167.44,366,422
3167.64,372,424
3167.84,375,427
3168.04,379,428
3168.24,383,430
3168.44,384,429
3168.64,374,426
3168.84,371,426
3169.04,355,419
3169.24,352,415
3169.44,356,418
3169.64,362,420
3169.84,368,421
3170.04,374,423
3170.24,379,426
3170.44,382,429
3170.64,386,431
3170.84,391,432
3171.04,391,433
3171.24,388,432
3171.44,377,427
3171.64,365,421
3171.84,358,418
3172.04,354,415
3172.24,351,412
3172.44,350,408
3172.64,350,413
3172.84,355,416
3173.04,361,418
3173.24,367,422
3173.44,371,424
3173.64,375,427
3173.84,376,428
3174.04,371,432
3174.24,372,432
3174.44,372,432
3174.64,358,425
3174.84,348,420
3175.04,348,420
3175.24,348,422
3175.44,350,423
3175.64,351,424
3175.84,352,424
3176.04,355,424
3176.24,358,426
3176.44,360,427
3176.64,363,428
3176.84,366,428
3177.04,370,430
3177.24,374,431
3177.44,378,432
3177.64,382,434
3177.84,386,435
3178.04,389,436
3178.24,391,437
3178.44,389,436
3178.64,384,434
3178.84,376,430
3179.04,367,427
3179.24,361,425
3179.44,354,421
3179.64,349,420
3179.84,349,420
3180.04,352,421
3180.24,357,423
3180.44,362,426
3180.64,368,428
3180.84,375,431
3181.04,381,433
3181.24,386,434
3181.44,389,436
3181.64,392,438
3181.84,375,429
3182.04,358,429
3182.24,349,423
3182.44,351,423
3182.64,354,426
3182.84,358,427
3183.04,362,428
3183.24,364,429
3183.44,367,430
3183.64,370,432
3183.84,372,433
3184.04,375,435
3184.24,377,435
3184.44,377,436
3184.64,368,429
3184.84,364,429
3185.04,355,424
3185.24,355,424
3185.44,356,425
3185.64,359,426
3185.84,362,428
3186.04,366,429
3186.24,370,431
3186.44,376,433
3186.64,382,436
3186.84,382,437
3187.04,378,435
3187.24,371,431
3187.44,364,428
3187.64,359,425
3187.84,353,422
3188.04,352,421
3188.24,353,421
3188.44,358,424
3188.64,364,427
3188.84,369,429
3189.04,372,430
3189.24,375,432
3189.44,379,434
3189.64,385,437
3189.84,364,437
3190.04,339,432
3190.24,325,422
3190.44,306,397
3190.64,294,379
3190.84,304,392
3191.04,336,429
3191.24,353,445
3191.44,352,430
3191.64,364,428
3191.84,368,432
3192.04,368,431
3192.24,362,427
3192.44,351,422
3192.64,346,420
3192.84,345,417
3193.04,348,420
3193.24,351,422
3193.44,355,424
3193.64,357,424
3193.84,359,425
3194.04,362,426
3194.24,365,427
3194.44,367,428
3194.64,370,430
3194.84,374,431
3195.04,375,431
3195.24,376,431
3195.44,374,431
3195.64,361,424
3195.84,346,421
3196.04,346,420
3196.24,350,423
3196.44,355,425
3196.64,359,427
3196.84,363,429
3197.04,366,430
3197.24,370,431
3197.44,372,433
3197.64,373,433
3197.84,366,426
3198.04,355,426
3198.24,349,422
3198.44,345,419
3198.64,347,420
3198.84,354,424
3199.04,364,428
3199.24,371,431
3199.44,375,433
3199.64,378,434
3199.84,380,435
3200.04,383,436
3200.24,380,434
3200.44,369,428
3200.64,355,422
3200.84,348,419
3201.04,352,422
3201.24,358,423
3201.44,364,424
3201.64,370,426
3201.84,375,429
3202.04,379,430
3202.24,383,432
3202.44,387,433
3202.64,390,434
3202.84,384,439
3203.04,355,433
3203.24,330,423
3203.44,309,402
3203.64,295,391
3203.84,289,377
3204.04,306,392
3204.24,344,423
3204.44,364,434
3204.64,364,431
3204.84,363,428
3205.04,358,426
3205.24,350,419
3205.44,355,420
3205.64,359,420
3205.84,366,421
3206.04,372,424
3206.24,376,427
3206.44,381,429
3206.64,385,431
3206.84,384,432
3207.04,374,430
3207.24,367,426
3207.44,360,423
3207.64,356,420
3207.84,357,419
3208.04,362,421
3208.24,366,423
3208.44,369,425
3208.64,374,427
3208.84,378,430
3209.04,383,432
3209.24,386,434
3209.44,376,427
3209.64,361,427
3209.84,353,420
3210.04,351,416
3210.24,354,417
3210.44,357,419
3210.64,361,421
3210.84,365,422
3211.04,369,424
3211.24,372,427
3211.44,376,429
3211.64,379,430
3211.84,382,432
3212.04,382,431
3212.24,368,424
3212.44,362,421
3212.64,354,418
3212.84,355,417
3213.04,358,419
3213.24,362,421
3213.44,366,422
3213.64,372,424
3213.84,375,427
3214.04,379,428
3214.24,383,430
3214.44,384,429
3214.64,374,426
3214.84,371,426
3215.04,355,419
3215.24,352,415
3215.44,356,418
3215.64,362,420
3215.84,368,421
3216.04,374,423
3216.24,379,426
3216.44,382,429
3216.64,386,431
3216.84,391,432
3217.04,391,433
3217.24,388,432
3217.44,377,427
3217.64,365,421
3217.84,358,418
3218.04,354,415
3218.24,351,412
3218.44,350,408
3218.64,350,413
3218.84,355,416
3219.04,361,418
3219.24,367,422
3219.44,371,424
3219.64,375,427
3219.84,376,428
3220.04,371,432
3220.24,372,432
3220.44,372,432
3220.64,358,425
3220.84,348,420
3221.04,348,420
3221.24,348,422
3221.44,350,423
3221.64,351,424
3221.84,352,424
3222.04,355,424
3222.24,358,426
3222.44,360,427
3222.64,363,428
3222.84,366,428
3223.04,370,430
3223.24,374,431
3223.44,378,432
3223.64,382,434
3223.84,386,435
3224.04,389,436
3224.24,391,437
3224.44,389,436
3224.64,384,434
3224.84,376,430
3225.04,367,427
3225.24,361,425
3225.44,354,421
3225.64,349,420
3225.84,349,420
3226.04,352,421
3226.24,357,423
3226.44,362,426
3226.64,368,428
3226.84,375,431
3227.04,381,433
3227.24,386,434
3227.44,389,436
3227.64,392,438
3227.84,375,429
3228.04,358,429
3228.24,349,423
3228.44,351,423
3228.64,354,426
3228.84,358,427
3229.04,362,428
3229.24,364,429
3229.44,367,430
3229.64,370,432
3229.84,372,433
3230.04,375,435
3230.24,377,435
3230.44,377,436
3230.64,368,429
3230.84,364,429
3231.04,355,424
3231.24,355,424
3231.44,356,425
3231.64,359,426
3231.84,362,428
3232.04,366,429
3232.24,370,431
3232.44,376,433
3232.64,382,436
3232.84,382,437
3233.04,378,435
3233.24,371,431
3233.44,364,428
3233.64,359,425
3233.84,353,422
3234.04,352,421
3234.24,353,421
3234.44,358,424
3234.64,364,427
3234.84,369,429
3235.04,372,430
3235.24,375,432
3235.44,379,434
3235.64,385,437
3235.84,364,437
3236.04,339,432
3236.24,325,422
3236.44,306,397
3236.64,294,379
3236.84,304,392
3237.04,336,429
3237.24,353,445
3237.44,352,430
3237.64,364,428
3237.84,368,432
3238.04,368,431
3238.24,362,427
3238.44,351,422
3238.64,346,420
3238.84,345,417
3239.04,348,420
3239.24,351,422
3239.44,355,424
3239.64,357,424
3239.84,359,425
3240.04,362,426
3240.24,365,427
3240.44,367,428
3240.64,370,430
3240.84,374,431
3241.04,375,431
3241.24,376,431
3241.44,374,431
3241.64,361,424
3241.84,346,421
3242.04,346,420
3242.24,350,423
3242.44,355,425
3242.64,359,427
3242.84,363,429
3243.04,366,430
3243.24,370,431
3243.44,372,433
3243.64,373,433
3243.84,366,426
3244.04,355,426
3244.24,349,422
3244.44,345,419
3244.64,347,420
3244.84,354,424
3245.04,364,428
3245.24,371,431
3245.44,375,433
3245.64,378,434
3245.84,380,435
3246.04,383,436
3246.24,380,434
3246.44,369,428
3246.64,355,422
3246.84,348,419
3247.04,352,422
3247.24,358,423
3247.44,364,424
3247.64,370,426
3247.84,375,429
3248.04,379,430
3248.24,383,432
3248.44,387,433
3248.64,390,434
3248.84,384,439
3249.04,355,433
3249.24,330,423
3249.44,309,402
3249.64,295,391
3249.84,289,377
3250.04,306,392
3250.24,344,423
3250.44,364,434
3250.64,364,431
3250.84,363,428
3251.04,358,426
3251.24,350,419
3251.44,355,420
3251.64,359,420
3251.84,366,421
3252.04,372,424
3252.24,376,427
3252.44,381,429
3252.64,385,431
3252.84,384,432
3253.04,374,430
3253.24,367,426
3253.44,360,423
3253.64,356,420
3253.84,357,419
3254.04,362,421
3254.24,366,423
3254.44,369,425
3254.64,374,427
3254.84,378,430
3255.04,383,432
3255.24,386,434
3255.44,376,427
3255.64,361,427
3255.84,353,420
3256.04,351,416
3256.24,354,417
3256.44,357,419
3256.64,361,421
3256.84,365,422
3257.04,369,424
3257.24,372,427
3257.44,376,429
3257.64,379,430
3257.84,382,432
3258.04,382,431
3258.24,368,424
3258.44,362,421
3258.64,354,418
3258.84,355,417
3259.04,358,419
3259.24,362,421
3259.44,366,422
3259.64,372,424
3259.84,375,427
3260.04,379,428
3260.24,383,430
3260.44,384,429
3260.64,374,426
3260.84,371,426
3261.04,355,419
3261.24,352,415
3261.44,356,418
3261.64,362,420
3261.84,368,421
3262.04,374,423
3262.24,379,426
3262.44,382,429
3262.64,386,431
3262.84,391,432
3263.04,391,433
3263.24,388,432
3263.44,377,427
3263.64,365,421
3263.84,358,418
3264.04,354,415
3264.24,351,412
3264.44,350,408
3264.64,350,413
3264.84,355,416
3265.04,361,418
3265.24,367,422
3265.44,371,424
3265.64,375,427
3265.84,376,428
3266.04,371,432
3266.24,372,432
3266.44,372,432
3266.64,358,425
3266.84,348,420
3267.04,348,420
3267.24,348,422
3267.44,350,423
3267.64,351,424
3267.84,352,424
3268.04,355,424
3268.24,358,426
3268.44,360,427
3268.64,363,428
3268.84,366,428
3269.04,370,430
3269.24,374,431
3269.44,378,432
3269.64,382,434
3269.84,386,435
3270.04,389,436
3270.24,391,437
3270.44,389,436
3270.64,384,434
3270.84,376,430
3271.04,367,427
3271.24,361,425
3271.44,354,421
3271.64,349,420
3271.84,349,420
3272.04,352,421
3272.24,357,423
3272.44,362,426
3272.64,368,428
3272.84,375,431
3273.04,381,433
3273.24,386,434
3273.44,389,436
3273.64,392,438
3273.84,375,429
3274.04,358,429
3274.24,349,423
3274.44,351,423
3274.64,354,426
3274.84,358,427
3275.04,362,428
3275.24,364,429
3275.44,367,430
3275.64,370,432
3275.84,372,433
3276.04,375,435
3276.24,377,435
3276.44,377,436
3276.64,368,429
3276.84,364,429
3277.04,355,424
3277.24,355,424
3277.44,356,425
3277.64,359,426
3277.84,362,428
3278.04,366,429
3278.24,370,431
3278.44,376,433
3278.64,382,436
3278.84,382,437
3279.04,378,435
3279.24,371,431
3279.44,364,428
3279.64,359,425
3279.84,353,422
3280.04,352,421
3280.24,353,421
3280.44,358,424
3280.64,364,427
3280.84,369,429
3281.04,372,430
3281.24,375,432
3281.44,379,434
3281.64,385,437
3281.84,364,437
3282.04,339,432
3282.24,325,422
3282.44,306,397
3282.64,294,379
3282.84,304,392
3283.04,336,429
3283.24,353,445
3283.44,352,430
3283.64,364,428
3283.84,368,432
3284.04,368,431
3284.24,362,427
3284.44,351,422
3284.64,346,420
3284.84,345,417
3285.04,348,420
3285.24,351,422
3285.44,355,424
3285.64,357,424
3285.84,359,425
3286.04,362,426
3286.24,365,427
3286.44,367,428
3286.64,370,430
3286.84,374,431
3287.04,375,431
3287.24,376,431
3287.44,374,431
3287.64,361,424
3287.84,346,421
3288.04,346,420
3288.24,350,423
3288.44,355,425
3288.64,359,427
3288.84,363,429
3289.04,366,430
3289.24,370,431
3289.44,372,433
3289.64,373,433
3289.84,366,426
3290.04,355,426
3290.24,349,422
3290.44,345,419
3290.64,347,420
3290.84,354,424
3291.04,364,428
3291.24,371,431
3291.44,375,433
3291.64,378,434
3291.84,380,435
3292.04,383,436
3292.24,380,434
3292.44,369,428
3292.64,355,422
3292.84,348,419
3293.04,352,422
3293.24,358,423
3293.44,364,424
3293.64,370,426
3293.84,375,429
3294.04,379,430
3294.24,383,432
3294.44,387,433
3294.64,390,434
3294.84,384,439
3295.04,355,433
3295.24,330,423
3295.44,309,402
3295.64,295,391
3295.84,289,377
3296.04,306,392
3296.24,344,423
3296.44,364,434
3296.64,364,431
3296.84,363,428
3297.04,358,426
3297.24,350,419
3297.44,355,420
3297.64,359,420
3297.84,366,421
3298.04,372,424
3298.24,376,427
3298.44,381,429
3298.64,385,431
3298.84,384,432
3299.04,374,430
3299.24,367,426
3299.44,360,423
3299.64,356,420
3299.84,357,419
3300.04,362,421
3300.24,366,423
3300.44,369,425
3300.64,374,427
3300.84,378,430
3301.04,383,432
3301.24,386,434
3301.44,376,427
3301.64,361,427
3301.84,353,420
3302.04,351,416
3302.24,354,417
3302.44,357,419
3302.64,361,421
3302.84,365,422
3303.04,369,424
3303.24,372,427
3303.44,376,429
3303.64,379,430
3303.84,382,432
3304.04,382,431
3304.24,368,424
3304.44,362,421
3304.64,354,418
3304.84,355,417
3305.04,358,419
3305.24,362,421
3305.44,366,422
3305.64,372,424
3305.84,375,427
3306.04,379,428
3306.24,383,430
3306.44,384,429
3306.64,374,426
3306.84,371,426
3307.04,355,419
3307.24,352,415
3307.44,356,418
3307.64,362,420
3307.84,368,421
3308.04,374,423
3308.24,379,426
3308.44,382,429
3308.64,386,431
3308.84,391,432
3309.04,391,433
3309.24,388,432
3309.44,377,427
3309.64,365,421
3309.84,358,418
3310.04,354,415
3310.24,351,412
3310.44,350,408
3310.64,350,413
3310.84,355,416
3311.04,361,418
3311.24,367,422
3311.44,371,424
3311.64,375,427
3311.84,376,428
3312.04,371,432
3312.24,372,432
3312.44,372,432
3312.64,358,425
3312.84,348,420
3313.04,348,420
3313.24,348,422
3313.44,350,423
3313.64,351,424
3313.84,352,424
3314.04,355,424
3314.24,358,426
3314.44,360,427
3314.64,363,428
3314.84,366,428
3315.04,370,430
3315.24,374,431
3315.44,378,432
3315.64,382,434
3315.84,386,435
3316.04,389,436
3316.24,391,437
3316.44,389,436
3316.64,384,434
3316.84,376,430
3317.04,367,427
3317.24,361,425
3317.44,354,421
3317.64,349,420
3317.84,349,420
3318.04,352,421
3318.24,357,423
3318.44,362,426
3318.64,368,428
3318.84,375,431
3319.04,381,433
3319.24,386,434
3319.44,389,436
3319.64,392,438
3319.84,375,429
3320.04,358,429
3320.24,349,423
3320.44,351,423
3320.64,354,426
3320.84,358,427
3321.04,362,428
3321.24,364,429
3321.44,367,430
3321.64,370,432
3321.84,372,433
3322.04,375,435
3322.24,377,435
3322.44,377,436
3322.64,368,429
3322.84,364,429
3323.04,355,424
3323.24,355,424
3323.44,356,425
3323.64,359,426
3323.84,362,428
3324.04,366,429
3324.24,370,431
3324.44,376,433
3324.64,382,436
3324.84,382,437
3325.04,378,435
3325.24,371,431
3325.44,364,428
3325.64,359,425
3325.84,353,422
3326.04,352,421
3326.24,353,421
3326.44,358,424
3326.64,364,427
3326.84,369,429
3327.04,372,430
3327.24,375,432
3327.44,379,434
3327.64,385,437
3327.84,364,437
3328.04,339,432
3328.24,325,422
3328.44,306,397
3328.64,294,379
3328.84,304,392
3329.04,336,429
3329.24,353,445
3329.44,352,430
3329.64,364,428
3329.84,368,432
3330.04,368,431
3330.24,362,427
3330.44,351,422
3330.64,346,420
3330.84,345,417
3331.04,348,420
3331.24,351,422
3331.44,355,424
3331.64,357,424
3331.84,359,425
3332.04,362,426
3332.24,365,427
3332.44,367,428
3332.64,370,430
3332.84,374,431
3333.04,375,431
3333.24,376,431
3333.44,374,431
3333.64,361,424
3333.84,346,421
3334.04,346,420
3334.24,350,423
3334.44,355,425
3334.64,359,427
3334.84,363,429
3335.04,366,430
3335.24,370,431
3335.44,372,433
3335.64,373,433
3335.84,366,426
3336.04,355,426
3336.24,349,422
3336.44,345,419
3336.64,347,420
3336.84,354,424
3337.04,364,428
3337.24,371,431
3337.44,375,433
3337.64,378,434
3337.84,380,435
3338.04,383,436
3338.24,380,434
3338.44,369,428
3338.64,355,422
3338.84,348,419
3339.04,352,422
3339.24,358,423
3339.44,364,424
3339.64,370,426
3339.84,375,429
3340.04,379,430
3340.24,383,432
3340.44,387,433
3340.64,390,434
3340.84,384,439
3341.04,355,433
3341.24,330,423
3341.44,309,402
3341.64,295,391
3341.84,289,377
3342.04,306,392
3342.24,344,423
3342.44,364,434
3342.64,364,431
3342.84,363,428
3343.04,358,426
3343.24,350,419
3343.44,355,420
3343.64,359,420
3343.84,366,421
3344.04,372,424
3344.24,376,427
3344.44,381,429
3344.64,385,431
3344.84,384,432
3345.04,374,430
3345.24,367,426
3345.44,360,423
3345.64,356,420
3345.84,357,419
3346.04,362,421
3346.24,366,423
3346.44,369,425
3346.64,374,427
3346.84,378,430
3347.04,383,432
3347.24,386,434
3347.44,376,427
3347.64,361,427
3347.84,353,420
3348.04,351,416
3348.24,354,417
3348.44,357,419
3348.64,361,421
3348.84,365,422
3349.04,369,424
3349.24,372,427
3349.44,376,429
3349.64,379,430
3349.84,382,432
3350.04,382,431
3350.24,368,424
3350.44,362,421
3350.64,354,418
3350.84,355,417
3351.04,358,419
3351.24,362,421
3351.44,366,422
3351.64,372,424
3351.84,375,427
3352.04,379,428
3352.24,383,430
3352.44,384,429
3352.64,374,426
3352.84,371,426
3353.04,355,419
3353.24,352,415
3353.44,356,418
3353.64,362,420
3353.84,368,421
3354.04,374,423
3354.24,379,426
3354.44,382,429
3354.64,386,431
3354.84,391,432
3355.04,391,433
3355.24,388,432
3355.44,377,427
3355.64,365,421
3355.84,358,418
3356.04,354,415
3356.24,351,412
3356.44,350,408
3356.64,350,413
3356.84,355,416
3357.04,361,418
3357.24,367,422
3357.44,371,424
3357.64,375,427
3357.84,376,428
3358.04,371,432
3358.24,372,432
3358.44,372,432
3358.64,358,425
3358.84,348,420
3359.04,348,420
3359.24,348,422
3359.44,350,423
3359.64,351,424
3359.84,352,424
3360.04,355,424
3360.24,358,426
3360.44,360,427
3360.64,363,428
3360.84,366,428
3361.04,370,430
3361.24,374,431
3361.44,378,432
3361.64,382,434
3361.84,386,435
3362.04,389,436
3362.24,391,437
3362.44,389,436
3362.64,384,434
3362.84,376,430
3363.04,367,427
3363.24,361,425
3363.44,354,421
3363.64,349,420
3363.84,349,420
3364.04,352,421
3364.24,357,423
3364.44,362,426
3364.64,368,428
3364.84,375,431
3365.04,381,433
3365.24,386,434
3365.44,389,436
3365.64,392,438
3365.84,375,429
3366.04,358,429
3366.24,349,423
3366.44,351,423
3366.64,354,426
3366.84,358,427
3367.04,362,428
3367.24,364,429
3367.44,367,430
3367.64,370,432
3367.84,372,433
3368.04,375,435
3368.24,377,435
3368.44,377,436
3368.64,368,429
3368.84,364,429
3369.04,355,424
3369.24,355,424
3369.44,356,425
3369.64,359,426
3369.84,362,428
3370.04,366,429
3370.24,370,431
3370.44,376,433
3370.64,382,436
3370.84,382,437
3371.04,378,435
3371.24,371,431
3371.44,364,428
3371.64,359,425
3371.84,353,422
3372.04,352,421
3372.24,353,421
3372.44,358,424
3372.64,364,427
3372.84,369,429
3373.04,372,430
3373.24,375,432
3373.44,379,434
3373.64,385,437
3373.84,364,437
3374.04,339,432
3374.24,325,422
3374.44,306,397
3374.64,294,379
3374.84,304,392
3375.04,336,429
3375.24,353,445
3375.44,352,430
3375.64,364,428
3375.84,368,432
3376.04,368,431
3376.24,362,427
3376.44,351,422
3376.64,346,420
3376.84,345,417
3377.04,348,420
3377.24,351,422
3377.44,355,424
3377.64,357,424
3377.84,359,425
3378.04,362,426
3378.24,365,427
3378.44,367,428
3378.64,370,430
3378.84,374,431
3379.04,375,431
3379.24,376,431
3379.44,374,431
3379.64,361,424
3379.84,346,421
3380.04,346,420
3380.24,350,423
3380.44,355,425
3380.64,359,427
3380.84,363,429
3381.04,366,430
3381.24,370,431
3381.44,372,433
3381.64,373,433
3381.84,366,426
3382.04,355,426
3382.24,349,422
3382.44,345,419
3382.64,347,420
3382.84,354,424
3383.04,364,428
3383.24,371,431
3383.44,375,433
3383.64,378,434
3383.84,380,435
3384.04,383,436
3384.24,380,434
3384.44,369,428
3384.64,355,422
3384.84,348,419
3385.04,352,422
3385.24,358,423
3385.44,364,424
3385.64,370,426
3385.84,375,429
3386.04,379,430
3386.24,383,432
3386.44,387,433
3386.64,390,434
3386.84,384,439
3387.04,355,433
3387.24,330,423
3387.44,309,402
3387.64,295,391
3387.84,289,377
3388.04,306,392
3388.24,344,423
3388.44,364,434
3388.64,364,431
3388.84,363,428
3389.04,358,426
3389.24,350,419
3389.44,355,420
3389.64,359,420
3389.84,366,421
3390.04,372,424
3390.24,376,427
3390.44,381,429
3390.64,385,431
3390.84,384,432
3391.04,374,430
3391.24,367,426
3391.44,360,423
3391.64,356,420
3391.84,357,419
3392.04,362,421
3392.24,366,423
3392.44,369,425
3392.64,374,427
3392.84,378,430
3393.04,383,432
3393.24,386,434
3393.44,376,427
3393.64,361,427
3393.84,353,420
3394.04,351,416
3394.24,354,417
3394.44,357,419
3394.64,361,421
3394.84,365,422
3395.04,369,424
3395.24,372,427
3395.44,376,429
3395.64,379,430
3395.84,382,432
3396.04,382,431
3396.24,368,424
3396.44,362,421
3396.64,354,418
3396.84,355,417
3397.04,358,419
3397.24,362,421
3397.44,366,422
3397.64,372,424
3397.84,375,427
3398.04,379,428
3398.24,383,430
3398.44,384,429
3398.64,374,426
3398.84,371,426
3399.04,355,419
3399.24,352,415
3399.44,356,418
3399.64,362,420
3399.84,368,421
3400.04,374,423
3400.24,379,426
3400.44,382,429
3400.64,386,431
3400.84,391,432
3401.04,391,433
3401.24,388,432
3401.44,377,427
3401.64,365,421
3401.84,358,418
3402.04,354,415
3402.24,351,412
3402.44,350,408
3402.64,350,413
3402.84,355,416
3403.04,361,418
3403.24,367,422
3403.44,371,424
3403.64,375,427
3403.84,376,428
3404.04,371,432
3404.24,372,432
3404.44,372,432
3404.64,358,425
3404.84,348,420
3405.04,348,420
3405.24,348,422
3405.44,350,423
3405.64,351,424
3405.84,352,424
3406.04,355,424
3406.24,358,426
3406.44,360,427
3406.64,363,428
3406.84,366,428
3407.04,370,430
3407.24,374,431
3407.44,378,432
3407.64,382,434
3407.84,386,435
3408.04,389,436
3408.24,391,437
3408.44,389,436
3408.64,384,434
3408.84,376,430
3409.04,367,427
3409.24,361,425
3409.44,354,421
3409.64,349,420
3409.84,349,420
3410.04,352,421
3410.24,357,423
3410.44,362,426
3410.64,368,428
3410.84,375,431
3411.04,381,433
3411.24,386,434
3411.44,389,436
3411.64,392,438
3411.84,375,429
3412.04,358,429
3412.24,349,423
3412.44,351,423
3412.64,354,426
3412.84,358,427
3413.04,362,428
3413.24,364,429
3413.44,367,430
3413.64,370,432
3413.84,372,433
3414.04,375,435
3414.24,377,435
3414.44,377,436
3414.64,368,429
3414.84,364,429
3415.04,355,424
3415.24,355,424
3415.44,356,425
3415.64,359,426
3415.84,362,428
3416.04,366,429
3416.24,370,431
3416.44,376,433
3416.64,382,436
3416.84,382,437
3417.04,378,435
3417.24,371,431
3417.44,364,428
3417.64,359,425
3417.84,353,422
3418.04,352,421
3418.24,353,421
3418.44,358,424
3418.64,364,427
3418.84,369,429
3419.04,372,430
3419.24,375,432
3419.44,379,434
3419.64,385,437
3419.84,364,437
3420.04,339,432
3420.24,325,422
3420.44,306,397
3420.64,294,379
3420.84,304,392
3421.04,336,429
3421.24,353,445
3421.44,352,430
3421.64,364,428
3421.84,368,432
3422.04,368,431
3422.24,362,427
3422.44,351,422
3422.64,346,420
3422.84,345,417
3423.04,348,420
3423.24,351,422
3423.44,355,424
3423.64,357,424
3423.84,359,425
3424.04,362,426
3424.24,365,427
3424.44,367,428
3424.64,370,430
3424.84,374,431
3425.04,375,431
3425.24,376,431
3425.44,374,431
3425.64,361,424
3425.84,346,421
3426.04,346,420
3426.24,350,423
3426.44,355,425
3426.64,359,427
3426.84,363,429
3427.04,366,430
3427.24,370,431
3427.44,372,433
3427.64,373,433
3427.84,366,426
3428.04,355,426
3428.24,349,422
3428.44,345,419
3428.64,347,420
3428.84,354,424
3429.04,364,428
3429.24,371,431
3429.44,375,433
3429.64,378,434
3429.84,380,435
3430.04,383,436
3430.24,380,434
3430.44,369,428
3430.64,355,422
3430.84,348,419
3431.04,352,422
3431.24,358,423
3431.44,364,424
3431.64,370,426
3431.84,375,429
3432.04,379,430
3432.24,383,432
3432.44,387,433
3432.64,390,434
3432.84,384,439
3433.04,355,433
3433.24,330,423
3433.44,309,402
3433.64,295,391
3433.84,289,377
3434.04,306,392
3434.24,344,423
3434.44,364,434
3434.64,364,431
3434.84,363,428
3435.04,358,426
3435.24,350,419
3435.44,355,420
3435.64,359,420
3435.84,366,421
3436.04,372,424
3436.24,376,427
3436.44,381,429
3436.64,385,431
3436.84,384,432
3437.04,374,430
3437.24,367,426
3437.44,360,423
3437.64,356,420
3437.84,357,419
3438.04,362,421
3438.24,366,423
3438.44,369,425
3438.64,374,427
3438.84,378,430
3439.04,383,432
3439.24,386,434
3439.44,376,427
3439.64,361,427
3439.84,353,420
3440.04,351,416
3440.24,354,417
3440.44,357,419
3440.64,361,421
3440.84,365,422
3441.04,369,424
3441.24,372,427
3441.44,376,429
3441.64,379,430
3441.84,382,432
3442.04,382,431
3442.24,368,424
3442.44,362,421
3442.64,354,418
3442.84,355,417
3443.04,358,419
3443.24,362,421
3443.44,366,422
3443.64,372,424
3443.84,375,427
3444.04,379,428
3444.24,383,430
3444.44,384,429
3444.64,374,426
3444.84,371,426
3445.04,355,419
3445.24,352,415
3445.44,356,418
3445.64,362,420
3445.84,368,421
3446.04,374,423
3446.24,379,426
3446.44,382,429
3446.64,386,431
3446.84,391,432
3447.04,391,433
3447.24,388,432
3447.44,377,427
3447.64,365,421
3447.84,358,418
3448.04,354,415
3448.24,351,412
3448.44,350,408
3448.64,350,413
3448.84,355,416
3449.04,361,418
3449.24,367,422
3449.44,371,424
3449.64,375,427
3449.84,376,428
3450.04,371,432
3450.24,372,432
3450.44,372,432
3450.64,358,425
3450.84,348,420
3451.04,348,420
3451.24,348,422
3451.44,350,423
3451.64,351,424
3451.84,352,424
3452.04,355,424
3452.24,358,426
3452.44,360,427
3452.64,363,428
3452.84,366,428
3453.04,370,430
3453.24,374,431
3453.44,378,432
3453.64,382,434
3453.84,386,435
3454.04,389,436
3454.24,391,437
3454.44,389,436
3454.64,384,434
3454.84,376,430
3455.04,367,427
3455.24,361,425
3455.44,354,421
3455.64,349,420
3455.84,349,420
3456.04,352,421
3456.24,357,423
3456.44,362,426
3456.64,368,428
3456.84,375,431
3457.04,381,433
3457.24,386,434
3457.44,389,436
3457.64,392,438
3457.84,375,429
3458.04,358,429
3458.24,349,423
3458.44,351,423
3458.64,354,426
3458.84,358,427
3459.04,362,428
3459.24,364,429
3459.44,367,430
3459.64,370,432
3459.84,372,433
3460.04,375,435
3460.24,377,435
3460.44,377,436
3460.64,368,429
3460.84,364,429
3461.04,355,424
3461.24,355,424
3461.44,356,425
3461.64,359,426
3461.84,362,428
3462.04,366,429
3462.24,370,431
3462.44,376,433
3462.64,382,436
3462.84,382,437
3463.04,378,435
3463.24,371,431
3463.44,364,428
3463.64,359,425
3463.84,353,422
3464.04,352,421
3464.24,353,421
3464.44,358,424
3464.64,364,427
3464.84,369,429
3465.04,372,430
3465.24,375,432
3465.44,379,434
3465.64,385,437
3465.84,364,437
3466.04,339,432
3466.24,325,422
3466.44,306,397
3466.64,294,379
3466.84,304,392
3467.04,336,429
3467.24,353,445
3467.44,352,430
3467.64,364,428
3467.84,368,432
3468.04,368,431
3468.24,362,427
3468.44,351,422
3468.64,346,420
3468.84,345,417
3469.04,348,420
3469.24,351,422
3469.44,355,424
3469.64,357,424
3469.84,359,425
3470.04,362,426
3470.24,365,427
3470.44,367,428
3470.64,370,430
3470.84,374,431
3471.04,375,431
3471.24,376,431
3471.44,374,431
3471.64,361,424
3471.84,346,421
3472.04,346,420
3472.24,350,423
3472.44,355,425
3472.64,359,427
3472.84,363,429
3473.04,366,430
3473.24,370,431
3473.44,372,433
3473.64,373,433
3473.84,366,426
3474.04,355,426
3474.24,349,422
3474.44,345,419
3474.64,347,420
3474.84,354,424
3475.04,364,428
3475.24,371,431
3475.44,375,433
3475.64,378,434
3475.84,380,435
3476.04,383,436
3476.24,380,434
3476.44,369,428
3476.64,355,422
3476.84,348,419
3477.04,352,422
3477.24,358,423
3477.44,364,424
3477.64,370,426
3477.84,375,429
3478.04,379,430
3478.24,383,432
3478.44,387,433
3478.64,390,434
3478.84,384,439
3479.04,355,433
3479.24,330,423
3479.44,309,402
3479.64,295,391
3479.84,289,377
3480.04,306,392
3480.24,344,423
3480.44,364,434
3480.64,364,431
3480.84,363,428
3481.04,358,426
3481.24,350,419
3481.44,355,420
3481.64,359,420
3481.84,366,421
3482.04,372,424
3482.24,376,427
3482.44,381,429
3482.64,385,431
3482.84,384,432
3483.04,374,430
3483.24,367,426
3483.44,360,423
3483.64,356,420
3483.84,357,419
3484.04,362,421
3484.24,366,423
3484.44,369,425
3484.64,374,427
3484.84,378,430
3485.04,383,432
3485.24,386,434
3485.44,376,427
3485.64,361,427
3485.84,353,420
3486.04,351,416
3486.24,354,417
3486.44,357,419
3486.64,361,421
3486.84,365,422
3487.04,369,424
3487.24,372,427
3487.44,376,429
3487.64,379,430
3487.84,382,432
3488.04,382,431
3488.24,368,424
3488.44,362,421
3488.64,354,418
3488.84,355,417
3489.04,358,419
3489.24,362,421
3489.44,366,422
3489.64,372,424
3489.84,375,427
3490.04,379,428
3490.24,383,430
3490.44,384,429
3490.64,374,426
3490.84,371,426
3491.04,355,419
3491.24,352,415
3491.44,356,418
3491.64,362,420
3491.84,368,421
3492.04,374,423
3492.24,379,426
3492.44,382,429
3492.64,386,431
3492.84,391,432
3493.04,391,433
3493.24,388,432
3493.44,377,427
3493.64,365,421
3493.84,358,418
3494.04,354,415
3494.24,351,412
3494.44,350,408
3494.64,350,413
3494.84,355,416
3495.04,361,418
3495.24,367,422
3495.44,371,424
3495.64,375,427
3495.84,376,428
3496.04,371,432
3496.24,372,432
3496.44,372,432
3496.64,358,425
3496.84,348,420
3497.04,348,420
3497.24,348,422
3497.44,350,423
3497.64,351,424
3497.84,352,424
3498.04,355,424
3498.24,358,426
3498.44,360,427
3498.64,363,428
3498.84,366,428
3499.04,370,430
3499.24,374,431
3499.44,378,432
3499.64,382,434
3499.84,386,435
3500.04,389,436
3500.24,391,437
3500.44,389,436
3500.64,384,434
3500.84,376,430
3501.04,367,427
3501.24,361,425
3501.44,354,421
3501.64,349,420
3501.84,349,420
3502.04,352,421
3502.24,357,423
3502.44,362,426
3502.64,368,428
3502.84,375,431
3503.04,381,433
3503.24,386,434
3503.44,389,436
3503.64,392,438
3503.84,375,429
3504.04,358,429
3504.24,349,423
3504.44,351,423
3504.64,354,426
3504.84,358,427
3505.04,362,428
3505.24,364,429
3505.44,367,430
3505.64,370,432
3505.84,372,433
3506.04,375,435
3506.24,377,435
3506.44,377,436
3506.64,368,429
3506.84,364,429
3507.04,355,424
3507.24,355,424
3507.44,356,425
3507.64,359,426
3507.84,362,428
3508.04,366,429
3508.24,370,431
3508.44,376,433
3508.64,382,436
3508.84,382,437
3509.04,378,435
3509.24,371,431
3509.44,364,428
3509.64,359,425
3509.84,353,422
3510.04,352,421
3510.24,353,421
3510.44,358,424
3510.64,364,427
3510.84,369,429
3511.04,372,430
3511.24,375,432
3511.44,379,434
3511.64,385,437
3511.84,364,437
3512.04,339,432
3512.24,325,422
3512.44,306,397
3512.64,294,379
3512.84,304,392
3513.04,336,429
3513.24,353,445
3513.44,352,430
3513.64,364,428
3513.84,368,432
3514.04,368,431
3514.24,362,427
3514.44,351,422
3514.64,346,420
3514.84,345,417
3515.04,348,420
3515.24,351,422
3515.44,355,424
3515.64,357,424
3515.84,359,425
3516.04,362,426
3516.24,365,427
3516.44,367,428
3516.64,370,430
3516.84,374,431
3517.04,375,431
3517.24,376,431
3517.44,374,431
3517.64,361,424
3517.84,346,421
3518.04,346,420
3518.24,350,423
3518.44,355,425
3518.64,359,427
3518.84,363,429
3519.04,366,430
3519.24,370,431
3519.44,372,433
3519.64,373,433
3519.84,366,426
3520.04,355,426
3520.24,349,422
3520.44,345,419
3520.64,347,420
3520.84,354,424
3521.04,364,428
3521.24,371,431
3521.44,375,433
3521.64,378,434
3521.84,380,435
3522.04,383,436
3522.24,380,434
3522.44,369,428
3522.64,355,422
3522.84,348,419
3523.04,352,422
3523.24,358,423
3523.44,364,424
3523.64,370,426
3523.84,375,429
3524.04,379,430
3524.24,383,432
3524.44,387,433
3524.64,390,434
3524.84,384,439
3525.04,355,433
3525.24,330,423
3525.44,309,402
3525.64,295,391
3525.84,289,377
3526.04,306,392
3526.24,344,423
3526.44,364,434
3526.64,364,431
3526.84,363,428
3527.04,358,426
3527.24,350,419
3527.44,355,420
3527.64,359,420
3527.84,366,421
3528.04,372,424
3528.24,376,427
3528.44,381,429
3528.64,385,431
3528.84,384,432
3529.04,374,430
3529.24,367,426
3529.44,360,423
3529.64,356,420
3529.84,357,419
3530.04,362,421
3530.24,366,423
3530.44,369,425
3530.64,374,427
3530.84,378,430
3531.04,383,432
3531.24,386,434
3531.44,376,427
3531.64,361,427
3531.84,353,420
3532.04,351,416
3532.24,354,417
3532.44,357,419
3532.64,361,421
3532.84,365,422
3533.04,369,424
3533.24,372,427
3533.44,376,429
3533.64,379,430
3533.84,382,432
3534.04,382,431
3534.24,368,424
3534.44,362,421
3534.64,354,418
3534.84,355,417
3535.04,358,419
3535.24,362,421
3535.44,366,422
3535.64,372,424
3535.84,375,427
3536.04,379,428
3536.24,383,430
3536.44,384,429
3536.64,374,426
3536.84,371,426
3537.04,355,419
3537.24,352,415
3537.44,356,418
3537.64,362,420
3537.84,368,421
3538.04,374,423
3538.24,379,426
3538.44,382,429
3538.64,386,431
3538.84,391,432
3539.04,391,433
3539.24,388,432
3539.44,377,427
3539.64,365,421
3539.84,358,418
3540.04,354,415
3540.24,351,412
3540.44,350,408
3540.64,350,413
3540.84,355,416
3541.04,361,418
3541.24,367,422
3541.44,371,424
3541.64,375,427
3541.84,376,428
3542.04,371,432
3542.24,372,432
3542.44,372,432
3542.64,358,425
3542.84,348,420
3543.04,348,420
3543.24,348,422
3543.44,350,423
3543.64,351,424
3543.84,352,424
3544.04,355,424
3544.24,358,426
3544.44,360,427
3544.64,363,428
3544.84,366,428
3545.04,370,430
3545.24,374,431
3545.44,378,432
3545.64,382,434
3545.84,386,435
3546.04,389,436
3546.24,391,437
3546.44,389,436
3546.64,384,434
3546.84,376,430
3547.04,367,427
3547.24,361,425
3547.44,354,421
3547.64,349,420
3547.84,349,420
3548.04,352,421
3548.24,357,423
3548.44,362,426
3548.64,368,428
3548.84,375,431
3549.04,381,433
3549.24,386,434
3549.44,389,436
3549.64,392,438
3549.84,375,429
3550.04,358,429
3550.24,349,423
3550.44,351,423
3550.64,354,426
3550.84,358,427
3551.04,362,428
3551.24,364,429
3551.44,367,430
3551.64,370,432
3551.84,372,433
3552.04,375,435
3552.24,377,435
3552.44,377,436
3552.64,368,429
3552.84,364,429
3553.04,355,424
3553.24,355,424
3553.44,356,425
3553.64,359,426
3553.84,362,428
3554.04,366,429
3554.24,370,431
3554.44,376,433
3554.64,382,436
3554.84,382,437
3555.04,378,435
3555.24,371,431
3555.44,364,428
3555.64,359,425
3555.84,353,422
3556.04,352,421
3556.24,353,421
3556.44,358,424
3556.64,364,427
3556.84,369,429
3557.04,372,430
3557.24,375,432
3557.44,379,434
3557.64,385,437
3557.84,364,437
3558.04,339,432
3558.24,325,422
3558.44,306,397
3558.64,294,379
3558.84,304,392
3559.04,336,429
3559.24,353,445
3559.44,352,430
3559.64,364,428
3559.84,368,432
3560.04,368,431
3560.24,362,427
3560.44,351,422
3560.64,346,420
3560.84,345,417
3561.04,348,420
3561.24,351,422
3561.44,355,424
3561.64,357,424
3561.84,359,425
3562.04,362,426
3562.24,365,427
3562.44,367,428
3562.64,370,430
3562.84,374,431
3563.04,375,431
3563.24,376,431
3563.44,374,431
3563.64,361,424
3563.84,346,421
3564.04,346,420
3564.24,350,423
3564.44,355,425
3564.64,359,427
3564.84,363,429
3565.04,366,430
3565.24,370,431
3565.44,372,433
3565.64,373,433
3565.84,366,426
3566.04,355,426
3566.24,349,422
3566.44,345,419
3566.64,347,420
3566.84,354,424
3567.04,364,428
3567.24,371,431
3567.44,375,433
3567.64,378,434
3567.84,380,435
3568.04,383,436
3568.24,380,434
3568.44,369,428
3568.64,355,422
3568.84,348,419
3569.04,352,422
3569.24,358,423
3569.44,364,424
3569.64,370,426
3569.84,375,429
3570.04,379,430
3570.24,383,432
3570.44,387,433
3570.64,390,434
3570.84,384,439
3571.04,355,433
3571.24,330,423
3571.44,309,402
3571.64,295,391
3571.84,289,377
3572.04,306,392
3572.24,344,423
3572.44,364,434
3572.64,364,431
3572.84,363,428
3573.04,358,426
3573.24,350,419
3573.44,355,420
3573.64,359,420
3573.84,366,421
3574.04,372,424
3574.24,376,427
3574.44,381,429
3574.64,385,431
3574.84,384,432
3575.04,374,430
3575.24,367,426
3575.44,360,423
3575.64,356,420
3575.84,357,419
3576.04,362,421
3576.24,366,423
3576.44,369,425
3576.64,374,427
3576.84,378,430
3577.04,383,432
3577.24,386,434
3577.44,376,427
3577.64,361,427
3577.84,353,420
3578.04,351,416
3578.24,354,417
3578.44,357,419
3578.64,361,421
3578.84,365,422
3579.04,369,424
3579.24,372,427
3579.44,376,429
3579.64,379,430
3579.84,382,432
3580.04,382,431
3580.24,368,424
3580.44,362,421
3580.64,354,418
3580.84,355,417
3581.04,358,419
3581.24,362,421
3581.44,366,422
3581.64,372,424
3581.84,375,427
3582.04,379,428
3582.24,383,430
3582.44,384,429
3582.64,374,426
3582.84,371,426
3583.04,355,419
3583.24,352,415
3583.44,356,418
3583.64,362,420
3583.84,368,421
3584.04,374,423
3584.24,379,426
3584.44,382,429
3584.64,386,431
3584.84,391,432
3585.04,391,433
3585.24,388,432
3585.44,377,427
3585.64,365,421
3585.84,358,418
3586.04,354,415
3586.24,351,412
3586.44,350,408
3586.64,350,413
3586.84,355,416
3587.04,361,418
3587.24,367,422
3587.44,371,424
3587.64,375,427
3587.84,376,428
3588.04,371,432
3588.24,372,432
3588.44,372,432
3588.64,358,425
3588.84,348,420
3589.04,348,420
3589.24,348,422
3589.44,350,423
3589.64,351,424
3589.84,352,424
3590.04,355,424
3590.24,358,426
3590.44,360,427
3590.64,363,428
3590.84,366,428
3591.04,370,430
3591.24,374,431
3591.44,378,432
3591.64,382,434
3591.84,386,435
3592.04,389,436
3592.24,391,437
3592.44,389,436
3592.64,384,434
3592.84,376,430
3593.04,367,427
3593.24,361,425
3593.44,354,421
3593.64,349,420
3593.84,349,420
3594.04,352,421
3594.24,357,423
3594.44,362,426
3594.64,368,428
3594.84,375,431
3595.04,381,433
3595.24,386,434
3595.44,389,436
3595.64,392,438
3595.84,375,429
3596.04,358,429
3596.24,349,423
3596.44,351,423
3596.64,354,426
3596.84,358,427
3597.04,362,428
3597.24,364,429
3597.44,367,430
3597.64,370,432
3597.84,372,433
3598.04,375,435
3598.24,377,435
3598.44,377,436
3598.64,368,429
3598.84,364,429
3599.04,355,424
3599.24,355,424
3599.44,356,425
3599.64,359,426
3599.84,362,428
3600.04,366,429
3600.24,370,431
3600.44,376,433
3600.64,382,436
3600.84,382,437
3601.04,378,435
3601.24,371,431
3601.44,364,428
3601.64,359,425
3601.84,353,422
3602.04,352,421
3602.24,353,421
3602.44,358,424
3602.64,364,427
3602.84,369,429
3603.04,372,430
3603.24,375,432
3603.44,379,434
3603.64,385,437
3603.84,364,437
3604.04,339,432
3604.24,325,422
3604.44,306,397
3604.64,294,379
3604.84,304,392
3605.04,336,429
3605.24,353,445
3605.44,352,430
3605.64,364,428
3605.84,368,432
3606.04,368,431
3606.24,362,427
3606.44,351,422
3606.64,346,420
3606.84,345,417
3607.04,348,420
3607.24,351,422
3607.44,355,424
3607.64,357,424
3607.84,359,425
3608.04,362,426
3608.24,365,427
3608.44,367,428
3608.64,370,430
3608.84,374,431
3609.04,375,431
3609.24,376,431
3609.44,374,431
3609.64,361,424
3609.84,346,421
3610.04,346,420
3610.24,350,423
3610.44,355,425
3610.64,359,427
3610.84,363,429
3611.04,366,430
3611.24,370,431
3611.44,372,433
3611.64,373,433
3611.84,366,426
3612.04,355,426
3612.24,349,422
3612.44,345,419
3612.64,347,420
3612.84,354,424
3613.04,364,428
3613.24,371,431
3613.44,375,433
3613.64,378,434
3613.84,380,435
3614.04,383,436
3614.24,380,434
3614.44,369,428
3614.64,355,422
3614.84,348,419
3615.04,352,422
3615.24,358,423
3615.44,364,424
3615.64,370,426
3615.84,375,429
3616.04,379,430
3616.24,383,432
3616.44,387,433
3616.64,390,434
3616.84,384,439
3617.04,355,433
3617.24,330,423
3617.44,309,402
3617.64,295,391
3617.84,289,377
3618.04,306,392
3618.24,344,423
3618.44,364,434
3618.64,364,431
3618.84,363,428
3619.04,358,426
3619.24,350,419
3619.44,355,420
3619.64,359,420
3619.84,366,421
3620.04,372,424
3620.24,376,427
3620.44,381,429
3620.64,385,431
3620.84,384,432
3621.04,374,430
3621.24,367,426
3621.44,360,423
3621.64,356,420
3621.84,357,419
3622.04,362,421
3622.24,366,423
3622.44,369,425
3622.64,374,427
3622.84,378,430
3623.04,383,432
3623.24,386,434
3623.44,376,427
3623.64,361,427
3623.84,353,420
3624.04,351,416
3624.24,354,417
3624.44,357,419
3624.64,361,421
3624.84,365,422
3625.04,369,424
3625.24,372,427
3625.44,376,429
3625.64,379,430
3625.84,382,432
3626.04,382,431
3626.24,368,424
3626.44,362,421
3626.64,354,418
3626.84,355,417
3627.04,358,419
3627.24,362,421
3627.44,366,422
3627.64,372,424
3627.84,375,427
3628.04,379,428
3628.24,383,430
3628.44,384,429
3628.64,374,426
3628.84,371,426
3629.04,355,419
3629.24,352,415
3629.44,356,418
3629.64,362,420
3629.84,368,421
3630.04,374,423
3630.24,379,426
3630.44,382,429
3630.64,386,431
3630.84,391,432
3631.04,391,433
3631.24,388,432
3631.44,377,427
3631.64,365,421
3631.84,358,418
3632.04,354,415
3632.24,351,412
3632.44,350,408
3632.64,350,413
3632.84,355,416
3633.04,361,418
3633.24,367,422
3633.44,371,424
3633.64,375,427
3633.84,376,428
3634.04,371,432
3634.24,372,432
3634.44,372,432
3634.64,358,425
3634.84,348,420
3635.04,348,420
3635.24,348,422
3635.44,350,423
3635.64,351,424
3635.84,352,424
3636.04,355,424
3636.24,358,426
3636.44,360,427
3636.64,363,428
3636.84,366,428
3637.04,370,430
3637.24,374,431
3637.44,378,432
3637.64,382,434
3637.84,386,435
3638.04,389,436
3638.24,391,437
3638.44,389,436
3638.64,384,434
3638.84,376,430
3639.04,367,427
3639.24,361,425
3639.44,354,421
3639.64,349,420
3639.84,349,420
3640.04,352,421
3640.24,357,423
3640.44,362,426
3640.64,368,428
3640.84,375,431
3641.04,381,433
3641.24,386,434
3641.44,389,436
3641.64,392,438
3641.84,375,429
3642.04,358,429
3642.24,349,423
3642.44,351,423
3642.64,354,426
3642.84,358,427
3643.04,362,428
3643.24,364,429
3643.44,367,430
3643.64,370,432
3643.84,372,433
3644.04,375,435
3644.24,377,435
3644.44,377,436
3644.64,368,429
3644.84,364,429
3645.04,355,424
3645.24,355,424
3645.44,356,425
3645.64,359,426
3645.84,362,428
3646.04,366,429
3646.24,370,431
3646.44,376,433
3646.64,382,436
3646.84,382,437
3647.04,378,435
3647.24,371,431
3647.44,364,428
3647.64,359,425
3647.84,353,422
3648.04,352,421
3648.24,353,421
3648.44,358,424
3648.64,364,427
3648.84,369,429
3649.04,372,430
3649.24,375,432
3649.44,379,434
3649.64,385,437
3649.84,364,437
3650.04,339,432
3650.24,325,422
3650.44,306,397
3650.64,294,379
3650.84,304,392
3651.04,336,429
3651.24,353,445
3651.44,352,430
3651.64,364,428
3651.84,368,432
3652.04,368,431
3652.24,362,427
3652.44,351,422
3652.64,346,420
3652.84,345,417
3653.04,348,420
3653.24,351,422
3653.44,355,424
3653.64,357,424
3653.84,359,425
3654.04,362,426
3654.24,365,427
3654.44,367,428
3654.64,370,430
3654.84,374,431
3655.04,375,431
3655.24,376,431
3655.44,374,431
3655.64,361,424
3655.84,346,421
3656.04,346,420
3656.24,350,423
3656.44,355,425
3656.64,359,427
3656.84,363,429
3657.04,366,430
3657.24,370,431
3657.44,372,433
3657.64,373,433
3657.84,366,426
3658.04,355,426
3658.24,349,422
3658.44,345,419
3658.64,347,420
3658.84,354,424
3659.04,364,428
3659.24,371,431
3659.44,375,433
3659.64,378,434
3659.84,380,435
3660.04,383,436
3660.24,380,434
3660.44,369,428
3660.64,355,422
3660.84,348,419
3661.04,352,422
3661.24,358,423
3661.44,364,424
3661.64,370,426
3661.84,375,429
3662.04,379,430
3662.24,383,432
3662.44,387,433
3662.64,390,434
3662.84,384,439
3663.04,355,433
3663.24,330,423
3663.44,309,402
3663.64,295,391
3663.84,289,377
3664.04,306,392
3664.24,344,423
3664.44,364,434
3664.64,364,431
3664.84,363,428
3665.04,358,426
3665.24,350,419
3665.44,355,420
3665.64,359,420
3665.84,366,421
3666.04,372,424
3666.24,376,427
3666.44,381,429
3666.64,385,431
3666.84,384,432
3667.04,374,430
3667.24,367,426
3667.44,360,423
3667.64,356,420
3667.84,357,419
3668.04,362,421
3668.24,366,423
3668.44,369,425
3668.64,374,427
3668.84,378,430
3669.04,383,432
3669.24,386,434
3669.44,376,427
3669.64,361,427
3669.84,353,420
3670.04,351,416
3670.24,354,417
3670.44,357,419
3670.64,361,421
3670.84,365,422
3671.04,369,424
3671.24,372,427
3671.44,376,429
3671.64,379,430
3671.84,382,432
3672.04,382,431
3672.24,368,424
3672.44,362,421
3672.64,354,418
3672.84,355,417
3673.04,358,419
3673.24,362,421
3673.44,366,422
3673.64,372,424
3673.84,375,427
3674.04,379,428
3674.24,383,430
3674.44,384,429
3674.64,374,426
3674.84,371,426
3675.04,355,419
3675.24,352,415
3675.44,356,418
3675.64,362,420
3675.84,368,421
3676.04,374,423
3676.24,379,426
3676.44,382,429
3676.64,386,431
3676.84,391,432
3677.04,391,433
3677.24,388,432
3677.44,377,427
3677.64,365,421
3677.84,358,418
3678.04,354,415
3678.24,351,412
3678.44,350,408
3678.64,350,413
3678.84,355,416
3679.04,361,418
3679.24,367,422
3679.44,371,424
3679.64,375,427
3679.84,376,428
3680.04,371,432
3680.24,372,432
3680.44,372,432
3680.64,358,425
3680.84,348,420
3681.04,348,420
3681.24,348,422
3681.44,350,423
3681.64,351,424
3681.84,352,424
3682.04,355,424
3682.24,358,426
3682.44,360,427
3682.64,363,428
3682.84,366,428
3683.04,370,430
3683.24,374,431
3683.44,378,432
3683.64,382,434
3683.84,386,435
3684.04,389,436
3684.24,391,437
3684.44,389,436
3684.64,384,434
3684.84,376,430
3685.04,367,427
3685.24,361,425
3685.44,354,421
3685.64,349,420
3685.84,349,420
3686.04,352,421
3686.24,357,423
3686.44,362,426
3686.64,368,428
3686.84,375,431
3687.04,381,433
3687.24,386,434
3687.44,389,436
3687.64,392,438
3687.84,375,429
3688.04,358,429
3688.24,349,423
3688.44,351,423
3688.64,354,426
3688.84,358,427
3689.04,362,428
3689.24,364,429
3689.44,367,430
3689.64,370,432
3689.84,372,433
3690.04,375,435
3690.24,377,435
3690.44,377,436
3690.64,368,429
3690.84,364,429
3691.04,355,424
3691.24,355,424
3691.44,356,425
3691.64,359,426
3691.84,362,428
3692.04,366,429
3692.24,370,431
3692.44,376,433
3692.64,382,436
3692.84,382,437
3693.04,378,435
3693.24,371,431
3693.44,364,428
3693.64,359,425
3693.84,353,422
3694.04,352,421
3694.24,353,421
3694.44,358,424
3694.64,364,427
3694.84,369,429
3695.04,372,430
3695.24,375,432
3695.44,379,434
3695.64,385,437
3695.84,364,437
3696.04,339,432
3696.24,325,422
3696.44,306,397
3696.64,294,379
3696.84,304,392
3697.04,336,429
3697.24,353,445
3697.44,352,430
3697.64,364,428
3697.84,368,432
3698.04,368,431
3698.24,362,427
3698.44,351,422
3698.64,346,420
3698.84,345,417
3699.04,348,420
3699.24,351,422
3699.44,355,424
3699.64,357,424
3699.84,359,425
3700.04,362,426
3700.24,365,427
3700.44,367,428
3700.64,370,430
3700.84,374,431
3701.04,375,431
3701.24,376,431
3701.44,374,431
3701.64,361,424
3701.84,346,421
3702.04,346,420
3702.24,350,423
3702.44,355,425
3702.64,359,427
3702.84,363,429
3703.04,366,430
3703.24,370,431
3703.44,372,433
3703.64,373,433
3703.84,366,426
3704.04,355,426
3704.24,349,422
3704.44,345,419
3704.64,347,420
3704.84,354,424
3705.04,364,428
3705.24,371,431
3705.44,375,433
3705.64,378,434
3705.84,380,435
3706.04,383,436
3706.24,380,434
3706.44,369,428
3706.64,355,422
3706.84,348,419
3707.04,352,422
3707.24,358,423
3707.44,364,424
3707.64,370,426
3707.84,375,429
3708.04,379,430
3708.24,383,432
3708.44,387,433
3708.64,390,434
3708.84,384,439
3709.04,355,433
3709.24,330,423
3709.44,309,402
3709.64,295,391
3709.84,289,377
3710.04,306,392
3710.24,344,423
3710.44,364,434
3710.64,364,431
3710.84,363,428
3711.04,358,426
3711.24,350,419
3711.44,355,420
3711.64,359,420
3711.84,366,421
3712.04,372,424
3712.24,376,427
3712.44,381,429
3712.64,385,431
3712.84,384,432
3713.04,374,430
3713.24,367,426
3713.44,360,423
3713.64,356,420
3713.84,357,419
3714.04,362,421
3714.24,366,423
3714.44,369,425
3714.64,374,427
3714.84,378,430
3715.04,383,432
3715.24,386,434
3715.44,376,427
3715.64,361,427
3715.84,353,420
3716.04,351,416
3716.24,354,417
3716.44,357,419
3716.64,361,421
3716.84,365,422
3717.04,369,424
3717.24,372,427
3717.44,376,429
3717.64,379,430
3717.84,382,432
3718.04,382,431
3718.24,368,424
3718.44,362,421
3718.64,354,418
3718.84,355,417
3719.04,358,419
3719.24,362,421
3719.44,366,422
3719.64,372,424
3719.84,375,427
3720.04,379,428
3720.24,383,430
3720.44,384,429
3720.64,374,426
3720.84,371,426
3721.04,355,419
3721.24,352,415
3721.44,356,418
3721.64,362,420
3721.84,368,421
3722.04,374,423
3722.24,379,426
3722.44,382,429
3722.64,386,431
3722.84,391,432
3723.04,391,433
3723.24,388,432
3723.44,377,427
3723.64,365,421
3723.84,358,418
3724.04,354,415
3724.24,351,412
3724.44,350,408
3724.64,350,413
3724.84,355,416
3725.04,361,418
3725.24,367,422
3725.44,371,424
3725.64,375,427
3725.84,376,428
3726.04,371,432
3726.24,372,432
3726.44,372,432
3726.64,358,425
3726.84,348,420
3727.04,348,420
3727.24,348,422
3727.44,350,423
3727.64,351,424
3727.84,352,424
3728.04,355,424
3728.24,358,426
3728.44,360,427
3728.64,363,428
3728.84,366,428
3729.04,370,430
3729.24,374,431
3729.44,378,432
3729.64,382,434
3729.84,386,435
3730.04,389,436
3730.24,391,437
3730.44,389,436
3730.64,384,434
3730.84,376,430
3731.04,367,427
3731.24,361,425
3731.44,354,421
3731.64,349,420
3731.84,349,420
3732.04,352,421
3732.24,357,423
3732.44,362,426
3732.64,368,428
3732.84,375,431
3733.04,381,433
3733.24,386,434
3733.44,389,436
3733.64,392,438
3733.84,375,429
3734.04,358,429
3734.24,349,423
3734.44,351,423
3734.64,354,426
3734.84,358,427
3735.04,362,428
3735.24,364,429
3735.44,367,430
3735.64,370,432
3735.84,372,433
3736.04,375,435
3736.24,377,435
3736.44,377,436
3736.64,368,429
3736.84,364,429
3737.04,355,424
3737.24,355,424
3737.44,356,425
3737.64,359,426
3737.84,362,428
3738.04,366,429
3738.24,370,431
3738.44,376,433
3738.64,382,436
3738.84,382,437
3739.04,378,435
3739.24,371,431
3739.44,364,428
3739.64,359,425
3739.84,353,422
3740.04,352,421
3740.24,353,421
3740.44,358,424
3740.64,364,427
3740.84,369,429
3741.04,372,430
3741.24,375,432
3741.44,379,434
3741.64,385,437
3741.84,364,437
3742.04,339,432
3742.24,325,422
3742.44,306,397
3742.64,294,379
3742.84,304,392
3743.04,336,429
3743.24,353,445
3743.44,352,430
3743.64,364,428
3743.84,368,432
3744.04,368,431
3744.24,362,427
3744.44,351,422
3744.64,346,420
3744.84,345,417
3745.04,348,420
3745.24,351,422
3745.44,355,424
3745.64,357,424
3745.84,359,425
3746.04,362,426
3746.24,365,427
3746.44,367,428
3746.64,370,430
3746.84,374,431
3747.04,375,431
3747.24,376,431
3747.44,374,431
3747.64,361,424
3747.84,346,421
3748.04,346,420
3748.24,350,423
3748.44,355,425
3748.64,359,427
3748.84,363,429
3749.04,366,430
3749.24,370,431
3749.44,372,433
3749.64,373,433
3749.84,366,426
3750.04,355,426
3750.24,349,422
3750.44,345,419
3750.64,347,420
3750.84,354,424
3751.04,364,428
3751.24,371,431
3751.44,375,433
3751.64,378,434
3751.84,380,435
3752.04,383,436
3752.24,380,434
3752.44,369,428
3752.64,355,422
3752.84,348,419
3753.04,352,422
3753.24,358,423
3753.44,364,424
3753.64,370,426
3753.84,375,429
3754.04,379,430
3754.24,383,432
3754.44,387,433
3754.64,390,434
3754.84,384,439
3755.04,355,433
3755.24,330,423
3755.44,309,402
3755.64,295,391
3755.84,289,377
3756.04,306,392
3756.24,344,423
3756.44,364,434
3756.64,364,431
3756.84,363,428
3757.04,358,426
3757.24,350,419
3757.44,355,420
3757.64,359,420
3757.84,366,421
3758.04,372,424
3758.24,376,427
3758.44,381,429
3758.64,385,431
3758.84,384,432
3759.04,374,430
3759.24,367,426
3759.44,360,423
3759.64,356,420
3759.84,357,419
3760.04,362,421
3760.24,366,423
3760.44,369,425
3760.64,374,427
3760.84,378,430
3761.04,383,432
3761.24,386,434
3761.44,376,427
3761.64,361,427
3761.84,353,420
3762.04,351,416
3762.24,354,417
3762.44,357,419
3762.64,361,421
3762.84,365,422
3763.04,369,424
3763.24,372,427
3763.44,376,429
3763.64,379,430
3763.84,382,432
3764.04,382,431
3764.24,368,424
3764.44,362,421
3764.64,354,418
3764.84,355,417
3765.04,358,419
3765.24,362,421
3765.44,366,422
3765.64,372,424
3765.84,375,427
3766.04,379,428
3766.24,383,430
3766.44,384,429
3766.64,374,426
3766.84,371,426
3767.04,355,419
3767.24,352,415
3767.44,356,418
3767.64,362,420
3767.84,368,421
3768.04,374,423
3768.24,379,426
3768.44,382,429
3768.64,386,431
3768.84,391,432
3769.04,391,433
3769.24,388,432
3769.44,377,427
3769.64,365,421
3769.84,358,418
3770.04,354,415
3770.24,351,412
3770.44,350,408
3770.64,350,413
3770.84,355,416
3771.04,361,418
3771.24,367,422
3771.44,371,424
3771.64,375,427
3771.84,376,428
3772.04,371,432
3772.24,372,432
3772.44,372,432
3772.64,358,425
3772.84,348,420
3773.04,348,420
3773.24,348,422
3773.44,350,423
3773.64,351,424
3773.84,352,424
3774.04,355,424
3774.24,358,426
3774.44,360,427
3774.64,363,428
3774.84,366,428
3775.04,370,430
3775.24,374,431
3775.44,378,432
3775.64,382,434
3775.84,386,435
3776.04,389,436
3776.24,391,437
3776.44,389,436
3776.64,384,434
3776.84,376,430
3777.04,367,427
3777.24,361,425
3777.44,354,421
3777.64,349,420
3777.84,349,420
3778.04,352,421
3778.24,357,423
3778.44,362,426
3778.64,368,428
3778.84,375,431
3779.04,381,433
3779.24,386,434
3779.44,389,436
3779.64,392,438
3779.84,375,429
3780.04,358,429
3780.24,349,423
3780.44,351,423
3780.64,354,426
3780.84,358,427
3781.04,362,428
3781.24,364,429
3781.44,367,430
3781.64,370,432
3781.84,372,433
3782.04,375,435
3782.24,377,435
3782.44,377,436
3782.64,368,429
3782.84,364,429
3783.04,355,424
3783.24,355,424
3783.44,356,425
3783.64,359,426
3783.84,362,428
3784.04,366,429
3784.24,370,431
3784.44,376,433
3784.64,382,436
3784.84,382,437
3785.04,378,435
3785.24,371,431
3785.44,364,428
3785.64,359,425
3785.84,353,422
3786.04,352,421
3786.24,353,421
3786.44,358,424
3786.64,364,427
3786.84,369,429
3787.04,372,430
3787.24,375,432
3787.44,379,434
3787.64,385,437
3787.84,364,437
3788.04,339,432
3788.24,325,422
3788.44,306,397
3788.64,294,379
3788.84,304,392
3789.04,336,429
3789.24,353,445
3789.44,352,430
3789.64,364,428
3789.84,368,432
3790.04,368,431
3790.24,362,427
3790.44,351,422
3790.64,346,420
3790.84,345,417
3791.04,348,420
3791.24,351,422
3791.44,355,424
3791.64,357,424
3791.84,359,425
3792.04,362,426
3792.24,365,427
3792.44,367,428
3792.64,370,430
3792.84,374,431
3793.04,375,431
3793.24,376,431
3793.44,374,431
3793.64,361,424
3793.84,346,421
3794.04,346,420
3794.24,350,423
3794.44,355,425
3794.64,359,427
3794.84,363,429
3795.04,366,430
3795.24,370,431
3795.44,372,433
3795.64,373,433
3795.84,366,426
3796.04,355,426
3796.24,349,422
3796.44,345,419
3796.64,347,420
3796.84,354,424
3797.04,364,428
3797.24,371,431
3797.44,375,433
3797.64,378,434
3797.84,380,435
3798.04,383,436
3798.24,380,434
3798.44,369,428
3798.64,355,422
3798.84,348,419
3799.04,352,422
3799.24,358,423
3799.44,364,424
3799.64,370,426
3799.84,375,429
3800.04,379,430
3800.24,383,432
3800.44,387,433
3800.64,390,434
3800.84,384,439
3801.04,355,433
3801.24,330,423
3801.44,309,402
3801.64,295,391
3801.84,289,377
3802.04,306,392
3802.24,344,423
3802.44,364,434
3802.64,364,431
3802.84,363,428
3803.04,358,426
3803.24,350,419
3803.44,355,420
3803.64,359,420
3803.84,366,421
3804.04,372,424
3804.24,376,427
3804.44,381,429
3804.64,385,431
3804.84,384,432
3805.04,374,430
3805.24,367,426
3805.44,360,423
3805.64,356,420
3805.84,357,419
3806.04,362,421
3806.24,366,423
3806.44,369,425
3806.64,374,427
3806.84,378,430
3807.04,383,432
3807.24,386,434
3807.44,376,427
3807.64,361,427
3807.84,353,420
3808.04,351,416
3808.24,354,417
3808.44,357,419
3808.64,361,421
3808.84,365,422
3809.04,369,424
3809.24,372,427
3809.44,376,429
3809.64,379,430
3809.84,382,432
3810.04,382,431
3810.24,368,424
3810.44,362,421
3810.64,354,418
3810.84,355,417
3811.04,358,419
3811.24,362,421
3811.44,366,422
3811.64,372,424
3811.84,375,427
3812.04,379,428
3812.24,383,430
3812.44,384,429
3812.64,374,426
3812.84,371,426
3813.04,355,419
3813.24,352,415
3813.44,356,418
3813.64,362,420
3813.84,368,421
3814.04,374,423
3814.24,379,426
3814.44,382,429
3814.64,386,431
3814.84,391,432
3815.04,391,433
3815.24,388,432
3815.44,377,427
3815.64,365,421
3815.84,358,418
3816.04,354,415
3816.24,351,412
3816.44,350,408
3816.64,350,413
3816.84,355,416
3817.04,361,418
3817.24,367,422
3817.44,371,424
3817.64,375,427
3817.84,376,428
3818.04,371,432
3818.24,372,432
3818.44,372,432
3818.64,358,425
3818.84,348,420
3819.04,348,420
3819.24,348,422
3819.44,350,423
3819.64,351,424
3819.84,352,424
3820.04,355,424
3820.24,358,426
3820.44,360,427
3820.64,363,428
3820.84,366,428
3821.04,370,430
3821.24,374,431
3821.44,378,432
3821.64,382,434
3821.84,386,435
3822.04,389,436
3822.24,391,437
3822.44,389,436
3822.64,384,434
3822.84,376,430
3823.04,367,427
3823.24,361,425
3823.44,354,421
3823.64,349,420
3823.84,349,420
3824.04,352,421
3824.24,357,423
3824.44,362,426
3824.64,368,428
3824.84,375,431
3825.04,381,433
3825.24,386,434
3825.44,389,436
3825.64,392,438
3825.84,375,429
3826.04,358,429
3826.24,349,423
3826.44,351,423
3826.64,354,426
3826.84,358,427
3827.04,362,428
3827.24,364,429
3827.44,367,430
3827.64,370,432
3827.84,372,433
3828.04,375,435
3828.24,377,435
3828.44,377,436
3828.64,368,429
3828.84,364,429
3829.04,355,424
3829.24,355,424
3829.44,356,425
3829.64,359,426
3829.84,362,428
3830.04,366,429
3830.24,370,431
3830.44,376,433
3830.64,382,436
3830.84,382,437
3831.04,378,435
3831.24,371,431
3831.44,364,428
3831.64,359,425
3831.84,353,422
3832.04,352,421
3832.24,353,421
3832.44,358,424
3832.64,364,427
3832.84,369,429
3833.04,372,430
3833.24,375,432
3833.44,379,434
3833.64,385,437
3833.84,364,437
3834.04,339,432
3834.24,325,422
3834.44,306,397
3834.64,294,379
3834.84,304,392
3835.04,336,429
3835.24,353,445
3835.44,352,430
3835.64,364,428
3835.84,368,432
3836.04,368,431
3836.24,362,427
3836.44,351,422
3836.64,346,420
3836.84,345,417
3837.04,348,420
3837.24,351,422
3837.44,355,424
3837.64,357,424
3837.84,359,425
3838.04,362,426
3838.24,365,427
3838.44,367,428
3838.64,370,430
3838.84,374,431
3839.04,375,431
3839.24,376,431
3839.44,374,431
3839.64,361,424
3839.84,346,421
3840.04,346,420
3840.24,350,423
3840.44,355,425
3840.64,359,427
3840.84,363,429
3841.04,366,430
3841.24,370,431
3841.44,372,433
3841.64,373,433
3841.84,366,426
3842.04,355,426
3842.24,349,422
3842.44,345,419
3842.64,347,420
3842.84,354,424
3843.04,364,428
3843.24,371,431
3843.44,375,433
3843.64,378,434
3843.84,380,435
3844.04,383,436
3844.24,380,434
3844.44,369,428
3844.64,355,422
3844.84,348,419
3845.04,352,422
3845.24,358,423
3845.44,364,424
3845.64,370,426
3845.84,375,429
3846.04,379,430
3846.24,383,432
3846.44,387,433
3846.64,390,434
3846.84,384,439
3847.04,355,433
3847.24,330,423
3847.44,309,402
3847.64,295,391
3847.84,289,377
3848.04,306,392
3848.24,344,423
3848.44,364,434
3848.64,364,431
3848.84,363,428
3849.04,358,426
3849.24,350,419
3849.44,355,420
3849.64,359,420
3849.84,366,421
3850.04,372,424
3850.24,376,427
3850.44,381,429
3850.64,385,431
3850.84,384,432
3851.04,374,430
3851.24,367,426
3851.44,360,423
3851.64,356,420
3851.84,357,419
3852.04,362,421
3852.24,366,423
3852.44,369,425
3852.64,374,427
3852.84,378,430
3853.04,383,432
3853.24,386,434
3853.44,376,427
3853.64,361,427
3853.84,353,420
3854.04,351,416
3854.24,354,417
3854.44,357,419
3854.64,361,421
3854.84,365,422
3855.04,369,424
3855.24,372,427
3855.44,376,429
3855.64,379,430
3855.84,382,432
3856.04,382,431
3856.24,368,424
3856.44,362,421
3856.64,354,418
3856.84,355,417
3857.04,358,419
3857.24,362,421
3857.44,366,422
3857.64,372,424
3857.84,375,427
3858.04,379,428
3858.24,383,430
3858.44,384,429
3858.64,374,426
3858.84,371,426
3859.04,355,419
3859.24,352,415
3859.44,356,418
3859.64,362,420
3859.84,368,421
3860.04,374,423
3860.24,379,426
3860.44,382,429
3860.64,386,431
3860.84,391,432
3861.04,391,433
3861.24,388,432
3861.44,377,427
3861.64,365,421
3861.84,358,418
3862.04,354,415
3862.24,351,412
3862.44,350,408
3862.64,350,413
3862.84,355,416
3863.04,361,418
3863.24,367,422
3863.44,371,424
3863.64,375,427
3863.84,376,428
3864.04,371,432
3864.24,372,432
3864.44,372,432
3864.64,358,425
3864.84,348,420
3865.04,348,420
3865.24,348,422
3865.44,350,423
3865.64,351,424
3865.84,352,424
3866.04,355,424
3866.24,358,426
3866.44,360,427
3866.64,363,428
3866.84,366,428
3867.04,370,430
3867.24,374,431
3867.44,378,432
3867.64,382,434
3867.84,386,435
3868.04,389,436
3868.24,391,437
3868.44,389,436
3868.64,384,434
3868.84,376,430
3869.04,367,427
3869.24,361,425
3869.44,354,421
3869.64,349,420
3869.84,349,420
3870.04,352,421
3870.24,357,423
3870.44,362,426
3870.64,368,428
3870.84,375,431
3871.04,381,433
3871.24,386,434
3871.44,389,436
3871.64,392,438
3871.84,375,429
3872.04,358,429
3872.24,349,423
3872.44,351,423
3872.64,354,426
3872.84,358,427
3873.04,362,428
3873.24,364,429
3873.44,367,430
3873.64,370,432
3873.84,372,433
3874.04,375,435
3874.24,377,435
3874.44,377,436
3874.64,368,429
3874.84,364,429
3875.04,355,424
3875.24,355,424
3875.44,356,425
3875.64,359,426
3875.84,362,428
3876.04,366,429
3876.24,370,431
3876.44,376,433
3876.64,382,436
3876.84,382,437
3877.04,378,435
3877.24,371,431
3877.44,364,428
3877.64,359,425
3877.84,353,422
3878.04,352,421
3878.24,353,421
3878.44,358,424
3878.64,364,427
3878.84,369,429
3879.04,372,430
3879.24,375,432
3879.44,379,434
3879.64,385,437
3879.84,364,437
3880.04,339,432
3880.24,325,422
3880.44,306,397
3880.64,294,379
3880.84,304,392
3881.04,336,429
3881.24,353,445
3881.44,352,430
3881.64,364,428
3881.84,368,432
3882.04,368,431
3882.24,362,427
3882.44,351,422
3882.64,346,420
3882.84,345,417
3883.04,348,420
3883.24,351,422
3883.44,355,424
3883.64,357,424
3883.84,359,425
3884.04,362,426
3884.24,365,427
3884.44,367,428
3884.64,370,430
3884.84,374,431
3885.04,375,431
3885.24,376,431
3885.44,374,431
3885.64,361,424
3885.84,346,421
3886.04,346,420
3886.24,350,423
3886.44,355,425
3886.64,359,427
3886.84,363,429
3887.04,366,430
3887.24,370,431
3887.44,372,433
3887.64,373,433
3887.84,366,426
3888.04,355,426
3888.24,349,422
3888.44,345,419
3888.64,347,420
3888.84,354,424
3889.04,364,428
3889.24,371,431
3889.44,375,433
3889.64,378,434
3889.84,380,435
3890.04,383,436
3890.24,380,434
3890.44,369,428
3890.64,355,422
3890.84,348,419
3891.04,352,422
3891.24,358,423
3891.44,364,424
3891.64,370,426
3891.84,375,429
3892.04,379,430
3892.24,383,432
3892.44,387,433
3892.64,390,434
3892.84,384,439
3893.04,355,433
3893.24,330,423
3893.44,309,402
3893.64,295,391
3893.84,289,377
3894.04,306,392
3894.24,344,423
3894.44,364,434
3894.64,364,431
3894.84,363,428
3895.04,358,426
3895.24,350,419
3895.44,355,420
3895.64,359,420
3895.84,366,421
3896.04,372,424
3896.24,376,427
3896.44,381,429
3896.64,385,431
3896.84,384,432
3897.04,374,430
3897.24,367,426
3897.44,360,423
3897.64,356,420
3897.84,357,419
3898.04,362,421
3898.24,366,423
3898.44,369,425
3898.64,374,427
3898.84,378,430
3899.04,383,432
3899.24,386,434
3899.44,376,427
3899.64,361,427
3899.84,353,420
3900.04,351,416
3900.24,354,417
3900.44,357,419
3900.64,361,421
3900.84,365,422
3901.04,369,424
3901.24,372,427
3901.44,376,429
3901.64,379,430
3901.84,382,432
3902.04,382,431
3902.24,368,424
3902.44,362,421
3902.64,354,418
3902.84,355,417
3903.04,358,419
3903.24,362,421
3903.44,366,422
3903.64,372,424
3903.84,375,427
3904.04,379,428
3904.24,383,430
3904.44,384,429
3904.64,374,426
3904.84,371,426
3905.04,355,419
3905.24,352,415
3905.44,356,418
3905.64,362,420
3905.84,368,421
3906.04,374,423
3906.24,379,426
3906.44,382,429
3906.64,386,431
3906.84,391,432
3907.04,391,433
3907.24,388,432
3907.44,377,427
3907.64,365,421
3907.84,358,418
3908.04,354,415
3908.24,351,412
3908.44,350,408
3908.64,350,413
3908.84,355,416
3909.04,361,418
3909.24,367,422
3909.44,371,424
3909.64,375,427
3909.84,376,428
3910.04,371,432
3910.24,372,432
3910.44,372,432
3910.64,358,425
3910.84,348,420
3911.04,348,420
3911.24,348,422
3911.44,350,423
3911.64,351,424
3911.84,352,424
3912.04,355,424
3912.24,358,426
3912.44,360,427
3912.64,363,428
3912.84,366,428
3913.04,370,430
3913.24,374,431
3913.44,378,432
3913.64,382,434
3913.84,386,435
3914.04,389,436
3914.24,391,437
3914.44,389,436
3914.64,384,434
3914.84,376,430
3915.04,367,427
3915.24,361,425
3915.44,354,421
3915.64,349,420
3915.84,349,420
3916.04,352,421
3916.24,357,423
3916.44,362,426
3916.64,368,428
3916.84,375,431
3917.04,381,433
3917.24,386,434
3917.44,389,436
3917.64,392,438
3917.84,375,429
3918.04,358,429
3918.24,349,423
3918.44,351,423
3918.64,354,426
3918.84,358,427
3919.04,362,428
3919.24,364,429
3919.44,367,430
3919.64,370,432
3919.84,372,433
3920.04,375,435
3920.24,377,435
3920.44,377,436
3920.64,368,429
3920.84,364,429
3921.04,355,424
3921.24,355,424
3921.44,356,425
3921.64,359,426
3921.84,362,428
3922.04,366,429
3922.24,370,431
3922.44,376,433
3922.64,382,436
3922.84,382,437
3923.04,378,435
3923.24,371,431
3923.44,364,428
3923.64,359,425
3923.84,353,422
3924.04,352,421
3924.24,353,421
3924.44,358,424
3924.64,364,427
3924.84,369,429
3925.04,372,430
3925.24,375,432
3925.44,379,434
3925.64,385,437
3925.84,364,437
3926.04,339,432
3926.24,325,422
3926.44,306,397
3926.64,294,379
3926.84,304,392
3927.04,336,429
3927.24,353,445
3927.44,352,430
3927.64,364,428
3927.84,368,432
3928.04,368,431
3928.24,362,427
3928.44,351,422
3928.64,346,420
3928.84,345,417
3929.04,348,420
3929.24,351,422
3929.44,355,424
3929.64,357,424
3929.84,359,425
3930.04,362,426
3930.24,365,427
3930.44,367,428
3930.64,370,430
3930.84,374,431
3931.04,375,431
3931.24,376,431
3931.44,374,431
3931.64,361,424
3931.84,346,421
3932.04,346,420
3932.24,350,423
3932.44,355,425
3932.64,359,427
3932.84,363,429
3933.04,366,430
3933.24,370,431
3933.44,372,433
3933.64,373,433
3933.84,366,426
3934.04,355,426
3934.24,349,422
3934.44,345,419
3934.64,347,420
3934.84,354,424
3935.04,364,428
3935.24,371,431
3935.44,375,433
3935.64,378,434
3935.84,380,435
3936.04,383,436
3936.24,380,434
3936.44,369,428
3936.64,355,422
3936.84,348,419
3937.04,352,422
3937.24,358,423
3937.44,364,424
3937.64,370,426
3937.84,375,429
3938.04,379,430
3938.24,383,432
3938.44,387,433
3938.64,390,434
3938.84,384,439
3939.04,355,433
3939.24,330,423
3939.44,309,402
3939.64,295,391
3939.84,289,377
3940.04,306,392
3940.24,344,423
3940.44,364,434
3940.64,364,431
3940.84,363,428
3941.04,358,426
3941.24,350,419
3941.44,355,420
3941.64,359,420
3941.84,366,421
3942.04,372,424
3942.24,376,427
3942.44,381,429
3942.64,385,431
3942.84,384,432
3943.04,374,430
3943.24,367,426
3943.44,360,423
3943.64,356,420
3943.84,357,419
3944.04,362,421
3944.24,366,423
3944.44,369,425
3944.64,374,427
3944.84,378,430
3945.04,383,432
3945.24,386,434
3945.44,376,427
3945.64,361,427
3945.84,353,420
3946.04,351,416
3946.24,354,417
3946.44,357,419
3946.64,361,421
3946.84,365,422
3947.04,369,424
3947.24,372,427
3947.44,376,429
3947.64,379,430
3947.84,382,432
3948.04,382,431
3948.24,368,424
3948.44,362,421
3948.64,354,418
3948.84,355,417
3949.04,358,419
3949.24,362,421
3949.44,366,422
3949.64,372,424
3949.84,375,427
3950.04,379,428
3950.24,383,430
3950.44,384,429
3950.64,374,426
3950.84,371,426
3951.04,355,419
3951.24,352,415
3951.44,356,418
3951.64,362,420
3951.84,368,421
3952.04,374,423
3952.24,379,426
3952.44,382,429
3952.64,386,431
3952.84,391,432
3953.04,391,433
3953.24,388,432
3953.44,377,427
3953.64,365,421
3953.84,358,418
3954.04,354,415
3954.24,351,412
3954.44,350,408
3954.64,350,413
3954.84,355,416
3955.04,361,418
3955.24,367,422
3955.44,371,424
3955.64,375,427
3955.84,376,428
3956.04,371,432
3956.24,372,432
3956.44,372,432
3956.64,358,425
3956.84,348,420
3957.04,348,420
3957.24,348,422
3957.44,350,423
3957.64,351,424
3957.84,352,424
3958.04,355,424
3958.24,358,426
3958.44,360,427
3958.64,363,428
3958.84,366,428
3959.04,370,430
3959.24,374,431
3959.44,378,432
3959.64,382,434
3959.84,386,435
3960.04,389,436
3960.24,391,437
3960.44,389,436
3960.64,384,434
3960.84,376,430
3961.04,367,427
3961.24,361,425
3961.44,354,421
3961.64,349,420
3961.84,349,420
3962.04,352,421
3962.24,357,423
3962.44,362,426
3962.64,368,428
3962.84,375,431
3963.04,381,433
3963.24,386,434
3963.44,389,436
3963.64,392,438
3963.84,375,429
3964.04,358,429
3964.24,349,423
3964.44,351,423
3964.64,354,426
3964.84,358,427
3965.04,362,428
3965.24,364,429
3965.44,367,430
3965.64,370,432
3965.84,372,433
3966.04,375,435
3966.24,377,435
3966.44,377,436
3966.64,368,429
3966.84,364,429
3967.04,355,424
3967.24,355,424
3967.44,356,425
3967.64,359,426
3967.84,362,428
3968.04,366,429
3968.24,370,431
3968.44,376,433
3968.64,382,436
3968.84,382,437
3969.04,378,435
3969.24,371,431
3969.44,364,428
3969.64,359,425
3969.84,353,422
3970.04,352,421
3970.24,353,421
3970.44,358,424
3970.64,364,427
3970.84,369,429
3971.04,372,430
3971.24,375,432
3971.44,379,434
3971.64,385,437
3971.84,364,437
3972.04,339,432
3972.24,325,422
3972.44,306,397
3972.64,294,379
3972.84,304,392
3973.04,336,429
3973.24,353,445
3973.44,352,430
3973.64,364,428
3973.84,368,432
3974.04,368,431
3974.24,362,427
3974.44,351,422
3974.64,346,420
3974.84,345,417
3975.04,348,420
3975.24,351,422
3975.44,355,424
3975.64,357,424
3975.84,359,425
3976.04,362,426
3976.24,365,427
3976.44,367,428
3976.64,370,430
3976.84,374,431
3977.04,375,431
3977.24,376,431
3977.44,374,431
3977.64,361,424
3977.84,346,421
3978.04,346,420
3978.24,350,423
3978.44,355,425
3978.64,359,427
3978.84,363,429
3979.04,366,430
3979.24,370,431
3979.44,372,433
3979.64,373,433
3979.84,366,426
3980.04,355,426
3980.24,349,422
3980.44,345,419
3980.64,347,420
3980.84,354,424
3981.04,364,428
3981.24,371,431
3981.44,375,433
3981.64,378,434
3981.84,380,435
3982.04,383,436
3982.24,380,434
3982.44,369,428
3982.64,355,422
3982.84,348,419
3983.04,352,422
3983.24,358,423
3983.44,364,424
3983.64,370,426
3983.84,375,429
3984.04,379,430
3984.24,383,432
3984.44,387,433
3984.64,390,434
3984.84,384,439
3985.04,355,433
3985.24,330,423
3985.44,309,402
3985.64,295,391
3985.84,289,377
3986.04,306,392
3986.24,344,423
3986.44,364,434
3986.64,364,431
3986.84,363,428
3987.04,358,426
3987.24,350,419
3987.44,355,420
3987.64,359,420
3987.84,366,421
3988.04,372,424
3988.24,376,427
3988.44,381,429
3988.64,385,431
3988.84,384,432
3989.04,374,430
3989.24,367,426
3989.44,360,423
3989.64,356,420
3989.84,357,419
3990.04,362,421
3990.24,366,423
3990.44,369,425
3990.64,374,427
3990.84,378,430
3991.04,383,432
3991.24,386,434
3991.44,376,427
3991.64,361,427
3991.84,353,420
3992.04,351,416
3992.24,354,417
3992.44,357,419
3992.64,361,421
3992.84,365,422
3993.04,369,424
3993.24,372,427
3993.44,376,429
3993.64,379,430
3993.84,382,432
3994.04,382,431
3994.24,368,424
3994.44,362,421
3994.64,354,418
3994.84,355,417
3995.04,358,419
3995.24,362,421
3995.44,366,422
3995.64,372,424
3995.84,375,427
3996.04,379,428
3996.24,383,430
3996.44,384,429
3996.64,374,426
3996.84,371,426
3997.04,355,419
3997.24,352,415
3997.44,356,418
3997.64,362,420
3997.84,368,421
3998.04,374,423
3998.24,379,426
3998.44,382,429
3998.64,386,431
3998.84,391,432
3999.04,391,433
3999.24,388,432
3999.44,377,427
3999.64,365,421
3999.84,358,418
4000.04,354,415
4000.24,351,412
4000.44,350,408
4000.64,350,413
4000.84,355,416
4001.04,361,418
4001.24,367,422
4001.44,371,424
4001.64,375,427
4001.84,376,428
4002.04,371,432
4002.24,372,432
4002.44,372,432
4002.64,358,425
4002.84,348,420
4003.04,348,420
4003.24,348,422
4003.44,350,423
4003.64,351,424
4003.84,352,424
4004.04,355,424
4004.24,358,426
4004.44,360,427
4004.64,363,428
4004.84,366,428
4005.04,370,430
4005.24,374,431
4005.44,378,432
4005.64,382,434
4005.84,386,435
4006.04,389,436
4006.24,391,437
4006.44,389,436
4006.64,384,434
4006.84,376,430
4007.04,367,427
4007.24,361,425
4007.44,354,421
4007.64,349,420
4007.84,349,420
4008.04,352,421
4008.24,357,423
4008.44,362,426
4008.64,368,428
4008.84,375,431
4009.04,381,433
4009.24,386,434
4009.44,389,436
4009.64,392,438
4009.84,375,429
4010.04,358,429
4010.24,349,423
4010.44,351,423
4010.64,354,426
4010.84,358,427
4011.04,362,428
4011.24,364,429
4011.44,367,430
4011.64,370,432
4011.84,372,433
4012.04,375,435
4012.24,377,435
4012.44,377,436
4012.64,368,429
4012.84,364,429
4013.04,355,424
4013.24,355,424
4013.44,356,425
4013.64,359,426
4013.84,362,428
4014.04,366,429
4014.24,370,431
4014.44,376,433
4014.64,382,436
4014.84,382,437
4015.04,378,435
4015.24,371,431
4015.44,364,428
4015.64,359,425
4015.84,353,422
4016.04,352,421
4016.24,353,421
4016.44,358,424
4016.64,364,427
4016.84,369,429
4017.04,372,430
4017.24,375,432
4017.44,379,434
4017.64,385,437
4017.84,364,437
4018.04,339,432
4018.24,325,422
4018.44,306,397
4018.64,294,379
4018.84,304,392
4019.04,336,429
4019.24,353,445
4019.44,352,430
4019.64,364,428
4019.84,368,432
4020.04,368,431
4020.24,362,427
4020.44,351,422
4020.64,346,420
4020.84,345,417
4021.04,348,420
4021.24,351,422
4021.44,355,424
4021.64,357,424
4021.84,359,425
4022.04,362,426
4022.24,365,427
4022.44,367,428
4022.64,370,430
4022.84,374,431
4023.04,375,431
4023.24,376,431
4023.44,374,431
4023.64,361,424
4023.84,346,421
4024.04,346,420
4024.24,350,423
4024.44,355,425
4024.64,359,427
4024.84,363,429
4025.04,366,430
4025.24,370,431
4025.44,372,433
4025.64,373,433
4025.84,366,426
4026.04,355,426
4026.24,349,422
4026.44,345,419
4026.64,347,420
4026.84,354,424
4027.04,364,428
4027.24,371,431
4027.44,375,433
4027.64,378,434
4027.84,380,435
4028.04,383,436
4028.24,380,434
4028.44,369,428
4028.64,355,422
4028.84,348,419
4029.04,352,422
4029.24,358,423
4029.44,364,424
4029.64,370,426
4029.84,375,429
4030.04,379,430
4030.24,383,432
4030.44,387,433
4030.64,390,434
4030.84,384,439
4031.04,355,433
4031.24,330,423
4031.44,309,402
4031.64,295,391
4031.84,289,377
4032.04,306,392
4032.24,344,423
4032.44,364,434
4032.64,364,431
4032.84,363,428
4033.04,358,426
4033.24,350,419
4033.44,355,420
4033.64,359,420
4033.84,366,421
4034.04,372,424
4034.24,376,427
4034.44,381,429
4034.64,385,431
4034.84,384,432
4035.04,374,430
4035.24,367,426
4035.44,360,423
4035.64,356,420
4035.84,357,419
4036.04,362,421
4036.24,366,423
4036.44,369,425
4036.64,374,427
4036.84,378,430
4037.04,383,432
4037.24,386,434
4037.44,376,427
4037.64,361,427
4037.84,353,420
4038.04,351,416
4038.24,354,417
4038.44,357,419
4038.64,361,421
4038.84,365,422
4039.04,369,424
4039.24,372,427
4039.44,376,429
4039.64,379,430
4039.84,382,432
4040.04,382,431
4040.24,368,424
4040.44,362,421
4040.64,354,418
4040.84,355,417
4041.04,358,419
4041.24,362,421
4041.44,366,422
4041.64,372,424
4041.84,375,427
4042.04,379,428
4042.24,383,430
4042.44,384,429
4042.64,374,426
4042.84,371,426
4043.04,355,419
4043.24,352,415
4043.44,356,418
4043.64,362,420
4043.84,368,421
4044.04,374,423
4044.24,379,426
4044.44,382,429
4044.64,386,431
4044.84,391,432
4045.04,391,433
4045.24,388,432
4045.44,377,427
4045.64,365,421
4045.84,358,418
4046.04,354,415
4046.24,351,412
4046.44,350,408
4046.64,350,413
4046.84,355,416
4047.04,361,418
4047.24,367,422
4047.44,371,424
4047.64,375,427
4047.84,376,428
4048.04,371,432
4048.24,372,432
4048.44,372,432
4048.64,358,425
4048.84,348,420
4049.04,348,420
4049.24,348,422
4049.44,350,423
4049.64,351,424
4049.84,352,424
4050.04,355,424
4050.24,358,426
4050.44,360,427
4050.64,363,428
4050.84,366,428
4051.04,370,430
4051.24,374,431
4051.44,378,432
4051.64,382,434
4051.84,386,435
4052.04,389,436
4052.24,391,437
4052.44,389,436
4052.64,384,434
4052.84,376,430
4053.04,367,427
4053.24,361,425
4053.44,354,421
4053.64,349,420
4053.84,349,420
4054.04,352,421
4054.24,357,423
4054.44,362,426
4054.64,368,428
4054.84,375,431
4055.04,381,433
4055.24,386,434
4055.44,389,436
4055.64,392,438
4055.84,375,429
4056.04,358,429
4056.24,349,423
4056.44,351,423
4056.64,354,426
4056.84,358,427
4057.04,362,428
4057.24,364,429
4057.44,367,430
4057.64,370,432
4057.84,372,433
4058.04,375,435
4058.24,377,435
4058.44,377,436
4058.64,368,429
4058.84,364,429
4059.04,355,424
4059.24,355,424
4059.44,356,425
4059.64,359,426
4059.84,362,428
4060.04,366,429
4060.24,370,431
4060.44,376,433
4060.64,382,436
4060.84,382,437
4061.04,378,435
4061.24,371,431
4061.44,364,428
4061.64,359,425
4061.84,353,422
4062.04,352,421
4062.24,353,421
4062.44,358,424
4062.64,364,427
4062.84,369,429
4063.04,372,430
4063.24,375,432
4063.44,379,434
4063.64,385,437
4063.84,364,437
4064.04,339,432
4064.24,325,422
4064.44,306,397
4064.64,294,379
4064.84,304,392
4065.04,336,429
4065.24,353,445
4065.44,352,430
4065.64,364,428
4065.84,368,432
4066.04,368,431
4066.24,362,427
4066.44,351,422
4066.64,346,420
4066.84,345,417
4067.04,348,420
4067.24,351,422
4067.44,355,424
4067.64,357,424
4067.84,359,425
4068.04,362,426
4068.24,365,427
4068.44,367,428
4068.64,370,430
4068.84,374,431
4069.04,375,431
4069.24,376,431
4069.44,374,431
4069.64,361,424
4069.84,346,421
4070.04,346,420
4070.24,350,423
4070.44,355,425
4070.64,359,427
4070.84,363,429
4071.04,366,430
4071.24,370,431
4071.44,372,433
4071.64,373,433
4071.84,366,426
4072.04,355,426
4072.24,349,422
4072.44,345,419
4072.64,347,420
4072.84,354,424
4073.04,364,428
4073.24,371,431
4073.44,375,433
4073.64,378,434
4073.84,380,435
4074.04,383,436
4074.24,380,434
4074.44,369,428
4074.64,355,422
4074.84,348,419
4075.04,352,422
4075.24,358,423
4075.44,364,424
4075.64,370,426
4075.84,375,429
4076.04,379,430
4076.24,383,432
4076.44,387,433
4076.64,390,434
4076.84,384,439
4077.04,355,433
4077.24,330,423
4077.44,309,402
4077.64,295,391
4077.84,289,377
4078.04,306,392
4078.24,344,423
4078.44,364,434
4078.64,364,431
4078.84,363,428
4079.04,358,426
4079.24,350,419
4079.44,355,420
4079.64,359,420
4079.84,366,421
4080.04,372,424
4080.24,376,427
4080.44,381,429
4080.64,385,431
4080.84,384,432
4081.04,374,430
4081.24,367,426
4081.44,360,423
4081.64,356,420
4081.84,357,419
4082.04,362,421
4082.24,366,423
4082.44,369,425
4082.64,374,427
4082.84,378,430
4083.04,383,432
4083.24,386,434
4083.44,376,427
4083.64,361,427
4083.84,353,420
4084.04,351,416
4084.24,354,417
4084.44,357,419
4084.64,361,421
4084.84,365,422
4085.04,369,424
4085.24,372,427
4085.44,376,429
4085.64,379,430
4085.84,382,432
4086.04,382,431
4086.24,368,424
4086.44,362,421
4086.64,354,418
4086.84,355,417
4087.04,358,419
4087.24,362,421
4087.44,366,422
4087.64,372,424
4087.84,375,427
4088.04,379,428
4088.24,383,430
4088.44,384,429
4088.64,374,426
4088.84,371,426
4089.04,355,419
4089.24,352,415
4089.44,356,418
4089.64,362,420
4089.84,368,421
4090.04,374,423
4090.24,379,426
4090.44,382,429
4090.64,386,431
4090.84,391,432
4091.04,391,433
4091.24,388,432
4091.44,377,427
4091.64,365,421
4091.84,358,418
4092.04,354,415
4092.24,351,412
4092.44,350,408
4092.64,350,413
4092.84,355,416
4093.04,361,418
4093.24,367,422
4093.44,371,424
4093.64,375,427
4093.84,376,428
4094.04,371,432
4094.24,372,432
4094.44,372,432
4094.64,358,425
4094.84,348,420
4095.04,348,420
4095.24,348,422
4095.44,350,423
4095.64,351,424
4095.84,352,424
4096.04,355,424
4096.24,358,426
4096.44,360,427
4096.64,363,428
4096.84,366,428
4097.04,370,430
4097.24,374,431
4097.44,378,432
4097.64,382,434
4097.84,386,435
4098.04,389,436
4098.24,391,437
4098.44,389,436
4098.64,384,434
4098.84,376,430
4099.04,367,427
4099.24,361,425
4099.44,354,421
4099.64,349,420
4099.84,349,420
4100.04,352,421
4100.24,357,423
4100.44,362,426
4100.64,368,428
4100.84,375,431
4101.04,381,433
4101.24,386,434
4101.44,389,436
4101.64,392,438
4101.84,375,429
4102.04,358,429
4102.24,349,423
4102.44,351,423
4102.64,354,426
4102.84,358,427
4103.04,362,428
4103.24,364,429
4103.44,367,430
4103.64,370,432
4103.84,372,433
4104.04,375,435
4104.24,377,435
4104.44,377,436
4104.64,368,429
4104.84,364,429
4105.04,355,424
4105.24,355,424
4105.44,356,425
4105.64,359,426
4105.84,362,428
4106.04,366,429
4106.24,370,431
4106.44,376,433
4106.64,382,436
4106.84,382,437
4107.04,378,435
4107.24,371,431
4107.44,364,428
4107.64,359,425
4107.84,353,422
4108.04,352,421
4108.24,353,421
4108.44,358,424
4108.64,364,427
4108.84,369,429
4109.04,372,430
4109.24,375,432
4109.44,379,434
4109.64,385,437
4109.84,364,437
4110.04,339,432
4110.24,325,422
4110.44,306,397
4110.64,294,379
4110.84,304,392
4111.04,336,429
4111.24,353,445
4111.44,352,430
4111.64,364,428
4111.84,368,432
4112.04,368,431
4112.24,362,427
4112.44,351,422
4112.64,346,420
4112.84,345,417
4113.04,348,420
4113.24,351,422
4113.44,355,424
4113.64,357,424
4113.84,359,425
4114.04,362,426
4114.24,365,427
4114.44,367,428
4114.64,370,430
4114.84,374,431
4115.04,375,431
4115.24,376,431
4115.44,374,431
4115.64,361,424
4115.84,346,421
4116.04,346,420
4116.24,350,423
4116.44,355,425
4116.64,359,427
4116.84,363,429
4117.04,366,430
4117.24,370,431
4117.44,372,433
4117.64,373,433
4117.84,366,426
4118.04,355,426
4118.24,349,422
4118.44,345,419
4118.64,347,420
4118.84,354,424
4119.04,364,428
4119.24,371,431
4119.44,375,433
4119.64,378,434
4119.84,380,435
4120.04,383,436
4120.24,380,434
4120.44,369,428
4120.64,355,422
4120.84,348,419
4121.04,352,422
4121.24,358,423
4121.44,364,424
4121.64,370,426
4121.84,375,429
4122.04,379,430
4122.24,383,432
4122.44,387,433
4122.64,390,434
4122.84,384,439
4123.04,355,433
4123.24,330,423
4123.44,309,402
4123.64,295,391
4123.84,289,377
4124.04,306,392
4124.24,344,423
4124.44,364,434
4124.64,364,431
4124.84,363,428
4125.04,358,426
4125.24,350,419
4125.44,355,420
4125.64,359,420
4125.84,366,421
4126.04,372,424
4126.24,376,427
4126.44,381,429
4126.64,385,431
4126.84,384,432
4127.04,374,430
4127.24,367,426
4127.44,360,423
4127.64,356,420
4127.84,357,419
4128.04,362,421
4128.24,366,423
4128.44,369,425
4128.64,374,427
4128.84,378,430
4129.04,383,432
4129.24,386,434
4129.44,376,427
4129.64,361,427
4129.84,353,420
4130.04,351,416
4130.24,354,417
4130.44,357,419
4130.64,361,421
4130.84,365,422
4131.04,369,424
4131.24,372,427
4131.44,376,429
4131.64,379,430
4131.84,382,432
4132.04,382,431
4132.24,368,424
4132.44,362,421
4132.64,354,418
4132.84,355,417
4133.04,358,419
4133.24,362,421
4133.44,366,422
4133.64,372,424
4133.84,375,427
4134.04,379,428
4134.24,383,430
4134.44,384,429
4134.64,374,426
4134.84,371,426
4135.04,355,419
4135.24,352,415
4135.44,356,418
4135.64,362,420
4135.84,368,421
4136.04,374,423
4136.24,379,426
4136.44,382,429
4136.64,386,431
4136.84,391,432
4137.04,391,433
4137.24,388,432
4137.44,377,427
4137.64,365,421
4137.84,358,418
4138.04,354,415
4138.24,351,412
4138.44,350,408
4138.64,350,413
4138.84,355,416
4139.04,361,418
4139.24,367,422
4139.44,371,424
4139.64,375,427
4139.84,376,428
4140.04,371,432
4140.24,372,432
4140.44,372,432
4140.64,358,425
4140.84,348,420
4141.04,348,420
4141.24,348,422
4141.44,350,423
4141.64,351,424
4141.84,352,424
4142.04,355,424
4142.24,358,426
4142.44,360,427
4142.64,363,428
4142.84,366,428
4143.04,370,430
4143.24,374,431
4143.44,378,432
4143.64,382,434
4143.84,386,435
4144.04,389,436
4144.24,391,437
4144.44,389,436
4144.64,384,434
4144.84,376,430
4145.04,367,427
4145.24,361,425
4145.44,354,421
4145.64,349,420
4145.84,349,420
4146.04,352,421
4146.24,357,423
4146.44,362,426
4146.64,368,428
4146.84,375,431
4147.04,381,433
4147.24,386,434
4147.44,389,436
4147.64,392,438
4147.84,375,429
4148.04,358,429
4148.24,349,423
4148.44,351,423
4148.64,354,426
4148.84,358,427
4149.04,362,428
4149.24,364,429
4149.44,367,430
4149.64,370,432
4149.84,372,433
4150.04,375,435
4150.24,377,435
4150.44,377,436
4150.64,368,429
4150.84,364,429
4151.04,355,424
4151.24,355,424
4151.44,356,425
4151.64,359,426
4151.84,362,428
4152.04,366,429
4152.24,370,431
4152.44,376,433
4152.64,382,436
4152.84,382,437
4153.04,378,435
4153.24,371,431
4153.44,364,428
4153.64,359,425
4153.84,353,422
4154.04,352,421
4154.24,353,421
4154.44,358,424
4154.64,364,427
4154.84,369,429
4155.04,372,430
4155.24,375,432
4155.44,379,434
4155.64,385,437
4155.84,364,437
4156.04,339,432
4156.24,325,422
4156.44,306,397
4156.64,294,379
4156.84,304,392
4157.04,336,429
4157.24,353,445
4157.44,352,430
4157.64,364,428
4157.84,368,432
4158.04,368,431
4158.24,362,427
4158.44,351,422
4158.64,346,420
4158.84,345,417
4159.04,348,420
4159.24,351,422
4159.44,355,424
4159.64,357,424
4159.84,359,425
4160.04,362,426
4160.24,365,427
4160.44,367,428
4160.64,370,430
4160.84,374,431
4161.04,375,431
4161.24,376,431
4161.44,374,431
4161.64,361,424
4161.84,346,421
4162.04,346,420
4162.24,350,423
4162.44,355,425
4162.64,359,427
4162.84,363,429
4163.04,366,430
4163.24,370,431
4163.44,372,433
4163.64,373,433
4163.84,366,426
4164.04,355,426
4164.24,349,422
4164.44,345,419
4164.64,347,420
4164.84,354,424
4165.04,364,428
4165.24,371,431
4165.44,375,433
4165.64,378,434
4165.84,380,435
4166.04,383,436
4166.24,380,434
4166.44,369,428
4166.64,355,422
4166.84,348,419
4167.04,352,422
4167.24,358,423
4167.44,364,424
4167.64,370,426
4167.84,375,429
4168.04,379,430
4168.24,383,432
4168.44,387,433
4168.64,390,434
4168.84,384,439
4169.04,355,433
4169.24,330,423
4169.44,309,402
4169.64,295,391
4169.84,289,377
4170.04,306,392
4170.24,344,423
4170.44,364,434
4170.64,364,431
4170.84,363,428
4171.04,358,426
4171.24,350,419
4171.44,355,420
4171.64,359,420
4171.84,366,421
4172.04,372,424
4172.24,376,427
4172.44,381,429
4172.64,385,431
4172.84,384,432
4173.04,374,430
4173.24,367,426
4173.44,360,423
4173.64,356,420
4173.84,357,419
4174.04,362,421
4174.24,366,423
4174.44,369,425
4174.64,374,427
4174.84,378,430
4175.04,383,432
4175.24,386,434
4175.44,376,427
4175.64,361,427
4175.84,353,420
4176.04,351,416
4176.24,354,417
4176.44,357,419
4176.64,361,421
4176.84,365,422
4177.04,369,424
4177.24,372,427
4177.44,376,429
4177.64,379,430
4177.84,382,432
4178.04,382,431
4178.24,368,424
4178.44,362,421
4178.64,354,418
4178.84,355,417
4179.04,358,419
4179.24,362,421
4179.44,366,422
4179.64,372,424
4179.84,375,427
4180.04,379,428
4180.24,383,430
4180.44,384,429
4180.64,374,426
4180.84,371,426
4181.04,355,419
4181.24,352,415
4181.44,356,418
4181.64,362,420
4181.84,368,421
4182.04,374,423
4182.24,379,426
4182.44,382,429
4182.64,386,431
4182.84,391,432
4183.04,391,433
4183.24,388,432
4183.44,377,427
4183.64,365,421
4183.84,358,418
4184.04,354,415
4184.24,351,412
4184.44,350,408
4184.64,350,413
4184.84,355,416
4185.04,361,418
4185.24,367,422
4185.44,371,424
4185.64,375,427
4185.84,376,428
4186.04,371,432
4186.24,372,432
4186.44,372,432
4186.64,358,425
4186.84,348,420
4187.04,348,420
4187.24,348,422
4187.44,350,423
4187.64,351,424
4187.84,352,424
4188.04,355,424
4188.24,358,426
4188.44,360,427
4188.64,363,428
4188.84,366,428
4189.04,370,430
4189.24,374,431
4189.44,378,432
4189.64,382,434
4189.84,386,435
4190.04,389,436
4190.24,391,437
4190.44,389,436
4190.64,384,434
4190.84,376,430
4191.04,367,427
4191.24,361,425
4191.44,354,421
4191.64,349,420
4191.84,349,420
4192.04,352,421
4192.24,357,423
4192.44,362,426
4192.64,368,428
4192.84,375,431
4193.04,381,433
4193.24,386,434
4193.44,389,436
4193.64,392,438
4193.84,375,429
4194.04,358,429
4194.24,349,423
4194.44,351,423
4194.64,354,426
4194.84,358,427
4195.04,362,428
4195.24,364,429
4195.44,367,430
4195.64,370,432
4195.84,372,433
4196.04,375,435
4196.24,377,435
4196.44,377,436
4196.64,368,429
4196.84,364,429
4197.04,355,424
4197.24,355,424
4197.44,356,425
4197.64,359,426
4197.84,362,428
4198.04,366,429
4198.24,370,431
4198.44,376,433
4198.64,382,436
4198.84,382,437
4199.04,378,435
4199.24,371,431
4199.44,364,428
4199.64,359,425
4199.84,353,422
4200.04,352,421
4200.24,353,421
4200.44,358,424
4200.64,364,427
4200.84,369,429
4201.04,372,430
4201.24,375,432
4201.44,379,434
4201.64,385,437
4201.84,364,437
4202.04,339,432
4202.24,325,422
4202.44,306,397
4202.64,294,379
4202.84,304,392
4203.04,336,429
4203.24,353,445
4203.44,352,430
4203.64,364,428
4203.84,368,432
4204.04,368,431
4204.24,362,427
4204.44,351,422
4204.64,346,420
4204.84,345,417
4205.04,348,420
4205.24,351,422
4205.44,355,424
4205.64,357,424
4205.84,359,425
4206.04,362,426
4206.24,365,427
4206.44,367,428
4206.64,370,430
4206.84,374,431
4207.04,375,431
4207.24,376,431
4207.44,374,431
4207.64,361,424
4207.84,346,421
4208.04,346,420
4208.24,350,423
4208.44,355,425
4208.64,359,427
4208.84,363,429
4209.04,366,430
4209.24,370,431
4209.44,372,433
4209.64,373,433
4209.84,366,426
4210.04,355,426
4210.24,349,422
4210.44,345,419
4210.64,347,420
4210.84,354,424
4211.04,364,428
4211.24,371,431
4211.44,375,433
4211.64,378,434
4211.84,380,435
4212.04,383,436
4212.24,380,434
4212.44,369,428
4212.64,355,422
4212.84,348,419
4213.04,352,422
4213.24,358,423
4213.44,364,424
4213.64,370,426
4213.84,375,429
4214.04,379,430
4214.24,383,432
4214.44,387,433
4214.64,390,434
4214.84,384,439
4215.04,355,433
4215.24,330,423
4215.44,309,402
4215.64,295,391
4215.84,289,377
4216.04,306,392
4216.24,344,423
4216.44,364,434
4216.64,364,431
4216.84,363,428
4217.04,358,426
4217.24,350,419
4217.44,355,420
4217.64,359,420
4217.84,366,421
4218.04,372,424
4218.24,376,427
4218.44,381,429
4218.64,385,431
4218.84,384,432
4219.04,374,430
4219.24,367,426
4219.44,360,423
4219.64,356,420
4219.84,357,419
4220.04,362,421
4220.24,366,423
4220.44,369,425
4220.64,374,427
4220.84,378,430
4221.04,383,432
4221.24,386,434
4221.44,376,427
4221.64,361,427
4221.84,353,420
4222.04,351,416
4222.24,354,417
4222.44,357,419
4222.64,361,421
4222.84,365,422
4223.04,369,424
4223.24,372,427
4223.44,376,429
4223.64,379,430
4223.84,382,432
4224.04,382,431
4224.24,368,424
4224.44,362,421
4224.64,354,418
4224.84,355,417
4225.04,358,419
4225.24,362,421
4225.44,366,422
4225.64,372,424
4225.84,375,427
4226.04,379,428
4226.24,383,430
4226.44,384,429
4226.64,374,426
4226.84,371,426
4227.04,355,419
4227.24,352,415
4227.44,356,418
4227.64,362,420
4227.84,368,421
4228.04,374,423
4228.24,379,426
4228.44,382,429
4228.64,386,431
4228.84,391,432
4229.04,391,433
4229.24,388,432
4229.44,377,427
4229.64,365,421
4229.84,358,418
4230.04,354,415
4230.24,351,412
4230.44,350,408
4230.64,350,413
4230.84,355,416
4231.04,361,418
4231.24,367,422
4231.44,371,424
4231.64,375,427
4231.84,376,428
4232.04,371,432
4232.24,372,432
4232.44,372,432
4232.64,358,425
4232.84,348,420
4233.04,348,420
4233.24,348,422
4233.44,350,423
4233.64,351,424
4233.84,352,424
4234.04,355,424
4234.24,358,426
4234.44,360,427
4234.64,363,428
4234.84,366,428
4235.04,370,430
4235.24,374,431
4235.44,378,432
4235.64,382,434
4235.84,386,435
4236.04,389,436
4236.24,391,437
4236.44,389,436
4236.64,384,434
4236.84,376,430
4237.04,367,427
4237.24,361,425
4237.44,354,421
4237.64,349,420
4237.84,349,420
4238.04,352,421
4238.24,357,423
4238.44,362,426
4238.64,368,428
4238.84,375,431
4239.04,381,433
4239.24,386,434
4239.44,389,436
4239.64,392,438
4239.84,375,429
4240.04,358,429
4240.24,349,423
4240.44,351,423
4240.64,354,426
4240.84,358,427
4241.04,362,428
4241.24,364,429
4241.44,367,430
4241.64,370,432
4241.84,372,433
4242.04,375,435
4242.24,377,435
4242.44,377,436
4242.64,368,429
4242.84,364,429
4243.04,355,424
4243.24,355,424
4243.44,356,425
4243.64,359,426
4243.84,362,428
4244.04,366,429
4244.24,370,431
4244.44,376,433
4244.64,382,436
4244.84,382,437
4245.04,378,435
4245.24,371,431
4245.44,364,428
4245.64,359,425
4245.84,353,422
4246.04,352,421
4246.24,353,421
4246.44,358,424
4246.64,364,427
4246.84,369,429
4247.04,372,430
4247.24,375,432
4247.44,379,434
4247.64,385,437
4247.84,364,437
4248.04,339,432
4248.24,325,422
4248.44,306,397
4248.64,294,379
4248.84,304,392
4249.04,336,429
4249.24,353,445
4249.44,352,430
4249.64,364,428
4249.84,368,432
4250.04,368,431
4250.24,362,427
4250.44,351,422
4250.64,346,420
4250.84,345,417
4251.04,348,420
4251.24,351,422
4251.44,355,424
4251.64,357,424
4251.84,359,425
4252.04,362,426
4252.24,365,427
4252.44,367,428
4252.64,370,430
4252.84,374,431
4253.04,375,431
4253.24,376,431
4253.44,374,431
4253.64,361,424
4253.84,346,421
4254.04,346,420
4254.24,350,423
4254.44,355,425
4254.64,359,427
4254.84,363,429
4255.04,366,430
4255.24,370,431
4255.44,372,433
4255.64,373,433
4255.84,366,426
4256.04,355,426
4256.24,349,422
4256.44,345,419
4256.64,347,420
4256.84,354,424
4257.04,364,428
4257.24,371,431
4257.44,375,433
4257.64,378,434
4257.84,380,435
4258.04,383,436
4258.24,380,434
4258.44,369,428
4258.64,355,422
4258.84,348,419
4259.04,352,422
4259.24,358,423
4259.44,364,424
4259.64,370,426
4259.84,375,429
4260.04,379,430
4260.24,383,432
4260.44,387,433
4260.64,390,434
4260.84,384,439
4261.04,355,433
4261.24,330,423
4261.44,309,402
4261.64,295,391
4261.84,289,377
4262.04,306,392
4262.24,344,423
4262.44,364,434
4262.64,364,431
4262.84,363,428
4263.04,358,426
4263.24,350,419
4263.44,355,420
4263.64,359,420
4263.84,366,421
4264.04,372,424
4264.24,376,427
4264.44,381,429
4264.64,385,431
4264.84,384,432
4265.04,374,430
4265.24,367,426
4265.44,360,423
4265.64,356,420
4265.84,357,419
4266.04,362,421
4266.24,366,423
4266.44,369,425
4266.64,374,427
4266.84,378,430
4267.04,383,432
4267.24,386,434
4267.44,376,427
4267.64,361,427
4267.84,353,420
4268.04,351,416
4268.24,354,417
4268.44,357,419
4268.64,361,421
4268.84,365,422
4269.04,369,424
4269.24,372,427
4269.44,376,429
4269.64,379,430
4269.84,382,432
4270.04,382,431
4270.24,368,424
4270.44,362,421
4270.64,354,418
4270.84,355,417
4271.04,358,419
4271.24,362,421
4271.44,366,422
4271.64,372,424
4271.84,375,427
4272.04,379,428
4272.24,383,430
4272.44,384,429
4272.64,374,426
4272.84,371,426
4273.04,355,419
4273.24,352,415
4273.44,356,418
4273.64,362,420
4273.84,368,421
4274.04,374,423
4274.24,379,426
4274.44,382,429
4274.64,386,431
4274.84,391,432
4275.04,391,433
4275.24,388,432
4275.44,377,427
4275.64,365,421
4275.84,358,418
4276.04,354,415
4276.24,351,412
4276.44,350,408
4276.64,350,413
4276.84,355,416
4277.04,361,418
4277.24,367,422
4277.44,371,424
4277.64,375,427
4277.84,376,428
4278.04,371,432
4278.24,372,432
4278.44,372,432
4278.64,358,425
4278.84,348,420
4279.04,348,420
4279.24,348,422
4279.44,350,423
4279.64,351,424
4279.84,352,424
4280.04,355,424
4280.24,358,426
4280.44,360,427
4280.64,363,428
4280.84,366,428
4281.04,370,430
4281.24,374,431
4281.44,378,432
4281.64,382,434
4281.84,386,435
4282.04,389,436
4282.24,391,437
4282.44,389,436
4282.64,384,434
4282.84,376,430
4283.04,367,427
4283.24,361,425
4283.44,354,421
4283.64,349,420
4283.84,349,420
4284.04,352,421
4284.24,357,423
4284.44,362,426
4284.64,368,428
4284.84,375,431
4285.04,381,433
4285.24,386,434
4285.44,389,436
4285.64,392,438
4285.84,375,429
4286.04,358,429
4286.24,349,423
4286.44,351,423
4286.64,354,426
4286.84,358,427
4287.04,362,428
4287.24,364,429
4287.44,367,430
4287.64,370,432
4287.84,372,433
4288.04,375,435
4288.24,377,435
4288.44,377,436
4288.64,368,429
4288.84,364,429
4289.04,355,424
4289.24,355,424
4289.44,356,425
4289.64,359,426
4289.84,362,428
4290.04,366,429
4290.24,370,431
4290.44,376,433
4290.64,382,436
4290.84,382,437
4291.04,378,435
4291.24,371,431
4291.44,364,428
4291.64,359,425
4291.84,353,422
4292.04,352,421
4292.24,353,421
4292.44,358,424
4292.64,364,427
4292.84,369,429
4293.04,372,430
4293.24,375,432
4293.44,379,434
4293.64,385,437
4293.84,364,437
4294.04,339,432
4294.24,325,422
4294.44,306,397
4294.64,294,379
4294.84,304,392
4295.04,336,429
4295.24,353,445
4295.44,352,430
4295.64,364,428
4295.84,368,432
4296.04,368,431
4296.24,362,427
4296.44,351,422
4296.64,346,420
4296.84,345,417
4297.04,348,420
4297.24,351,422
4297.44,355,424
4297.64,357,424
4297.84,359,425
4298.04,362,426
4298.24,365,427
4298.44,367,428
4298.64,370,430
4298.84,374,431
4299.04,375,431
4299.24,376,431
4299.44,374,431
4299.64,361,424
4299.84,346,421
4300.04,346,420
4300.24,350,423
4300.44,355,425
4300.64,359,427
4300.84,363,429
4301.04,366,430
4301.24,370,431
4301.44,372,433
4301.64,373,433
4301.84,366,426
4302.04,355,426
4302.24,349,422
4302.44,345,419
4302.64,347,420
4302.84,354,424
4303.04,364,428
4303.24,371,431
4303.44,375,433
4303.64,378,434
4303.84,380,435
4304.04,383,436
4304.24,380,434
4304.44,369,428
4304.64,355,422
4304.84,348,419
4305.04,352,422
4305.24,358,423
4305.44,364,424
4305.64,370,426
4305.84,375,429
4306.04,379,430
4306.24,383,432
4306.44,387,433
4306.64,390,434
4306.84,384,439
4307.04,355,433
4307.24,330,423
4307.44,309,402
4307.64,295,391
4307.84,289,377
4308.04,306,392
4308.24,344,423
4308.44,364,434
4308.64,364,431
4308.84,363,428
4309.04,358,426
4309.24,350,419
4309.44,355,420
4309.64,359,420
4309.84,366,421
4310.04,372,424
4310.24,376,427
4310.44,381,429
4310.64,385,431
4310.84,384,432
4311.04,374,430
4311.24,367,426
4311.44,360,423
4311.64,356,420
4311.84,357,419
4312.04,362,421
4312.24,366,423
4312.44,369,425
4312.64,374,427
4312.84,378,430
4313.04,383,432
4313.24,386,434
4313.44,376,427
4313.64,361,427
4313.84,353,420
4314.04,351,416
4314.24,354,417
4314.44,357,419
4314.64,361,421
4314.84,365,422
4315.04,369,424
4315.24,372,427
4315.44,376,429
4315.64,379,430
4315.84,382,432
4316.04,382,431
4316.24,368,424
4316.44,362,421
4316.64,354,418
4316.84,355,417
4317.04,358,419
4317.24,362,421
4317.44,366,422
4317.64,372,424
4317.84,375,427
4318.04,379,428
4318.24,383,430
4318.44,384,429
4318.64,374,426
4318.84,371,426
4319.04,355,419
4319.24,352,415
4319.44,356,418
4319.64,362,420
4319.84,368,421
4320.04,374,423
4320.24,379,426
4320.44,382,429
4320.64,386,431
4320.84,391,432
4321.04,391,433
4321.24,388,432
4321.44,377,427
4321.64,365,421
4321.84,358,418
4322.04,354,415
4322.24,351,412
4322.44,350,408
4322.64,350,413
4322.84,355,416
4323.04,361,418
4323.24,367,422
4323.44,371,424
4323.64,375,427
4323.84,376,428
4324.04,371,432
4324.24,372,432
4324.44,372,432
4324.64,358,425
4324.84,348,420
4325.04,348,420
4325.24,348,422
4325.44,350,423
4325.64,351,424
4325.84,352,424
4326.04,355,424
4326.24,358,426
4326.44,360,427
4326.64,363,428
4326.84,366,428
4327.04,370,430
4327.24,374,431
4327.44,378,432
4327.64,382,434
4327.84,386,435
4328.04,389,436
4328.24,391,437
4328.44,389,436
4328.64,384,434
4328.84,376,430
4329.04,367,427
4329.24,361,425
4329.44,354,421
4329.64,349,420
4329.84,349,420
4330.04,352,421
4330.24,357,423
4330.44,362,426
4330.64,368,428
4330.84,375,431
4331.04,381,433
4331.24,386,434
4331.44,389,436
4331.64,392,438
4331.84,375,429
4332.04,358,429
4332.24,349,423
4332.44,351,423
4332.64,354,426
4332.84,358,427
4333.04,362,428
4333.24,364,429
4333.44,367,430
4333.64,370,432
4333.84,372,433
4334.04,375,435
4334.24,377,435
4334.44,377,436
4334.64,368,429
4334.84,364,429
4335.04,355,424
4335.24,355,424
4335.44,356,425
4335.64,359,426
4335.84,362,428
4336.04,366,429
4336.24,370,431
4336.44,376,433
4336.64,382,436
4336.84,382,437
4337.04,378,435
4337.24,371,431
4337.44,364,428
4337.64,359,425
4337.84,353,422
4338.04,352,421
4338.24,353,421
4338.44,358,424
4338.64,364,427
4338.84,369,429
4339.04,372,430
4339.24,375,432
4339.44,379,434
4339.64,385,437
4339.84,364,437
4340.04,339,432
4340.24,325,422
4340.44,306,397
4340.64,294,379
4340.84,304,392
4341.04,336,429
4341.24,353,445
4341.44,352,430
4341.64,364,428
4341.84,368,432
4342.04,368,431
4342.24,362,427
4342.44,351,422
4342.64,346,420
4342.84,345,417
4343.04,348,420
4343.24,351,422
4343.44,355,424
4343.64,357,424
4343.84,359,425
4344.04,362,426
4344.24,365,427
4344.44,367,428
4344.64,370,430
4344.84,374,431
4345.04,375,431
4345.24,376,431
4345.44,374,431
4345.64,361,424
4345.84,346,421
4346.04,346,420
4346.24,350,423
4346.44,355,425
4346.64,359,427
4346.84,363,429
4347.04,366,430
4347.24,370,431
4347.44,372,433
4347.64,373,433
4347.84,366,426
4348.04,355,426
4348.24,349,422
4348.44,345,419
4348.64,347,420
4348.84,354,424
4349.04,364,428
4349.24,371,431
4349.44,375,433
4349.64,378,434
4349.84,380,435
4350.04,383,436
4350.24,380,434
4350.44,369,428
4350.64,355,422
4350.84,348,419
4351.04,352,422
4351.24,358,423
4351.44,364,424
4351.64,370,426
4351.84,375,429
4352.04,379,430
4352.24,383,432
4352.44,387,433
4352.64,390,434
4352.84,384,439
4353.04,355,433
4353.24,330,423
4353.44,309,402
4353.64,295,391
4353.84,289,377
4354.04,306,392
4354.24,344,423
4354.44,364,434
4354.64,364,431
4354.84,363,428
4355.04,358,426
4355.24,350,419
4355.44,355,420
4355.64,359,420
4355.84,366,421
4356.04,372,424
4356.24,376,427
4356.44,381,429
4356.64,385,431
4356.84,384,432
4357.04,374,430
4357.24,367,426
4357.44,360,423
4357.64,356,420
4357.84,357,419
4358.04,362,421
4358.24,366,423
4358.44,369,425
4358.64,374,427
4358.84,378,430
4359.04,383,432
4359.24,386,434
4359.44,376,427
4359.64,361,427
4359.84,353,420
4360.04,351,416
4360.24,354,417
4360.44,357,419
4360.64,361,421
4360.84,365,422
4361.04,369,424
4361.24,372,427
4361.44,376,429
4361.64,379,430
4361.84,382,432
4362.04,382,431
4362.24,368,424
4362.44,362,421
4362.64,354,418
4362.84,355,417
4363.04,358,419
4363.24,362,421
4363.44,366,422
4363.64,372,424
4363.84,375,427
4364.04,379,428
4364.24,383,430
4364.44,384,429
4364.64,374,426
4364.84,371,426
4365.04,355,419
4365.24,352,415
4365.44,356,418
4365.64,362,420
4365.84,368,421
4366.04,374,423
4366.24,379,426
4366.44,382,429
4366.64,386,431
4366.84,391,432
4367.04,391,433
4367.24,388,432
4367.44,377,427
4367.64,365,421
4367.84,358,418
4368.04,354,415
4368.24,351,412
4368.44,350,408
4368.64,350,413
4368.84,355,416
4369.04,361,418
4369.24,367,422
4369.44,371,424
4369.64,375,427
4369.84,376,428
4370.04,371,432
4370.24,372,432
4370.44,372,432
4370.64,358,425
4370.84,348,420
4371.04,348,420
4371.24,348,422
4371.44,350,423
4371.64,351,424
4371.84,352,424
4372.04,355,424
4372.24,358,426
4372.44,360,427
4372.64,363,428
4372.84,366,428
4373.04,370,430
4373.24,374,431
4373.44,378,432
4373.64,382,434
4373.84,386,435
4374.04,389,436
4374.24,391,437
4374.44,389,436
4374.64,384,434
4374.84,376,430
4375.04,367,427
4375.24,361,425
4375.44,354,421
4375.64,349,420
4375.84,349,420
4376.04,352,421
4376.24,357,423
4376.44,362,426
4376.64,368,428
4376.84,375,431
4377.04,381,433
4377.24,386,434
4377.44,389,436
4377.64,392,438
4377.84,375,429
4378.04,358,429
4378.24,349,423
4378.44,351,423
4378.64,354,426
4378.84,358,427
4379.04,362,428
4379.24,364,429
4379.44,367,430
4379.64,370,432
4379.84,372,433
4380.04,375,435
4380.24,377,435
4380.44,377,436
4380.64,368,429
4380.84,364,429
4381.04,355,424
4381.24,355,424
4381.44,356,425
4381.64,359,426
4381.84,362,428
4382.04,366,429
4382.24,370,431
4382.44,376,433
4382.64,382,436
4382.84,382,437
4383.04,378,435
4383.24,371,431
4383.44,364,428
4383.64,359,425
4383.84,353,422
4384.04,352,421
4384.24,353,421
4384.44,358,424
4384.64,364,427
4384.84,369,429
4385.04,372,430
4385.24,375,432
4385.44,379,434
4385.64,385,437
4385.84,364,437
4386.04,339,432
4386.24,325,422
4386.44,306,397
4386.64,294,379
4386.84,304,392
4387.04,336,429
4387.24,353,445
4387.44,352,430
4387.64,364,428
4387.84,368,432
4388.04,368,431
4388.24,362,427
4388.44,351,422
4388.64,346,420
4388.84,345,417
4389.04,348,420
4389.24,351,422
4389.44,355,424
4389.64,357,424
4389.84,359,425
4390.04,362,426
4390.24,365,427
4390.44,367,428
4390.64,370,430
4390.84,374,431
4391.04,375,431
4391.24,376,431
4391.44,374,431
4391.64,361,424
4391.84,346,421
4392.04,346,420
4392.24,350,423
4392.44,355,425
4392.64,359,427
4392.84,363,429
4393.04,366,430
4393.24,370,431
4393.44,372,433
4393.64,373,433
4393.84,366,426
4394.04,355,426
4394.24,349,422
4394.44,345,419
4394.64,347,420
4394.84,354,424
4395.04,364,428
4395.24,371,431
4395.44,375,433
4395.64,378,434
4395.84,380,435
4396.04,383,436
4396.24,380,434
4396.44,369,428
4396.64,355,422
4396.84,348,419
4397.04,352,422
4397.24,358,423
4397.44,364,424
4397.64,370,426
4397.84,375,429
4398.04,379,430
4398.24,383,432
4398.44,387,433
4398.64,390,434
4398.84,384,439
4399.04,355,433
4399.24,330,423
4399.44,309,402
4399.64,295,391
4399.84,289,377
4400.04,306,392
4400.24,344,423
4400.44,364,434
4400.64,364,431
4400.84,363,428
4401.04,358,426
4401.24,350,419
4401.44,355,420
4401.64,359,420
4401.84,366,421
4402.04,372,424
4402.24,376,427
4402.44,381,429
4402.64,385,431
4402.84,384,432
4403.04,374,430
4403.24,367,426
4403.44,360,423
4403.64,356,420
4403.84,357,419
4404.04,362,421
4404.24,366,423
4404.44,369,425
4404.64,374,427
4404.84,378,430
4405.04,383,432
4405.24,386,434
4405.44,376,427
4405.64,361,427
4405.84,353,420
4406.04,351,416
4406.24,354,417
4406.44,357,419
4406.64,361,421
4406.84,365,422
4407.04,369,424
4407.24,372,427
4407.44,376,429
4407.64,379,430
4407.84,382,432
4408.04,382,431
4408.24,368,424
4408.44,362,421
4408.64,354,418
4408.84,355,417
4409.04,358,419
4409.24,362,421
4409.44,366,422
4409.64,372,424
4409.84,375,427
4410.04,379,428
4410.24,383,430
4410.44,384,429
4410.64,374,426
4410.84,371,426
4411.04,355,419
4411.24,352,415
4411.44,356,418
4411.64,362,420
4411.84,368,421
4412.04,374,423
4412.24,379,426
4412.44,382,429
4412.64,386,431
4412.84,391,432
4413.04,391,433
4413.24,388,432
4413.44,377,427
4413.64,365,421
4413.84,358,418
4414.04,354,415
4414.24,351,412
4414.44,350,408
4414.64,350,413
4414.84,355,416
4415.04,361,418
4415.24,367,422
4415.44,371,424
4415.64,375,427
4415.84,376,428
4416.04,371,432
4416.24,372,432
4416.44,372,432
4416.64,358,425
4416.84,348,420
4417.04,348,420
4417.24,348,422
4417.44,350,423
4417.64,351,424
4417.84,352,424
4418.04,355,424
4418.24,358,426
4418.44,360,427
4418.64,363,428
4418.84,366,428
4419.04,370,430
4419.24,374,431
4419.44,378,432
4419.64,382,434
4419.84,386,435
4420.04,389,436
4420.24,391,437
4420.44,389,436
4420.64,384,434
4420.84,376,430
4421.04,367,427
4421.24,361,425
4421.44,354,421
4421.64,349,420
4421.84,349,420
4422.04,352,421
4422.24,357,423
4422.44,362,426
4422.64,368,428
4422.84,375,431
4423.04,381,433
4423.24,386,434
4423.44,389,436
4423.64,392,438
4423.84,375,429
4424.04,358,429
4424.24,349,423
4424.44,351,423
4424.64,354,426
4424.84,358,427
4425.04,362,428
4425.24,364,429
4425.44,367,430
4425.64,370,432
4425.84,372,433
4426.04,375,435
4426.24,377,435
4426.44,377,436
4426.64,368,429
4426.84,364,429
4427.04,355,424
4427.24,355,424
4427.44,356,425
4427.64,359,426
4427.84,362,428
4428.04,366,429
4428.24,370,431
4428.44,376,433
4428.64,382,436
4428.84,382,437
4429.04,378,435
4429.24,371,431
4429.44,364,428
4429.64,359,425
4429.84,353,422
4430.04,352,421
4430.24,353,421
4430.44,358,424
4430.64,364,427
4430.84,369,429
4431.04,372,430
4431.24,375,432
4431.44,379,434
4431.64,385,437
4431.84,364,437
4432.04,339,432
4432.24,325,422
4432.44,306,397
4432.64,294,379
4432.84,304,392
4433.04,336,429
4433.24,353,445
4433.44,352,430
4433.64,364,428
4433.84,368,432
4434.04,368,431
4434.24,362,427
4434.44,351,422
4434.64,346,420
4434.84,345,417
4435.04,348,420
4435.24,351,422
4435.44,355,424
4435.64,357,424
4435.84,359,425
4436.04,362,426
4436.24,365,427
4436.44,367,428
4436.64,370,430
4436.84,374,431
4437.04,375,431
4437.24,376,431
4437.44,374,431
4437.64,361,424
4437.84,346,421
4438.04,346,420
4438.24,350,423
4438.44,355,425
4438.64,359,427
4438.84,363,429
4439.04,366,430
4439.24,370,431
4439.44,372,433
4439.64,373,433
4439.84,366,426
4440.04,355,426
4440.24,349,422
4440.44,345,419
4440.64,347,420
4440.84,354,424
4441.04,364,428
4441.24,371,431
4441.44,375,433
4441.64,378,434
4441.84,380,435
4442.04,383,436
4442.24,380,434
4442.44,369,428
4442.64,355,422
4442.84,348,419
4443.04,352,422
4443.24,358,423
4443.44,364,424
4443.64,370,426
4443.84,375,429
4444.04,379,430
4444.24,383,432
4444.44,387,433
4444.64,390,434
4444.84,384,439
4445.04,355,433
4445.24,330,423
4445.44,309,402
4445.64,295,391
4445.84,289,377
4446.04,306,392
4446.24,344,423
4446.44,364,434
4446.64,364,431
4446.84,363,428
4447.04,358,426
4447.24,350,419
4447.44,355,420
4447.64,359,420
4447.84,366,421
4448.04,372,424
4448.24,376,427
4448.44,381,429
4448.64,385,431
4448.84,384,432
4449.04,374,430
4449.24,367,426
4449.44,360,423
4449.64,356,420
4449.84,357,419
4450.04,362,421
4450.24,366,423
4450.44,369,425
4450.64,374,427
4450.84,378,430
4451.04,383,432
4451.24,386,434
4451.44,376,427
4451.64,361,427
4451.84,353,420
4452.04,351,416
4452.24,354,417
4452.44,357,419
4452.64,361,421
4452.84,365,422
4453.04,369,424
4453.24,372,427
4453.44,376,429
4453.64,379,430
4453.84,382,432
4454.04,382,431
4454.24,368,424
4454.44,362,421
4454.64,354,418
4454.84,355,417
4455.04,358,419
4455.24,362,421
4455.44,366,422
4455.64,372,424
4455.84,375,427
4456.04,379,428
4456.24,383,430
4456.44,384,429
4456.64,374,426
4456.84,371,426
4457.04,355,419
4457.24,352,415
4457.44,356,418
4457.64,362,420
4457.84,368,421
4458.04,374,423
4458.24,379,426
4458.44,382,429
4458.64,386,431
4458.84,391,432
4459.04,391,433
4459.24,388,432
4459.44,377,427
4459.64,365,421
4459.84,358,418
4460.04,354,415
4460.24,351,412
4460.44,350,408
4460.64,350,413
4460.84,355,416
4461.04,361,418
4461.24,367,422
4461.44,371,424
4461.64,375,427
4461.84,376,428
4462.04,371,432
4462.24,372,432
4462.44,372,432
4462.64,358,425
4462.84,348,420
4463.04,348,420
4463.24,348,422
4463.44,350,423
4463.64,351,424
4463.84,352,424
4464.04,355,424
4464.24,358,426
4464.44,360,427
4464.64,363,428
4464.84,366,428
4465.04,370,430
4465.24,374,431
4465.44,378,432
4465.64,382,434
4465.84,386,435
4466.04,389,436
4466.24,391,437
4466.44,389,436
4466.64,384,434
4466.84,376,430
4467.04,367,427
4467.24,361,425
4467.44,354,421
4467.64,349,420
4467.84,349,420
4468.04,352,421
4468.24,357,423
4468.44,362,426
4468.64,368,428
4468.84,375,431
4469.04,381,433
4469.24,386,434
4469.44,389,436
4469.64,392,438
4469.84,375,429
4470.04,358,429
4470.24,349,423
4470.44,351,423
4470.64,354,426
4470.84,358,427
4471.04,362,428
4471.24,364,429
4471.44,367,430
4471.64,370,432
4471.84,372,433
4472.04,375,435
4472.24,377,435
4472.44,377,436
4472.64,368,429
4472.84,364,429
4473.04,355,424
4473.24,355,424
4473.44,356,425
4473.64,359,426
4473.84,362,428
4474.04,366,429
4474.24,370,431
4474.44,376,433
4474.64,382,436
4474.84,382,437
4475.04,378,435
4475.24,371,431
4475.44,364,428
4475.64,359,425
4475.84,353,422
4476.04,352,421
4476.24,353,421
4476.44,358,424
4476.64,364,427
4476.84,369,429
4477.04,372,430
4477.24,375,432
4477.44,379,434
4477.64,385,437
4477.84,364,437
4478.04,339,432
4478.24,325,422
4478.44,306,397
4478.64,294,379
4478.84,304,392
4479.04,336,429
4479.24,353,445
4479.44,352,430
4479.64,364,428
4479.84,368,432
4480.04,368,431
4480.24,362,427
4480.44,351,422
4480.64,346,420
4480.84,345,417
4481.04,348,420
4481.24,351,422
4481.44,355,424
4481.64,357,424
4481.84,359,425
4482.04,362,426
4482.24,365,427
4482.44,367,428
4482.64,370,430
4482.84,374,431
4483.04,375,431
4483.24,376,431
4483.44,374,431
4483.64,361,424
4483.84,346,421
4484.04,346,420
4484.24,350,423
4484.44,355,425
4484.64,359,427
4484.84,363,429
4485.04,366,430
4485.24,370,431
4485.44,372,433
4485.64,373,433
4485.84,366,426
4486.04,355,426
4486.24,349,422
4486.44,345,419
4486.64,347,420
4486.84,354,424
4487.04,364,428
4487.24,371,431
4487.44,375,433
4487.64,378,434
4487.84,380,435
4488.04,383,436
4488.24,380,434
4488.44,369,428
4488.64,355,422
4488.84,348,419
4489.04,352,422
4489.24,358,423
4489.44,364,424
4489.64,370,426
4489.84,375,429
4490.04,379,430
4490.24,383,432
4490.44,387,433
4490.64,390,434
4490.84,384,439
4491.04,355,433
4491.24,330,423
4491.44,309,402
4491.64,295,391
4491.84,289,377
4492.04,306,392
4492.24,344,423
4492.44,364,434
4492.64,364,431
4492.84,363,428
4493.04,358,426
4493.24,350,419
4493.44,355,420
4493.64,359,420
4493.84,366,421
4494.04,372,424
4494.24,376,427
4494.44,381,429
4494.64,385,431
4494.84,384,432
4495.04,374,430
4495.24,367,426
4495.44,360,423
4495.64,356,420
4495.84,357,419
4496.04,362,421
4496.24,366,423
4496.44,369,425
4496.64,374,427
4496.84,378,430
4497.04,383,432
4497.24,386,434
4497.44,376,427
4497.64,361,427
4497.84,353,420
4498.04,351,416
4498.24,354,417
4498.44,357,419
4498.64,361,421
4498.84,365,422
4499.04,369,424
4499.24,372,427
4499.44,376,429
4499.64,379,430
4499.84,382,432
4500.04,382,431
4500.24,368,424
4500.44,362,421
4500.64,354,418
4500.84,355,417
4501.04,358,419
4501.24,362,421
4501.44,366,422
4501.64,372,424
4501.84,375,427
4502.04,379,428
4502.24,383,430
4502.44,384,429
4502.64,374,426
4502.84,371,426
4503.04,355,419
4503.24,352,415
4503.44,356,418
4503.64,362,420
4503.84,368,421
4504.04,374,423
4504.24,379,426
4504.44,382,429
4504.64,386,431
4504.84,391,432
4505.04,391,433
4505.24,388,432
4505.44,377,427
4505.64,365,421
4505.84,358,418
4506.04,354,415
4506.24,351,412
4506.44,350,408
4506.64,350,413
4506.84,355,416
4507.04,361,418
4507.24,367,422
4507.44,371,424
4507.64,375,427
4507.84,376,428
4508.04,371,432
4508.24,372,432
4508.44,372,432
4508.64,358,425
4508.84,348,420
4509.04,348,420
4509.24,348,422
4509.44,350,423
4509.64,351,424
4509.84,352,424
4510.04,355,424
4510.24,358,426
4510.44,360,427
4510.64,363,428
4510.84,366,428
4511.04,370,430
4511.24,374,431
4511.44,378,432
4511.64,382,434
4511.84,386,435
4512.04,389,436
4512.24,391,437
4512.44,389,436
4512.64,384,434
4512.84,376,430
4513.04,367,427
4513.24,361,425
4513.44,354,421
4513.64,349,420
4513.84,349,420
4514.04,352,421
4514.24,357,423
4514.44,362,426
4514.64,368,428
4514.84,375,431
4515.04,381,433
4515.24,386,434
4515.44,389,436
4515.64,392,438
4515.84,375,429
4516.04,358,429
4516.24,349,423
4516.44,351,423
4516.64,354,426
4516.84,358,427
4517.04,362,428
4517.24,364,429
4517.44,367,430
4517.64,370,432
4517.84,372,433
4518.04,375,435
4518.24,377,435
4518.44,377,436
4518.64,368,429
4518.84,364,429
4519.04,355,424
4519.24,355,424
4519.44,356,425
4519.64,359,426
4519.84,362,428
4520.04,366,429
4520.24,370,431
4520.44,376,433
4520.64,382,436
4520.84,382,437
4521.04,378,435
4521.24,371,431
4521.44,364,428
4521.64,359,425
4521.84,353,422
4522.04,352,421
4522.24,353,421
4522.44,358,424
4522.64,364,427
4522.84,369,429
4523.04,372,430
4523.24,375,432
4523.44,379,434
4523.64,385,437
4523.84,364,437
4524.04,339,432
4524.24,325,422
4524.44,306,397
4524.64,294,379
4524.84,304,392
4525.04,336,429
4525.24,353,445
4525.44,352,430
4525.64,364,428
4525.84,368,432
4526.04,368,431
4526.24,362,427
4526.44,351,422
4526.64,346,420
4526.84,345,417
4527.04,348,420
4527.24,351,422
4527.44,355,424
4527.64,357,424
4527.84,359,425
4528.04,362,426
4528.24,365,427
4528.44,367,428
4528.64,370,430
4528.84,374,431
4529.04,375,431
4529.24,376,431
4529.44,374,431
4529.64,361,424
4529.84,346,421
4530.04,346,420
4530.24,350,423
4530.44,355,425
4530.64,359,427
4530.84,363,429
4531.04,366,430
4531.24,370,431
4531.44,372,433
4531.64,373,433
4531.84,366,426
4532.04,355,426
4532.24,349,422
4532.44,345,419
4532.64,347,420
4532.84,354,424
4533.04,364,428
4533.24,371,431
4533.44,375,433
4533.64,378,434
4533.84,380,435
4534.04,383,436
4534.24,380,434
4534.44,369,428
4534.64,355,422
4534.84,348,419
4535.04,352,422
4535.24,358,423
4535.44,364,424
4535.64,370,426
4535.84,375,429
4536.04,379,430
4536.24,383,432
4536.44,387,433
4536.64,390,434
4536.84,384,439
4537.04,355,433
4537.24,330,423
4537.44,309,402
4537.64,295,391
4537.84,289,377
4538.04,306,392
4538.24,344,423
4538.44,364,434
4538.64,364,431
4538.84,363,428
4539.04,358,426
4539.24,350,419
4539.44,355,420
4539.64,359,420
4539.84,366,421
4540.04,372,424
4540.24,376,427
4540.44,381,429
4540.64,385,431
4540.84,384,432
4541.04,374,430
4541.24,367,426
4541.44,360,423
4541.64,356,420
4541.84,357,419
4542.04,362,421
4542.24,366,423
4542.44,369,425
4542.64,374,427
4542.84,378,430
4543.04,383,432
4543.24,386,434
4543.44,376,427
4543.64,361,427
4543.84,353,420
4544.04,351,416
4544.24,354,417
4544.44,357,419
4544.64,361,421
4544.84,365,422
4545.04,369,424
4545.24,372,427
4545.44,376,429
4545.64,379,430
4545.84,382,432
4546.04,382,431
4546.24,368,424
4546.44,362,421
4546.64,354,418
4546.84,355,417
4547.04,358,419
4547.24,362,421
4547.44,366,422
4547.64,372,424
4547.84,375,427
4548.04,379,428
4548.24,383,430
4548.44,384,429
4548.64,374,426
4548.84,371,426
4549.04,355,419
4549.24,352,415
4549.44,356,418
4549.64,362,420
4549.84,368,421
4550.04,374,423
4550.24,379,426
4550.44,382,429
4550.64,386,431
4550.84,391,432
4551.04,391,433
4551.24,388,432
4551.44,377,427
4551.64,365,421
4551.84,358,418
4552.04,354,415
4552.24,351,412
4552.44,350,408
4552.64,350,413
4552.84,355,416
4553.04,361,418
4553.24,367,422
4553.44,371,424
4553.64,375,427
4553.84,376,428
4554.04,371,432
4554.24,372,432
4554.44,372,432
4554.64,358,425
4554.84,348,420
4555.04,348,420
4555.24,348,422
4555.44,350,423
4555.64,351,424
4555.84,352,424
4556.04,355,424
4556.24,358,426
4556.44,360,427
4556.64,363,428
4556.84,366,428
4557.04,370,430
4557.24,374,431
4557.44,378,432
4557.64,382,434
4557.84,386,435
4558.04,389,436
4558.24,391,437
4558.44,389,436
4558.64,384,434
4558.84,376,430
4559.04,367,427
4559.24,361,425
4559.44,354,421
4559.64,349,420
4559.84,349,420
4560.04,352,421
4560.24,357,423
4560.44,362,426
4560.64,368,428
4560.84,375,431
4561.04,381,433
4561.24,386,434
4561.44,389,436
4561.64,392,438
4561.84,375,429
4562.04,358,429
4562.24,349,423
4562.44,351,423
4562.64,354,426
4562.84,358,427
4563.04,362,428
4563.24,364,429
4563.44,367,430
4563.64,370,432
4563.84,372,433
4564.04,375,435
4564.24,377,435
4564.44,377,436
4564.64,368,429
4564.84,364,429
4565.04,355,424
4565.24,355,424
4565.44,356,425
4565.64,359,426
4565.84,362,428
4566.04,366,429
4566.24,370,431
4566.44,376,433
4566.64,382,436
4566.84,382,437
4567.04,378,435
4567.24,371,431
4567.44,364,428
4567.64,359,425
4567.84,353,422
4568.04,352,421
4568.24,353,421
4568.44,358,424
4568.64,364,427
4568.84,369,429
4569.04,372,430
4569.24,375,432
4569.44,379,434
4569.64,385,437
4569.84,364,437
4570.04,339,432
4570.24,325,422
4570.44,306,397
4570.64,294,379
4570.84,304,392
4571.04,336,429
4571.24,353,445
4571.44,352,430
4571.64,364,428
4571.84,368,432
4572.04,368,431
4572.24,362,427
4572.44,351,422
4572.64,346,420
4572.84,345,417
4573.04,348,420
4573.24,351,422
4573.44,355,424
4573.64,357,424
4573.84,359,425
4574.04,362,426
4574.24,365,427
4574.44,367,428
4574.64,370,430
4574.84,374,431
4575.04,375,431
4575.24,376,431
4575.44,374,431
4575.64,361,424
4575.84,346,421
4576.04,346,420
4576.24,350,423
4576.44,355,425
4576.64,359,427
4576.84,363,429
4577.04,366,430
4577.24,370,431
4577.44,372,433
4577.64,373,433
4577.84,366,426
4578.04,355,426
4578.24,349,422
4578.44,345,419
4578.64,347,420
4578.84,354,424
4579.04,364,428
4579.24,371,431
4579.44,375,433
4579.64,378,434
4579.84,380,435
4580.04,383,436
4580.24,380,434
4580.44,369,428
4580.64,355,422
4580.84,348,419
4581.04,352,422
4581.24,358,423
4581.44,364,424
4581.64,370,426
4581.84,375,429
4582.04,379,430
4582.24,383,432
4582.44,387,433
4582.64,390,434
4582.84,384,439
4583.04,355,433
4583.24,330,423
4583.44,309,402
4583.64,295,391
4583.84,289,377
4584.04,306,392
4584.24,344,423
4584.44,364,434
4584.64,364,431
4584.84,363,428
4585.04,358,426
4585.24,350,419
4585.44,355,420
4585.64,359,420
4585.84,366,421
4586.04,372,424
4586.24,376,427
4586.44,381,429
4586.64,385,431
4586.84,384,432
4587.04,374,430
4587.24,367,426
4587.44,360,423
4587.64,356,420
4587.84,357,419
4588.04,362,421
4588.24,366,423
4588.44,369,425
4588.64,374,427
4588.84,378,430
4589.04,383,432
4589.24,386,434
4589.44,376,427
4589.64,361,427
4589.84,353,420
4590.04,351,416
4590.24,354,417
4590.44,357,419
4590.64,361,421
4590.84,365,422
4591.04,369,424
4591.24,372,427
4591.44,376,429
4591.64,379,430
4591.84,382,432
4592.04,382,431
4592.24,368,424
4592.44,362,421
4592.64,354,418
4592.84,355,417
4593.04,358,419
4593.24,362,421
4593.44,366,422
4593.64,372,424
4593.84,375,427
4594.04,379,428
4594.24,383,430
4594.44,384,429
4594.64,374,426
4594.84,371,426
4595.04,355,419
4595.24,352,415
4595.44,356,418
4595.64,362,420
4595.84,368,421
4596.04,374,423
4596.24,379,426
4596.44,382,429
4596.64,386,431
4596.84,391,432
4597.04,391,433
4597.24,388,432
4597.44,377,427
4597.64,365,421
4597.84,358,418
4598.04,354,415
4598.24,351,412
4598.44,350,408
4598.64,350,413
4598.84,355,416
4599.04,361,418
4599.24,367,422
4599.44,371,424
4599.64,375,427
4599.84,376,428
4600.04,371,432
4600.24,372,432
4600.44,372,432
4600.64,358,425
4600.84,348,420
4601.04,348,420
4601.24,348,422
4601.44,350,423
4601.64,351,424
4601.84,352,424
4602.04,355,424
4602.24,358,426
4602.44,360,427
4602.64,363,428
4602.84,366,428
4603.04,370,430
4603.24,374,431
4603.44,378,432
4603.64,382,434
4603.84,386,435
4604.04,389,436
4604.24,391,437
4604.44,389,436
4604.64,384,434
4604.84,376,430
4605.04,367,427
4605.24,361,425
4605.44,354,421
4605.64,349,420
4605.84,349,420
4606.04,352,421
4606.24,357,423
4606.44,362,426
4606.64,368,428
4606.84,375,431
4607.04,381,433
4607.24,386,434
4607.44,389,436
4607.64,392,438
4607.84,375,429
4608.04,358,429
4608.24,349,423
4608.44,351,423
4608.64,354,426
4608.84,358,427
4609.04,362,428
4609.24,364,429
4609.44,367,430
4609.64,370,432
4609.84,372,433
4610.04,375,435
4610.24,377,435
4610.44,377,436
4610.64,368,429
4610.84,364,429
4611.04,355,424
4611.24,355,424
4611.44,356,425
4611.64,359,426
4611.84,362,428
4612.04,366,429
4612.24,370,431
4612.44,376,433
4612.64,382,436
4612.84,382,437
4613.04,378,435
4613.24,371,431
4613.44,364,428
4613.64,359,425
4613.84,353,422
4614.04,352,421
4614.24,353,421
4614.44,358,424
4614.64,364,427
4614.84,369,429
4615.04,372,430
4615.24,375,432
4615.44,379,434
4615.64,385,437
4615.84,364,437
4616.04,339,432
4616.24,325,422
4616.44,306,397
4616.64,294,379
4616.84,304,392
4617.04,336,429
4617.24,353,445
4617.44,352,430
4617.64,364,428
4617.84,368,432
4618.04,368,431
4618.24,362,427
4618.44,351,422
4618.64,346,420
4618.84,345,417
4619.04,348,420
4619.24,351,422
4619.44,355,424
4619.64,357,424
4619.84,359,425
4620.04,362,426
4620.24,365,427
4620.44,367,428
4620.64,370,430
4620.84,374,431
4621.04,375,431
4621.24,376,431
4621.44,374,431
4621.64,361,424
4621.84,346,421
4622.04,346,420
4622.24,350,423
4622.44,355,425
4622.64,359,427
4622.84,363,429
4623.04,366,430
4623.24,370,431
4623.44,372,433
4623.64,373,433
4623.84,366,426
4624.04,355,426
4624.24,349,422
4624.44,345,419
4624.64,347,420
4624.84,354,424
4625.04,364,428
4625.24,371,431
4625.44,375,433
4625.64,378,434
4625.84,380,435
4626.04,383,436
4626.24,380,434
4626.44,369,428
4626.64,355,422
4626.84,348,419
4627.04,352,422
4627.24,358,423
4627.44,364,424
4627.64,370,426
4627.84,375,429
4628.04,379,430
4628.24,383,432
4628.44,387,433
4628.64,390,434
4628.84,384,439
4629.04,355,433
4629.24,330,423
4629.44,309,402
4629.64,295,391
4629.84,289,377
4630.04,306,392
4630.24,344,423
4630.44,364,434
4630.64,364,431
4630.84,363,428
4631.04,358,426
4631.24,350,419
4631.44,355,420
4631.64,359,420
4631.84,366,421
4632.04,372,424
4632.24,376,427
4632.44,381,429
4632.64,385,431
4632.84,384,432
4633.04,374,430
4633.24,367,426
4633.44,360,423
4633.64,356,420
4633.84,357,419
4634.04,362,421
4634.24,366,423
4634.44,369,425
4634.64,374,427
4634.84,378,430
4635.04,383,432
4635.24,386,434
4635.44,376,427
4635.64,361,427
4635.84,353,420
4636.04,351,416
4636.24,354,417
4636.44,357,419
4636.64,361,421
4636.84,365,422
4637.04,369,424
4637.24,372,427
4637.44,376,429
4637.64,379,430
4637.84,382,432
4638.04,382,431
4638.24,368,424
4638.44,362,421
4638.64,354,418
4638.84,355,417
4639.04,358,419
4639.24,362,421
4639.44,366,422
4639.64,372,424
4639.84,375,427
4640.04,379,428
4640.24,383,430
4640.44,384,429
4640.64,374,426
4640.84,371,426
4641.04,355,419
4641.24,352,415
4641.44,356,418
4641.64,362,420
4641.84,368,421
4642.04,374,423
4642.24,379,426
4642.44,382,429
4642.64,386,431
4642.84,391,432
4643.04,391,433
4643.24,388,432
4643.44,377,427
4643.64,365,421
4643.84,358,418
4644.04,354,415
4644.24,351,412
4644.44,350,408
4644.64,350,413
4644.84,355,416
4645.04,361,418
4645.24,367,422
4645.44,371,424
4645.64,375,427
4645.84,376,428
4646.04,371,432
4646.24,372,432
4646.44,372,432
4646.64,358,425
4646.84,348,420
4647.04,348,420
4647.24,348,422
4647.44,350,423
4647.64,351,424
4647.84,352,424
4648.04,355,424
4648.24,358,426
4648.44,360,427
4648.64,363,428
4648.84,366,428
4649.04,370,430
4649.24,374,431
4649.44,378,432
4649.64,382,434
4649.84,386,435
4650.04,389,436
4650.24,391,437
4650.44,389,436
4650.64,384,434
4650.84,376,430
4651.04,367,427
4651.24,361,425
4651.44,354,421
4651.64,349,420
4651.84,349,420
4652.04,352,421
4652.24,357,423
4652.44,362,426
4652.64,368,428
4652.84,375,431
4653.04,381,433
4653.24,386,434
4653.44,389,436
4653.64,392,438
4653.84,375,429
4654.04,358,429
4654.24,349,423
4654.44,351,423
4654.64,354,426
4654.84,358,427
4655.04,362,428
4655.24,364,429
4655.44,367,430
4655.64,370,432
4655.84,372,433
4656.04,375,435
4656.24,377,435
4656.44,377,436
4656.64,368,429
4656.84,364,429
4657.04,355,424
4657.24,355,424
4657.44,356,425
4657.64,359,426
4657.84,362,428
4658.04,366,429
4658.24,370,431
4658.44,376,433
4658.64,382,436
4658.84,382,437
4659.04,378,435
4659.24,371,431
4659.44,364,428
4659.64,359,425
4659.84,353,422
4660.04,352,421
4660.24,353,421
4660.44,358,424
4660.64,364,427
4660.84,369,429
4661.04,372,430
4661.24,375,432
4661.44,379,434
4661.64,385,437
4661.84,364,437
4662.04,339,432
4662.24,325,422
4662.44,306,397
4662.64,294,379
4662.84,304,392
4663.04,336,429
4663.24,353,445
4663.44,352,430
4663.64,364,428
4663.84,368,432
4664.04,368,431
4664.24,362,427
4664.44,351,422
4664.64,346,420
4664.84,345,417
4665.04,348,420
4665.24,351,422
4665.44,355,424
4665.64,357,424
4665.84,359,425
4666.04,362,426
4666.24,365,427
4666.44,367,428
4666.64,370,430
4666.84,374,431
4667.04,375,431
4667.24,376,431
4667.44,374,431
4667.64,361,424
4667.84,346,421
4668.04,346,420
4668.24,350,423
4668.44,355,425
4668.64,359,427
4668.84,363,429
4669.04,366,430
4669.24,370,431
4669.44,372,433
4669.64,373,433
4669.84,366,426
4670.04,355,426
4670.24,349,422
4670.44,345,419
4670.64,347,420
4670.84,354,424
4671.04,364,428
4671.24,371,431
4671.44,375,433
4671.64,378,434
4671.84,380,435
4672.04,383,436
4672.24,380,434
4672.44,369,428
4672.64,355,422
4672.84,348,419
4673.04,352,422
4673.24,358,423
4673.44,364,424
4673.64,370,426
4673.84,375,429
4674.04,379,430
4674.24,383,432
4674.44,387,433
4674.64,390,434
4674.84,384,439
4675.04,355,433
4675.24,330,423
4675.44,309,402
4675.64,295,391
4675.84,289,377
4676.04,306,392
4676.24,344,423
4676.44,364,434
4676.64,364,431
4676.84,363,428
4677.04,358,426
4677.24,350,419
4677.44,355,420
4677.64,359,420
4677.84,366,421
4678.04,372,424
4678.24,376,427
4678.44,381,429
4678.64,385,431
4678.84,384,432
4679.04,374,430
4679.24,367,426
4679.44,360,423
4679.64,356,420
4679.84,357,419
4680.04,362,421
4680.24,366,423
4680.44,369,425
4680.64,374,427
4680.84,378,430
4681.04,383,432
4681.24,386,434
4681.44,376,427
4681.64,361,427
4681.84,353,420
4682.04,351,416
4682.24,354,417
4682.44,357,419
4682.64,361,421
4682.84,365,422
4683.04,369,424
4683.24,372,427
4683.44,376,429
4683.64,379,430
4683.84,382,432
4684.04,382,431
4684.24,368,424
4684.44,362,421
4684.64,354,418
4684.84,355,417
4685.04,358,419
4685.24,362,421
4685.44,366,422
4685.64,372,424
4685.84,375,427
4686.04,379,428
4686.24,383,430
4686.44,384,429
4686.64,374,426
4686.84,371,426
4687.04,355,419
4687.24,352,415
4687.44,356,418
4687.64,362,420
4687.84,368,421
4688.04,374,423
4688.24,379,426
4688.44,382,429
4688.64,386,431
4688.84,391,432
4689.04,391,433
4689.24,388,432
4689.44,377,427
4689.64,365,421
4689.84,358,418
4690.04,354,415
4690.24,351,412
4690.44,350,408
4690.64,350,413
4690.84,355,416
4691.04,361,418
4691.24,367,422
4691.44,371,424
4691.64,375,427
4691.84,376,428
4692.04,371,432
4692.24,372,432
4692.44,372,432
4692.64,358,425
4692.84,348,420
4693.04,348,420
4693.24,348,422
4693.44,350,423
4693.64,351,424
4693.84,352,424
4694.04,355,424
4694.24,358,426
4694.44,360,427
4694.64,363,428
4694.84,366,428
4695.04,370,430
4695.24,374,431
4695.44,378,432
4695.64,382,434
4695.84,386,435
4696.04,389,436
4696.24,391,437
4696.44,389,436
4696.64,384,434
4696.84,376,430
4697.04,367,427
4697.24,361,425
4697.44,354,421
4697.64,349,420
4697.84,349,420
4698.04,352,421
4698.24,357,423
4698.44,362,426
4698.64,368,428
4698.84,375,431
4699.04,381,433
4699.24,386,434
4699.44,389,436
4699.64,392,438
4699.84,375,429
4700.04,358,429
4700.24,349,423
4700.44,351,423
4700.64,354,426
4700.84,358,427
4701.04,362,428
4701.24,364,429
4701.44,367,430
4701.64,370,432
4701.84,372,433
4702.04,375,435
4702.24,377,435
4702.44,377,436
4702.64,368,429
4702.84,364,429
4703.04,355,424
4703.24,355,424
4703.44,356,425
4703.64,359,426
4703.84,362,428
4704.04,366,429
4704.24,370,431
4704.44,376,433
4704.64,382,436
4704.84,382,437
4705.04,378,435
4705.24,371,431
4705.44,364,428
4705.64,359,425
4705.84,353,422
4706.04,352,421
4706.24,353,421
4706.44,358,424
4706.64,364,427
4706.84,369,429
4707.04,372,430
4707.24,375,432
4707.44,379,434
4707.64,385,437
4707.84,364,437
4708.04,339,432
4708.24,325,422
4708.44,306,397
4708.64,294,379
4708.84,304,392
4709.04,336,429
4709.24,353,445
4709.44,352,430
4709.64,364,428
4709.84,368,432
4710.04,368,431
4710.24,362,427
4710.44,351,422
4710.64,346,420
4710.84,345,417
4711.04,348,420
4711.24,351,422
4711.44,355,424
4711.64,357,424
4711.84,359,425
4712.04,362,426
4712.24,365,427
4712.44,367,428
4712.64,370,430
4712.84,374,431
4713.04,375,431
4713.24,376,431
4713.44,374,431
4713.64,361,424
4713.84,346,421
4714.04,346,420
4714.24,350,423
4714.44,355,425
4714.64,359,427
4714.84,363,429
4715.04,366,430
4715.24,370,431
4715.44,372,433
4715.64,373,433
4715.84,366,426
4716.04,355,426
4716.24,349,422
4716.44,345,419
4716.64,347,420
4716.84,354,424
4717.04,364,428
4717.24,371,431
4717.44,375,433
4717.64,378,434
4717.84,380,435
4718.04,383,436
4718.24,380,434
4718.44,369,428
4718.64,355,422
4718.84,348,419
4719.04,352,422
4719.24,358,423
4719.44,364,424
4719.64,370,426
4719.84,375,429
4720.04,379,430
4720.24,383,432
4720.44,387,433
4720.64,390,434
4720.84,384,439
4721.04,355,433
4721.24,330,423
4721.44,309,402
4721.64,295,391
4721.84,289,377
4722.04,306,392
4722.24,344,423
4722.44,364,434
4722.64,364,431
4722.84,363,428
4723.04,358,426
4723.24,350,419
4723.44,355,420
4723.64,359,420
4723.84,366,421
4724.04,372,424
4724.24,376,427
4724.44,381,429
4724.64,385,431
4724.84,384,432
4725.04,374,430
4725.24,367,426
4725.44,360,423
4725.64,356,420
4725.84,357,419
4726.04,362,421
4726.24,366,423
4726.44,369,425
4726.64,374,427
4726.84,378,430
4727.04,383,432
4727.24,386,434
4727.44,376,427
4727.64,361,427
4727.84,353,420
4728.04,351,416
4728.24,354,417
4728.44,357,419
4728.64,361,421
4728.84,365,422
4729.04,369,424
4729.24,372,427
4729.44,376,429
4729.64,379,430
4729.84,382,432
4730.04,382,431
4730.24,368,424
4730.44,362,421
4730.64,354,418
4730.84,355,417
4731.04,358,419
4731.24,362,421
4731.44,366,422
4731.64,372,424
4731.84,375,427
4732.04,379,428
4732.24,383,430
4732.44,384,429
4732.64,374,426
4732.84,371,426
4733.04,355,419
4733.24,352,415
4733.44,356,418
4733.64,362,420
4733.84,368,421
4734.04,374,423
4734.24,379,426
4734.44,382,429
4734.64,386,431
4734.84,391,432
4735.04,391,433
4735.24,388,432
4735.44,377,427
4735.64,365,421
4735.84,358,418
4736.04,354,415
4736.24,351,412
4736.44,350,408
4736.64,350,413
4736.84,355,416
4737.04,361,418
4737.24,367,422
4737.44,371,424
4737.64,375,427
4737.84,376,428
4738.04,371,432
4738.24,372,432
4738.44,372,432
4738.64,358,425
4738.84,348,420
4739.04,348,420
4739.24,348,422
4739.44,350,423
4739.64,351,424
4739.84,352,424
4740.04,355,424
4740.24,358,426
4740.44,360,427
4740.64,363,428
4740.84,366,428
4741.04,370,430
4741.24,374,431
4741.44,378,432
4741.64,382,434
4741.84,386,435
4742.04,389,436
4742.24,391,437
4742.44,389,436
4742.64,384,434
4742.84,376,430
4743.04,367,427
4743.24,361,425
4743.44,354,421
4743.64,349,420
4743.84,349,420
4744.04,352,421
4744.24,357,423
4744.44,362,426
4744.64,368,428
4744.84,375,431
4745.04,381,433
4745.24,386,434
4745.44,389,436
4745.64,392,438
4745.84,375,429
4746.04,358,429
4746.24,349,423
4746.44,351,423
4746.64,354,426
4746.84,358,427
4747.04,362,428
4747.24,364,429
4747.44,367,430
4747.64,370,432
4747.84,372,433
4748.04,375,435
4748.24,377,435
4748.44,377,436
4748.64,368,429
4748.84,364,429
4749.04,355,424
4749.24,355,424
4749.44,356,425
4749.64,359,426
4749.84,362,428
4750.04,366,429
4750.24,370,431
4750.44,376,433
4750.64,382,436
4750.84,382,437
4751.04,378,435
4751.24,371,431
4751.44,364,428
4751.64,359,425
4751.84,353,422
4752.04,352,421
4752.24,353,421
4752.44,358,424
4752.64,364,427
4752.84,369,429
4753.04,372,430
4753.24,375,432
4753.44,379,434
4753.64,385,437
4753.84,364,437
4754.04,339,432
4754.24,325,422
4754.44,306,397
4754.64,294,379
4754.84,304,392
4755.04,336,429
4755.24,353,445
4755.44,352,430
4755.64,364,428
4755.84,368,432
4756.04,368,431
4756.24,362,427
4756.44,351,422
4756.64,346,420
4756.84,345,417
4757.04,348,420
4757.24,351,422
4757.44,355,424
4757.64,357,424
4757.84,359,425
4758.04,362,426
4758.24,365,427
4758.44,367,428
4758.64,370,430
4758.84,374,431
4759.04,375,431
4759.24,376,431
4759.44,374,431
4759.64,361,424
4759.84,346,421
4760.04,346,420
4760.24,350,423
4760.44,355,425
4760.64,359,427
4760.84,363,429
4761.04,366,430
4761.24,370,431
4761.44,372,433
4761.64,373,433
4761.84,366,426
4762.04,355,426
4762.24,349,422
4762.44,345,419
4762.64,347,420
4762.84,354,424
4763.04,364,428
4763.24,371,431
4763.44,375,433
4763.64,378,434
4763.84,380,435
4764.04,383,436
4764.24,380,434
4764.44,369,428
4764.64,355,422
4764.84,348,419
4765.04,352,422
4765.24,358,423
4765.44,364,424
4765.64,370,426
4765.84,375,429
4766.04,379,430
4766.24,383,432
4766.44,387,433
4766.64,390,434
4766.84,384,439
4767.04,355,433
4767.24,330,423
4767.44,309,402
4767.64,295,391
4767.84,289,377
4768.04,306,392
4768.24,344,423
4768.44,364,434
4768.64,364,431
4768.84,363,428
4769.04,358,426
4769.24,350,419
4769.44,355,420
4769.64,359,420
4769.84,366,421
4770.04,372,424
4770.24,376,427
4770.44,381,429
4770.64,385,431
4770.84,384,432
4771.04,374,430
4771.24,367,426
4771.44,360,423
4771.64,356,420
4771.84,357,419
4772.04,362,421
4772.24,366,423
4772.44,369,425
4772.64,374,427
4772.84,378,430
4773.04,383,432
4773.24,386,434
4773.44,376,427
4773.64,361,427
4773.84,353,420
4774.04,351,416
4774.24,354,417
4774.44,357,419
4774.64,361,421
4774.84,365,422
4775.04,369,424
4775.24,372,427
4775.44,376,429
4775.64,379,430
4775.84,382,432
4776.04,382,431
4776.24,368,424
4776.44,362,421
4776.64,354,418
4776.84,355,417
4777.04,358,419
4777.24,362,421
4777.44,366,422
4777.64,372,424
4777.84,375,427
4778.04,379,428
4778.24,383,430
4778.44,384,429
4778.64,374,426
4778.84,371,426
4779.04,355,419
4779.24,352,415
4779.44,356,418
4779.64,362,420
4779.84,368,421
4780.04,374,423
4780.24,379,426
4780.44,382,429
4780.64,386,431
4780.84,391,432
4781.04,391,433
4781.24,388,432
4781.44,377,427
4781.64,365,421
4781.84,358,418
4782.04,354,415
4782.24,351,412
4782.44,350,408
4782.64,350,413
4782.84,355,416
4783.04,361,418
4783.24,367,422
4783.44,371,424
4783.64,375,427
4783.84,376,428
4784.04,371,432
4784.24,372,432
4784.44,372,432
4784.64,358,425
4784.84,348,420
4785.04,348,420
4785.24,348,422
4785.44,350,423
4785.64,351,424
4785.84,352,424
4786.04,355,424
4786.24,358,426
4786.44,360,427
4786.64,363,428
4786.84,366,428
4787.04,370,430
4787.24,374,431
4787.44,378,432
4787.64,382,434
4787.84,386,435
4788.04,389,436
4788.24,391,437
4788.44,389,436
4788.64,384,434
4788.84,376,430
4789.04,367,427
4789.24,361,425
4789.44,354,421
4789.64,349,420
4789.84,349,420
4790.04,352,421
4790.24,357,423
4790.44,362,426
4790.64,368,428
4790.84,375,431
4791.04,381,433
4791.24,386,434
4791.44,389,436
4791.64,392,438
4791.84,375,429
4792.04,358,429
4792.24,349,423
4792.44,351,423
4792.64,354,426
4792.84,358,427
4793.04,362,428
4793.24,364,429
4793.44,367,430
4793.64,370,432
4793.84,372,433
4794.04,375,435
4794.24,377,435
4794.44,377,436
4794.64,368,429
4794.84,364,429
4795.04,355,424
4795.24,355,424
4795.44,356,425
4795.64,359,426
4795.84,362,428
4796.04,366,429
4796.24,370,431
4796.44,376,433
4796.64,382,436
4796.84,382,437
4797.04,378,435
4797.24,371,431
4797.44,364,428
4797.64,359,425
4797.84,353,422
4798.04,352,421
4798.24,353,421
4798.44,358,424
4798.64,364,427
4798.84,369,429
4799.04,372,430
4799.24,375,432
4799.44,379,434
4799.64,385,437
4799.84,364,437
4800.04,339,432
4800.24,325,422
4800.44,306,397
4800.64,294,379
4800.84,304,392
4801.04,336,429
4801.24,353,445
4801.44,352,430
4801.64,364,428
4801.84,368,432
4802.04,368,431
4802.24,362,427
4802.44,351,422
4802.64,346,420
4802.84,345,417
4803.04,348,420
4803.24,351,422
4803.44,355,424
4803.64,357,424
4803.84,359,425
4804.04,362,426
4804.24,365,427
4804.44,367,428
4804.64,370,430
4804.84,374,431
4805.04,375,431
4805.24,376,431
4805.44,374,431
4805.64,361,424
4805.84,346,421
4806.04,346,420
4806.24,350,423
4806.44,355,425
4806.64,359,427
4806.84,363,429
4807.04,366,430
4807.24,370,431
4807.44,372,433
4807.64,373,433
4807.84,366,426
4808.04,355,426
4808.24,349,422
4808.44,345,419
4808.64,347,420
4808.84,354,424
4809.04,364,428
4809.24,371,431
4809.44,375,433
4809.64,378,434
4809.84,380,435
4810.04,383,436
4810.24,380,434
4810.44,369,428
4810.64,355,422
4810.84,348,419
4811.04,352,422
4811.24,358,423
4811.44,364,424
4811.64,370,426
4811.84,375,429
4812.04,379,430
4812.24,383,432
4812.44,387,433
4812.64,390,434
4812.84,384,439
4813.04,355,433
4813.24,330,423
4813.44,309,402
4813.64,295,391
4813.84,289,377
4814.04,306,392
4814.24,344,423
4814.44,364,434
4814.64,364,431
4814.84,363,428
4815.04,358,426
4815.24,350,419
4815.44,355,420
4815.64,359,420
4815.84,366,421
4816.04,372,424
4816.24,376,427
4816.44,381,429
4816.64,385,431
4816.84,384,432
4817.04,374,430
4817.24,367,426
4817.44,360,423
4817.64,356,420
4817.84,357,419
4818.04,362,421
4818.24,366,423
4818.44,369,425
4818.64,374,427
4818.84,378,430
4819.04,383,432
4819.24,386,434
4819.44,376,427
4819.64,361,427
4819.84,353,420
4820.04,351,416
4820.24,354,417
4820.44,357,419
4820.64,361,421
4820.84,365,422
4821.04,369,424
4821.24,372,427
4821.44,376,429
4821.64,379,430
4821.84,382,432
4822.04,382,431
4822.24,368,424
4822.44,362,421
4822.64,354,418
4822.84,355,417
4823.04,358,419
4823.24,362,421
4823.44,366,422
4823.64,372,424
4823.84,375,427
4824.04,379,428
4824.24,383,430
4824.44,384,429
4824.64,374,426
4824.84,371,426
4825.04,355,419
4825.24,352,415
4825.44,356,418
4825.64,362,420
4825.84,368,421
4826.04,374,423
4826.24,379,426
4826.44,382,429
4826.64,386,431
4826.84,391,432
4827.04,391,433
4827.24,388,432
4827.44,377,427
4827.64,365,421
4827.84,358,418
4828.04,354,415
4828.24,351,412
4828.44,350,408
4828.64,350,413
4828.84,355,416
4829.04,361,418
4829.24,367,422
4829.44,371,424
4829.64,375,427
4829.84,376,428
4830.04,371,432
4830.24,372,432
4830.44,372,432
4830.64,358,425
4830.84,348,420
4831.04,348,420
4831.24,348,422
4831.44,350,423
4831.64,351,424
4831.84,352,424
4832.04,355,424
4832.24,358,426
4832.44,360,427
4832.64,363,428
4832.84,366,428
4833.04,370,430
4833.24,374,431
4833.44,378,432
4833.64,382,434
4833.84,386,435
4834.04,389,436
4834.24,391,437
4834.44,389,436
4834.64,384,434
4834.84,376,430
4835.04,367,427
4835.24,361,425
4835.44,354,421
4835.64,349,420
4835.84,349,420
4836.04,352,421
4836.24,357,423
4836.44,362,426
4836.64,368,428
4836.84,375,431
4837.04,381,433
4837.24,386,434
4837.44,389,436
4837.64,392,438
4837.84,375,429
4838.04,358,429
4838.24,349,423
4838.44,351,423
4838.64,354,426
4838.84,358,427
4839.04,362,428
4839.24,364,429
4839.44,367,430
4839.64,370,432
4839.84,372,433
4840.04,375,435
4840.24,377,435
4840.44,377,436
4840.64,368,429
4840.84,364,429
4841.04,355,424
4841.24,355,424
4841.44,356,425
4841.64,359,426
4841.84,362,428
4842.04,366,429
4842.24,370,431
4842.44,376,433
4842.64,382,436
4842.84,382,437
4843.04,378,435
4843.24,371,431
4843.44,364,428
4843.64,359,425
4843.84,353,422
4844.04,352,421
4844.24,353,421
4844.44,358,424
4844.64,364,427
4844.84,369,429
4845.04,372,430
4845.24,375,432
4845.44,379,434
4845.64,385,437
4845.84,364,437
4846.04,339,432
4846.24,325,422
4846.44,306,397
4846.64,294,379
4846.84,304,392
4847.04,336,429
4847.24,353,445
4847.44,352,430
4847.64,364,428
4847.84,368,432
4848.04,368,431
4848.24,362,427
4848.44,351,422
4848.64,346,420
4848.84,345,417
4849.04,348,420
4849.24,351,422
4849.44,355,424
4849.64,357,424
4849.84,359,425
4850.04,362,426
4850.24,365,427
4850.44,367,428
4850.64,370,430
4850.84,374,431
4851.04,375,431
4851.24,376,431
4851.44,374,431
4851.64,361,424
4851.84,346,421
4852.04,346,420
4852.24,350,423
4852.44,355,425
4852.64,359,427
4852.84,363,429
4853.04,366,430
4853.24,370,431
4853.44,372,433
4853.64,373,433
4853.84,366,426
4854.04,355,426
4854.24,349,422
4854.44,345,419
4854.64,347,420
4854.84,354,424
4855.04,364,428
4855.24,371,431
4855.44,375,433
4855.64,378,434
4855.84,380,435
4856.04,383,436
4856.24,380,434
4856.44,369,428
4856.64,355,422
4856.84,348,419
4857.04,352,422
4857.24,358,423
4857.44,364,424
4857.64,370,426
4857.84,375,429
4858.04,379,430
4858.24,383,432
4858.44,387,433
4858.64,390,434
4858.84,384,439
4859.04,355,433
4859.24,330,423
4859.44,309,402
4859.64,295,391
4859.84,289,377
4860.04,306,392
4860.24,344,423
4860.44,364,434
4860.64,364,431
4860.84,363,428
4861.04,358,426
4861.24,350,419
4861.44,355,420
4861.64,359,420
4861.84,366,421
4862.04,372,424
4862.24,376,427
4862.44,381,429
4862.64,385,431
4862.84,384,432
4863.04,374,430
4863.24,367,426
4863.44,360,423
4863.64,356,420
4863.84,357,419
4864.04,362,421
4864.24,366,423
4864.44,369,425
4864.64,374,427
4864.84,378,430
4865.04,383,432
4865.24,386,434
4865.44,376,427
4865.64,361,427
4865.84,353,420
4866.04,351,416
4866.24,354,417
4866.44,357,419
4866.64,361,421
4866.84,365,422
4867.04,369,424
4867.24,372,427
4867.44,376,429
4867.64,379,430
4867.84,382,432
4868.04,382,431
4868.24,368,424
4868.44,362,421
4868.64,354,418
4868.84,355,417
4869.04,358,419
4869.24,362,421
4869.44,366,422
4869.64,372,424
4869.84,375,427
4870.04,379,428
4870.24,383,430
4870.44,384,429
4870.64,374,426
4870.84,371,426
4871.04,355,419
4871.24,352,415
4871.44,356,418
4871.64,362,420
4871.84,368,421
4872.04,374,423
4872.24,379,426
4872.44,382,429
4872.64,386,431
4872.84,391,432
4873.04,391,433
4873.24,388,432
4873.44,377,427
4873.64,365,421
4873.84,358,418
4874.04,354,415
4874.24,351,412
4874.44,350,408
4874.64,350,413
4874.84,355,416
4875.04,361,418
4875.24,367,422
4875.44,371,424
4875.64,375,427
4875.84,376,428
4876.04,371,432
4876.24,372,432
4876.44,372,432
4876.64,358,425
4876.84,348,420
4877.04,348,420
4877.24,348,422
4877.44,350,423
4877.64,351,424
4877.84,352,424
4878.04,355,424
4878.24,358,426
4878.44,360,427
4878.64,363,428
4878.84,366,428
4879.04,370,430
4879.24,374,431
4879.44,378,432
4879.64,382,434
4879.84,386,435
4880.04,389,436
4880.24,391,437
4880.44,389,436
4880.64,384,434
4880.84,376,430
4881.04,367,427
4881.24,361,425
4881.44,354,421
4881.64,349,420
4881.84,349,420
4882.04,352,421
4882.24,357,423
4882.44,362,426
4882.64,368,428
4882.84,375,431
4883.04,381,433
4883.24,386,434
4883.44,389,436
4883.64,392,438
4883.84,375,429
4884.04,358,429
4884.24,349,423
4884.44,351,423
4884.64,354,426
4884.84,358,427
4885.04,362,428
4885.24,364,429
4885.44,367,430
4885.64,370,432
4885.84,372,433
4886.04,375,435
4886.24,377,435
4886.44,377,436
4886.64,368,429
4886.84,364,429
4887.04,355,424
4887.24,355,424
4887.44,356,425
4887.64,359,426
4887.84,362,428
4888.04,366,429
4888.24,370,431
4888.44,376,433
4888.64,382,436
4888.84,382,437
4889.04,378,435
4889.24,371,431
4889.44,364,428
4889.64,359,425
4889.84,353,422
4890.04,352,421
4890.24,353,421
4890.44,358,424
4890.64,364,427
4890.84,369,429
4891.04,372,430
4891.24,375,432
4891.44,379,434
4891.64,385,437
4891.84,364,437
4892.04,339,432
4892.24,325,422
4892.44,306,397
4892.64,294,379
4892.84,304,392
4893.04,336,429
4893.24,353,445
4893.44,352,430
4893.64,364,428
4893.84,368,432
4894.04,368,431
4894.24,362,427
4894.44,351,422
4894.64,346,420
4894.84,345,417
4895.04,348,420
4895.24,351,422
4895.44,355,424
4895.64,357,424
4895.84,359,425
4896.04,362,426
4896.24,365,427
4896.44,367,428
4896.64,370,430
4896.84,374,431
4897.04,375,431
4897.24,376,431
4897.44,374,431
4897.64,361,424
4897.84,346,421
4898.04,346,420
4898.24,350,423
4898.44,355,425
4898.64,359,427
4898.84,363,429
4899.04,366,430
4899.24,370,431
4899.44,372,433
4899.64,373,433
4899.84,366,426
4900.04,355,426
4900.24,349,422
4900.44,345,419
4900.64,347,420
4900.84,354,424
4901.04,364,428
4901.24,371,431
4901.44,375,433
4901.64,378,434
4901.84,380,435
4902.04,383,436
4902.24,380,434
4902.44,369,428
4902.64,355,422
4902.84,348,419
4903.04,352,422
4903.24,358,423
4903.44,364,424
4903.64,370,426
4903.84,375,429
4904.04,379,430
4904.24,383,432
4904.44,387,433
4904.64,390,434
4904.84,384,439
4905.04,355,433
4905.24,330,423
4905.44,309,402
4905.64,295,391
4905.84,289,377
4906.04,306,392
4906.24,344,423
4906.44,364,434
4906.64,364,431
4906.84,363,428
4907.04,358,426
4907.24,350,419
4907.44,355,420
4907.64,359,420
4907.84,366,421
4908.04,372,424
4908.24,376,427
4908.44,381,429
4908.64,385,431
4908.84,384,432
4909.04,374,430
4909.24,367,426
4909.44,360,423
4909.64,356,420
4909.84,357,419
4910.04,362,421
4910.24,366,423
4910.44,369,425
4910.64,374,427
4910.84,378,430
4911.04,383,432
4911.24,386,434
4911.44,376,427
4911.64,361,427
4911.84,353,420
4912.04,351,416
4912.24,354,417
4912.44,357,419
4912.64,361,421
4912.84,365,422
4913.04,369,424
4913.24,372,427
4913.44,376,429
4913.64,379,430
4913.84,382,432
4914.04,382,431
4914.24,368,424
4914.44,362,421
4914.64,354,418
4914.84,355,417
4915.04,358,419
4915.24,362,421
4915.44,366,422
4915.64,372,424
4915.84,375,427
4916.04,379,428
4916.24,383,430
4916.44,384,429
4916.64,374,426
4916.84,371,426
4917.04,355,419
4917.24,352,415
4917.44,356,418
4917.64,362,420
4917.84,368,421
4918.04,374,423
4918.24,379,426
4918.44,382,429
4918.64,386,431
4918.84,391,432
4919.04,391,433
4919.24,388,432
4919.44,377,427
4919.64,365,421
4919.84,358,418
4920.04,354,415
4920.24,351,412
4920.44,350,408
4920.64,350,413
4920.84,355,416
4921.04,361,418
4921.24,367,422
4921.44,371,424
4921.64,375,427
4921.84,376,428
4922.04,371,432
4922.24,372,432
4922.44,372,432
4922.64,358,425
4922.84,348,420
4923.04,348,420
4923.24,348,422
4923.44,350,423
4923.64,351,424
4923.84,352,424
4924.04,355,424
4924.24,358,426
4924.44,360,427
4924.64,363,428
4924.84,366,428
4925.04,370,430
4925.24,374,431
4925.44,378,432
4925.64,382,434
4925.84,386,435
4926.04,389,436
4926.24,391,437
4926.44,389,436
4926.64,384,434
4926.84,376,430
4927.04,367,427
4927.24,361,425
4927.44,354,421
4927.64,349,420
4927.84,349,420
4928.04,352,421
4928.24,357,423
4928.44,362,426
4928.64,368,428
4928.84,375,431
4929.04,381,433
4929.24,386,434
4929.44,389,436
4929.64,392,438
4929.84,375,429
4930.04,358,429
4930.24,349,423
4930.44,351,423
4930.64,354,426
4930.84,358,427
4931.04,362,428
4931.24,364,429
4931.44,367,430
4931.64,370,432
4931.84,372,433
4932.04,375,435
4932.24,377,435
4932.44,377,436
4932.64,368,429
4932.84,364,429
4933.04,355,424
4933.24,355,424
4933.44,356,425
4933.64,359,426
4933.84,362,428
4934.04,366,429
4934.24,370,431
4934.44,376,433
4934.64,382,436
4934.84,382,437
4935.04,378,435
4935.24,371,431
4935.44,364,428
4935.64,359,425
4935.84,353,422
4936.04,352,421
4936.24,353,421
4936.44,358,424
4936.64,364,427
4936.84,369,429
4937.04,372,430
4937.24,375,432
4937.44,379,434
4937.64,385,437
4937.84,364,437
4938.04,339,432
4938.24,325,422
4938.44,306,397
4938.64,294,379
4938.84,304,392
4939.04,336,429
4939.24,353,445
4939.44,352,430
4939.64,364,428
4939.84,368,432
4940.04,368,431
4940.24,362,427
4940.44,351,422
4940.64,346,420
4940.84,345,417
4941.04,348,420
4941.24,351,422
4941.44,355,424
4941.64,357,424
4941.84,359,425
4942.04,362,426
4942.24,365,427
4942.44,367,428
4942.64,370,430
4942.84,374,431
4943.04,375,431
4943.24,376,431
4943.44,374,431
4943.64,361,424
4943.84,346,421
4944.04,346,420
4944.24,350,423
4944.44,355,425
4944.64,359,427
4944.84,363,429
4945.04,366,430
4945.24,370,431
4945.44,372,433
4945.64,373,433
4945.84,366,426
4946.04,355,426
4946.24,349,422
4946.44,345,419
4946.64,347,420
4946.84,354,424
4947.04,364,428
4947.24,371,431
4947.44,375,433
4947.64,378,434
4947.84,380,435
4948.04,383,436
4948.24,380,434
4948.44,369,428
4948.64,355,422
4948.84,348,419
4949.04,352,422
4949.24,358,423
4949.44,364,424
4949.64,370,426
4949.84,375,429
4950.04,379,430
4950.24,383,432
4950.44,387,433
4950.64,390,434
4950.84,384,439
4951.04,355,433
4951.24,330,423
4951.44,309,402
4951.64,295,391
4951.84,289,377
4952.04,306,392
4952.24,344,423
4952.44,364,434
4952.64,364,431
4952.84,363,428
4953.04,358,426
4953.24,350,419
4953.44,355,420
4953.64,359,420
4953.84,366,421
4954.04,372,424
4954.24,376,427
4954.44,381,429
4954.64,385,431
4954.84,384,432
4955.04,374,430
4955.24,367,426
4955.44,360,423
4955.64,356,420
4955.84,357,419
4956.04,362,421
4956.24,366,423
4956.44,369,425
4956.64,374,427
4956.84,378,430
4957.04,383,432
4957.24,386,434
4957.44,376,427
4957.64,361,427
4957.84,353,420
4958.04,351,416
4958.24,354,417
4958.44,357,419
4958.64,361,421
4958.84,365,422
4959.04,369,424
4959.24,372,427
4959.44,376,429
4959.64,379,430
4959.84,382,432
4960.04,382,431
4960.24,368,424
4960.44,362,421
4960.64,354,418
4960.84,355,417
4961.04,358,419
4961.24,362,421
4961.44,366,422
4961.64,372,424
4961.84,375,427
4962.04,379,428
4962.24,383,430
4962.44,384,429
4962.64,374,426
4962.84,371,426
4963.04,355,419
4963.24,352,415
4963.44,356,418
4963.64,362,420
4963.84,368,421
4964.04,374,423
4964.24,379,426
4964.44,382,429
4964.64,386,431
4964.84,391,432
4965.04,391,433
4965.24,388,432
4965.44,377,427
4965.64,365,421
4965.84,358,418
4966.04,354,415
4966.24,351,412
4966.44,350,408
4966.64,350,413
4966.84,355,416
4967.04,361,418
4967.24,367,422
4967.44,371,424
4967.64,375,427
4967.84,376,428
4968.04,371,432
4968.24,372,432
4968.44,372,432
4968.64,358,425
4968.84,348,420
4969.04,348,420
4969.24,348,422
4969.44,350,423
4969.64,351,424
4969.84,352,424
4970.04,355,424
4970.24,358,426
4970.44,360,427
4970.64,363,428
4970.84,366,428
4971.04,370,430
4971.24,374,431
4971.44,378,432
4971.64,382,434
4971.84,386,435
4972.04,389,436
4972.24,391,437
4972.44,389,436
4972.64,384,434
4972.84,376,430
4973.04,367,427
4973.24,361,425
4973.44,354,421
4973.64,349,420
4973.84,349,420
4974.04,352,421
4974.24,357,423
4974.44,362,426
4974.64,368,428
4974.84,375,431
4975.04,381,433
4975.24,386,434
4975.44,389,436
4975.64,392,438
4975.84,375,429
4976.04,358,429
4976.24,349,423
4976.44,351,423
4976.64,354,426
4976.84,358,427
4977.04,362,428
4977.24,364,429
4977.44,367,430
4977.64,370,432
4977.84,372,433
4978.04,375,435
4978.24,377,435
4978.44,377,436
4978.64,368,429
4978.84,364,429
4979.04,355,424
4979.24,355,424
4979.44,356,425
4979.64,359,426
4979.84,362,428
4980.04,366,429
4980.24,370,431
4980.44,376,433
4980.64,382,436
4980.84,382,437
4981.04,378,435
4981.24,371,431
4981.44,364,428
4981.64,359,425
4981.84,353,422
4982.04,352,421
4982.24,353,421
4982.44,358,424
4982.64,364,427
4982.84,369,429
4983.04,372,430
4983.24,375,432
4983.44,379,434
4983.64,385,437
4983.84,364,437
4984.04,339,432
4984.24,325,422
4984.44,306,397
4984.64,294,379
4984.84,304,392
4985.04,336,429
4985.24,353,445
4985.44,352,430
4985.64,364,428
4985.84,368,432
4986.04,368,431
4986.24,362,427
4986.44,351,422
4986.64,346,420
4986.84,345,417
4987.04,348,420
4987.24,351,422
4987.44,355,424
4987.64,357,424
4987.84,359,425
4988.04,362,426
4988.24,365,427
4988.44,367,428
4988.64,370,430
4988.84,374,431
4989.04,375,431
4989.24,376,431
4989.44,374,431
4989.64,361,424
4989.84,346,421
4990.04,346,420
4990.24,350,423
4990.44,355,425
4990.64,359,427
4990.84,363,429
4991.04,366,430
4991.24,370,431
4991.44,372,433
4991.64,373,433
4991.84,366,426
4992.04,355,426
4992.24,349,422
4992.44,345,419
4992.64,347,420
4992.84,354,424
4993.04,364,428
4993.24,371,431
4993.44,375,433
4993.64,378,434
4993.84,380,435
4994.04,383,436
4994.24,380,434
4994.44,369,428
4994.64,355,422
4994.84,348,419
4995.04,352,422
4995.24,358,423
4995.44,364,424
4995.64,370,426
4995.84,375,429
4996.04,379,430
4996.24,383,432
4996.44,387,433
4996.64,390,434
4996.84,384,439
4997.04,355,433
4997.24,330,423
4997.44,309,402
4997.64,295,391
4997.84,289,377
4998.04,306,392
4998.24,344,423
4998.44,364,434
4998.64,364,431
4998.84,363,428
4999.04,358,426
4999.24,350,419
4999.44,355,420
4999.64,359,420
4999.84,366,421
5000.04,372,424
5000.24,376,427
5000.44,381,429
5000.64,385,431
5000.84,384,432
5001.04,374,430
5001.24,367,426
5001.44,360,423
5001.64,356,420
5001.84,357,419
5002.04,362,421
5002.24,366,423
5002.44,369,425
5002.64,374,427
5002.84,378,430
5003.04,383,432
5003.24,386,434
5003.44,376,427
5003.64,361,427
5003.84,353,420
5004.04,351,416
5004.24,354,417
5004.44,357,419
5004.64,361,421
5004.84,365,422
5005.04,369,424
5005.24,372,427
5005.44,376,429
5005.64,379,430
5005.84,382,432
5006.04,382,431
5006.24,368,424
5006.44,362,421
5006.64,354,418
5006.84,355,417
5007.04,358,419
5007.24,362,421
5007.44,366,422
5007.64,372,424
5007.84,375,427
5008.04,379,428
5008.24,383,430
5008.44,384,429
5008.64,374,426
5008.84,371,426
5009.04,355,419
5009.24,352,415
5009.44,356,418
5009.64,362,420
5009.84,368,421
5010.04,374,423
5010.24,379,426
5010.44,382,429
5010.64,386,431
5010.84,391,432
5011.04,391,433
5011.24,388,432
5011.44,377,427
5011.64,365,421
5011.84,358,418
5012.04,354,415
5012.24,351,412
5012.44,350,408
5012.64,350,413
5012.84,355,416
5013.04,361,418
5013.24,367,422
5013.44,371,424
5013.64,375,427
5013.84,376,428
5014.04,371,432
5014.24,372,432
5014.44,372,432
5014.64,358,425
5014.84,348,420
5015.04,348,420
5015.24,348,422
5015.44,350,423
5015.64,351,424
5015.84,352,424
5016.04,355,424
5016.24,358,426
5016.44,360,427
5016.64,363,428
5016.84,366,428
5017.04,370,430
5017.24,374,431
5017.44,378,432
5017.64,382,434
5017.84,386,435
5018.04,389,436
5018.24,391,437
5018.44,389,436
5018.64,384,434
5018.84,376,430
5019.04,367,427
5019.24,361,425
5019.44,354,421
5019.64,349,420
5019.84,349,420
5020.04,352,421
5020.24,357,423
5020.44,362,426
5020.64,368,428
5020.84,375,431
5021.04,381,433
5021.24,386,434
5021.44,389,436
5021.64,392,438
5021.84,375,429
5022.04,358,429
5022.24,349,423
5022.44,351,423
5022.64,354,426
5022.84,358,427
5023.04,362,428
5023.24,364,429
5023.44,367,430
5023.64,370,432
5023.84,372,433
5024.04,375,435
5024.24,377,435
5024.44,377,436
5024.64,368,429
5024.84,364,429
5025.04,355,424
5025.24,355,424
5025.44,356,425
5025.64,359,426
5025.84,362,428
5026.04,366,429
5026.24,370,431
5026.44,376,433
5026.64,382,436
5026.84,382,437
5027.04,378,435
5027.24,371,431
5027.44,364,428
5027.64,359,425
5027.84,353,422
5028.04,352,421
5028.24,353,421
5028.44,358,424
5028.64,364,427
5028.84,369,429
5029.04,372,430
5029.24,375,432
5029.44,379,434
5029.64,385,437
5029.84,364,437
5030.04,339,432
5030.24,325,422
5030.44,306,397
5030.64,294,379
5030.84,304,392
5031.04,336,429
5031.24,353,445
5031.44,352,430
5031.64,364,428
5031.84,368,432
5032.04,368,431
5032.24,362,427
5032.44,351,422
5032.64,346,420
5032.84,345,417
5033.04,348,420
5033.24,351,422
5033.44,355,424
5033.64,357,424
5033.84,359,425
5034.04,362,426
5034.24,365,427
5034.44,367,428
5034.64,370,430
5034.84,374,431
5035.04,375,431
5035.24,376,431
5035.44,374,431
5035.64,361,424
5035.84,346,421
5036.04,346,420
5036.24,350,423
5036.44,355,425
5036.64,359,427
5036.84,363,429
5037.04,366,430
5037.24,370,431
5037.44,372,433
5037.64,373,433
5037.84,366,426
5038.04,355,426
5038.24,349,422
5038.44,345,419
5038.64,347,420
5038.84,354,424
5039.04,364,428
5039.24,371,431
5039.44,375,433
5039.64,378,434
5039.84,380,435
5040.04,383,436
5040.24,380,434
5040.44,369,428
5040.64,355,422
5040.84,348,419
5041.04,352,422
5041.24,358,423
5041.44,364,424
5041.64,370,426
5041.84,375,429
5042.04,379,430
5042.24,383,432
5042.44,387,433
5042.64,390,434
5042.84,384,439
5043.04,355,433
5043.24,330,423
5043.44,309,402
5043.64,295,391
5043.84,289,377
5044.04,306,392
5044.24,344,423
5044.44,364,434
5044.64,364,431
5044.84,363,428
5045.04,358,426
5045.24,350,419
5045.44,355,420
5045.64,359,420
5045.84,366,421
5046.04,372,424
5046.24,376,427
5046.44,381,429
5046.64,385,431
5046.84,384,432
5047.04,374,430
5047.24,367,426
5047.44,360,423
5047.64,356,420
5047.84,357,419
5048.04,362,421
5048.24,366,423
5048.44,369,425
5048.64,374,427
5048.84,378,430
5049.04,383,432
5049.24,386,434
5049.44,376,427
5049.64,361,427
5049.84,353,420
5050.04,351,416
5050.24,354,417
5050.44,357,419
5050.64,361,421
5050.84,365,422
5051.04,369,424
5051.24,372,427
5051.44,376,429
5051.64,379,430
5051.84,382,432
5052.04,382,431
5052.24,368,424
5052.44,362,421
5052.64,354,418
5052.84,355,417
5053.04,358,419
5053.24,362,421
5053.44,366,422
5053.64,372,424
5053.84,375,427
5054.04,379,428
5054.24,383,430
5054.44,384,429
5054.64,374,426
5054.84,371,426
5055.04,355,419
5055.24,352,415
5055.44,356,418
5055.64,362,420
5055.84,368,421
5056.04,374,423
5056.24,379,426
5056.44,382,429
5056.64,386,431
5056.84,391,432
5057.04,391,433
5057.24,388,432
5057.44,377,427
5057.64,365,421
5057.84,358,418
5058.04,354,415
5058.24,351,412
5058.44,350,408
5058.64,350,413
5058.84,355,416
5059.04,361,418
5059.24,367,422
5059.44,371,424
5059.64,375,427
5059.84,376,428
5060.04,371,432
5060.24,372,432
5060.44,372,432
5060.64,358,425
5060.84,348,420
5061.04,348,420
5061.24,348,422
5061.44,350,423
5061.64,351,424
5061.84,352,424
5062.04,355,424
5062.24,358,426
5062.44,360,427
5062.64,363,428
5062.84,366,428
5063.04,370,430
5063.24,374,431
5063.44,378,432
5063.64,382,434
5063.84,386,435
5064.04,389,436
5064.24,391,437
5064.44,389,436
5064.64,384,434
5064.84,376,430
5065.04,367,427
5065.24,361,425
5065.44,354,421
5065.64,349,420
5065.84,349,420
5066.04,352,421
5066.24,357,423
5066.44,362,426
5066.64,368,428
5066.84,375,431
5067.04,381,433
5067.24,386,434
5067.44,389,436
5067.64,392,438
5067.84,375,429
5068.04,358,429
5068.24,349,423
5068.44,351,423
5068.64,354,426
5068.84,358,427
5069.04,362,428
5069.24,364,429
5069.44,367,430
5069.64,370,432
5069.84,372,433
5070.04,375,435
5070.24,377,435
5070.44,377,436
5070.64,368,429
5070.84,364,429
5071.04,355,424
5071.24,355,424
5071.44,356,425
5071.64,359,426
5071.84,362,428
5072.04,366,429
5072.24,370,431
5072.44,376,433
5072.64,382,436
5072.84,382,437
5073.04,378,435
5073.24,371,431
5073.44,364,428
5073.64,359,425
5073.84,353,422
5074.04,352,421
5074.24,353,421
5074.44,358,424
5074.64,364,427
5074.84,369,429
5075.04,372,430
5075.24,375,432
5075.44,379,434
5075.64,385,437
5075.84,364,437
5076.04,339,432
5076.24,325,422
5076.44,306,397
5076.64,294,379
5076.84,304,392
5077.04,336,429
5077.24,353,445
5077.44,352,430
5077.64,364,428
5077.84,368,432
5078.04,368,431
5078.24,362,427
5078.44,351,422
5078.64,346,420
5078.84,345,417
5079.04,348,420
5079.24,351,422
5079.44,355,424
5079.64,357,424
5079.84,359,425
5080.04,362,426
5080.24,365,427
5080.44,367,428
5080.64,370,430
5080.84,374,431
5081.04,375,431
5081.24,376,431
5081.44,374,431
5081.64,361,424
5081.84,346,421
5082.04,346,420
5082.24,350,423
5082.44,355,425
5082.64,359,427
5082.84,363,429
5083.04,366,430
5083.24,370,431
5083.44,372,433
5083.64,373,433
5083.84,366,426
5084.04,355,426
5084.24,349,422
5084.44,345,419
5084.64,347,420
5084.84,354,424
5085.04,364,428
5085.24,371,431
5085.44,375,433
5085.64,378,434
5085.84,380,435
5086.04,383,436
5086.24,380,434
5086.44,369,428
5086.64,355,422
5086.84,348,419
5087.04,352,422
5087.24,358,423
5087.44,364,424
5087.64,370,426
5087.84,375,429
5088.04,379,430
5088.24,383,432
5088.44,387,433
5088.64,390,434
5088.84,384,439
5089.04,355,433
5089.24,330,423
5089.44,309,402
5089.64,295,391
5089.84,289,377
5090.04,306,392
5090.24,344,423
5090.44,364,434
5090.64,364,431
5090.84,363,428
5091.04,358,426
5091.24,350,419
5091.44,355,420
5091.64,359,420
5091.84,366,421
5092.04,372,424
5092.24,376,427
5092.44,381,429
5092.64,385,431
5092.84,384,432
5093.04,374,430
5093.24,367,426
5093.44,360,423
5093.64,356,420
5093.84,357,419
5094.04,362,421
5094.24,366,423
5094.44,369,425
5094.64,374,427
5094.84,378,430
5095.04,383,432
5095.24,386,434
5095.44,376,427
5095.64,361,427
5095.84,353,420
5096.04,351,416
5096.24,354,417
5096.44,357,419
5096.64,361,421
5096.84,365,422
5097.04,369,424
5097.24,372,427
5097.44,376,429
5097.64,379,430
5097.84,382,432
5098.04,382,431
5098.24,368,424
5098.44,362,421
5098.64,354,418
5098.84,355,417
5099.04,358,419
5099.24,362,421
5099.44,366,422
5099.64,372,424
5099.84,375,427
5100.04,379,428
5100.24,383,430
5100.44,384,429
5100.64,374,426
5100.84,371,426
5101.04,355,419
5101.24,352,415
5101.44,356,418
5101.64,362,420
5101.84,368,421
5102.04,374,423
5102.24,379,426
5102.44,382,429
5102.64,386,431
5102.84,391,432
5103.04,391,433
5103.24,388,432
5103.44,377,427
5103.64,365,421
5103.84,358,418
5104.04,354,415
5104.24,351,412
5104.44,350,408
5104.64,350,413
5104.84,355,416
5105.04,361,418
5105.24,367,422
5105.44,371,424
5105.64,375,427
5105.84,376,428
5106.04,371,432
5106.24,372,432
5106.44,372,432
5106.64,358,425
5106.84,348,420
5107.04,348,420
5107.24,348,422
5107.44,350,423
5107.64,351,424
5107.84,352,424
5108.04,355,424
5108.24,358,426
5108.44,360,427
5108.64,363,428
5108.84,366,428
5109.04,370,430
5109.24,374,431
5109.44,378,432
5109.64,382,434
5109.84,386,435
5110.04,389,436
5110.24,391,437
5110.44,389,436
5110.64,384,434
5110.84,376,430
5111.04,367,427
5111.24,361,425
5111.44,354,421
5111.64,349,420
5111.84,349,420
5112.04,352,421
5112.24,357,423
5112.44,362,426
5112.64,368,428
5112.84,375,431
5113.04,381,433
5113.24,386,434
5113.44,389,436
5113.64,392,438
5113.84,375,429
5114.04,358,429
5114.24,349,423
5114.44,351,423
5114.64,354,426
5114.84,358,427
5115.04,362,428
5115.24,364,429
5115.44,367,430
5115.64,370,432
5115.84,372,433
5116.04,375,435
5116.24,377,435
5116.44,377,436
5116.64,368,429
5116.84,364,429
5117.04,355,424
5117.24,355,424
5117.44,356,425
5117.64,359,426
5117.84,362,428
5118.04,366,429
5118.24,370,431
5118.44,376,433
5118.64,382,436
5118.84,382,437
5119.04,378,435
5119.24,371,431
5119.44,364,428
5119.64,359,425
5119.84,353,422
5120.04,352,421
5120.24,353,421
5120.44,358,424
5120.64,364,427
5120.84,369,429
5121.04,372,430
5121.24,375,432
5121.44,379,434
5121.64,385,437
5121.84,364,437
5122.04,339,432
5122.24,325,422
5122.44,306,397
5122.64,294,379
5122.84,304,392
5123.04,336,429
5123.24,353,445
5123.44,352,430
5123.64,364,428
5123.84,368,432
5124.04,368,431
5124.24,362,427
5124.44,351,422
5124.64,346,420
5124.84,345,417
5125.04,348,420
5125.24,351,422
5125.44,355,424
5125.64,357,424
5125.84,359,425
5126.04,362,426
5126.24,365,427
5126.44,367,428
5126.64,370,430
5126.84,374,431
5127.04,375,431
5127.24,376,431
5127.44,374,431
5127.64,361,424
5127.84,346,421
5128.04,346,420
5128.24,350,423
5128.44,355,425
5128.64,359,427
5128.84,363,429
5129.04,366,430
5129.24,370,431
5129.44,372,433
5129.64,373,433
5129.84,366,426
5130.04,355,426
5130.24,349,422
5130.44,345,419
5130.64,347,420
5130.84,354,424
5131.04,364,428
5131.24,371,431
5131.44,375,433
5131.64,378,434
5131.84,380,435
5132.04,383,436
5132.24,380,434
5132.44,369,428
5132.64,355,422
5132.84,348,419
5133.04,352,422
5133.24,358,423
5133.44,364,424
5133.64,370,426
5133.84,375,429
5134.04,379,430
5134.24,383,432
5134.44,387,433
5134.64,390,434
5134.84,384,439
5135.04,355,433
5135.24,330,423
5135.44,309,402
5135.64,295,391
5135.84,289,377
5136.04,306,392
5136.24,344,423
5136.44,364,434
5136.64,364,431
5136.84,363,428
5137.04,358,426
5137.24,350,419
5137.44,355,420
5137.64,359,420
5137.84,366,421
5138.04,372,424
5138.24,376,427
5138.44,381,429
5138.64,385,431
5138.84,384,432
5139.04,374,430
5139.24,367,426
5139.44,360,423
5139.64,356,420
5139.84,357,419
5140.04,362,421
5140.24,366,423
5140.44,369,425
5140.64,374,427
5140.84,378,430
5141.04,383,432
5141.24,386,434
5141.44,376,427
5141.64,361,427
5141.84,353,420
5142.04,351,416
5142.24,354,417
5142.44,357,419
5142.64,361,421
5142.84,365,422
5143.04,369,424
5143.24,372,427
5143.44,376,429
5143.64,379,430
5143.84,382,432
5144.04,382,431
5144.24,368,424
5144.44,362,421
5144.64,354,418
5144.84,355,417
5145.04,358,419
5145.24,362,421
5145.44,366,422
5145.64,372,424
5145.84,375,427
5146.04,379,428
5146.24,383,430
5146.44,384,429
5146.64,374,426
5146.84,371,426
5147.04,355,419
5147.24,352,415
5147.44,356,418
5147.64,362,420
5147.84,368,421
5148.04,374,423
5148.24,379,426
5148.44,382,429
5148.64,386,431
5148.84,391,432
5149.04,391,433
5149.24,388,432
5149.44,377,427
5149.64,365,421
5149.84,358,418
5150.04,354,415
5150.24,351,412
5150.44,350,408
5150.64,350,413
5150.84,355,416
5151.04,361,418
5151.24,367,422
5151.44,371,424
5151.64,375,427
5151.84,376,428
5152.04,371,432
5152.24,372,432
5152.44,372,432
5152.64,358,425
5152.84,348,420
5153.04,348,420
5153.24,348,422
5153.44,350,423
5153.64,351,424
5153.84,352,424
5154.04,355,424
5154.24,358,426
5154.44,360,427
5154.64,363,428
5154.84,366,428
5155.04,370,430
5155.24,374,431
5155.44,378,432
5155.64,382,434
5155.84,386,435
5156.04,389,436
5156.24,391,437
5156.44,389,436
5156.64,384,434
5156.84,376,430
5157.04,367,427
5157.24,361,425
5157.44,354,421
5157.64,349,420
5157.84,349,420
5158.04,352,421
5158.24,357,423
5158.44,362,426
5158.64,368,428
5158.84,375,431
5159.04,381,433
5159.24,386,434
5159.44,389,436
5159.64,392,438
5159.84,375,429
5160.04,358,429
5160.24,349,423
5160.44,351,423
5160.64,354,426
5160.84,358,427
5161.04,362,428
5161.24,364,429
5161.44,367,430
5161.64,370,432
5161.84,372,433
5162.04,375,435
5162.24,377,435
5162.44,377,436
5162.64,368,429
5162.84,364,429
5163.04,355,424
5163.24,355,424
5163.44,356,425
5163.64,359,426
5163.84,362,428
5164.04,366,429
5164.24,370,431
5164.44,376,433
5164.64,382,436
5164.84,382,437
5165.04,378,435
5165.24,371,431
5165.44,364,428
5165.64,359,425
5165.84,353,422
5166.04,352,421
5166.24,353,421
5166.44,358,424
5166.64,364,427
5166.84,369,429
5167.04,372,430
5167.24,375,432
5167.44,379,434
5167.64,385,437
5167.84,364,437
5168.04,339,432
5168.24,325,422
5168.44,306,397
5168.64,294,379
5168.84,304,392
5169.04,336,429
5169.24,353,445
5169.44,352,430
5169.64,364,428
5169.84,368,432
5170.04,368,431
5170.24,362,427
5170.44,351,422
5170.64,346,420
5170.84,345,417
5171.04,348,420
5171.24,351,422
5171.44,355,424
5171.64,357,424
5171.84,359,425
5172.04,362,426
5172.24,365,427
5172.44,367,428
5172.64,370,430
5172.84,374,431
5173.04,375,431
5173.24,376,431
5173.44,374,431
5173.64,361,424
5173.84,346,421
5174.04,346,420
5174.24,350,423
5174.44,355,425
5174.64,359,427
5174.84,363,429
5175.04,366,430
5175.24,370,431
5175.44,372,433
5175.64,373,433
5175.84,366,426
5176.04,355,426
5176.24,349,422
5176.44,345,419
5176.64,347,420
5176.84,354,424
5177.04,364,428
5177.24,371,431
5177.44,375,433
5177.64,378,434
5177.84,380,435
5178.04,383,436
5178.24,380,434
5178.44,369,428
5178.64,355,422
5178.84,348,419
5179.04,352,422
5179.24,358,423
5179.44,364,424
5179.64,370,426
5179.84,375,429
5180.04,379,430
5180.24,383,432
5180.44,387,433
5180.64,390,434
5180.84,384,439
5181.04,355,433
5181.24,330,423
5181.44,309,402
5181.64,295,391
5181.84,289,377
5182.04,306,392
5182.24,344,423
5182.44,364,434
5182.64,364,431
5182.84,363,428
5183.04,358,426
5183.24,350,419
5183.44,355,420
5183.64,359,420
5183.84,366,421
5184.04,372,424
5184.24,376,427
5184.44,381,429
5184.64,385,431
5184.84,384,432
5185.04,374,430
5185.24,367,426
5185.44,360,423
5185.64,356,420
5185.84,357,419
5186.04,362,421
5186.24,366,423
5186.44,369,425
5186.64,374,427
5186.84,378,430
5187.04,383,432
5187.24,386,434
5187.44,376,427
5187.64,361,427
5187.84,353,420
5188.04,351,416
5188.24,354,417
5188.44,357,419
5188.64,361,421
5188.84,365,422
5189.04,369,424
5189.24,372,427
5189.44,376,429
5189.64,379,430
5189.84,382,432
5190.04,382,431
5190.24,368,424
5190.44,362,421
5190.64,354,418
5190.84,355,417
5191.04,358,419
5191.24,362,421
5191.44,366,422
5191.64,372,424
5191.84,375,427
5192.04,379,428
5192.24,383,430
5192.44,384,429
5192.64,374,426
5192.84,371,426
5193.04,355,419
5193.24,352,415
5193.44,356,418
5193.64,362,420
5193.84,368,421
5194.04,374,423
5194.24,379,426
5194.44,382,429
5194.64,386,431
5194.84,391,432
5195.04,391,433
5195.24,388,432
5195.44,377,427
5195.64,365,421
5195.84,358,418
5196.04,354,415
5196.24,351,412
5196.44,350,408
5196.64,350,413
5196.84,355,416
5197.04,361,418
5197.24,367,422
5197.44,371,424
5197.64,375,427
5197.84,376,428
5198.04,371,432
5198.24,372,432
5198.44,372,432
5198.64,358,425
5198.84,348,420
5199.04,348,420
5199.24,348,422
5199.44,350,423
5199.64,351,424
5199.84,352,424
5200.04,355,424
5200.24,358,426
5200.44,360,427
5200.64,363,428
5200.84,366,428
5201.04,370,430
5201.24,374,431
5201.44,378,432
5201.64,382,434
5201.84,386,435
5202.04,389,436
5202.24,391,437
5202.44,389,436
5202.64,384,434
5202.84,376,430
5203.04,367,427
5203.24,361,425
5203.44,354,421
5203.64,349,420
5203.84,349,420
5204.04,352,421
5204.24,357,423
5204.44,362,426
5204.64,368,428
5204.84,375,431
5205.04,381,433
5205.24,386,434
5205.44,389,436
5205.64,392,438
5205.84,375,429
5206.04,358,429
5206.24,349,423
5206.44,351,423
5206.64,354,426
5206.84,358,427
5207.04,362,428
5207.24,364,429
5207.44,367,430
5207.64,370,432
5207.84,372,433
5208.04,375,435
5208.24,377,435
5208.44,377,436
5208.64,368,429
5208.84,364,429
5209.04,355,424
5209.24,355,424
5209.44,356,425
5209.64,359,426
5209.84,362,428
5210.04,366,429
5210.24,370,431
5210.44,376,433
5210.64,382,436
5210.84,382,437
5211.04,378,435
5211.24,371,431
5211.44,364,428
5211.64,359,425
5211.84,353,422
5212.04,352,421
5212.24,353,421
5212.44,358,424
5212.64,364,427
5212.84,369,429
5213.04,372,430
5213.24,375,432
5213.44,379,434
5213.64,385,437
5213.84,364,437
5214.04,339,432
5214.24,325,422
5214.44,306,397
5214.64,294,379
5214.84,304,392
5215.04,336,429
5215.24,353,445
5215.44,352,430
5215.64,364,428
5215.84,368,432
5216.04,368,431
5216.24,362,427
5216.44,351,422
5216.64,346,420
5216.84,345,417
5217.04,348,420
5217.24,351,422
5217.44,355,424
5217.64,357,424
5217.84,359,425
5218.04,362,426
5218.24,365,427
5218.44,367,428
5218.64,370,430
5218.84,374,431
5219.04,375,431
5219.24,376,431
5219.44,374,431
5219.64,361,424
5219.84,346,421
5220.04,346,420
5220.24,350,423
5220.44,355,425
5220.64,359,427
5220.84,363,429
5221.04,366,430
5221.24,370,431
5221.44,372,433
5221.64,373,433
5221.84,366,426
5222.04,355,426
5222.24,349,422
5222.44,345,419
5222.64,347,420
5222.84,354,424
5223.04,364,428
5223.24,371,431
5223.44,375,433
5223.64,378,434
5223.84,380,435
5224.04,383,436
5224.24,380,434
5224.44,369,428
5224.64,355,422
5224.84,348,419
5225.04,352,422
5225.24,358,423
5225.44,364,424
5225.64,370,426
5225.84,375,429
5226.04,379,430
5226.24,383,432
5226.44,387,433
5226.64,390,434
5226.84,384,439
5227.04,355,433
5227.24,330,423
5227.44,309,402
5227.64,295,391
5227.84,289,377
5228.04,306,392
5228.24,344,423
5228.44,364,434
5228.64,364,431
5228.84,363,428
5229.04,358,426
5229.24,350,419
5229.44,355,420
5229.64,359,420
5229.84,366,421
5230.04,372,424
5230.24,376,427
5230.44,381,429
5230.64,385,431
5230.84,384,432
5231.04,374,430
5231.24,367,426
5231.44,360,423
5231.64,356,420
5231.84,357,419
5232.04,362,421
5232.24,366,423
5232.44,369,425
5232.64,374,427
5232.84,378,430
5233.04,383,432
5233.24,386,434
5233.44,376,427
5233.64,361,427
5233.84,353,420
5234.04,351,416
5234.24,354,417
5234.44,357,419
5234.64,361,421
5234.84,365,422
5235.04,369,424
5235.24,372,427
5235.44,376,429
5235.64,379,430
5235.84,382,432
5236.04,382,431
5236.24,368,424
5236.44,362,421
5236.64,354,418
5236.84,355,417
5237.04,358,419
5237.24,362,421
5237.44,366,422
5237.64,372,424
5237.84,375,427
5238.04,379,428
5238.24,383,430
5238.44,384,429
5238.64,374,426
5238.84,371,426
5239.04,355,419
5239.24,352,415
5239.44,356,418
5239.64,362,420
5239.84,368,421
5240.04,374,423
5240.24,379,426
5240.44,382,429
5240.64,386,431
5240.84,391,432
5241.04,391,433
5241.24,388,432
5241.44,377,427
5241.64,365,421
5241.84,358,418
5242.04,354,415
5242.24,351,412
5242.44,350,408
5242.64,350,413
5242.84,355,416
5243.04,361,418
5243.24,367,422
5243.44,371,424
5243.64,375,427
5243.84,376,428
5244.04,371,432
5244.24,372,432
5244.44,372,432
5244.64,358,425
5244.84,348,420
5245.04,348,420
5245.24,348,422
5245.44,350,423
5245.64,351,424
5245.84,352,424
5246.04,355,424
5246.24,358,426
5246.44,360,427
5246.64,363,428
5246.84,366,428
5247.04,370,430
5247.24,374,431
5247.44,378,432
5247.64,382,434
5247.84,386,435
5248.04,389,436
5248.24,391,437
5248.44,389,436
5248.64,384,434
5248.84,376,430
5249.04,367,427
5249.24,361,425
5249.44,354,421
5249.64,349,420
5249.84,349,420
5250.04,352,421
5250.24,357,423
5250.44,362,426
5250.64,368,428
5250.84,375,431
5251.04,381,433
5251.24,386,434
5251.44,389,436
5251.64,392,438
5251.84,375,429
5252.04,358,429
5252.24,349,423
5252.44,351,423
5252.64,354,426
5252.84,358,427
5253.04,362,428
5253.24,364,429
5253.44,367,430
5253.64,370,432
5253.84,372,433
5254.04,375,435
5254.24,377,435
5254.44,377,436
5254.64,368,429
5254.84,364,429
5255.04,355,424
5255.24,355,424
5255.44,356,425
5255.64,359,426
5255.84,362,428
5256.04,366,429
5256.24,370,431
5256.44,376,433
5256.64,382,436
5256.84,382,437
5257.04,378,435
5257.24,371,431
5257.44,364,428
5257.64,359,425
5257.84,353,422
5258.04,352,421
5258.24,353,421
5258.44,358,424
5258.64,364,427
5258.84,369,429
5259.04,372,430
5259.24,375,432
5259.44,379,434
5259.64,385,437
5259.84,364,437
5260.04,339,432
5260.24,325,422
5260.44,306,397
5260.64,294,379
5260.84,304,392
5261.04,336,429
5261.24,353,445
5261.44,352,430
5261.64,364,428
5261.84,368,432
5262.04,368,431
5262.24,362,427
5262.44,351,422
5262.64,346,420
5262.84,345,417
5263.04,348,420
5263.24,351,422
5263.44,355,424
5263.64,357,424
5263.84,359,425
5264.04,362,426
5264.24,365,427
5264.44,367,428
5264.64,370,430
5264.84,374,431
5265.04,375,431
5265.24,376,431
5265.44,374,431
5265.64,361,424
5265.84,346,421
5266.04,346,420
5266.24,350,423
5266.44,355,425
5266.64,359,427
5266.84,363,429
5267.04,366,430
5267.24,370,431
5267.44,372,433
5267.64,373,433
5267.84,366,426
5268.04,355,426
5268.24,349,422
5268.44,345,419
5268.64,347,420
5268.84,354,424
5269.04,364,428
5269.24,371,431
5269.44,375,433
5269.64,378,434
5269.84,380,435
5270.04,383,436
5270.24,380,434
5270.44,369,428
5270.64,355,422
5270.84,348,419
5271.04,352,422
5271.24,358,423
5271.44,364,424
5271.64,370,426
5271.84,375,429
5272.04,379,430
5272.24,383,432
5272.44,387,433
5272.64,390,434
5272.84,384,439
5273.04,355,433
5273.24,330,423
5273.44,309,402
5273.64,295,391
5273.84,289,377
5274.04,306,392
5274.24,344,423
5274.44,364,434
5274.64,364,431
5274.84,363,428
5275.04,358,426
5275.24,350,419
5275.44,355,420
5275.64,359,420
5275.84,366,421
5276.04,372,424
5276.24,376,427
5276.44,381,429
5276.64,385,431
5276.84,384,432
5277.04,374,430
5277.24,367,426
5277.44,360,423
5277.64,356,420
5277.84,357,419
5278.04,362,421
5278.24,366,423
5278.44,369,425
5278.64,374,427
5278.84,378,430
5279.04,383,432
5279.24,386,434
5279.44,376,427
5279.64,361,427
5279.84,353,420
5280.04,351,416
5280.24,354,417
5280.44,357,419
5280.64,361,421
5280.84,365,422
5281.04,369,424
5281.24,372,427
5281.44,376,429
5281.64,379,430
5281.84,382,432
5282.04,382,431
5282.24,368,424
5282.44,362,421
5282.64,354,418
5282.84,355,417
5283.04,358,419
5283.24,362,421
5283.44,366,422
5283.64,372,424
5283.84,375,427
5284.04,379,428
5284.24,383,430
5284.44,384,429
5284.64,374,426
5284.84,371,426
5285.04,355,419
5285.24,352,415
5285.44,356,418
5285.64,362,420
5285.84,368,421
5286.04,374,423
5286.24,379,426
5286.44,382,429
5286.64,386,431
5286.84,391,432
5287.04,391,433
5287.24,388,432
5287.44,377,427
5287.64,365,421
5287.84,358,418
5288.04,354,415
5288.24,351,412
5288.44,350,408
5288.64,350,413
5288.84,355,416
5289.04,361,418
5289.24,367,422
5289.44,371,424
5289.64,375,427
5289.84,376,428
5290.04,371,432
5290.24,372,432
5290.44,372,432
5290.64,358,425
5290.84,348,420
5291.04,348,420
5291.24,348,422
5291.44,350,423
5291.64,351,424
5291.84,352,424
5292.04,355,424
5292.24,358,426
5292.44,360,427
5292.64,363,428
5292.84,366,428
5293.04,370,430
5293.24,374,431
5293.44,378,432
5293.64,382,434
5293.84,386,435
5294.04,389,436
5294.24,391,437
5294.44,389,436
5294.64,384,434
5294.84,376,430
5295.04,367,427
5295.24,361,425
5295.44,354,421
5295.64,349,420
5295.84,349,420
5296.04,352,421
5296.24,357,423
5296.44,362,426
5296.64,368,428
5296.84,375,431
5297.04,381,433
5297.24,386,434
5297.44,389,436
5297.64,392,438
5297.84,375,429
5298.04,358,429
5298.24,349,423
5298.44,351,423
5298.64,354,426
5298.84,358,427
5299.04,362,428
5299.24,364,429
5299.44,367,430
5299.64,370,432
5299.84,372,433
5300.04,375,435
5300.24,377,435
5300.44,377,436
5300.64,368,429
5300.84,364,429
5301.04,355,424
5301.24,355,424
5301.44,356,425
5301.64,359,426
5301.84,362,428
5302.04,366,429
5302.24,370,431
5302.44,376,433
5302.64,382,436
5302.84,382,437
5303.04,378,435
5303.24,371,431
5303.44,364,428
5303.64,359,425
5303.84,353,422
5304.04,352,421
5304.24,353,421
5304.44,358,424
5304.64,364,427
5304.84,369,429
5305.04,372,430
5305.24,375,432
5305.44,379,434
5305.64,385,437
5305.84,364,437
5306.04,339,432
5306.24,325,422
5306.44,306,397
5306.64,294,379
5306.84,304,392
5307.04,336,429
5307.24,353,445
5307.44,352,430
5307.64,364,428
5307.84,368,432
5308.04,368,431
5308.24,362,427
5308.44,351,422
5308.64,346,420
5308.84,345,417
5309.04,348,420
5309.24,351,422
5309.44,355,424
5309.64,357,424
5309.84,359,425
5310.04,362,426
5310.24,365,427
5310.44,367,428
5310.64,370,430
5310.84,374,431
5311.04,375,431
5311.24,376,431
5311.44,374,431
5311.64,361,424
5311.84,346,421
5312.04,346,420
5312.24,350,423
5312.44,355,425
5312.64,359,427
5312.84,363,429
5313.04,366,430
5313.24,370,431
5313.44,372,433
5313.64,373,433
5313.84,366,426
5314.04,355,426
5314.24,349,422
5314.44,345,419
5314.64,347,420
5314.84,354,424
5315.04,364,428
5315.24,371,431
5315.44,375,433
5315.64,378,434
5315.84,380,435
5316.04,383,436
5316.24,380,434
5316.44,369,428
5316.64,355,422
5316.84,348,419
5317.04,352,422
5317.24,358,423
5317.44,364,424
5317.64,370,426
5317.84,375,429
5318.04,379,430
5318.24,383,432
5318.44,387,433
5318.64,390,434
5318.84,384,439
5319.04,355,433
5319.24,330,423
5319.44,309,402
5319.64,295,391
5319.84,289,377
5320.04,306,392
5320.24,344,423
5320.44,364,434
5320.64,364,431
5320.84,363,428
5321.04,358,426
5321.24,350,419
5321.44,355,420
5321.64,359,420
5321.84,366,421
5322.04,372,424
5322.24,376,427
5322.44,381,429
5322.64,385,431
5322.84,384,432
5323.04,374,430
5323.24,367,426
5323.44,360,423
5323.64,356,420
5323.84,357,419
5324.04,362,421
5324.24,366,423
5324.44,369,425
5324.64,374,427
5324.84,378,430
5325.04,383,432
5325.24,386,434
5325.44,376,427
5325.64,361,427
5325.84,353,420
5326.04,351,416
5326.24,354,417
5326.44,357,419
5326.64,361,421
5326.84,365,422
5327.04,369,424
5327.24,372,427
5327.44,376,429
5327.64,379,430
5327.84,382,432
5328.04,382,431
5328.24,368,424
5328.44,362,421
5328.64,354,418
5328.84,355,417
5329.04,358,419
5329.24,362,421
5329.44,366,422
5329.64,372,424
5329.84,375,427
5330.04,379,428
5330.24,383,430
5330.44,384,429
5330.64,374,426
5330.84,371,426
5331.04,355,419
5331.24,352,415
5331.44,356,418
5331.64,362,420
5331.84,368,421
5332.04,374,423
5332.24,379,426
5332.44,382,429
5332.64,386,431
5332.84,391,432
5333.04,391,433
5333.24,388,432
5333.44,377,427
5333.64,365,421
5333.84,358,418
5334.04,354,415
5334.24,351,412
5334.44,350,408
5334.64,350,413
5334.84,355,416
5335.04,361,418
5335.24,367,422
5335.44,371,424
5335.64,375,427
5335.84,376,428
5336.04,371,432
5336.24,372,432
5336.44,372,432
5336.64,358,425
5336.84,348,420
5337.04,348,420
5337.24,348,422
5337.44,350,423
5337.64,351,424
5337.84,352,424
5338.04,355,424
5338.24,358,426
5338.44,360,427
5338.64,363,428
5338.84,366,428
5339.04,370,430
5339.24,374,431
5339.44,378,432
5339.64,382,434
5339.84,386,435
5340.04,389,436
5340.24,391,437
5340.44,389,436
5340.64,384,434
5340.84,376,430
5341.04,367,427
5341.24,361,425
5341.44,354,421
5341.64,349,420
5341.84,349,420
5342.04,352,421
5342.24,357,423
5342.44,362,426
5342.64,368,428
5342.84,375,431
5343.04,381,433
5343.24,386,434
5343.44,389,436
5343.64,392,438
5343.84,375,429
5344.04,358,429
5344.24,349,423
5344.44,351,423
5344.64,354,426
5344.84,358,427
5345.04,362,428
5345.24,364,429
5345.44,367,430
5345.64,370,432
5345.84,372,433
5346.04,375,435
5346.24,377,435
5346.44,377,436
5346.64,368,429
5346.84,364,429
5347.04,355,424
5347.24,355,424
5347.44,356,425
5347.64,359,426
5347.84,362,428
5348.04,366,429
5348.24,370,431
5348.44,376,433
5348.64,382,436
5348.84,382,437
5349.04,378,435
5349.24,371,431
5349.44,364,428
5349.64,359,425
5349.84,353,422
5350.04,352,421
5350.24,353,421
5350.44,358,424
5350.64,364,427
5350.84,369,429
5351.04,372,430
5351.24,375,432
5351.44,379,434
5351.64,385,437
5351.84,364,437
5352.04,339,432
5352.24,325,422
5352.44,306,397
5352.64,294,379
5352.84,304,392
5353.04,336,429
5353.24,353,445
5353.44,352,430
5353.64,364,428
5353.84,368,432
5354.04,368,431
5354.24,362,427
5354.44,351,422
5354.64,346,420
5354.84,345,417
5355.04,348,420
5355.24,351,422
5355.44,355,424
5355.64,357,424
5355.84,359,425
5356.04,362,426
5356.24,365,427
5356.44,367,428
5356.64,370,430
5356.84,374,431
5357.04,375,431
5357.24,376,431
5357.44,374,431
5357.64,361,424
5357.84,346,421
5358.04,346,420
5358.24,350,423
5358.44,355,425
5358.64,359,427
5358.84,363,429
5359.04,366,430
5359.24,370,431
5359.44,372,433
5359.64,373,433
5359.84,366,426
5360.04,355,426
5360.24,349,422
5360.44,345,419
5360.64,347,420
5360.84,354,424
5361.04,364,428
5361.24,371,431
5361.44,375,433
5361.64,378,434
5361.84,380,435
5362.04,383,436
5362.24,380,434
5362.44,369,428
5362.64,355,422
5362.84,348,419
5363.04,352,422
5363.24,358,423
5363.44,364,424
5363.64,370,426
5363.84,375,429
5364.04,379,430
5364.24,383,432
5364.44,387,433
5364.64,390,434
5364.84,384,439
5365.04,355,433
5365.24,330,423
5365.44,309,402
5365.64,295,391
5365.84,289,377
5366.04,306,392
5366.24,344,423
5366.44,364,434
5366.64,364,431
5366.84,363,428
5367.04,358,426
5367.24,350,419
5367.44,355,420
5367.64,359,420
5367.84,366,421
5368.04,372,424
5368.24,376,427
5368.44,381,429
5368.64,385,431
5368.84,384,432
5369.04,374,430
5369.24,367,426
5369.44,360,423
5369.64,356,420
5369.84,357,419
5370.04,362,421
5370.24,366,423
5370.44,369,425
5370.64,374,427
5370.84,378,430
5371.04,383,432
5371.24,386,434
5371.44,376,427
5371.64,361,427
5371.84,353,420
5372.04,351,416
5372.24,354,417
5372.44,357,419
5372.64,361,421
5372.84,365,422
5373.04,369,424
5373.24,372,427
5373.44,376,429
5373.64,379,430
5373.84,382,432
5374.04,382,431
5374.24,368,424
5374.44,362,421
5374.64,354,418
5374.84,355,417
5375.04,358,419
5375.24,362,421
5375.44,366,422
5375.64,372,424
5375.84,375,427
5376.04,379,428
5376.24,383,430
5376.44,384,429
5376.64,374,426
5376.84,371,426
5377.04,355,419
5377.24,352,415
5377.44,356,418
5377.64,362,420
5377.84,368,421
5378.04,374,423
5378.24,379,426
5378.44,382,429
5378.64,386,431
5378.84,391,432
5379.04,391,433
5379.24,388,432
5379.44,377,427
5379.64,365,421
5379.84,358,418
5380.04,354,415
5380.24,351,412
5380.44,350,408
5380.64,350,413
5380.84,355,416
5381.04,361,418
5381.24,367,422
5381.44,371,424
5381.64,375,427
5381.84,376,428
5382.04,371,432
5382.24,372,432
5382.44,372,432
5382.64,358,425
5382.84,348,420
5383.04,348,420
5383.24,348,422
5383.44,350,423
5383.64,351,424
5383.84,352,424
5384.04,355,424
5384.24,358,426
5384.44,360,427
5384.64,363,428
5384.84,366,428
5385.04,370,430
5385.24,374,431
5385.44,378,432
5385.64,382,434
5385.84,386,435
5386.04,389,436
5386.24,391,437
5386.44,389,436
5386.64,384,434
5386.84,376,430
5387.04,367,427
5387.24,361,425
5387.44,354,421
5387.64,349,420
5387.84,349,420
5388.04,352,421
5388.24,357,423
5388.44,362,426
5388.64,368,428
5388.84,375,431
5389.04,381,433
5389.24,386,434
5389.44,389,436
5389.64,392,438
5389.84,375,429
5390.04,358,429
5390.24,349,423
5390.44,351,423
5390.64,354,426
5390.84,358,427
5391.04,362,428
5391.24,364,429
5391.44,367,430
5391.64,370,432
5391.84,372,433
5392.04,375,435
5392.24,377,435
5392.44,377,436
5392.64,368,429
5392.84,364,429
5393.04,355,424
5393.24,355,424
5393.44,356,425
5393.64,359,426
5393.84,362,428
5394.04,366,429
5394.24,370,431
5394.44,376,433
5394.64,382,436
5394.84,382,437
5395.04,378,435
5395.24,371,431
5395.44,364,428
5395.64,359,425
5395.84,353,422
5396.04,352,421
5396.24,353,421
5396.44,358,424
5396.64,364,427
5396.84,369,429
5397.04,372,430
5397.24,375,432
5397.44,379,434
5397.64,385,437
5397.84,364,437
5398.04,339,432
5398.24,325,422
5398.44,306,397
5398.64,294,379
5398.84,304,392
5399.04,336,429
5399.24,353,445
5399.44,352,430
5399.64,364,428
5399.84,368,432
5400.04,368,431
5400.24,362,427
5400.44,351,422
5400.64,346,420
5400.84,345,417
5401.04,348,420
5401.24,351,422
5401.44,355,424
5401.64,357,424
5401.84,359,425
5402.04,362,426
5402.24,365,427
5402.44,367,428
5402.64,370,430
5402.84,374,431
5403.04,375,431
5403.24,376,431
5403.44,374,431
5403.64,361,424
5403.84,346,421
5404.04,346,420
5404.24,350,423
5404.44,355,425
5404.64,359,427
5404.84,363,429
5405.04,366,430
5405.24,370,431
5405.44,372,433
5405.64,373,433
5405.84,366,426
5406.04,355,426
5406.24,349,422
5406.44,345,419
5406.64,347,420
5406.84,354,424
5407.04,364,428
5407.24,371,431
5407.44,375,433
5407.64,378,434
5407.84,380,435
5408.04,383,436
5408.24,380,434
5408.44,369,428
5408.64,355,422
5408.84,348,419
5409.04,352,422
5409.24,358,423
5409.44,364,424
5409.64,370,426
5409.84,375,429
5410.04,379,430
5410.24,383,432
5410.44,387,433
5410.64,390,434
5410.84,384,439
5411.04,355,433
5411.24,330,423
5411.44,309,402
5411.64,295,391
5411.84,289,377
5412.04,306,392
5412.24,344,423
5412.44,364,434
5412.64,364,431
5412.84,363,428
5413.04,358,426
5413.24,350,419
5413.44,355,420
5413.64,359,420
5413.84,366,421
5414.04,372,424
5414.24,376,427
5414.44,381,429
5414.64,385,431
5414.84,384,432
5415.04,374,430
5415.24,367,426
5415.44,360,423
5415.64,356,420
5415.84,357,419
5416.04,362,421
5416.24,366,423
5416.44,369,425
5416.64,374,427
5416.84,378,430
5417.04,383,432
5417.24,386,434
5417.44,376,427
5417.64,361,427
5417.84,353,420
5418.04,351,416
5418.24,354,417
5418.44,357,419
5418.64,361,421
5418.84,365,422
5419.04,369,424
5419.24,372,427
5419.44,376,429
5419.64,379,430
5419.84,382,432
5420.04,382,431
5420.24,368,424
5420.44,362,421
5420.64,354,418
5420.84,355,417
5421.04,358,419
5421.24,362,421
5421.44,366,422
5421.64,372,424
5421.84,375,427
5422.04,379,428
5422.24,383,430
5422.44,384,429
5422.64,374,426
5422.84,371,426
5423.04,355,419
5423.24,352,415
5423.44,356,418
5423.64,362,420
5423.84,368,421
5424.04,374,423
5424.24,379,426
5424.44,382,429
5424.64,386,431
5424.84,391,432
5425.04,391,433
5425.24,388,432
5425.44,377,427
5425.64,365,421
5425.84,358,418
5426.04,354,415
5426.24,351,412
5426.44,350,408
5426.64,350,413
5426.84,355,416
5427.04,361,418
5427.24,367,422
5427.44,371,424
5427.64,375,427
5427.84,376,428
5428.04,371,432
5428.24,372,432
5428.44,372,432
5428.64,358,425
5428.84,348,420
5429.04,348,420
5429.24,348,422
5429.44,350,423
5429.64,351,424
5429.84,352,424
5430.04,355,424
5430.24,358,426
5430.44,360,427
5430.64,363,428
5430.84,366,428
5431.04,370,430
5431.24,374,431
5431.44,378,432
5431.64,382,434
5431.84,386,435
5432.04,389,436
5432.24,391,437
5432.44,389,436
5432.64,384,434
5432.84,376,430
5433.04,367,427
5433.24,361,425
5433.44,354,421
5433.64,349,420
5433.84,349,420
5434.04,352,421
5434.24,357,423
5434.44,362,426
5434.64,368,428
5434.84,375,431
5435.04,381,433
5435.24,386,434
5435.44,389,436
5435.64,392,438
5435.84,375,429
5436.04,358,429
5436.24,349,423
5436.44,351,423
5436.64,354,426
5436.84,358,427
5437.04,362,428
5437.24,364,429
5437.44,367,430
5437.64,370,432
5437.84,372,433
5438.04,375,435
5438.24,377,435
5438.44,377,436
5438.64,368,429
5438.84,364,429
5439.04,355,424
5439.24,355,424
5439.44,356,425
5439.64,359,426
5439.84,362,428
5440.04,366,429
5440.24,370,431
5440.44,376,433
5440.64,382,436
5440.84,382,437
5441.04,378,435
5441.24,371,431
5441.44,364,428
5441.64,359,425
5441.84,353,422
5442.04,352,421
5442.24,353,421
5442.44,358,424
5442.64,364,427
5442.84,369,429
5443.04,372,430
5443.24,375,432
5443.44,379,434
5443.64,385,437
5443.84,364,437
5444.04,339,432
5444.24,325,422
5444.44,306,397
5444.64,294,379
5444.84,304,392
5445.04,336,429
5445.24,353,445
5445.44,352,430
5445.64,364,428
5445.84,368,432
5446.04,368,431
5446.24,362,427
5446.44,351,422
5446.64,346,420
5446.84,345,417
5447.04,348,420
5447.24,351,422
5447.44,355,424
5447.64,357,424
5447.84,359,425
5448.04,362,426
5448.24,365,427
5448.44,367,428
5448.64,370,430
5448.84,374,431
5449.04,375,431
5449.24,376,431
5449.44,374,431
5449.64,361,424
5449.84,346,421
5450.04,346,420
5450.24,350,423
5450.44,355,425
5450.64,359,427
5450.84,363,429
5451.04,366,430
5451.24,370,431
5451.44,372,433
5451.64,373,433
5451.84,366,426
5452.04,355,426
5452.24,349,422
5452.44,345,419
5452.64,347,420
5452.84,354,424
5453.04,364,428
5453.24,371,431
5453.44,375,433
5453.64,378,434
5453.84,380,435
5454.04,383,436
5454.24,380,434
5454.44,369,428
5454.64,355,422
5454.84,348,419
5455.04,352,422
5455.24,358,423
5455.44,364,424
5455.64,370,426
5455.84,375,429
5456.04,379,430
5456.24,383,432
5456.44,387,433
5456.64,390,434
5456.84,384,439
5457.04,355,433
5457.24,330,423
5457.44,309,402
5457.64,295,391
5457.84,289,377
5458.04,306,392
5458.24,344,423
5458.44,364,434
5458.64,364,431
5458.84,363,428
5459.04,358,426
5459.24,350,419
5459.44,355,420
5459.64,359,420
5459.84,366,421
5460.04,372,424
5460.24,376,427
5460.44,381,429
5460.64,385,431
5460.84,384,432
5461.04,374,430
5461.24,367,426
5461.44,360,423
5461.64,356,420
5461.84,357,419
5462.04,362,421
5462.24,366,423
5462.44,369,425
5462.64,374,427
5462.84,378,430
5463.04,383,432
5463.24,386,434
5463.44,376,427
5463.64,361,427
5463.84,353,420
5464.04,351,416
5464.24,354,417
5464.44,357,419
5464.64,361,421
5464.84,365,422
5465.04,369,424
5465.24,372,427
5465.44,376,429
5465.64,379,430
5465.84,382,432
5466.04,382,431
5466.24,368,424
5466.44,362,421
5466.64,354,418
5466.84,355,417
5467.04,358,419
5467.24,362,421
5467.44,366,422
5467.64,372,424
5467.84,375,427
5468.04,379,428
5468.24,383,430
5468.44,384,429
5468.64,374,426
5468.84,371,426
5469.04,355,419
5469.24,352,415
5469.44,356,418
5469.64,362,420
5469.84,368,421
5470.04,374,423
5470.24,379,426
5470.44,382,429
5470.64,386,431
5470.84,391,432
5471.04,391,433
5471.24,388,432
5471.44,377,427
5471.64,365,421
5471.84,358,418
5472.04,354,415
5472.24,351,412
5472.44,350,408
5472.64,350,413
5472.84,355,416
5473.04,361,418
5473.24,367,422
5473.44,371,424
5473.64,375,427
5473.84,376,428
5474.04,371,432
5474.24,372,432
5474.44,372,432
5474.64,358,425
5474.84,348,420
5475.04,348,420
5475.24,348,422
5475.44,350,423
5475.64,351,424
5475.84,352,424
5476.04,355,424
5476.24,358,426
5476.44,360,427
5476.64,363,428
5476.84,366,428
5477.04,370,430
5477.24,374,431
5477.44,378,432
5477.64,382,434
5477.84,386,435
5478.04,389,436
5478.24,391,437
5478.44,389,436
5478.64,384,434
5478.84,376,430
5479.04,367,427
5479.24,361,425
5479.44,354,421
5479.64,349,420
5479.84,349,420
5480.04,352,421
5480.24,357,423
5480.44,362,426
5480.64,368,428
5480.84,375,431
5481.04,381,433
5481.24,386,434
5481.44,389,436
5481.64,392,438
5481.84,375,429
5482.04,358,429
5482.24,349,423
5482.44,351,423
5482.64,354,426
5482.84,358,427
5483.04,362,428
5483.24,364,429
5483.44,367,430
5483.64,370,432
5483.84,372,433
5484.04,375,435
5484.24,377,435
5484.44,377,436
5484.64,368,429
5484.84,364,429
5485.04,355,424
5485.24,355,424
5485.44,356,425
5485.64,359,426
5485.84,362,428
5486.04,366,429
5486.24,370,431
5486.44,376,433
5486.64,382,436
5486.84,382,437
5487.04,378,435
5487.24,371,431
5487.44,364,428
5487.64,359,425
5487.84,353,422
5488.04,352,421
5488.24,353,421
5488.44,358,424
5488.64,364,427
5488.84,369,429
5489.04,372,430
5489.24,375,432
5489.44,379,434
5489.64,385,437
5489.84,364,437
5490.04,339,432
5490.24,325,422
5490.44,306,397
5490.64,294,379
5490.84,304,392
5491.04,336,429
5491.24,353,445
5491.44,352,430
5491.64,364,428
5491.84,368,432
5492.04,368,431
5492.24,362,427
5492.44,351,422
5492.64,346,420
5492.84,345,417
5493.04,348,420
5493.24,351,422
5493.44,355,424
5493.64,357,424
5493.84,359,425
5494.04,362,426
5494.24,365,427
5494.44,367,428
5494.64,370,430
5494.84,374,431
5495.04,375,431
5495.24,376,431
5495.44,374,431
5495.64,361,424
5495.84,346,421
5496.04,346,420
5496.24,350,423
5496.44,355,425
5496.64,359,427
5496.84,363,429
5497.04,366,430
5497.24,370,431
5497.44,372,433
5497.64,373,433
5497.84,366,426
5498.04,355,426
5498.24,349,422
5498.44,345,419
5498.64,347,420
5498.84,354,424
5499.04,364,428
5499.24,371,431
5499.44,375,433
5499.64,378,434
5499.84,380,435
5500.04,383,436
5500.24,380,434
5500.44,369,428
5500.64,355,422
5500.84,348,419
5501.04,352,422
5501.24,358,423
5501.44,364,424
5501.64,370,426
5501.84,375,429
5502.04,379,430
5502.24,383,432
5502.44,387,433
5502.64,390,434
5502.84,384,439
5503.04,355,433
5503.24,330,423
5503.44,309,402
5503.64,295,391
5503.84,289,377
5504.04,306,392
5504.24,344,423
5504.44,364,434
5504.64,364,431
5504.84,363,428
5505.04,358,426
5505.24,350,419
5505.44,355,420
5505.64,359,420
5505.84,366,421
5506.04,372,424
5506.24,376,427
5506.44,381,429
5506.64,385,431
5506.84,384,432
5507.04,374,430
5507.24,367,426
5507.44,360,423
5507.64,356,420
5507.84,357,419
5508.04,362,421
5508.24,366,423
5508.44,369,425
5508.64,374,427
5508.84,378,430
5509.04,383,432
5509.24,386,434
5509.44,376,427
5509.64,361,427
5509.84,353,420
5510.04,351,416
5510.24,354,417
5510.44,357,419
5510.64,361,421
5510.84,365,422
5511.04,369,424
5511.24,372,427
5511.44,376,429
5511.64,379,430
5511.84,382,432
5512.04,382,431
5512.24,368,424
5512.44,362,421
5512.64,354,418
5512.84,355,417
5513.04,358,419
5513.24,362,421
5513.44,366,422
5513.64,372,424
5513.84,375,427
5514.04,379,428
5514.24,383,430
5514.44,384,429
5514.64,374,426
5514.84,371,426
5515.04,355,419
5515.24,352,415
5515.44,356,418
5515.64,362,420
5515.84,368,421
5516.04,374,423
5516.24,379,426
5516.44,382,429
5516.64,386,431
5516.84,391,432
5517.04,391,433
5517.24,388,432
5517.44,377,427
5517.64,365,421
5517.84,358,418
5518.04,354,415
5518.24,351,412
5518.44,350,408
5518.64,350,413
5518.84,355,416
5519.04,361,418
5519.24,367,422
5519.44,371,424
5519.64,375,427
5519.84,376,428
5520.04,371,432
5520.24,372,432
5520.44,372,432
5520.64,358,425
5520.84,348,420
5521.04,348,420
5521.24,348,422
5521.44,350,423
5521.64,351,424
5521.84,352,424
5522.04,355,424
5522.24,358,426
5522.44,360,427
5522.64,363,428
5522.84,366,428
5523.04,370,430
5523.24,374,431
5523.44,378,432
5523.64,382,434
5523.84,386,435
5524.04,389,436
5524.24,391,437
5524.44,389,436
5524.64,384,434
5524.84,376,430
5525.04,367,427
5525.24,361,425
5525.44,354,421
5525.64,349,420
5525.84,349,420
5526.04,352,421
5526.24,357,423
5526.44,362,426
5526.64,368,428
5526.84,375,431
5527.04,381,433
5527.24,386,434
5527.44,389,436
5527.64,392,438
5527.84,375,429
5528.04,358,429
5528.24,349,423
5528.44,351,423
5528.64,354,426
5528.84,358,427
5529.04,362,428
5529.24,364,429
5529.44,367,430
5529.64,370,432
5529.84,372,433
5530.04,375,435
5530.24,377,435
5530.44,377,436
5530.64,368,429
5530.84,364,429
5531.04,355,424
5531.24,355,424
5531.44,356,425
5531.64,359,426
5531.84,362,428
5532.04,366,429
5532.24,370,431
5532.44,376,433
5532.64,382,436
5532.84,382,437
5533.04,378,435
5533.24,371,431
5533.44,364,428
5533.64,359,425
5533.84,353,422
5534.04,352,421
5534.24,353,421
5534.44,358,424
5534.64,364,427
5534.84,369,429
5535.04,372,430
5535.24,375,432
5535.44,379,434
5535.64,385,437
5535.84,364,437
5536.04,339,432
5536.24,325,422
5536.44,306,397
5536.64,294,379
5536.84,304,392
5537.04,336,429
5537.24,353,445
5537.44,352,430
5537.64,364,428
5537.84,368,432
5538.04,368,431
5538.24,362,427
5538.44,351,422
5538.64,346,420
5538.84,345,417
5539.04,348,420
5539.24,351,422
5539.44,355,424
5539.64,357,424
5539.84,359,425
5540.04,362,426
5540.24,365,427
5540.44,367,428
5540.64,370,430
5540.84,374,431
5541.04,375,431
5541.24,376,431
5541.44,374,431
5541.64,361,424
5541.84,346,421
5542.04,346,420
5542.24,350,423
5542.44,355,425
5542.64,359,427
5542.84,363,429
5543.04,366,430
5543.24,370,431
5543.44,372,433
5543.64,373,433
5543.84,366,426
5544.04,355,426
5544.24,349,422
5544.44,345,419
5544.64,347,420
5544.84,354,424
5545.04,364,428
5545.24,371,431
5545.44,375,433
5545.64,378,434
5545.84,380,435
5546.04,383,436
5546.24,380,434
5546.44,369,428
5546.64,355,422
5546.84,348,419
5547.04,352,422
5547.24,358,423
5547.44,364,424
5547.64,370,426
5547.84,375,429
5548.04,379,430
5548.24,383,432
5548.44,387,433
5548.64,390,434
5548.84,384,439
5549.04,355,433
5549.24,330,423
5549.44,309,402
5549.64,295,391
5549.84,289,377
5550.04,306,392
5550.24,344,423
5550.44,364,434
5550.64,364,431
5550.84,363,428
5551.04,358,426
5551.24,350,419
5551.44,355,420
5551.64,359,420
5551.84,366,421
5552.04,372,424
5552.24,376,427
5552.44,381,429
5552.64,385,431
5552.84,384,432
5553.04,374,430
5553.24,367,426
5553.44,360,423
5553.64,356,420
5553.84,357,419
5554.04,362,421
5554.24,366,423
5554.44,369,425
5554.64,374,427
5554.84,378,430
5555.04,383,432
5555.24,386,434
5555.44,376,427
5555.64,361,427
5555.84,353,420
5556.04,351,416
5556.24,354,417
5556.44,357,419
5556.64,361,421
5556.84,365,422
5557.04,369,424
5557.24,372,427
5557.44,376,429
5557.64,379,430
5557.84,382,432
5558.04,382,431
5558.24,368,424
5558.44,362,421
5558.64,354,418
5558.84,355,417
5559.04,358,419
5559.24,362,421
5559.44,366,422
5559.64,372,424
5559.84,375,427
5560.04,379,428
5560.24,383,430
5560.44,384,429
5560.64,374,426
5560.84,371,426
5561.04,355,419
5561.24,352,415
5561.44,356,418
5561.64,362,420
5561.84,368,421
5562.04,374,423
5562.24,379,426
5562.44,382,429
5562.64,386,431
5562.84,391,432
5563.04,391,433
5563.24,388,432
5563.44,377,427
5563.64,365,421
5563.84,358,418
5564.04,354,415
5564.24,351,412
5564.44,350,408
5564.64,350,413
5564.84,355,416
5565.04,361,418
5565.24,367,422
5565.44,371,424
5565.64,375,427
5565.84,376,428
5566.04,371,432
5566.24,372,432
5566.44,372,432
5566.64,358,425
5566.84,348,420
5567.04,348,420
5567.24,348,422
5567.44,350,423
5567.64,351,424
5567.84,352,424
5568.04,355,424
5568.24,358,426
5568.44,360,427
5568.64,363,428
5568.84,366,428
5569.04,370,430
5569.24,374,431
5569.44,378,432
5569.64,382,434
5569.84,386,435
5570.04,389,436
5570.24,391,437
5570.44,389,436
5570.64,384,434
5570.84,376,430
5571.04,367,427
5571.24,361,425
5571.44,354,421
5571.64,349,420
5571.84,349,420
5572.04,352,421
5572.24,357,423
5572.44,362,426
5572.64,368,428
5572.84,375,431
5573.04,381,433
5573.24,386,434
5573.44,389,436
5573.64,392,438
5573.84,375,429
5574.04,358,429
5574.24,349,423
5574.44,351,423
5574.64,354,426
5574.84,358,427
5575.04,362,428
5575.24,364,429
5575.44,367,430
5575.64,370,432
5575.84,372,433
5576.04,375,435
5576.24,377,435
5576.44,377,436
5576.64,368,429
5576.84,364,429
5577.04,355,424
5577.24,355,424
5577.44,356,425
5577.64,359,426
5577.84,362,428
5578.04,366,429
5578.24,370,431
5578.44,376,433
5578.64,382,436
5578.84,382,437
5579.04,378,435
5579.24,371,431
5579.44,364,428
5579.64,359,425
5579.84,353,422
5580.04,352,421
5580.24,353,421
5580.44,358,424
5580.64,364,427
5580.84,369,429
5581.04,372,430
5581.24,375,432
5581.44,379,434
5581.64,385,437
5581.84,364,437
5582.04,339,432
5582.24,325,422
5582.44,306,397
5582.64,294,379
5582.84,304,392
5583.04,336,429
5583.24,353,445
5583.44,352,430
5583.64,364,428
5583.84,368,432
5584.04,368,431
5584.24,362,427
5584.44,351,422
5584.64,346,420
5584.84,345,417
5585.04,348,420
5585.24,351,422
5585.44,355,424
5585.64,357,424
5585.84,359,425
5586.04,362,426
5586.24,365,427
5586.44,367,428
5586.64,370,430
5586.84,374,431
5587.04,375,431
5587.24,376,431
5587.44,374,431
5587.64,361,424
5587.84,346,421
5588.04,346,420
5588.24,350,423
5588.44,355,425
5588.64,359,427
5588.84,363,429
5589.04,366,430
5589.24,370,431
5589.44,372,433
5589.64,373,433
5589.84,366,426
5590.04,355,426
5590.24,349,422
5590.44,345,419
5590.64,347,420
5590.84,354,424
5591.04,364,428
5591.24,371,431
5591.44,375,433
5591.64,378,434
5591.84,380,435
5592.04,383,436
5592.24,380,434
5592.44,369,428
5592.64,355,422
5592.84,348,419
5593.04,352,422
5593.24,358,423
5593.44,364,424
5593.64,370,426
5593.84,375,429
5594.04,379,430
5594.24,383,432
5594.44,387,433
5594.64,390,434
5594.84,384,439
5595.04,355,433
5595.24,330,423
5595.44,309,402
5595.64,295,391
5595.84,289,377
5596.04,306,392
5596.24,344,423
5596.44,364,434
5596.64,364,431
5596.84,363,428
5597.04,358,426
5597.24,350,419
5597.44,355,420
5597.64,359,420
5597.84,366,421
5598.04,372,424
5598.24,376,427
5598.44,381,429
5598.64,385,431
5598.84,384,432
5599.04,374,430
5599.24,367,426
5599.44,360,423
5599.64,356,420
5599.84,357,419
5600.04,362,421
5600.24,366,423
5600.44,369,425
5600.64,374,427
5600.84,378,430
5601.04,383,432
5601.24,386,434
5601.44,376,427
5601.64,361,427
5601.84,353,420
5602.04,351,416
5602.24,354,417
5602.44,357,419
5602.64,361,421
5602.84,365,422
5603.04,369,424
5603.24,372,427
5603.44,376,429
5603.64,379,430
5603.84,382,432
5604.04,382,431
5604.24,368,424
5604.44,362,421
5604.64,354,418
5604.84,355,417
5605.04,358,419
5605.24,362,421
5605.44,366,422
5605.64,372,424
5605.84,375,427
5606.04,379,428
5606.24,383,430
5606.44,384,429
5606.64,374,426
5606.84,371,426
5607.04,355,419
5607.24,352,415
5607.44,356,418
5607.64,362,420
5607.84,368,421
5608.04,374,423
5608.24,379,426
5608.44,382,429
5608.64,386,431
5608.84,391,432
5609.04,391,433
5609.24,388,432
5609.44,377,427
5609.64,365,421
5609.84,358,418
5610.04,354,415
5610.24,351,412
5610.44,350,408
5610.64,350,413
5610.84,355,416
5611.04,361,418
5611.24,367,422
5611.44,371,424
5611.64,375,427
5611.84,376,428
5612.04,371,432
5612.24,372,432
5612.44,372,432
5612.64,358,425
5612.84,348,420
5613.04,348,420
5613.24,348,422
5613.44,350,423
5613.64,351,424
5613.84,352,424
5614.04,355,424
5614.24,358,426
5614.44,360,427
5614.64,363,428
5614.84,366,428
5615.04,370,430
5615.24,374,431
5615.44,378,432
5615.64,382,434
5615.84,386,435
5616.04,389,436
5616.24,391,437
5616.44,389,436
5616.64,384,434
5616.84,376,430
5617.04,367,427
5617.24,361,425
5617.44,354,421
5617.64,349,420
5617.84,349,420
5618.04,352,421
5618.24,357,423
5618.44,362,426
5618.64,368,428
5618.84,375,431
5619.04,381,433
5619.24,386,434
5619.44,389,436
5619.64,392,438
5619.84,375,429
5620.04,358,429
5620.24,349,423
5620.44,351,423
5620.64,354,426
5620.84,358,427
5621.04,362,428
5621.24,364,429
5621.44,367,430
5621.64,370,432
5621.84,372,433
5622.04,375,435
5622.24,377,435
5622.44,377,436
5622.64,368,429
5622.84,364,429
5623.04,355,424
5623.24,355,424
5623.44,356,425
5623.64,359,426
5623.84,362,428
5624.04,366,429
5624.24,370,431
5624.44,376,433
5624.64,382,436
5624.84,382,437
5625.04,378,435
5625.24,371,431
5625.44,364,428
5625.64,359,425
5625.84,353,422
5626.04,352,421
5626.24,353,421
5626.44,358,424
5626.64,364,427
5626.84,369,429
5627.04,372,430
5627.24,375,432
5627.44,379,434
5627.64,385,437
5627.84,364,437
5628.04,339,432
5628.24,325,422
5628.44,306,397
5628.64,294,379
5628.84,304,392
5629.04,336,429
5629.24,353,445
5629.44,352,430
5629.64,364,428
5629.84,368,432
5630.04,368,431
5630.24,362,427
5630.44,351,422
5630.64,346,420
5630.84,345,417
5631.04,348,420
5631.24,351,422
5631.44,355,424
5631.64,357,424
5631.84,359,425
5632.04,362,426
5632.24,365,427
5632.44,367,428
5632.64,370,430
5632.84,374,431
5633.04,375,431
5633.24,376,431
5633.44,374,431
5633.64,361,424
5633.84,346,421
5634.04,346,420
5634.24,350,423
5634.44,355,425
5634.64,359,427
5634.84,363,429
5635.04,366,430
5635.24,370,431
5635.44,372,433
5635.64,373,433
5635.84,366,426
5636.04,355,426
5636.24,349,422
5636.44,345,419
5636.64,347,420
5636.84,354,424
5637.04,364,428
5637.24,371,431
5637.44,375,433
5637.64,378,434
5637.84,380,435
5638.04,383,436
5638.24,380,434
5638.44,369,428
5638.64,355,422
5638.84,348,419
5639.04,352,422
5639.24,358,423
5639.44,364,424
5639.64,370,426
5639.84,375,429
5640.04,379,430
5640.24,383,432
5640.44,387,433
5640.64,390,434
5640.84,384,439
5641.04,355,433
5641.24,330,423
5641.44,309,402
5641.64,295,391
5641.84,289,377
5642.04,306,392
5642.24,344,423
5642.44,364,434
5642.64,364,431
5642.84,363,428
5643.04,358,426
5643.24,350,419
5643.44,355,420
5643.64,359,420
5643.84,366,421
5644.04,372,424
5644.24,376,427
5644.44,381,429
5644.64,385,431
5644.84,384,432
5645.04,374,430
5645.24,367,426
5645.44,360,423
5645.64,356,420
5645.84,357,419
5646.04,362,421
5646.24,366,423
5646.44,369,425
5646.64,374,427
5646.84,378,430
5647.04,383,432
5647.24,386,434
5647.44,376,427
5647.64,361,427
5647.84,353,420
5648.04,351,416
5648.24,354,417
5648.44,357,419
5648.64,361,421
5648.84,365,422
5649.04,369,424
5649.24,372,427
5649.44,376,429
5649.64,379,430
5649.84,382,432
5650.04,382,431
5650.24,368,424
5650.44,362,421
5650.64,354,418
5650.84,355,417
5651.04,358,419
5651.24,362,421
5651.44,366,422
5651.64,372,424
5651.84,375,427
5652.04,379,428
5652.24,383,430
5652.44,384,429
5652.64,374,426
5652.84,371,426
5653.04,355,419
5653.24,352,415
5653.44,356,418
5653.64,362,420
5653.84,368,421
5654.04,374,423
5654.24,379,426
5654.44,382,429
5654.64,386,431
5654.84,391,432
5655.04,391,433
5655.24,388,432
5655.44,377,427
5655.64,365,421
5655.84,358,418
5656.04,354,415
5656.24,351,412
5656.44,350,408
5656.64,350,413
5656.84,355,416
5657.04,361,418
5657.24,367,422
5657.44,371,424
5657.64,375,427
5657.84,376,428
5658.04,371,432
5658.24,372,432
5658.44,372,432
5658.64,358,425
5658.84,348,420
5659.04,348,420
5659.24,348,422
5659.44,350,423
5659.64,351,424
5659.84,352,424
5660.04,355,424
5660.24,358,426
5660.44,360,427
5660.64,363,428
5660.84,366,428
5661.04,370,430
5661.24,374,431
5661.44,378,432
5661.64,382,434
5661.84,386,435
5662.04,389,436
5662.24,391,437
5662.44,389,436
5662.64,384,434
5662.84,376,430
5663.04,367,427
5663.24,361,425
5663.44,354,421
5663.64,349,420
5663.84,349,420
5664.04,352,421
5664.24,357,423
5664.44,362,426
5664.64,368,428
5664.84,375,431
5665.04,381,433
5665.24,386,434
5665.44,389,436
5665.64,392,438
5665.84,375,429
5666.04,358,429
5666.24,349,423
5666.44,351,423
5666.64,354,426
5666.84,358,427
5667.04,362,428
5667.24,364,429
5667.44,367,430
5667.64,370,432
5667.84,372,433
5668.04,375,435
5668.24,377,435
5668.44,377,436
5668.64,368,429
5668.84,364,429
5669.04,355,424
5669.24,355,424
5669.44,356,425
5669.64,359,426
5669.84,362,428
5670.04,366,429
5670.24,370,431
5670.44,376,433
5670.64,382,436
5670.84,382,437
5671.04,378,435
5671.24,371,431
5671.44,364,428
5671.64,359,425
5671.84,353,422
5672.04,352,421
5672.24,353,421
5672.44,358,424
5672.64,364,427
5672.84,369,429
5673.04,372,430
5673.24,375,432
5673.44,379,434
5673.64,385,437
5673.84,364,437
5674.04,339,432
5674.24,325,422
5674.44,306,397
5674.64,294,379
5674.84,304,392
5675.04,336,429
5675.24,353,445
5675.44,352,430
5675.64,364,428
5675.84,368,432
5676.04,368,431
5676.24,362,427
5676.44,351,422
5676.64,346,420
5676.84,345,417
5677.04,348,420
5677.24,351,422
5677.44,355,424
5677.64,357,424
5677.84,359,425
5678.04,362,426
5678.24,365,427
5678.44,367,428
5678.64,370,430
5678.84,374,431
5679.04,375,431
5679.24,376,431
5679.44,374,431
5679.64,361,424
5679.84,346,421
5680.04,346,420
5680.24,350,423
5680.44,355,425
5680.64,359,427
5680.84,363,429
5681.04,366,430
5681.24,370,431
5681.44,372,433
5681.64,373,433
5681.84,366,426
5682.04,355,426
5682.24,349,422
5682.44,345,419
5682.64,347,420
5682.84,354,424
5683.04,364,428
5683.24,371,431
5683.44,375,433
5683.64,378,434
5683.84,380,435
5684.04,383,436
5684.24,380,434
5684.44,369,428
5684.64,355,422
5684.84,348,419
5685.04,352,422
5685.24,358,423
5685.44,364,424
5685.64,370,426
5685.84,375,429
5686.04,379,430
5686.24,383,432
5686.44,387,433
5686.64,390,434
5686.84,384,439
5687.04,355,433
5687.24,330,423
5687.44,309,402
5687.64,295,391
5687.84,289,377
5688.04,306,392
5688.24,344,423
5688.44,364,434
5688.64,364,431
5688.84,363,428
5689.04,358,426
5689.24,350,419
5689.44,355,420
5689.64,359,420
5689.84,366,421
5690.04,372,424
5690.24,376,427
5690.44,381,429
5690.64,385,431
5690.84,384,432
5691.04,374,430
5691.24,367,426
5691.44,360,423
5691.64,356,420
5691.84,357,419
5692.04,362,421
5692.24,366,423
5692.44,369,425
5692.64,374,427
5692.84,378,430
5693.04,383,432
5693.24,386,434
5693.44,376,427
5693.64,361,427
5693.84,353,420
5694.04,351,416
5694.24,354,417
5694.44,357,419
5694.64,361,421
5694.84,365,422
5695.04,369,424
5695.24,372,427
5695.44,376,429
5695.64,379,430
5695.84,382,432
5696.04,382,431
5696.24,368,424
5696.44,362,421
5696.64,354,418
5696.84,355,417
5697.04,358,419
5697.24,362,421
5697.44,366,422
5697.64,372,424
5697.84,375,427
5698.04,379,428
5698.24,383,430
5698.44,384,429
5698.64,374,426
5698.84,371,426
5699.04,355,419
5699.24,352,415
5699.44,356,418
5699.64,362,420
5699.84,368,421
5700.04,374,423
5700.24,379,426
5700.44,382,429
5700.64,386,431
5700.84,391,432
5701.04,391,433
5701.24,388,432
5701.44,377,427
5701.64,365,421
5701.84,358,418
5702.04,354,415
5702.24,351,412
5702.44,350,408
5702.64,350,413
5702.84,355,416
5703.04,361,418
5703.24,367,422
5703.44,371,424
5703.64,375,427
5703.84,376,428
5704.04,371,432
5704.24,372,432
5704.44,372,432
5704.64,358,425
5704.84,348,420
5705.04,348,420
5705.24,348,422
5705.44,350,423
5705.64,351,424
5705.84,352,424
5706.04,355,424
5706.24,358,426
5706.44,360,427
5706.64,363,428
5706.84,366,428
5707.04,370,430
5707.24,374,431
5707.44,378,432
5707.64,382,434
5707.84,386,435
5708.04,389,436
5708.24,391,437
5708.44,389,436
5708.64,384,434
5708.84,376,430
5709.04,367,427
5709.24,361,425
5709.44,354,421
5709.64,349,420
5709.84,349,420
5710.04,352,421
5710.24,357,423
5710.44,362,426
5710.64,368,428
5710.84,375,431
5711.04,381,433
5711.24,386,434
5711.44,389,436
5711.64,392,438
5711.84,375,429
5712.04,358,429
5712.24,349,423
5712.44,351,423
5712.64,354,426
5712.84,358,427
5713.04,362,428
5713.24,364,429
5713.44,367,430
5713.64,370,432
5713.84,372,433
5714.04,375,435
5714.24,377,435
5714.44,377,436
5714.64,368,429
5714.84,364,429
5715.04,355,424
5715.24,355,424
5715.44,356,425
5715.64,359,426
5715.84,362,428
5716.04,366,429
5716.24,370,431
5716.44,376,433
5716.64,382,436
5716.84,382,437
5717.04,378,435
5717.24,371,431
5717.44,364,428
5717.64,359,425
5717.84,353,422
5718.04,352,421
5718.24,353,421
5718.44,358,424
5718.64,364,427
5718.84,369,429
5719.04,372,430
5719.24,375,432
5719.44,379,434
5719.64,385,437
5719.84,364,437
5720.04,339,432
5720.24,325,422
5720.44,306,397
5720.64,294,379
5720.84,304,392
5721.04,336,429
5721.24,353,445
5721.44,352,430
5721.64,364,428
5721.84,368,432
5722.04,368,431
5722.24,362,427
5722.44,351,422
5722.64,346,420
5722.84,345,417
5723.04,348,420
5723.24,351,422
5723.44,355,424
5723.64,357,424
5723.84,359,425
5724.04,362,426
5724.24,365,427
5724.44,367,428
5724.64,370,430
5724.84,374,431
5725.04,375,431
5725.24,376,431
5725.44,374,431
5725.64,361,424
5725.84,346,421
5726.04,346,420
5726.24,350,423
5726.44,355,425
5726.64,359,427
5726.84,363,429
5727.04,366,430
5727.24,370,431
5727.44,372,433
5727.64,373,433
5727.84,366,426
5728.04,355,426
5728.24,349,422
5728.44,345,419
5728.64,347,420
5728.84,354,424
5729.04,364,428
5729.24,371,431
5729.44,375,433
5729.64,378,434
5729.84,380,435
5730.04,383,436
5730.24,380,434
5730.44,369,428
5730.64,355,422
5730.84,348,419
5731.04,352,422
5731.24,358,423
5731.44,364,424
5731.64,370,426
5731.84,375,429
5732.04,379,430
5732.24,383,432
5732.44,387,433
5732.64,390,434
5732.84,384,439
5733.04,355,433
5733.24,330,423
5733.44,309,402
5733.64,295,391
5733.84,289,377
5734.04,306,392
5734.24,344,423
5734.44,364,434
5734.64,364,431
5734.84,363,428
5735.04,358,426
5735.24,350,419
5735.44,355,420
5735.64,359,420
5735.84,366,421
5736.04,372,424
5736.24,376,427
5736.44,381,429
5736.64,385,431
5736.84,384,432
5737.04,374,430
5737.24,367,426
5737.44,360,423
5737.64,356,420
5737.84,357,419
5738.04,362,421
5738.24,366,423
5738.44,369,425
5738.64,374,427
5738.84,378,430
5739.04,383,432
5739.24,386,434
5739.44,376,427
5739.64,361,427
5739.84,353,420
5740.04,351,416
5740.24,354,417
5740.44,357,419
5740.64,361,421
5740.84,365,422
5741.04,369,424
5741.24,372,427
5741.44,376,429
5741.64,379,430
5741.84,382,432
5742.04,382,431
5742.24,368,424
5742.44,362,421
5742.64,354,418
5742.84,355,417
5743.04,358,419
5743.24,362,421
5743.44,366,422
5743.64,372,424
5743.84,375,427
5744.04,379,428
5744.24,383,430
5744.44,384,429
5744.64,374,426
5744.84,371,426
5745.04,355,419
5745.24,352,415
5745.44,356,418
5745.64,362,420
5745.84,368,421
5746.04,374,423
5746.24,379,426
5746.44,382,429
5746.64,386,431
5746.84,391,432
5747.04,391,433
5747.24,388,432
5747.44,377,427
5747.64,365,421
5747.84,358,418
5748.04,354,415
5748.24,351,412
5748.44,350,408
5748.64,350,413
5748.84,355,416
5749.04,361,418
5749.24,367,422
5749.44,371,424
5749.64,375,427
5749.84,376,428
5750.04,371,432
5750.24,372,432
5750.44,372,432
5750.64,358,425
5750.84,348,420
5751.04,348,420
5751.24,348,422
5751.44,350,423
5751.64,351,424
5751.84,352,424
5752.04,355,424
5752.24,358,426
5752.44,360,427
5752.64,363,428
5752.84,366,428
5753.04,370,430
5753.24,374,431
5753.44,378,432
5753.64,382,434
5753.84,386,435
5754.04,389,436
5754.24,391,437
5754.44,389,436
5754.64,384,434
5754.84,376,430
5755.04,367,427
5755.24,361,425
5755.44,354,421
5755.64,349,420
5755.84,349,420
5756.04,352,421
5756.24,357,423
5756.44,362,426
5756.64,368,428
5756.84,375,431
5757.04,381,433
5757.24,386,434
5757.44,389,436
5757.64,392,438
5757.84,375,429
5758.04,358,429
5758.24,349,423
5758.44,351,423
5758.64,354,426
5758.84,358,427
5759.04,362,428
5759.24,364,429
5759.44,367,430
5759.64,370,432
5759.84,372,433
5760.04,375,435
5760.24,377,435
5760.44,377,436
5760.64,368,429
5760.84,364,429
5761.04,355,424
5761.24,355,424
5761.44,356,425
5761.64,359,426
5761.84,362,428
5762.04,366,429
5762.24,370,431
5762.44,376,433
5762.64,382,436
5762.84,382,437
5763.04,378,435
5763.24,371,431
5763.44,364,428
5763.64,359,425
5763.84,353,422
5764.04,352,421
5764.24,353,421
5764.44,358,424
5764.64,364,427
5764.84,369,429
5765.04,372,430
5765.24,375,432
5765.44,379,434
5765.64,385,437
5765.84,364,437
5766.04,339,432
5766.24,325,422
5766.44,306,397
5766.64,294,379
5766.84,304,392
5767.04,336,429
5767.24,353,445
5767.44,352,430
5767.64,364,428
5767.84,368,432
5768.04,368,431
5768.24,362,427
5768.44,351,422
5768.64,346,420
5768.84,345,417
5769.04,348,420
5769.24,351,422
5769.44,355,424
5769.64,357,424
5769.84,359,425
5770.04,362,426
5770.24,365,427
5770.44,367,428
5770.64,370,430
5770.84,374,431
5771.04,375,431
5771.24,376,431
5771.44,374,431
5771.64,361,424
5771.84,346,421
5772.04,346,420
5772.24,350,423
5772.44,355,425
5772.64,359,427
5772.84,363,429
5773.04,366,430
5773.24,370,431
5773.44,372,433
5773.64,373,433
5773.84,366,426
5774.04,355,426
5774.24,349,422
5774.44,345,419
5774.64,347,420
5774.84,354,424
5775.04,364,428
5775.24,371,431
5775.44,375,433
5775.64,378,434
5775.84,380,435
5776.04,383,436
5776.24,380,434
5776.44,369,428
5776.64,355,422
5776.84,348,419
5777.04,352,422
5777.24,358,423
5777.44,364,424
5777.64,370,426
5777.84,375,429
5778.04,379,430
5778.24,383,432
5778.44,387,433
5778.64,390,434
5778.84,384,439
5779.04,355,433
5779.24,330,423
5779.44,309,402
5779.64,295,391
5779.84,289,377
5780.04,306,392
5780.24,344,423
5780.44,364,434
5780.64,364,431
5780.84,363,428
5781.04,358,426
5781.24,350,419
5781.44,355,420
5781.64,359,420
5781.84,366,421
5782.04,372,424
5782.24,376,427
5782.44,381,429
5782.64,385,431
5782.84,384,432
5783.04,374,430
5783.24,367,426
5783.44,360,423
5783.64,356,420
5783.84,357,419
5784.04,362,421
5784.24,366,423
5784.44,369,425
5784.64,374,427
5784.84,378,430
5785.04,383,432
5785.24,386,434
5785.44,376,427
5785.64,361,427
5785.84,353,420
5786.04,351,416
5786.24,354,417
5786.44,357,419
5786.64,361,421
5786.84,365,422
5787.04,369,424
5787.24,372,427
5787.44,376,429
5787.64,379,430
5787.84,382,432
5788.04,382,431
5788.24,368,424
5788.44,362,421
5788.64,354,418
5788.84,355,417
5789.04,358,419
5789.24,362,421
5789.44,366,422
5789.64,372,424
5789.84,375,427
5790.04,379,428
5790.24,383,430
5790.44,384,429
5790.64,374,426
5790.84,371,426
5791.04,355,419
5791.24,352,415
5791.44,356,418
5791.64,362,420
5791.84,368,421
5792.04,374,423
5792.24,379,426
5792.44,382,429
5792.64,386,431
5792.84,391,432
5793.04,391,433
5793.24,388,432
5793.44,377,427
5793.64,365,421
5793.84,358,418
5794.04,354,415
5794.24,351,412
5794.44,350,408
5794.64,350,413
5794.84,355,416
5795.04,361,418
5795.24,367,422
5795.44,371,424
5795.64,375,427
5795.84,376,428
5796.04,371,432
5796.24,372,432
5796.44,372,432
5796.64,358,425
5796.84,348,420
5797.04,348,420
5797.24,348,422
5797.44,350,423
5797.64,351,424
5797.84,352,424
5798.04,355,424
5798.24,358,426
5798.44,360,427
5798.64,363,428
5798.84,366,428
5799.04,370,430
5799.24,374,431
5799.44,378,432
5799.64,382,434
5799.84,386,435
5800.04,389,436
5800.24,391,437
5800.44,389,436
5800.64,384,434
5800.84,376,430
5801.04,367,427
5801.24,361,425
5801.44,354,421
5801.64,349,420
5801.84,349,420
5802.04,352,421
5802.24,357,423
5802.44,362,426
5802.64,368,428
5802.84,375,431
5803.04,381,433
5803.24,386,434
5803.44,389,436
5803.64,392,438
5803.84,375,429
5804.04,358,429
5804.24,349,423
5804.44,351,423
5804.64,354,426
5804.84,358,427
5805.04,362,428
5805.24,364,429
5805.44,367,430
5805.64,370,432
5805.84,372,433
5806.04,375,435
5806.24,377,435
5806.44,377,436
5806.64,368,429
5806.84,364,429
5807.04,355,424
5807.24,355,424
5807.44,356,425
5807.64,359,426
5807.84,362,428
5808.04,366,429
5808.24,370,431
5808.44,376,433
5808.64,382,436
5808.84,382,437
5809.04,378,435
5809.24,371,431
5809.44,364,428
5809.64,359,425
5809.84,353,422
5810.04,352,421
5810.24,353,421
5810.44,358,424
5810.64,364,427
5810.84,369,429
5811.04,372,430
5811.24,375,432
5811.44,379,434
5811.64,385,437
5811.84,364,437
5812.04,339,432
5812.24,325,422
5812.44,306,397
5812.64,294,379
5812.84,304,392
5813.04,336,429
5813.24,353,445
5813.44,352,430
5813.64,364,428
5813.84,368,432
5814.04,368,431
5814.24,362,427
5814.44,351,422
5814.64,346,420
5814.84,345,417
5815.04,348,420
5815.24,351,422
5815.44,355,424
5815.64,357,424
5815.84,359,425
5816.04,362,426
5816.24,365,427
5816.44,367,428
5816.64,370,430
5816.84,374,431
5817.04,375,431
5817.24,376,431
5817.44,374,431
5817.64,361,424
5817.84,346,421
5818.04,346,420
5818.24,350,423
5818.44,355,425
5818.64,359,427
5818.84,363,429
5819.04,366,430
5819.24,370,431
5819.44,372,433
5819.64,373,433
5819.84,366,426
5820.04,355,426
5820.24,349,422
5820.44,345,419
5820.64,347,420
5820.84,354,424
5821.04,364,428
5821.24,371,431
5821.44,375,433
5821.64,378,434
5821.84,380,435
5822.04,383,436
5822.24,380,434
5822.44,369,428
5822.64,355,422
5822.84,348,419
5823.04,352,422
5823.24,358,423
5823.44,364,424
5823.64,370,426
5823.84,375,429
5824.04,379,430
5824.24,383,432
5824.44,387,433
5824.64,390,434
5824.84,384,439
5825.04,355,433
5825.24,330,423
5825.44,309,402
5825.64,295,391
5825.84,289,377
5826.04,306,392
5826.24,344,423
5826.44,364,434
5826.64,364,431
5826.84,363,428
5827.04,358,426
5827.24,350,419
5827.44,355,420
5827.64,359,420
5827.84,366,421
5828.04,372,424
5828.24,376,427
5828.44,381,429
5828.64,385,431
5828.84,384,432
5829.04,374,430
5829.24,367,426
5829.44,360,423
5829.64,356,420
5829.84,357,419
5830.04,362,421
5830.24,366,423
5830.44,369,425
5830.64,374,427
5830.84,378,430
5831.04,383,432
5831.24,386,434
5831.44,376,427
5831.64,361,427
5831.84,353,420
5832.04,351,416
5832.24,354,417
5832.44,357,419
5832.64,361,421
5832.84,365,422
5833.04,369,424
5833.24,372,427
5833.44,376,429
5833.64,379,430
5833.84,382,432
5834.04,382,431
5834.24,368,424
5834.44,362,421
5834.64,354,418
5834.84,355,417
5835.04,358,419
5835.24,362,421
5835.44,366,422
5835.64,372,424
5835.84,375,427
5836.04,379,428
5836.24,383,430
5836.44,384,429
5836.64,374,426
5836.84,371,426
5837.04,355,419
5837.24,352,415
5837.44,356,418
5837.64,362,420
5837.84,368,421
5838.04,374,423
5838.24,379,426
5838.44,382,429
5838.64,386,431
5838.84,391,432
5839.04,391,433
5839.24,388,432
5839.44,377,427
5839.64,365,421
5839.84,358,418
5840.04,354,415
5840.24,351,412
5840.44,350,408
5840.64,350,413
5840.84,355,416
5841.04,361,418
5841.24,367,422
5841.44,371,424
5841.64,375,427
5841.84,376,428
5842.04,371,432
5842.24,372,432
5842.44,372,432
5842.64,358,425
5842.84,348,420
5843.04,348,420
5843.24,348,422
5843.44,350,423
5843.64,351,424
5843.84,352,424
5844.04,355,424
5844.24,358,426
5844.44,360,427
5844.64,363,428
5844.84,366,428
5845.04,370,430
5845.24,374,431
5845.44,378,432
5845.64,382,434
5845.84,386,435
5846.04,389,436
5846.24,391,437
5846.44,389,436
5846.64,384,434
5846.84,376,430
5847.04,367,427
5847.24,361,425
5847.44,354,421
5847.64,349,420
5847.84,349,420
5848.04,352,421
5848.24,357,423
5848.44,362,426
5848.64,368,428
5848.84,375,431
5849.04,381,433
5849.24,386,434
5849.44,389,436
5849.64,392,438
5849.84,375,429
5850.04,358,429
5850.24,349,423
5850.44,351,423
5850.64,354,426
5850.84,358,427
5851.04,362,428
5851.24,364,429
5851.44,367,430
5851.64,370,432
5851.84,372,433
5852.04,375,435
5852.24,377,435
5852.44,377,436
5852.64,368,429
5852.84,364,429
5853.04,355,424
5853.24,355,424
5853.44,356,425
5853.64,359,426
5853.84,362,428
5854.04,366,429
5854.24,370,431
5854.44,376,433
5854.64,382,436
5854.84,382,437
5855.04,378,435
5855.24,371,431
5855.44,364,428
5855.64,359,425
5855.84,353,422
5856.04,352,421
5856.24,353,421
5856.44,358,424
5856.64,364,427
5856.84,369,429
5857.04,372,430
5857.24,375,432
5857.44,379,434
5857.64,385,437
5857.84,364,437
5858.04,339,432
5858.24,325,422
5858.44,306,397
5858.64,294,379
5858.84,304,392
5859.04,336,429
5859.24,353,445
5859.44,352,430
5859.64,364,428
5859.84,368,432
5860.04,368,431
5860.24,362,427
5860.44,351,422
5860.64,346,420
5860.84,345,417
5861.04,348,420
5861.24,351,422
5861.44,355,424
5861.64,357,424
5861.84,359,425
5862.04,362,426
5862.24,365,427
5862.44,367,428
5862.64,370,430
5862.84,374,431
5863.04,375,431
5863.24,376,431
5863.44,374,431
5863.64,361,424
5863.84,346,421
5864.04,346,420
5864.24,350,423
5864.44,355,425
5864.64,359,427
5864.84,363,429
5865.04,366,430
5865.24,370,431
5865.44,372,433
5865.64,373,433
5865.84,366,426
5866.04,355,426
5866.24,349,422
5866.44,345,419
5866.64,347,420
5866.84,354,424
5867.04,364,428
5867.24,371,431
5867.44,375,433
5867.64,378,434
5867.84,380,435
5868.04,383,436
5868.24,380,434
5868.44,369,428
5868.64,355,422
5868.84,348,419
5869.04,352,422
5869.24,358,423
5869.44,364,424
5869.64,370,426
5869.84,375,429
5870.04,379,430
5870.24,383,432
5870.44,387,433
5870.64,390,434
5870.84,384,439
5871.04,355,433
5871.24,330,423
5871.44,309,402
5871.64,295,391
5871.84,289,377
5872.04,306,392
5872.24,344,423
5872.44,364,434
5872.64,364,431
5872.84,363,428
5873.04,358,426
5873.24,350,419
5873.44,355,420
5873.64,359,420
5873.84,366,421
5874.04,372,424
5874.24,376,427
5874.44,381,429
5874.64,385,431
5874.84,384,432
5875.04,374,430
5875.24,367,426
5875.44,360,423
5875.64,356,420
5875.84,357,419
5876.04,362,421
5876.24,366,423
5876.44,369,425
5876.64,374,427
5876.84,378,430
5877.04,383,432
5877.24,386,434
5877.44,376,427
5877.64,361,427
5877.84,353,420
5878.04,351,416
5878.24,354,417
5878.44,357,419
5878.64,361,421
5878.84,365,422
5879.04,369,424
5879.24,372,427
5879.44,376,429
5879.64,379,430
5879.84,382,432
5880.04,382,431
5880.24,368,424
5880.44,362,421
5880.64,354,418
5880.84,355,417
5881.04,358,419
5881.24,362,421
5881.44,366,422
5881.64,372,424
5881.84,375,427
5882.04,379,428
5882.24,383,430
5882.44,384,429
5882.64,374,426
5882.84,371,426
5883.04,355,419
5883.24,352,415
5883.44,356,418
5883.64,362,420
5883.84,368,421
5884.04,374,423
5884.24,379,426
5884.44,382,429
5884.64,386,431
5884.84,391,432
5885.04,391,433
5885.24,388,432
5885.44,377,427
5885.64,365,421
5885.84,358,418
5886.04,354,415
5886.24,351,412
5886.44,350,408
5886.64,350,413
5886.84,355,416
5887.04,361,418
5887.24,367,422
5887.44,371,424
5887.64,375,427
5887.84,376,428
5888.04,371,432
5888.24,372,432
5888.44,372,432
5888.64,358,425
5888.84,348,420
5889.04,348,420
5889.24,348,422
5889.44,350,423
5889.64,351,424
5889.84,352,424
5890.04,355,424
5890.24,358,426
5890.44,360,427
5890.64,363,428
5890.84,366,428
5891.04,370,430
5891.24,374,431
5891.44,378,432
5891.64,382,434
5891.84,386,435
5892.04,389,436
5892.24,391,437
5892.44,389,436
5892.64,384,434
5892.84,376,430
5893.04,367,427
5893.24,361,425
5893.44,354,421
5893.64,349,420
5893.84,349,420
5894.04,352,421
5894.24,357,423
5894.44,362,426
5894.64,368,428
5894.84,375,431
5895.04,381,433
5895.24,386,434
5895.44,389,436
5895.64,392,438
5895.84,375,429
5896.04,358,429
5896.24,349,423
5896.44,351,423
5896.64,354,426
5896.84,358,427
5897.04,362,428
5897.24,364,429
5897.44,367,430
5897.64,370,432
5897.84,372,433
5898.04,375,435
5898.24,377,435
5898.44,377,436
5898.64,368,429
5898.84,364,429
5899.04,355,424
5899.24,355,424
5899.44,356,425
5899.64,359,426
5899.84,362,428
5900.04,366,429
5900.24,370,431
5900.44,376,433
5900.64,382,436
5900.84,382,437
5901.04,378,435
5901.24,371,431
5901.44,364,428
5901.64,359,425
5901.84,353,422
5902.04,352,421
5902.24,353,421
5902.44,358,424
5902.64,364,427
5902.84,369,429
5903.04,372,430
5903.24,375,432
5903.44,379,434
5903.64,385,437
5903.84,364,437
5904.04,339,432
5904.24,325,422
5904.44,306,397
5904.64,294,379
5904.84,304,392
5905.04,336,429
5905.24,353,445
5905.44,352,430
5905.64,364,428
5905.84,368,432
5906.04,368,431
5906.24,362,427
5906.44,351,422
5906.64,346,420
5906.84,345,417
5907.04,348,420
5907.24,351,422
5907.44,355,424
5907.64,357,424
5907.84,359,425
5908.04,362,426
5908.24,365,427
5908.44,367,428
5908.64,370,430
5908.84,374,431
5909.04,375,431
5909.24,376,431
5909.44,374,431
5909.64,361,424
5909.84,346,421
5910.04,346,420
5910.24,350,423
5910.44,355,425
5910.64,359,427
5910.84,363,429
5911.04,366,430
5911.24,370,431
5911.44,372,433
5911.64,373,433
5911.84,366,426
5912.04,355,426
5912.24,349,422
5912.44,345,419
5912.64,347,420
5912.84,354,424
5913.04,364,428
5913.24,371,431
5913.44,375,433
5913.64,378,434
5913.84,380,435
5914.04,383,436
5914.24,380,434
5914.44,369,428
5914.64,355,422
5914.84,348,419
5915.04,352,422
5915.24,358,423
5915.44,364,424
5915.64,370,426
5915.84,375,429
5916.04,379,430
5916.24,383,432
5916.44,387,433
5916.64,390,434
5916.84,384,439
5917.04,355,433
5917.24,330,423
5917.44,309,402
5917.64,295,391
5917.84,289,377
5918.04,306,392
5918.24,344,423
5918.44,364,434
5918.64,364,431
5918.84,363,428
5919.04,358,426
5919.24,350,419
5919.44,355,420
5919.64,359,420
5919.84,366,421
5920.04,372,424
5920.24,376,427
5920.44,381,429
5920.64,385,431
5920.84,384,432
5921.04,374,430
5921.24,367,426
5921.44,360,423
5921.64,356,420
5921.84,357,419
5922.04,362,421
5922.24,366,423
5922.44,369,425
5922.64,374,427
5922.84,378,430
5923.04,383,432
5923.24,386,434
5923.44,376,427
5923.64,361,427
5923.84,353,420
5924.04,351,416
5924.24,354,417
5924.44,357,419
5924.64,361,421
5924.84,365,422
5925.04,369,424
5925.24,372,427
5925.44,376,429
5925.64,379,430
5925.84,382,432
5926.04,382,431
5926.24,368,424
5926.44,362,421
5926.64,354,418
5926.84,355,417
5927.04,358,419
5927.24,362,421
5927.44,366,422
5927.64,372,424
5927.84,375,427
5928.04,379,428
5928.24,383,430
5928.44,384,429
5928.64,374,426
5928.84,371,426
5929.04,355,419
5929.24,352,415
5929.44,356,418
5929.64,362,420
5929.84,368,421
5930.04,374,423
5930.24,379,426
5930.44,382,429
5930.64,386,431
5930.84,391,432
5931.04,391,433
5931.24,388,432
5931.44,377,427
5931.64,365,421
5931.84,358,418
5932.04,354,415
5932.24,351,412
5932.44,350,408
5932.64,350,413
5932.84,355,416
5933.04,361,418
5933.24,367,422
5933.44,371,424
5933.64,375,427
5933.84,376,428
5934.04,371,432
5934.24,372,432
5934.44,372,432
5934.64,358,425
5934.84,348,420
5935.04,348,420
5935.24,348,422
5935.44,350,423
5935.64,351,424
5935.84,352,424
5936.04,355,424
5936.24,358,426
5936.44,360,427
5936.64,363,428
5936.84,366,428
5937.04,370,430
5937.24,374,431
5937.44,378,432
5937.64,382,434
5937.84,386,435
5938.04,389,436
5938.24,391,437
5938.44,389,436
5938.64,384,434
5938.84,376,430
5939.04,367,427
5939.24,361,425
5939.44,354,421
5939.64,349,420
5939.84,349,420
5940.04,352,421
5940.24,357,423
5940.44,362,426
5940.64,368,428
5940.84,375,431
5941.04,381,433
5941.24,386,434
5941.44,389,436
5941.64,392,438
5941.84,375,429
5942.04,358,429
5942.24,349,423
5942.44,351,423
5942.64,354,426
5942.84,358,427
5943.04,362,428
5943.24,364,429
5943.44,367,430
5943.64,370,432
5943.84,372,433
5944.04,375,435
5944.24,377,435
5944.44,377,436
5944.64,368,429
5944.84,364,429
5945.04,355,424
5945.24,355,424
5945.44,356,425
5945.64,359,426
5945.84,362,428
5946.04,366,429
5946.24,370,431
5946.44,376,433
5946.64,382,436
5946.84,382,437
5947.04,378,435
5947.24,371,431
5947.44,364,428
5947.64,359,425
5947.84,353,422
5948.04,352,421
5948.24,353,421
5948.44,358,424
5948.64,364,427
5948.84,369,429
5949.04,372,430
5949.24,375,432
5949.44,379,434
5949.64,385,437
5949.84,364,437
5950.04,339,432
5950.24,325,422
5950.44,306,397
5950.64,294,379
5950.84,304,392
5951.04,336,429
5951.24,353,445
5951.44,352,430
5951.64,364,428
5951.84,368,432
5952.04,368,431
5952.24,362,427
5952.44,351,422
5952.64,346,420
5952.84,345,417
5953.04,348,420
5953.24,351,422
5953.44,355,424
5953.64,357,424
5953.84,359,425
5954.04,362,426
5954.24,365,427
5954.44,367,428
5954.64,370,430
5954.84,374,431
5955.04,375,431
5955.24,376,431
5955.44,374,431
5955.64,361,424
5955.84,346,421
5956.04,346,420
5956.24,350,423
5956.44,355,425
5956.64,359,427
5956.84,363,429
5957.04,366,430
5957.24,370,431
5957.44,372,433
5957.64,373,433
5957.84,366,426
5958.04,355,426
5958.24,349,422
5958.44,345,419
5958.64,347,420
5958.84,354,424
5959.04,364,428
5959.24,371,431
5959.44,375,433
5959.64,378,434
5959.84,380,435
5960.04,383,436
5960.24,380,434
5960.44,369,428
5960.64,355,422
5960.84,348,419
5961.04,352,422
5961.24,358,423
5961.44,364,424
5961.64,370,426
5961.84,375,429
5962.04,379,430
5962.24,383,432
5962.44,387,433
5962.64,390,434
5962.84,384,439
5963.04,355,433
5963.24,330,423
5963.44,309,402
5963.64,295,391
5963.84,289,377
5964.04,306,392
5964.24,344,423
5964.44,364,434
5964.64,364,431
5964.84,363,428
5965.04,358,426
5965.24,350,419
5965.44,355,420
5965.64,359,420
5965.84,366,421
5966.04,372,424
5966.24,376,427
5966.44,381,429
5966.64,385,431
5966.84,384,432
5967.04,374,430
5967.24,367,426
5967.44,360,423
5967.64,356,420
5967.84,357,419
5968.04,362,421
5968.24,366,423
5968.44,369,425
5968.64,374,427
5968.84,378,430
5969.04,383,432
5969.24,386,434
5969.44,376,427
5969.64,361,427
5969.84,353,420
5970.04,351,416
5970.24,354,417
5970.44,357,419
5970.64,361,421
5970.84,365,422
5971.04,369,424
5971.24,372,427
5971.44,376,429
5971.64,379,430
5971.84,382,432
5972.04,382,431
5972.24,368,424
5972.44,362,421
5972.64,354,418
5972.84,355,417
5973.04,358,419
5973.24,362,421
5973.44,366,422
5973.64,372,424
5973.84,375,427
5974.04,379,428
5974.24,383,430
5974.44,384,429
5974.64,374,426
5974.84,371,426
5975.04,355,419
5975.24,352,415
5975.44,356,418
5975.64,362,420
5975.84,368,421
5976.04,374,423
5976.24,379,426
5976.44,382,429
5976.64,386,431
5976.84,391,432
5977.04,391,433
5977.24,388,432
5977.44,377,427
5977.64,365,421
5977.84,358,418
5978.04,354,415
5978.24,351,412
5978.44,350,408
5978.64,350,413
5978.84,355,416
5979.04,361,418
5979.24,367,422
5979.44,371,424
5979.64,375,427
5979.84,376,428
5980.04,371,432
5980.24,372,432
5980.44,372,432
5980.64,358,425
5980.84,348,420
5981.04,348,420
5981.24,348,422
5981.44,350,423
5981.64,351,424
5981.84,352,424
5982.04,355,424
5982.24,358,426
5982.44,360,427
5982.64,363,428
5982.84,366,428
5983.04,370,430
5983.24,374,431
5983.44,378,432
5983.64,382,434
5983.84,386,435
5984.04,389,436
5984.24,391,437
5984.44,389,436
5984.64,384,434
5984.84,376,430
5985.04,367,427
5985.24,361,425
5985.44,354,421
5985.64,349,420
5985.84,349,420
5986.04,352,421
5986.24,357,423
5986.44,362,426
5986.64,368,428
5986.84,375,431
5987.04,381,433
5987.24,386,434
5987.44,389,436
5987.64,392,438
5987.84,375,429
5988.04,358,429
5988.24,349,423
5988.44,351,423
5988.64,354,426
5988.84,358,427
5989.04,362,428
5989.24,364,429
5989.44,367,430
5989.64,370,432
5989.84,372,433
5990.04,375,435
5990.24,377,435
5990.44,377,436
5990.64,368,429
5990.84,364,429
5991.04,355,424
5991.24,355,424
5991.44,356,425
5991.64,359,426
5991.84,362,428
5992.04,366,429
5992.24,370,431
5992.44,376,433
5992.64,382,436
5992.84,382,437
5993.04,378,435
5993.24,371,431
5993.44,364,428
5993.64,359,425
5993.84,353,422
5994.04,352,421
5994.24,353,421
5994.44,358,424
5994.64,364,427
5994.84,369,429
5995.04,372,430
5995.24,375,432
5995.44,379,434
5995.64,385,437
5995.84,364,437
5996.04,339,432
5996.24,325,422
5996.44,306,397
5996.64,294,379
5996.84,304,392
5997.04,336,429
5997.24,353,445
5997.44,352,430
5997.64,364,428
5997.84,368,432
5998.04,368,431
5998.24,362,427
5998.44,351,422
5998.64,346,420
5998.84,345,417
5999.04,348,420
5999.24,351,422
5999.44,355,424
5999.64,357,424
5999.84,359,425
6000.04,362,426
6000.24,365,427
6000.44,367,428
6000.64,370,430
6000.84,374,431
6001.04,375,431
6001.24,376,431
6001.44,374,431
6001.64,361,424
6001.84,346,421
6002.04,346,420
6002.24,350,423
6002.44,355,425
6002.64,359,427
6002.84,363,429
6003.04,366,430
6003.24,370,431
6003.44,372,433
6003.64,373,433
6003.84,366,426
6004.04,355,426
6004.24,349,422
6004.44,345,419
6004.64,347,420
6004.84,354,424
6005.04,364,428
6005.24,371,431
6005.44,375,433
6005.64,378,434
6005.84,380,435
6006.04,383,436
6006.24,380,434
6006.44,369,428
6006.64,355,422
6006.84,348,419
6007.04,352,422
6007.24,358,423
6007.44,364,424
6007.64,370,426
6007.84,375,429
6008.04,379,430
6008.24,383,432
6008.44,387,433
6008.64,390,434
6008.84,384,439
6009.04,355,433
6009.24,330,423
6009.44,309,402
6009.64,295,391
6009.84,289,377
6010.04,306,392
6010.24,344,423
6010.44,364,434
6010.64,364,431
6010.84,363,428
6011.04,358,426
6011.24,350,419
6011.44,355,420
6011.64,359,420
6011.84,366,421
6012.04,372,424
6012.24,376,427
6012.44,381,429
6012.64,385,431
6012.84,384,432
6013.04,374,430
6013.24,367,426
6013.44,360,423
6013.64,356,420
6013.84,357,419
6014.04,362,421
6014.24,366,423
6014.44,369,425
6014.64,374,427
6014.84,378,430
6015.04,383,432
6015.24,386,434
6015.44,376,427
6015.64,361,427
6015.84,353,420
6016.04,351,416
6016.24,354,417
6016.44,357,419
6016.64,361,421
6016.84,365,422
6017.04,369,424
6017.24,372,427
6017.44,376,429
6017.64,379,430
6017.84,382,432
6018.04,382,431
6018.24,368,424
6018.44,362,421
6018.64,354,418
6018.84,355,417
6019.04,358,419
6019.24,362,421
6019.44,366,422
6019.64,372,424
6019.84,375,427
6020.04,379,428
6020.24,383,430
6020.44,384,429
6020.64,374,426
6020.84,371,426
6021.04,355,419
6021.24,352,415
6021.44,356,418
6021.64,362,420
6021.84,368,421
6022.04,374,423
6022.24,379,426
6022.44,382,429
6022.64,386,431
6022.84,391,432
6023.04,391,433
6023.24,388,432
6023.44,377,427
6023.64,365,421
6023.84,358,418
6024.04,354,415
6024.24,351,412
6024.44,350,408
6024.64,350,413
6024.84,355,416
6025.04,361,418
6025.24,367,422
6025.44,371,424
6025.64,375,427
6025.84,376,428
6026.04,371,432
6026.24,372,432
6026.44,372,432
6026.64,358,425
6026.84,348,420
6027.04,348,420
6027.24,348,422
6027.44,350,423
6027.64,351,424
6027.84,352,424
6028.04,355,424
6028.24,358,426
6028.44,360,427
6028.64,363,428
6028.84,366,428
6029.04,370,430
6029.24,374,431
6029.44,378,432
6029.64,382,434
6029.84,386,435
6030.04,389,436
6030.24,391,437
6030.44,389,436
6030.64,384,434
6030.84,376,430
6031.04,367,427
6031.24,361,425
6031.44,354,421
6031.64,349,420
6031.84,349,420
6032.04,352,421
6032.24,357,423
6032.44,362,426
6032.64,368,428
6032.84,375,431
6033.04,381,433
6033.24,386,434
6033.44,389,436
6033.64,392,438
6033.84,375,429
6034.04,358,429
6034.24,349,423
6034.44,351,423
6034.64,354,426
6034.84,358,427
6035.04,362,428
6035.24,364,429
6035.44,367,430
6035.64,370,432
6035.84,372,433
6036.04,375,435
6036.24,377,435
6036.44,377,436
6036.64,368,429
6036.84,364,429
6037.04,355,424
6037.24,355,424
6037.44,356,425
6037.64,359,426
6037.84,362,428
6038.04,366,429
6038.24,370,431
6038.44,376,433
6038.64,382,436
6038.84,382,437
6039.04,378,435
6039.24,371,431
6039.44,364,428
6039.64,359,425
6039.84,353,422
6040.04,352,421
6040.24,353,421
6040.44,358,424
6040.64,364,427
6040.84,369,429
6041.04,372,430
6041.24,375,432
6041.44,379,434
6041.64,385,437
6041.84,364,437
6042.04,339,432
6042.24,325,422
6042.44,306,397
6042.64,294,379
6042.84,304,392
6043.04,336,429
6043.24,353,445
6043.44,352,430
6043.64,364,428
6043.84,368,432
6044.04,368,431
6044.24,362,427
6044.44,351,422
6044.64,346,420
6044.84,345,417
6045.04,348,420
6045.24,351,422
6045.44,355,424
6045.64,357,424
6045.84,359,425
6046.04,362,426
6046.24,365,427
6046.44,367,428
6046.64,370,430
6046.84,374,431
6047.04,375,431
6047.24,376,431
6047.44,374,431
6047.64,361,424
6047.84,346,421
6048.04,346,420
6048.24,350,423
6048.44,355,425
6048.64,359,427
6048.84,363,429
6049.04,366,430
6049.24,370,431
6049.44,372,433
6049.64,373,433
6049.84,366,426
6050.04,355,426
6050.24,349,422
6050.44,345,419
6050.64,347,420
6050.84,354,424
6051.04,364,428
6051.24,371,431
6051.44,375,433
6051.64,378,434
6051.84,380,435
6052.04,383,436
6052.24,380,434
6052.44,369,428
6052.64,355,422
6052.84,348,419
6053.04,352,422
6053.24,358,423
6053.44,364,424
6053.64,370,426
6053.84,375,429
6054.04,379,430
6054.24,383,432
6054.44,387,433
6054.64,390,434
6054.84,384,439
6055.04,355,433
6055.24,330,423
6055.44,309,402
6055.64,295,391
6055.84,289,377
6056.04,306,392
6056.24,344,423
6056.44,364,434
6056.64,364,431
6056.84,363,428
6057.04,358,426
6057.24,350,419
6057.44,355,420
6057.64,359,420
6057.84,366,421
6058.04,372,424
6058.24,376,427
6058.44,381,429
6058.64,385,431
6058.84,384,432
6059.04,374,430
6059.24,367,426
6059.44,360,423
6059.64,356,420
6059.84,357,419
6060.04,362,421
6060.24,366,423
6060.44,369,425
6060.64,374,427
6060.84,378,430
6061.04,383,432
6061.24,386,434
6061.44,376,427
6061.64,361,427
6061.84,353,420
6062.04,351,416
6062.24,354,417
6062.44,357,419
6062.64,361,421
6062.84,365,422
6063.04,369,424
6063.24,372,427
6063.44,376,429
6063.64,379,430
6063.84,382,432
6064.04,382,431
6064.24,368,424
6064.44,362,421
6064.64,354,418
6064.84,355,417
6065.04,358,419
6065.24,362,421
6065.44,366,422
6065.64,372,424
6065.84,375,427
6066.04,379,428
6066.24,383,430
6066.44,384,429
6066.64,374,426
6066.84,371,426
6067.04,355,419
6067.24,352,415
6067.44,356,418
6067.64,362,420
6067.84,368,421
6068.04,374,423
6068.24,379,426
6068.44,382,429
6068.64,386,431
6068.84,391,432
6069.04,391,433
6069.24,388,432
6069.44,377,427
6069.64,365,421
6069.84,358,418
6070.04,354,415
6070.24,351,412
6070.44,350,408
6070.64,350,413
6070.84,355,416
6071.04,361,418
6071.24,367,422
6071.44,371,424
6071.64,375,427
6071.84,376,428
6072.04,371,432
6072.24,372,432
6072.44,372,432
6072.64,358,425
6072.84,348,420
6073.04,348,420
6073.24,348,422
6073.44,350,423
6073.64,351,424
6073.84,352,424
6074.04,355,424
6074.24,358,426
6074.44,360,427
6074.64,363,428
6074.84,366,428
6075.04,370,430
6075.24,374,431
6075.44,378,432
6075.64,382,434
6075.84,386,435
6076.04,389,436
6076.24,391,437
6076.44,389,436
6076.64,384,434
6076.84,376,430
6077.04,367,427
6077.24,361,425
6077.44,354,421
6077.64,349,420
6077.84,349,420
6078.04,352,421
6078.24,357,423
6078.44,362,426
6078.64,368,428
6078.84,375,431
6079.04,381,433
6079.24,386,434
6079.44,389,436
6079.64,392,438
6079.84,375,429
6080.04,358,429
6080.24,349,423
6080.44,351,423
6080.64,354,426
6080.84,358,427
6081.04,362,428
6081.24,364,429
6081.44,367,430
6081.64,370,432
6081.84,372,433
6082.04,375,435
6082.24,377,435
6082.44,377,436
6082.64,368,429
6082.84,364,429
6083.04,355,424
6083.24,355,424
6083.44,356,425
6083.64,359,426
6083.84,362,428
6084.04,366,429
6084.24,370,431
6084.44,376,433
6084.64,382,436
6084.84,382,437
6085.04,378,435
6085.24,371,431
6085.44,364,428
6085.64,359,425
6085.84,353,422
6086.04,352,421
6086.24,353,421
6086.44,358,424
6086.64,364,427
6086.84,369,429
6087.04,372,430
6087.24,375,432
6087.44,379,434
6087.64,385,437
6087.84,364,437
6088.04,339,432
6088.24,325,422
6088.44,306,397
6088.64,294,379
6088.84,304,392
6089.04,336,429
6089.24,353,445
6089.44,352,430
6089.64,364,428
6089.84,368,432
6090.04,368,431
6090.24,362,427
6090.44,351,422
6090.64,346,420
6090.84,345,417
6091.04,348,420
6091.24,351,422
6091.44,355,424
6091.64,357,424
6091.84,359,425
6092.04,362,426
6092.24,365,427
6092.44,367,428
6092.64,370,430
6092.84,374,431
6093.04,375,431
6093.24,376,431
6093.44,374,431
6093.64,361,424
6093.84,346,421
6094.04,346,420
6094.24,350,423
6094.44,355,425
6094.64,359,427
6094.84,363,429
6095.04,366,430
6095.24,370,431
6095.44,372,433
6095.64,373,433
6095.84,366,426
6096.04,355,426
6096.24,349,422
6096.44,345,419
6096.64,347,420
6096.84,354,424
6097.04,364,428
6097.24,371,431
6097.44,375,433
6097.64,378,434
6097.84,380,435
6098.04,383,436
6098.24,380,434
6098.44,369,428
6098.64,355,422
6098.84,348,419
6099.04,352,422
6099.24,358,423
6099.44,364,424
6099.64,370,426
6099.84,375,429
6100.04,379,430
6100.24,383,432
6100.44,387,433
6100.64,390,434
6100.84,384,439
6101.04,355,433
6101.24,330,423
6101.44,309,402
6101.64,295,391
6101.84,289,377
6102.04,306,392
6102.24,344,423
6102.44,364,434
6102.64,364,431
6102.84,363,428
6103.04,358,426
6103.24,350,419
6103.44,355,420
6103.64,359,420
6103.84,366,421
6104.04,372,424
6104.24,376,427
6104.44,381,429
6104.64,385,431
6104.84,384,432
6105.04,374,430
6105.24,367,426
6105.44,360,423
6105.64,356,420
6105.84,357,419
6106.04,362,421
6106.24,366,423
6106.44,369,425
6106.64,374,427
6106.84,378,430
6107.04,383,432
6107.24,386,434
6107.44,376,427
6107.64,361,427
6107.84,353,420
6108.04,351,416
6108.24,354,417
6108.44,357,419
6108.64,361,421
6108.84,365,422
6109.04,369,424
6109.24,372,427
6109.44,376,429
6109.64,379,430
6109.84,382,432
6110.04,382,431
6110.24,368,424
6110.44,362,421
6110.64,354,418
6110.84,355,417
6111.04,358,419
6111.24,362,421
6111.44,366,422
6111.64,372,424
6111.84,375,427
6112.04,379,428
6112.24,383,430
6112.44,384,429
6112.64,374,426
6112.84,371,426
6113.04,355,419
6113.24,352,415
6113.44,356,418
6113.64,362,420
6113.84,368,421
6114.04,374,423
6114.24,379,426
6114.44,382,429
6114.64,386,431
6114.84,391,432
6115.04,391,433
6115.24,388,432
6115.44,377,427
6115.64,365,421
6115.84,358,418
6116.04,354,415
6116.24,351,412
6116.44,350,408
6116.64,350,413
6116.84,355,416
6117.04,361,418
6117.24,367,422
6117.44,371,424
6117.64,375,427
6117.84,376,428
6118.04,371,432
6118.24,372,432
6118.44,372,432
6118.64,358,425
6118.84,348,420
6119.04,348,420
6119.24,348,422
6119.44,350,423
6119.64,351,424
6119.84,352,424
6120.04,355,424
6120.24,358,426
6120.44,360,427
6120.64,363,428
6120.84,366,428
6121.04,370,430
6121.24,374,431
6121.44,378,432
6121.64,382,434
6121.84,386,435
6122.04,389,436
6122.24,391,437
6122.44,389,436
6122.64,384,434
6122.84,376,430
6123.04,367,427
6123.24,361,425
6123.44,354,421
6123.64,349,420
6123.84,349,420
6124.04,352,421
6124.24,357,423
6124.44,362,426
6124.64,368,428
6124.84,375,431
6125.04,381,433
6125.24,386,434
6125.44,389,436
6125.64,392,438
6125.84,375,429
6126.04,358,429
6126.24,349,423
6126.44,351,423
6126.64,354,426
6126.84,358,427
6127.04,362,428
6127.24,364,429
6127.44,367,430
6127.64,370,432
6127.84,372,433
6128.04,375,435
6128.24,377,435
6128.44,377,436
6128.64,368,429
6128.84,364,429
6129.04,355,424
6129.24,355,424
6129.44,356,425
6129.64,359,426
6129.84,362,428
6130.04,366,429
6130.24,370,431
6130.44,376,433
6130.64,382,436
6130.84,382,437
6131.04,378,435
6131.24,371,431
6131.44,364,428
6131.64,359,425
6131.84,353,422
6132.04,352,421
6132.24,353,421
6132.44,358,424
6132.64,364,427
6132.84,369,429
6133.04,372,430
6133.24,375,432
6133.44,379,434
6133.64,385,437
6133.84,364,437
6134.04,339,432
6134.24,325,422
6134.44,306,397
6134.64,294,379
6134.84,304,392
6135.04,336,429
6135.24,353,445
6135.44,352,430
6135.64,364,428
6135.84,368,432
6136.04,368,431
6136.24,362,427
6136.44,351,422
6136.64,346,420
6136.84,345,417
6137.04,348,420
6137.24,351,422
6137.44,355,424
6137.64,357,424
6137.84,359,425
6138.04,362,426
6138.24,365,427
6138.44,367,428
6138.64,370,430
6138.84,374,431
6139.04,375,431
6139.24,376,431
6139.44,374,431
6139.64,361,424
6139.84,346,421
6140.04,346,420
6140.24,350,423
6140.44,355,425
6140.64,359,427
6140.84,363,429
6141.04,366,430
6141.24,370,431
6141.44,372,433
6141.64,373,433
6141.84,366,426
6142.04,355,426
6142.24,349,422
6142.44,345,419
6142.64,347,420
6142.84,354,424
6143.04,364,428
6143.24,371,431
6143.44,375,433
6143.64,378,434
6143.84,380,435
6144.04,383,436
6144.24,380,434
6144.44,369,428
6144.64,355,422
6144.84,348,419
6145.04,352,422
6145.24,358,423
6145.44,364,424
6145.64,370,426
6145.84,375,429
6146.04,379,430
6146.24,383,432
6146.44,387,433
6146.64,390,434
6146.84,384,439
6147.04,355,433
6147.24,330,423
6147.44,309,402
6147.64,295,391
6147.84,289,377
6148.04,306,392
6148.24,344,423
6148.44,364,434
6148.64,364,431
6148.84,363,428
6149.04,358,426
6149.24,350,419
6149.44,355,420
6149.64,359,420
6149.84,366,421
6150.04,372,424
6150.24,376,427
6150.44,381,429
6150.64,385,431
6150.84,384,432
6151.04,374,430
6151.24,367,426
6151.44,360,423
6151.64,356,420
6151.84,357,419
6152.04,362,421
6152.24,366,423
6152.44,369,425
6152.64,374,427
6152.84,378,430
6153.04,383,432
6153.24,386,434
6153.44,376,427
6153.64,361,427
6153.84,353,420
6154.04,351,416
6154.24,354,417
6154.44,357,419
6154.64,361,421
6154.84,365,422
6155.04,369,424
6155.24,372,427
6155.44,376,429
6155.64,379,430
6155.84,382,432
6156.04,382,431
6156.24,368,424
6156.44,362,421
6156.64,354,418
6156.84,355,417
6157.04,358,419
6157.24,362,421
6157.44,366,422
6157.64,372,424
6157.84,375,427
6158.04,379,428
6158.24,383,430
6158.44,384,429
6158.64,374,426
6158.84,371,426
6159.04,355,419
6159.24,352,415
6159.44,356,418
6159.64,362,420
6159.84,368,421
6160.04,374,423
6160.24,379,426
6160.44,382,429
6160.64,386,431
6160.84,391,432
6161.04,391,433
6161.24,388,432
6161.44,377,427
6161.64,365,421
6161.84,358,418
6162.04,354,415
6162.24,351,412
6162.44,350,408
6162.64,350,413
6162.84,355,416
6163.04,361,418
6163.24,367,422
6163.44,371,424
6163.64,375,427
6163.84,376,428
6164.04,371,432
6164.24,372,432
6164.44,372,432
6164.64,358,425
6164.84,348,420
6165.04,348,420
6165.24,348,422
6165.44,350,423
6165.64,351,424
6165.84,352,424
6166.04,355,424
6166.24,358,426
6166.44,360,427
6166.64,363,428
6166.84,366,428
6167.04,370,430
6167.24,374,431
6167.44,378,432
6167.64,382,434
6167.84,386,435
6168.04,389,436
6168.24,391,437
6168.44,389,436
6168.64,384,434
6168.84,376,430
6169.04,367,427
6169.24,361,425
6169.44,354,421
6169.64,349,420
6169.84,349,420
6170.04,352,421
6170.24,357,423
6170.44,362,426
6170.64,368,428
6170.84,375,431
6171.04,381,433
6171.24,386,434
6171.44,389,436
6171.64,392,438
6171.84,375,429
6172.04,358,429
6172.24,349,423
6172.44,351,423
6172.64,354,426
6172.84,358,427
6173.04,362,428
6173.24,364,429
6173.44,367,430
6173.64,370,432
6173.84,372,433
6174.04,375,435
6174.24,377,435
6174.44,377,436
6174.64,368,429
6174.84,364,429
6175.04,355,424
6175.24,355,424
6175.44,356,425
6175.64,359,426
6175.84,362,428
6176.04,366,429
6176.24,370,431
6176.44,376,433
6176.64,382,436
6176.84,382,437
6177.04,378,435
6177.24,371,431
6177.44,364,428
6177.64,359,425
6177.84,353,422
6178.04,352,421
6178.24,353,421
6178.44,358,424
6178.64,364,427
6178.84,369,429
6179.04,372,430
6179.24,375,432
6179.44,379,434
6179.64,385,437
6179.84,364,437
6180.04,339,432
6180.24,325,422
6180.44,306,397
6180.64,294,379
6180.84,304,392
6181.04,336,429
6181.24,353,445
6181.44,352,430
6181.64,364,428
6181.84,368,432
6182.04,368,431
6182.24,362,427
6182.44,351,422
6182.64,346,420
6182.84,345,417
6183.04,348,420
6183.24,351,422
6183.44,355,424
6183.64,357,424
6183.84,359,425
6184.04,362,426
6184.24,365,427
6184.44,367,428
6184.64,370,430
6184.84,374,431
6185.04,375,431
6185.24,376,431
6185.44,374,431
6185.64,361,424
6185.84,346,421
6186.04,346,420
6186.24,350,423
6186.44,355,425
6186.64,359,427
6186.84,363,429
6187.04,366,430
6187.24,370,431
6187.44,372,433
6187.64,373,433
6187.84,366,426
6188.04,355,426
6188.24,349,422
6188.44,345,419
6188.64,347,420
6188.84,354,424
6189.04,364,428
6189.24,371,431
6189.44,375,433
6189.64,378,434
6189.84,380,435
6190.04,383,436
6190.24,380,434
6190.44,369,428
6190.64,355,422
6190.84,348,419
6191.04,352,422
6191.24,358,423
6191.44,364,424
6191.64,370,426
6191.84,375,429
6192.04,379,430
6192.24,383,432
6192.44,387,433
6192.64,390,434
6192.84,384,439
6193.04,355,433
6193.24,330,423
6193.44,309,402
6193.64,295,391
6193.84,289,377
6194.04,306,392
6194.24,344,423
6194.44,364,434
6194.64,364,431
6194.84,363,428
6195.04,358,426
6195.24,350,419
6195.44,355,420
6195.64,359,420
6195.84,366,421
6196.04,372,424
6196.24,376,427
6196.44,381,429
6196.64,385,431
6196.84,384,432
6197.04,374,430
6197.24,367,426
6197.44,360,423
6197.64,356,420
6197.84,357,419
6198.04,362,421
6198.24,366,423
6198.44,369,425
6198.64,374,427
6198.84,378,430
6199.04,383,432
6199.24,386,434
6199.44,376,427
6199.64,361,427
6199.84,353,420
6200.04,351,416
6200.24,354,417
6200.44,357,419
6200.64,361,421
6200.84,365,422
6201.04,369,424
6201.24,372,427
6201.44,376,429
6201.64,379,430
6201.84,382,432
6202.04,382,431
6202.24,368,424
6202.44,362,421
6202.64,354,418
6202.84,355,417
6203.04,358,419
6203.24,362,421
6203.44,366,422
6203.64,372,424
6203.84,375,427
6204.04,379,428
6204.24,383,430
6204.44,384,429
6204.64,374,426
6204.84,371,426
6205.04,355,419
6205.24,352,415
6205.44,356,418
6205.64,362,420
6205.84,368,421
6206.04,374,423
6206.24,379,426
6206.44,382,429
6206.64,386,431
6206.84,391,432
6207.04,391,433
6207.24,388,432
6207.44,377,427
6207.64,365,421
6207.84,358,418
6208.04,354,415
6208.24,351,412
6208.44,350,408
6208.64,350,413
6208.84,355,416
6209.04,361,418
6209.24,367,422
6209.44,371,424
6209.64,375,427
6209.84,376,428
6210.04,371,432
6210.24,372,432
6210.44,372,432
6210.64,358,425
6210.84,348,420
6211.04,348,420
6211.24,348,422
6211.44,350,423
6211.64,351,424
6211.84,352,424
6212.04,355,424
6212.24,358,426
6212.44,360,427
6212.64,363,428
6212.84,366,428
6213.04,370,430
6213.24,374,431
6213.44,378,432
6213.64,382,434
6213.84,386,435
6214.04,389,436
6214.24,391,437
6214.44,389,436
6214.64,384,434
6214.84,376,430
6215.04,367,427
6215.24,361,425
6215.44,354,421
6215.64,349,420
6215.84,349,420
6216.04,352,421
6216.24,357,423
6216.44,362,426
6216.64,368,428
6216.84,375,431
6217.04,381,433
6217.24,386,434
6217.44,389,436
6217.64,392,438
6217.84,375,429
6218.04,358,429
6218.24,349,423
6218.44,351,423
6218.64,354,426
6218.84,358,427
6219.04,362,428
6219.24,364,429
6219.44,367,430
6219.64,370,432
6219.84,372,433
6220.04,375,435
6220.24,377,435
6220.44,377,436
6220.64,368,429
6220.84,364,429
6221.04,355,424
6221.24,355,424
6221.44,356,425
6221.64,359,426
6221.84,362,428
6222.04,366,429
6222.24,370,431
6222.44,376,433
6222.64,382,436
6222.84,382,437
6223.04,378,435
6223.24,371,431
6223.44,364,428
6223.64,359,425
6223.84,353,422
6224.04,352,421
6224.24,353,421
6224.44,358,424
6224.64,364,427
6224.84,369,429
6225.04,372,430
6225.24,375,432
6225.44,379,434
6225.64,385,437
6225.84,364,437
6226.04,339,432
6226.24,325,422
6226.44,306,397
6226.64,294,379
6226.84,304,392
6227.04,336,429
6227.24,353,445
6227.44,352,430
6227.64,364,428
6227.84,368,432
6228.04,368,431
6228.24,362,427
6228.44,351,422
6228.64,346,420
6228.84,345,417
6229.04,348,420
6229.24,351,422
6229.44,355,424
6229.64,357,424
6229.84,359,425
6230.04,362,426
6230.24,365,427
6230.44,367,428
6230.64,370,430
6230.84,374,431
6231.04,375,431
6231.24,376,431
6231.44,374,431
6231.64,361,424
6231.84,346,421
6232.04,346,420
6232.24,350,423
6232.44,355,425
6232.64,359,427
6232.84,363,429
6233.04,366,430
6233.24,370,431
6233.44,372,433
6233.64,373,433
6233.84,366,426
6234.04,355,426
6234.24,349,422
6234.44,345,419
6234.64,347,420
6234.84,354,424
6235.04,364,428
6235.24,371,431
6235.44,375,433
6235.64,378,434
6235.84,380,435
6236.04,383,436
6236.24,380,434
6236.44,369,428
6236.64,355,422
6236.84,348,419
6237.04,352,422
6237.24,358,423
6237.44,364,424
6237.64,370,426
6237.84,375,429
6238.04,379,430
6238.24,383,432
6238.44,387,433
6238.64,390,434
6238.84,384,439
6239.04,355,433
6239.24,330,423
6239.44,309,402
6239.64,295,391
6239.84,289,377
6240.04,306,392
6240.24,344,423
6240.44,364,434
6240.64,364,431
6240.84,363,428
6241.04,358,426
6241.24,350,419
6241.44,355,420
6241.64,359,420
6241.84,366,421
6242.04,372,424
6242.24,376,427
6242.44,381,429
6242.64,385,431
6242.84,384,432
6243.04,374,430
6243.24,367,426
6243.44,360,423
6243.64,356,420
6243.84,357,419
6244.04,362,421
6244.24,366,423
6244.44,369,425
6244.64,374,427
6244.84,378,430
6245.04,383,432
6245.24,386,434
6245.44,376,427
6245.64,361,427
6245.84,353,420
6246.04,351,416
6246.24,354,417
6246.44,357,419
6246.64,361,421
6246.84,365,422
6247.04,369,424
6247.24,372,427
6247.44,376,429
6247.64,379,430
6247.84,382,432
6248.04,382,431
6248.24,368,424
6248.44,362,421
6248.64,354,418
6248.84,355,417
6249.04,358,419
6249.24,362,421
6249.44,366,422
6249.64,372,424
6249.84,375,427
6250.04,379,428
6250.24,383,430
6250.44,384,429
6250.64,374,426
6250.84,371,426
6251.04,355,419
6251.24,352,415
6251.44,356,418
6251.64,362,420
6251.84,368,421
6252.04,374,423
6252.24,379,426
6252.44,382,429
6252.64,386,431
6252.84,391,432
6253.04,391,433
6253.24,388,432
6253.44,377,427
6253.64,365,421
6253.84,358,418
6254.04,354,415
6254.24,351,412
6254.44,350,408
6254.64,350,413
6254.84,355,416
6255.04,361,418
6255.24,367,422
6255.44,371,424
6255.64,375,427
6255.84,376,428
6256.04,371,432
6256.24,372,432
6256.44,372,432
6256.64,358,425
6256.84,348,420
6257.04,348,420
6257.24,348,422
6257.44,350,423
6257.64,351,424
6257.84,352,424
6258.04,355,424
6258.24,358,426
6258.44,360,427
6258.64,363,428
6258.84,366,428
6259.04,370,430
6259.24,374,431
6259.44,378,432
6259.64,382,434
6259.84,386,435
6260.04,389,436
6260.24,391,437
6260.44,389,436
6260.64,384,434
6260.84,376,430
6261.04,367,427
6261.24,361,425
6261.44,354,421
6261.64,349,420
6261.84,349,420
6262.04,352,421
6262.24,357,423
6262.44,362,426
6262.64,368,428
6262.84,375,431
6263.04,381,433
6263.24,386,434
6263.44,389,436
6263.64,392,438
6263.84,375,429
6264.04,358,429
6264.24,349,423
6264.44,351,423
6264.64,354,426
6264.84,358,427
6265.04,362,428
6265.24,364,429
6265.44,367,430
6265.64,370,432
6265.84,372,433
6266.04,375,435
6266.24,377,435
6266.44,377,436
6266.64,368,429
6266.84,364,429
6267.04,355,424
6267.24,355,424
6267.44,356,425
6267.64,359,426
6267.84,362,428
6268.04,366,429
6268.24,370,431
6268.44,376,433
6268.64,382,436
6268.84,382,437
6269.04,378,435
6269.24,371,431
6269.44,364,428
6269.64,359,425
6269.84,353,422
6270.04,352,421
6270.24,353,421
6270.44,358,424
6270.64,364,427
6270.84,369,429
6271.04,372,430
6271.24,375,432
6271.44,379,434
6271.64,385,437
6271.84,364,437
6272.04,339,432
6272.24,325,422
6272.44,306,397
6272.64,294,379
6272.84,304,392
6273.04,336,429
6273.24,353,445
6273.44,352,430
6273.64,364,428
6273.84,368,432
6274.04,368,431
6274.24,362,427
6274.44,351,422
6274.64,346,420
6274.84,345,417
6275.04,348,420
6275.24,351,422
6275.44,355,424
6275.64,357,424
6275.84,359,425
6276.04,362,426
6276.24,365,427
6276.44,367,428
6276.64,370,430
6276.84,374,431
6277.04,375,431
6277.24,376,431
6277.44,374,431
6277.64,361,424
6277.84,346,421
6278.04,346,420
6278.24,350,423
6278.44,355,425
6278.64,359,427
6278.84,363,429
6279.04,366,430
6279.24,370,431
6279.44,372,433
6279.64,373,433
6279.84,366,426
6280.04,355,426
6280.24,349,422
6280.44,345,419
6280.64,347,420
6280.84,354,424
6281.04,364,428
6281.24,371,431
6281.44,375,433
6281.64,378,434
6281.84,380,435
6282.04,383,436
6282.24,380,434
6282.44,369,428
6282.64,355,422
6282.84,348,419
6283.04,352,422
6283.24,358,423
6283.44,364,424
6283.64,370,426
6283.84,375,429
6284.04,379,430
6284.24,383,432
6284.44,387,433
6284.64,390,434
6284.84,384,439
6285.04,355,433
6285.24,330,423
6285.44,309,402
6285.64,295,391
6285.84,289,377
6286.04,306,392
6286.24,344,423
6286.44,364,434
6286.64,364,431
6286.84,363,428
6287.04,358,426
6287.24,350,419
6287.44,355,420
6287.64,359,420
6287.84,366,421
6288.04,372,424
6288.24,376,427
6288.44,381,429
6288.64,385,431
6288.84,384,432
6289.04,374,430
6289.24,367,426
6289.44,360,423
6289.64,356,420
6289.84,357,419
6290.04,362,421
6290.24,366,423
6290.44,369,425
6290.64,374,427
6290.84,378,430
6291.04,383,432
6291.24,386,434
6291.44,376,427
6291.64,361,427
6291.84,353,420
6292.04,351,416
6292.24,354,417
6292.44,357,419
6292.64,361,421
6292.84,365,422
6293.04,369,424
6293.24,372,427
6293.44,376,429
6293.64,379,430
6293.84,382,432
6294.04,382,431
6294.24,368,424
6294.44,362,421
6294.64,354,418
6294.84,355,417
6295.04,358,419
6295.24,362,421
6295.44,366,422
6295.64,372,424
6295.84,375,427
6296.04,379,428
6296.24,383,430
6296.44,384,429
6296.64,374,426
6296.84,371,426
6297.04,355,419
6297.24,352,415
6297.44,356,418
6297.64,362,420
6297.84,368,421
6298.04,374,423
6298.24,379,426
6298.44,382,429
6298.64,386,431
6298.84,391,432
6299.04,391,433
6299.24,388,432
6299.44,377,427
6299.64,365,421
6299.84,358,418
6300.04,354,415
6300.24,351,412
6300.44,350,408
6300.64,350,413
6300.84,355,416
6301.04,361,418
6301.24,367,422
6301.44,371,424
6301.64,375,427
6301.84,376,428
6302.04,371,432
6302.24,372,432
6302.44,372,432
6302.64,358,425
6302.84,348,420
6303.04,348,420
6303.24,348,422
6303.44,350,423
6303.64,351,424
6303.84,352,424
6304.04,355,424
6304.24,358,426
6304.44,360,427
6304.64,363,428
6304.84,366,428
6305.04,370,430
6305.24,374,431
6305.44,378,432
6305.64,382,434
6305.84,386,435
6306.04,389,436
6306.24,391,437
6306.44,389,436
6306.64,384,434
6306.84,376,430
6307.04,367,427
6307.24,361,425
6307.44,354,421
6307.64,349,420
6307.84,349,420
6308.04,352,421
6308.24,357,423
6308.44,362,426
6308.64,368,428
6308.84,375,431
6309.04,381,433
6309.24,386,434
6309.44,389,436
6309.64,392,438
6309.84,375,429
6310.04,358,429
6310.24,349,423
6310.44,351,423
6310.64,354,426
6310.84,358,427
6311.04,362,428
6311.24,364,429
6311.44,367,430
6311.64,370,432
6311.84,372,433
6312.04,375,435
6312.24,377,435
6312.44,377,436
6312.64,368,429
6312.84,364,429
6313.04,355,424
6313.24,355,424
6313.44,356,425
6313.64,359,426
6313.84,362,428
6314.04,366,429
6314.24,370,431
6314.44,376,433
6314.64,382,436
6314.84,382,437
6315.04,378,435
6315.24,371,431
6315.44,364,428
6315.64,359,425
6315.84,353,422
6316.04,352,421
6316.24,353,421
6316.44,358,424
6316.64,364,427
6316.84,369,429
6317.04,372,430
6317.24,375,432
6317.44,379,434
6317.64,385,437
6317.84,364,437
6318.04,339,432
6318.24,325,422
6318.44,306,397
6318.64,294,379
6318.84,304,392
6319.04,336,429
6319.24,353,445
6319.44,352,430
6319.64,364,428
6319.84,368,432
6320.04,368,431
6320.24,362,427
6320.44,351,422
6320.64,346,420
6320.84,345,417
6321.04,348,420
6321.24,351,422
6321.44,355,424
6321.64,357,424
6321.84,359,425
6322.04,362,426
6322.24,365,427
6322.44,367,428
6322.64,370,430
6322.84,374,431
6323.04,375,431
6323.24,376,431
6323.44,374,431
6323.64,361,424
6323.84,346,421
6324.04,346,420
6324.24,350,423
6324.44,355,425
6324.64,359,427
6324.84,363,429
6325.04,366,430
6325.24,370,431
6325.44,372,433
6325.64,373,433
6325.84,366,426
6326.04,355,426
6326.24,349,422
6326.44,345,419
6326.64,347,420
6326.84,354,424
6327.04,364,428
6327.24,371,431
6327.44,375,433
6327.64,378,434
6327.84,380,435
6328.04,383,436
6328.24,380,434
6328.44,369,428
6328.64,355,422
6328.84,348,419
6329.04,352,422
6329.24,358,423
6329.44,364,424
6329.64,370,426
6329.84,375,429
6330.04,379,430
6330.24,383,432
6330.44,387,433
6330.64,390,434
6330.84,384,439
6331.04,355,433
6331.24,330,423
6331.44,309,402
6331.64,295,391
6331.84,289,377
6332.04,306,392
6332.24,344,423
6332.44,364,434
6332.64,364,431
6332.84,363,428
6333.04,358,426
6333.24,350,419
6333.44,355,420
6333.64,359,420
6333.84,366,421
6334.04,372,424
6334.24,376,427
6334.44,381,429
6334.64,385,431
6334.84,384,432
6335.04,374,430
6335.24,367,426
6335.44,360,423
6335.64,356,420
6335.84,357,419
6336.04,362,421
6336.24,366,423
6336.44,369,425
6336.64,374,427
6336.84,378,430
6337.04,383,432
6337.24,386,434
6337.44,376,427
6337.64,361,427
6337.84,353,420
6338.04,351,416
6338.24,354,417
6338.44,357,419
6338.64,361,421
6338.84,365,422
6339.04,369,424
6339.24,372,427
6339.44,376,429
6339.64,379,430
6339.84,382,432
6340.04,382,431
6340.24,368,424
6340.44,362,421
6340.64,354,418
6340.84,355,417
6341.04,358,419
6341.24,362,421
6341.44,366,422
6341.64,372,424
6341.84,375,427
6342.04,379,428
6342.24,383,430
6342.44,384,429
6342.64,374,426
6342.84,371,426
6343.04,355,419
6343.24,352,415
6343.44,356,418
6343.64,362,420
6343.84,368,421
6344.04,374,423
6344.24,379,426
6344.44,382,429
6344.64,386,431
6344.84,391,432
6345.04,391,433
6345.24,388,432
6345.44,377,427
6345.64,365,421
6345.84,358,418
6346.04,354,415
6346.24,351,412
6346.44,350,408
6346.64,350,413
6346.84,355,416
6347.04,361,418
6347.24,367,422
6347.44,371,424
6347.64,375,427
6347.84,376,428
6348.04,371,432
6348.24,372,432
6348.44,372,432
6348.64,358,425
6348.84,348,420
6349.04,348,420
6349.24,348,422
6349.44,350,423
6349.64,351,424
6349.84,352,424
6350.04,355,424
6350.24,358,426
6350.44,360,427
6350.64,363,428
6350.84,366,428
6351.04,370,430
6351.24,374,431
6351.44,378,432
6351.64,382,434
6351.84,386,435
6352.04,389,436
6352.24,391,437
6352.44,389,436
6352.64,384,434
6352.84,376,430
6353.04,367,427
6353.24,361,425
6353.44,354,421
6353.64,349,420
6353.84,349,420
6354.04,352,421
6354.24,357,423
6354.44,362,426
6354.64,368,428
6354.84,375,431
6355.04,381,433
6355.24,386,434
6355.44,389,436
6355.64,392,438
6355.84,375,429
6356.04,358,429
6356.24,349,423
6356.44,351,423
6356.64,354,426
6356.84,358,427
6357.04,362,428
6357.24,364,429
6357.44,367,430
6357.64,370,432
6357.84,372,433
6358.04,375,435
6358.24,377,435
6358.44,377,436
6358.64,368,429
6358.84,364,429
6359.04,355,424
6359.24,355,424
6359.44,356,425
6359.64,359,426
6359.84,362,428
6360.04,366,429
6360.24,370,431
6360.44,376,433
6360.64,382,436
6360.84,382,437
6361.04,378,435
6361.24,371,431
6361.44,364,428
6361.64,359,425
6361.84,353,422
6362.04,352,421
6362.24,353,421
6362.44,358,424
6362.64,364,427
6362.84,369,429
6363.04,372,430
6363.24,375,432
6363.44,379,434
6363.64,385,437
6363.84,364,437
6364.04,339,432
6364.24,325,422
6364.44,306,397
6364.64,294,379
6364.84,304,392
6365.04,336,429
6365.24,353,445
6365.44,352,430
6365.64,364,428
6365.84,368,432
6366.04,368,431
6366.24,362,427
6366.44,351,422
6366.64,346,420
6366.84,345,417
6367.04,348,420
6367.24,351,422
6367.44,355,424
6367.64,357,424
6367.84,359,425
6368.04,362,426
6368.24,365,427
6368.44,367,428
6368.64,370,430
6368.84,374,431
6369.04,375,431
6369.24,376,431
6369.44,374,431
6369.64,361,424
6369.84,346,421
6370.04,346,420
6370.24,350,423
6370.44,355,425
6370.64,359,427
6370.84,363,429
6371.04,366,430
6371.24,370,431
6371.44,372,433
6371.64,373,433
6371.84,366,426
6372.04,355,426
6372.24,349,422
6372.44,345,419
6372.64,347,420
6372.84,354,424
6373.04,364,428
6373.24,371,431
6373.44,375,433
6373.64,378,434
6373.84,380,435
6374.04,383,436
6374.24,380,434
6374.44,369,428
6374.64,355,422
6374.84,348,419
6375.04,352,422
6375.24,358,423
6375.44,364,424
6375.64,370,426
6375.84,375,429
6376.04,379,430
6376.24,383,432
6376.44,387,433
6376.64,390,434
6376.84,384,439
6377.04,355,433
6377.24,330,423
6377.44,309,402
6377.64,295,391
6377.84,289,377
6378.04,306,392
6378.24,344,423
6378.44,364,434
6378.64,364,431
6378.84,363,428
6379.04,358,426
6379.24,350,419
6379.44,355,420
6379.64,359,420
6379.84,366,421
6380.04,372,424
6380.24,376,427
6380.44,381,429
6380.64,385,431
6380.84,384,432
6381.04,374,430
6381.24,367,426
6381.44,360,423
6381.64,356,420
6381.84,357,419
6382.04,362,421
6382.24,366,423
6382.44,369,425
6382.64,374,427
6382.84,378,430
6383.04,383,432
6383.24,386,434
6383.44,376,427
6383.64,361,427
6383.84,353,420
6384.04,351,416
6384.24,354,417
6384.44,357,419
6384.64,361,421
6384.84,365,422
6385.04,369,424
6385.24,372,427
6385.44,376,429
6385.64,379,430
6385.84,382,432
6386.04,382,431
6386.24,368,424
6386.44,362,421
6386.64,354,418
6386.84,355,417
6387.04,358,419
6387.24,362,421
6387.44,366,422
6387.64,372,424
6387.84,375,427
6388.04,379,428
6388.24,383,430
6388.44,384,429
6388.64,374,426
6388.84,371,426
6389.04,355,419
6389.24,352,415
6389.44,356,418
6389.64,362,420
6389.84,368,421
6390.04,374,423
6390.24,379,426
6390.44,382,429
6390.64,386,431
6390.84,391,432
6391.04,391,433
6391.24,388,432
6391.44,377,427
6391.64,365,421
6391.84,358,418
6392.04,354,415
6392.24,351,412
6392.44,350,408
6392.64,350,413
6392.84,355,416
6393.04,361,418
6393.24,367,422
6393.44,371,424
6393.64,375,427
6393.84,376,428
6394.04,371,432
6394.24,372,432
6394.44,372,432
6394.64,358,425
6394.84,348,420
6395.04,348,420
6395.24,348,422
6395.44,350,423
6395.64,351,424
6395.84,352,424
6396.04,355,424
6396.24,358,426
6396.44,360,427
6396.64,363,428
6396.84,366,428
6397.04,370,430
6397.24,374,431
6397.44,378,432
6397.64,382,434
6397.84,386,435
6398.04,389,436
6398.24,391,437
6398.44,389,436
6398.64,384,434
6398.84,376,430
6399.04,367,427
6399.24,361,425
6399.44,354,421
6399.64,349,420
6399.84,349,420
6400.04,352,421
6400.24,357,423
6400.44,362,426
6400.64,368,428
6400.84,375,431
6401.04,381,433
6401.24,386,434
6401.44,389,436
6401.64,392,438
6401.84,375,429
6402.04,358,429
6402.24,349,423
6402.44,351,423
6402.64,354,426
6402.84,358,427
6403.04,362,428
6403.24,364,429
6403.44,367,430
6403.64,370,432
6403.84,372,433
6404.04,375,435
6404.24,377,435
6404.44,377,436
6404.64,368,429
6404.84,364,429
6405.04,355,424
6405.24,355,424
6405.44,356,425
6405.64,359,426
6405.84,362,428
6406.04,366,429
6406.24,370,431
6406.44,376,433
6406.64,382,436
6406.84,382,437
6407.04,378,435
6407.24,371,431
6407.44,364,428
6407.64,359,425
6407.84,353,422
6408.04,352,421
6408.24,353,421
6408.44,358,424
6408.64,364,427
6408.84,369,429
6409.04,372,430
6409.24,375,432
6409.44,379,434
6409.64,385,437
6409.84,364,437
6410.04,339,432
6410.24,325,422
6410.44,306,397
6410.64,294,379
6410.84,304,392
6411.04,336,429
6411.24,353,445
6411.44,352,430
6411.64,364,428
6411.84,368,432
6412.04,368,431
6412.24,362,427
6412.44,351,422
6412.64,346,420
6412.84,345,417
6413.04,348,420
6413.24,351,422
6413.44,355,424
6413.64,357,424
6413.84,359,425
6414.04,362,426
6414.24,365,427
6414.44,367,428
6414.64,370,430
6414.84,374,431
6415.04,375,431
6415.24,376,431
6415.44,374,431
6415.64,361,424
6415.84,346,421
6416.04,346,420
6416.24,350,423
6416.44,355,425
6416.64,359,427
6416.84,363,429
6417.04,366,430
6417.24,370,431
6417.44,372,433
6417.64,373,433
6417.84,366,426
6418.04,355,426
6418.24,349,422
6418.44,345,419
6418.64,347,420
6418.84,354,424
6419.04,364,428
6419.24,371,431
6419.44,375,433
6419.64,378,434
6419.84,380,435
6420.04,383,436
6420.24,380,434
6420.44,369,428
6420.64,355,422
6420.84,348,419
6421.04,352,422
6421.24,358,423
6421.44,364,424
6421.64,370,426
6421.84,375,429
6422.04,379,430
6422.24,383,432
6422.44,387,433
6422.64,390,434
6422.84,384,439
6423.04,355,433
6423.24,330,423
6423.44,309,402
6423.64,295,391
6423.84,289,377
6424.04,306,392
6424.24,344,423
6424.44,364,434
6424.64,364,431
6424.84,363,428
6425.04,358,426
6425.24,350,419
6425.44,355,420
6425.64,359,420
6425.84,366,421
6426.04,372,424
6426.24,376,427
6426.44,381,429
6426.64,385,431
6426.84,384,432
6427.04,374,430
6427.24,367,426
6427.44,360,423
6427.64,356,420
6427.84,357,419
6428.04,362,421
6428.24,366,423
6428.44,369,425
6428.64,374,427
6428.84,378,430
6429.04,383,432
6429.24,386,434
6429.44,376,427
6429.64,361,427
6429.84,353,420
6430.04,351,416
6430.24,354,417
6430.44,357,419
6430.64,361,421
6430.84,365,422
6431.04,369,424
6431.24,372,427
6431.44,376,429
6431.64,379,430
6431.84,382,432
6432.04,382,431
6432.24,368,424
6432.44,362,421
6432.64,354,418
6432.84,355,417
6433.04,358,419
6433.24,362,421
6433.44,366,422
6433.64,372,424
6433.84,375,427
6434.04,379,428
6434.24,383,430
6434.44,384,429
6434.64,374,426
6434.84,371,426
6435.04,355,419
6435.24,352,415
6435.44,356,418
6435.64,362,420
6435.84,368,421
6436.04,374,423
6436.24,379,426
6436.44,382,429
6436.64,386,431
6436.84,391,432
6437.04,391,433
6437.24,388,432
6437.44,377,427
6437.64,365,421
6437.84,358,418
6438.04,354,415
6438.24,351,412
6438.44,350,408
6438.64,350,413
6438.84,355,416
6439.04,361,418
6439.24,367,422
6439.44,371,424
6439.64,375,427
6439.84,376,428
6440.04,371,432
6440.24,372,432
6440.44,372,432
6440.64,358,425
6440.84,348,420
6441.04,348,420
6441.24,348,422
6441.44,350,423
6441.64,351,424
6441.84,352,424
6442.04,355,424
6442.24,358,426
6442.44,360,427
6442.64,363,428
6442.84,366,428
6443.04,370,430
6443.24,374,431
6443.44,378,432
6443.64,382,434
6443.84,386,435
6444.04,389,436
6444.24,391,437
6444.44,389,436
6444.64,384,434
6444.84,376,430
6445.04,367,427
6445.24,361,425
6445.44,354,421
6445.64,349,420
6445.84,349,420
6446.04,352,421
6446.24,357,423
6446.44,362,426
6446.64,368,428
6446.84,375,431
6447.04,381,433
6447.24,386,434
6447.44,389,436
6447.64,392,438
6447.84,375,429
6448.04,358,429
6448.24,349,423
6448.44,351,423
6448.64,354,426
6448.84,358,427
6449.04,362,428
6449.24,364,429
6449.44,367,430
6449.64,370,432
6449.84,372,433
6450.04,375,435
6450.24,377,435
6450.44,377,436
6450.64,368,429
6450.84,364,429
6451.04,355,424
6451.24,355,424
6451.44,356,425
6451.64,359,426
6451.84,362,428
6452.04,366,429
6452.24,370,431
6452.44,376,433
6452.64,382,436
6452.84,382,437
6453.04,378,435
6453.24,371,431
6453.44,364,428
6453.64,359,425
6453.84,353,422
6454.04,352,421
6454.24,353,421
6454.44,358,424
6454.64,364,427
6454.84,369,429
6455.04,372,430
6455.24,375,432
6455.44,379,434
6455.64,385,437
6455.84,364,437
6456.04,339,432
6456.24,325,422
6456.44,306,397
6456.64,294,379
6456.84,304,392
6457.04,336,429
6457.24,353,445
6457.44,352,430
6457.64,364,428
6457.84,368,432
6458.04,368,431
6458.24,362,427
6458.44,351,422
6458.64,346,420
6458.84,345,417
6459.04,348,420
6459.24,351,422
6459.44,355,424
6459.64,357,424
6459.84,359,425
6460.04,362,426
6460.24,365,427
6460.44,367,428
6460.64,370,430
6460.84,374,431
6461.04,375,431
6461.24,376,431
6461.44,374,431
6461.64,361,424
6461.84,346,421
6462.04,346,420
6462.24,350,423
6462.44,355,425
6462.64,359,427
6462.84,363,429
6463.04,366,430
6463.24,370,431
6463.44,372,433
6463.64,373,433
6463.84,366,426
6464.04,355,426
6464.24,349,422
6464.44,345,419
6464.64,347,420
6464.84,354,424
6465.04,364,428
6465.24,371,431
6465.44,375,433
6465.64,378,434
6465.84,380,435
6466.04,383,436
6466.24,380,434
6466.44,369,428
6466.64,355,422
6466.84,348,419
6467.04,352,422
6467.24,358,423
6467.44,364,424
6467.64,370,426
6467.84,375,429
6468.04,379,430
6468.24,383,432
6468.44,387,433
6468.64,390,434
6468.84,384,439
6469.04,355,433
6469.24,330,423
6469.44,309,402
6469.64,295,391
6469.84,289,377
6470.04,306,392
6470.24,344,423
6470.44,364,434
6470.64,364,431
6470.84,363,428
6471.04,358,426
6471.24,350,419
6471.44,355,420
6471.64,359,420
6471.84,366,421
6472.04,372,424
6472.24,376,427
6472.44,381,429
6472.64,385,431
6472.84,384,432
6473.04,374,430
6473.24,367,426
6473.44,360,423
6473.64,356,420
6473.84,357,419
6474.04,362,421
6474.24,366,423
6474.44,369,425
6474.64,374,427
6474.84,378,430
6475.04,383,432
6475.24,386,434
6475.44,376,427
6475.64,361,427
6475.84,353,420
6476.04,351,416
6476.24,354,417
6476.44,357,419
6476.64,361,421
6476.84,365,422
6477.04,369,424
6477.24,372,427
6477.44,376,429
6477.64,379,430
6477.84,382,432
6478.04,382,431
6478.24,368,424
6478.44,362,421
6478.64,354,418
6478.84,355,417
6479.04,358,419
6479.24,362,421
6479.44,366,422
6479.64,372,424
6479.84,375,427
6480.04,379,428
6480.24,383,430
6480.44,384,429
6480.64,374,426
6480.84,371,426
6481.04,355,419
6481.24,352,415
6481.44,356,418
6481.64,362,420
6481.84,368,421
6482.04,374,423
6482.24,379,426
6482.44,382,429
6482.64,386,431
6482.84,391,432
6483.04,391,433
6483.24,388,432
6483.44,377,427
6483.64,365,421
6483.84,358,418
6484.04,354,415
6484.24,351,412
6484.44,350,408
6484.64,350,413
6484.84,355,416
6485.04,361,418
6485.24,367,422
6485.44,371,424
6485.64,375,427
6485.84,376,428
6486.04,371,432
6486.24,372,432
6486.44,372,432
6486.64,358,425
6486.84,348,420
6487.04,348,420
6487.24,348,422
6487.44,350,423
6487.64,351,424
6487.84,352,424
6488.04,355,424
6488.24,358,426
6488.44,360,427
6488.64,363,428
6488.84,366,428
6489.04,370,430
6489.24,374,431
6489.44,378,432
6489.64,382,434
6489.84,386,435
6490.04,389,436
6490.24,391,437
6490.44,389,436
6490.64,384,434
6490.84,376,430
6491.04,367,427
6491.24,361,425
6491.44,354,421
6491.64,349,420
6491.84,349,420
6492.04,352,421
6492.24,357,423
6492.44,362,426
6492.64,368,428
6492.84,375,431
6493.04,381,433
6493.24,386,434
6493.44,389,436
6493.64,392,438
6493.84,375,429
6494.04,358,429
6494.24,349,423
6494.44,351,423
6494.64,354,426
6494.84,358,427
6495.04,362,428
6495.24,364,429
6495.44,367,430
6495.64,370,432
6495.84,372,433
6496.04,375,435
6496.24,377,435
6496.44,377,436
6496.64,368,429
6496.84,364,429
6497.04,355,424
6497.24,355,424
6497.44,356,425
6497.64,359,426
6497.84,362,428
6498.04,366,429
6498.24,370,431
6498.44,376,433
6498.64,382,436
6498.84,382,437
6499.04,378,435
6499.24,371,431
6499.44,364,428
6499.64,359,425
6499.84,353,422
6500.04,352,421
6500.24,353,421
6500.44,358,424
6500.64,364,427
6500.84,369,429
6501.04,372,430
6501.24,375,432
6501.44,379,434
6501.64,385,437
6501.84,364,437
6502.04,339,432
6502.24,325,422
6502.44,306,397
6502.64,294,379
6502.84,304,392
6503.04,336,429
6503.24,353,445
6503.44,352,430
6503.64,364,428
6503.84,368,432
6504.04,368,431
6504.24,362,427
6504.44,351,422
6504.64,346,420
6504.84,345,417
6505.04,348,420
6505.24,351,422
6505.44,355,424
6505.64,357,424
6505.84,359,425
6506.04,362,426
6506.24,365,427
6506.44,367,428
6506.64,370,430
6506.84,374,431
6507.04,375,431
6507.24,376,431
6507.44,374,431
6507.64,361,424
6507.84,346,421
6508.04,346,420
6508.24,350,423
6508.44,355,425
6508.64,359,427
6508.84,363,429
6509.04,366,430
6509.24,370,431
6509.44,372,433
6509.64,373,433
6509.84,366,426
6510.04,355,426
6510.24,349,422
6510.44,345,419
6510.64,347,420
6510.84,354,424
6511.04,364,428
6511.24,371,431
6511.44,375,433
6511.64,378,434
6511.84,380,435
6512.04,383,436
6512.24,380,434
6512.44,369,428
6512.64,355,422
6512.84,348,419
6513.04,352,422
6513.24,358,423
6513.44,364,424
6513.64,370,426
6513.84,375,429
6514.04,379,430
6514.24,383,432
6514.44,387,433
6514.64,390,434
6514.84,384,439
6515.04,355,433
6515.24,330,423
6515.44,309,402
6515.64,295,391
6515.84,289,377
6516.04,306,392
6516.24,344,423
6516.44,364,434
6516.64,364,431
6516.84,363,428
6517.04,358,426
6517.24,350,419
6517.44,355,420
6517.64,359,420
6517.84,366,421
6518.04,372,424
6518.24,376,427
6518.44,381,429
6518.64,385,431
6518.84,384,432
6519.04,374,430
6519.24,367,426
6519.44,360,423
6519.64,356,420
6519.84,357,419
6520.04,362,421
6520.24,366,423
6520.44,369,425
6520.64,374,427
6520.84,378,430
6521.04,383,432
6521.24,386,434
6521.44,376,427
6521.64,361,427
6521.84,353,420
6522.04,351,416
6522.24,354,417
6522.44,357,419
6522.64,361,421
6522.84,365,422
6523.04,369,424
6523.24,372,427
6523.44,376,429
6523.64,379,430
6523.84,382,432
6524.04,382,431
6524.24,368,424
6524.44,362,421
6524.64,354,418
6524.84,355,417
6525.04,358,419
6525.24,362,421
6525.44,366,422
6525.64,372,424
6525.84,375,427
6526.04,379,428
6526.24,383,430
6526.44,384,429
6526.64,374,426
6526.84,371,426
6527.04,355,419
6527.24,352,415
6527.44,356,418
6527.64,362,420
6527.84,368,421
6528.04,374,423
6528.24,379,426
6528.44,382,429
6528.64,386,431
6528.84,391,432
6529.04,391,433
6529.24,388,432
6529.44,377,427
6529.64,365,421
6529.84,358,418
6530.04,354,415
6530.24,351,412
6530.44,350,408
6530.64,350,413
6530.84,355,416
6531.04,361,418
6531.24,367,422
6531.44,371,424
6531.64,375,427
6531.84,376,428
6532.04,371,432
6532.24,372,432
6532.44,372,432
6532.64,358,425
6532.84,348,420
6533.04,348,420
6533.24,348,422
6533.44,350,423
6533.64,351,424
6533.84,352,424
6534.04,355,424
6534.24,358,426
6534.44,360,427
6534.64,363,428
6534.84,366,428
6535.04,370,430
6535.24,374,431
6535.44,378,432
6535.64,382,434
6535.84,386,435
6536.04,389,436
6536.24,391,437
6536.44,389,436
6536.64,384,434
6536.84,376,430
6537.04,367,427
6537.24,361,425
6537.44,354,421
6537.64,349,420
6537.84,349,420
6538.04,352,421
6538.24,357,423
6538.44,362,426
6538.64,368,428
6538.84,375,431
6539.04,381,433
6539.24,386,434
6539.44,389,436
6539.64,392,438
6539.84,375,429
6540.04,358,429
6540.24,349,423
6540.44,351,423
6540.64,354,426
6540.84,358,427
6541.04,362,428
6541.24,364,429
6541.44,367,430
6541.64,370,432
6541.84,372,433
6542.04,375,435
6542.24,377,435
6542.44,377,436
6542.64,368,429
6542.84,364,429
6543.04,355,424
6543.24,355,424
6543.44,356,425
6543.64,359,426
6543.84,362,428
6544.04,366,429
6544.24,370,431
6544.44,376,433
6544.64,382,436
6544.84,382,437
6545.04,378,435
6545.24,371,431
6545.44,364,428
6545.64,359,425
6545.84,353,422
6546.04,352,421
6546.24,353,421
6546.44,358,424
6546.64,364,427
6546.84,369,429
6547.04,372,430
6547.24,375,432
6547.44,379,434
6547.64,385,437
6547.84,364,437
6548.04,339,432
6548.24,325,422
6548.44,306,397
6548.64,294,379
6548.84,304,392
6549.04,336,429
6549.24,353,445
6549.44,352,430
6549.64,364,428
6549.84,368,432
6550.04,368,431
6550.24,362,427
6550.44,351,422
6550.64,346,420
6550.84,345,417
6551.04,348,420
6551.24,351,422
6551.44,355,424
6551.64,357,424
6551.84,359,425
6552.04,362,426
6552.24,365,427
6552.44,367,428
6552.64,370,430
6552.84,374,431
6553.04,375,431
6553.24,376,431
6553.44,374,431
6553.64,361,424
6553.84,346,421
6554.04,346,420
6554.24,350,423
6554.44,355,425
6554.64,359,427
6554.84,363,429
6555.04,366,430
6555.24,370,431
6555.44,372,433
6555.64,373,433
6555.84,366,426
6556.04,355,426
6556.24,349,422
6556.44,345,419
6556.64,347,420
6556.84,354,424
6557.04,364,428
6557.24,371,431
6557.44,375,433
6557.64,378,434
6557.84,380,435
6558.04,383,436
6558.24,380,434
6558.44,369,428
6558.64,355,422
6558.84,348,419
6559.04,352,422
6559.24,358,423
6559.44,364,424
6559.64,370,426
6559.84,375,429
6560.04,379,430
6560.24,383,432
6560.44,387,433
6560.64,390,434
6560.84,384,439
6561.04,355,433
6561.24,330,423
6561.44,309,402
6561.64,295,391
6561.84,289,377
6562.04,306,392
6562.24,344,423
6562.44,364,434
6562.64,364,431
6562.84,363,428
6563.04,358,426
6563.24,350,419
6563.44,355,420
6563.64,359,420
6563.84,366,421
6564.04,372,424
6564.24,376,427
6564.44,381,429
6564.64,385,431
6564.84,384,432
6565.04,374,430
6565.24,367,426
6565.44,360,423
6565.64,356,420
6565.84,357,419
6566.04,362,421
6566.24,366,423
6566.44,369,425
6566.64,374,427
6566.84,378,430
6567.04,383,432
6567.24,386,434
6567.44,376,427
6567.64,361,427
6567.84,353,420
6568.04,351,416
6568.24,354,417
6568.44,357,419
6568.64,361,421
6568.84,365,422
6569.04,369,424
6569.24,372,427
6569.44,376,429
6569.64,379,430
6569.84,382,432
6570.04,382,431
6570.24,368,424
6570.44,362,421
6570.64,354,418
6570.84,355,417
6571.04,358,419
6571.24,362,421
6571.44,366,422
6571.64,372,424
6571.84,375,427
6572.04,379,428
6572.24,383,430
6572.44,384,429
6572.64,374,426
6572.84,371,426
6573.04,355,419
6573.24,352,415
6573.44,356,418
6573.64,362,420
6573.84,368,421
6574.04,374,423
6574.24,379,426
6574.44,382,429
6574.64,386,431
6574.84,391,432
6575.04,391,433
6575.24,388,432
6575.44,377,427
6575.64,365,421
6575.84,358,418
6576.04,354,415
6576.24,351,412
6576.44,350,408
6576.64,350,413
6576.84,355,416
6577.04,361,418
6577.24,367,422
6577.44,371,424
6577.64,375,427
6577.84,376,428
6578.04,371,432
6578.24,372,432
6578.44,372,432
6578.64,358,425
6578.84,348,420
6579.04,348,420
6579.24,348,422
6579.44,350,423
6579.64,351,424
6579.84,352,424
6580.04,355,424
6580.24,358,426
6580.44,360,427
6580.64,363,428
6580.84,366,428
6581.04,370,430
6581.24,374,431
6581.44,378,432
6581.64,382,434
6581.84,386,435
6582.04,389,436
6582.24,391,437
6582.44,389,436
6582.64,384,434
6582.84,376,430
6583.04,367,427
6583.24,361,425
6583.44,354,421
6583.64,349,420
6583.84,349,420
6584.04,352,421
6584.24,357,423
6584.44,362,426
6584.64,368,428
6584.84,375,431
6585.04,381,433
6585.24,386,434
6585.44,389,436
6585.64,392,438
6585.84,375,429
6586.04,358,429
6586.24,349,423
6586.44,351,423
6586.64,354,426
6586.84,358,427
6587.04,362,428
6587.24,364,429
6587.44,367,430
6587.64,370,432
6587.84,372,433
6588.04,375,435
6588.24,377,435
6588.44,377,436
6588.64,368,429
6588.84,364,429
6589.04,355,424
6589.24,355,424
6589.44,356,425
6589.64,359,426
6589.84,362,428
6590.04,366,429
6590.24,370,431
6590.44,376,433
6590.64,382,436
6590.84,382,437
6591.04,378,435
6591.24,371,431
6591.44,364,428
6591.64,359,425
6591.84,353,422
6592.04,352,421
6592.24,353,421
6592.44,358,424
6592.64,364,427
6592.84,369,429
6593.04,372,430
6593.24,375,432
6593.44,379,434
6593.64,385,437
6593.84,364,437
6594.04,339,432
6594.24,325,422
6594.44,306,397
6594.64,294,379
6594.84,304,392
6595.04,336,429
6595.24,353,445
6595.44,352,430
6595.64,364,428
6595.84,368,432
6596.04,368,431
6596.24,362,427
6596.44,351,422
6596.64,346,420
6596.84,345,417
6597.04,348,420
6597.24,351,422
6597.44,355,424
6597.64,357,424
6597.84,359,425
6598.04,362,426
6598.24,365,427
6598.44,367,428
6598.64,370,430
6598.84,374,431
6599.04,375,431
6599.24,376,431
6599.44,374,431
6599.64,361,424
6599.84,346,421
6600.04,346,420
6600.24,350,423
6600.44,355,425
6600.64,359,427
6600.84,363,429
6601.04,366,430
6601.24,370,431
6601.44,372,433
6601.64,373,433
6601.84,366,426
6602.04,355,426
6602.24,349,422
6602.44,345,419
6602.64,347,420
6602.84,354,424
6603.04,364,428
6603.24,371,431
6603.44,375,433
6603.64,378,434
6603.84,380,435
6604.04,383,436
6604.24,380,434
6604.44,369,428
6604.64,355,422
6604.84,348,419
6605.04,352,422
6605.24,358,423
6605.44,364,424
6605.64,370,426
6605.84,375,429
6606.04,379,430
6606.24,383,432
6606.44,387,433
6606.64,390,434
6606.84,384,439
6607.04,355,433
6607.24,330,423
6607.44,309,402
6607.64,295,391
6607.84,289,377
6608.04,306,392
6608.24,344,423
6608.44,364,434
6608.64,364,431
6608.84,363,428
6609.04,358,426
6609.24,350,419
6609.44,355,420
6609.64,359,420
6609.84,366,421
6610.04,372,424
6610.24,376,427
6610.44,381,429
6610.64,385,431
6610.84,384,432
6611.04,374,430
6611.24,367,426
6611.44,360,423
6611.64,356,420
6611.84,357,419
6612.04,362,421
6612.24,366,423
6612.44,369,425
6612.64,374,427
6612.84,378,430
6613.04,383,432
6613.24,386,434
6613.44,376,427
6613.64,361,427
6613.84,353,420
6614.04,351,416
6614.24,354,417
6614.44,357,419
6614.64,361,421
6614.84,365,422
6615.04,369,424
6615.24,372,427
6615.44,376,429
6615.64,379,430
6615.84,382,432
6616.04,382,431
6616.24,368,424
6616.44,362,421
6616.64,354,418
6616.84,355,417
6617.04,358,419
6617.24,362,421
6617.44,366,422
6617.64,372,424
6617.84,375,427
6618.04,379,428
6618.24,383,430
6618.44,384,429
6618.64,374,426
6618.84,371,426
6619.04,355,419
6619.24,352,415
6619.44,356,418
6619.64,362,420
6619.84,368,421
6620.04,374,423
6620.24,379,426
6620.44,382,429
6620.64,386,431
6620.84,391,432
6621.04,391,433
6621.24,388,432
6621.44,377,427
6621.64,365,421
6621.84,358,418
6622.04,354,415
6622.24,351,412
6622.44,350,408
6622.64,350,413
6622.84,355,416
6623.04,361,418
6623.24,367,422
6623.44,371,424
6623.64,375,427
6623.84,376,428
6624.04,371,432
6624.24,372,432
6624.44,372,432
6624.64,358,425
6624.84,348,420
6625.04,348,420
6625.24,348,422
6625.44,350,423
6625.64,351,424
6625.84,352,424
6626.04,355,424
6626.24,358,426
6626.44,360,427
6626.64,363,428
6626.84,366,428
6627.04,370,430
6627.24,374,431
6627.44,378,432
6627.64,382,434
6627.84,386,435
6628.04,389,436
6628.24,391,437
6628.44,389,436
6628.64,384,434
6628.84,376,430
6629.04,367,427
6629.24,361,425
6629.44,354,421
6629.64,349,420
6629.84,349,420
6630.04,352,421
6630.24,357,423
6630.44,362,426
6630.64,368,428
6630.84,375,431
6631.04,381,433
6631.24,386,434
6631.44,389,436
6631.64,392,438
6631.84,375,429
6632.04,358,429
6632.24,349,423
6632.44,351,423
6632.64,354,426
6632.84,358,427
6633.04,362,428
6633.24,364,429
6633.44,367,430
6633.64,370,432
6633.84,372,433
6634.04,375,435
6634.24,377,435
6634.44,377,436
6634.64,368,429
6634.84,364,429
6635.04,355,424
6635.24,355,424
6635.44,356,425
6635.64,359,426
6635.84,362,428
6636.04,366,429
6636.24,370,431
6636.44,376,433
6636.64,382,436
6636.84,382,437
6637.04,378,435
6637.24,371,431
6637.44,364,428
6637.64,359,425
6637.84,353,422
6638.04,352,421
6638.24,353,421
6638.44,358,424
6638.64,364,427
6638.84,369,429
6639.04,372,430
6639.24,375,432
6639.44,379,434
6639.64,385,437
6639.84,364,437
6640.04,339,432
6640.24,325,422
6640.44,306,397
6640.64,294,379
6640.84,304,392
6641.04,336,429
6641.24,353,445
6641.44,352,430
6641.64,364,428
6641.84,368,432
6642.04,368,431
6642.24,362,427
6642.44,351,422
6642.64,346,420
6642.84,345,417
6643.04,348,420
6643.24,351,422
6643.44,355,424
6643.64,357,424
6643.84,359,425
6644.04,362,426
6644.24,365,427
6644.44,367,428
6644.64,370,430
6644.84,374,431
6645.04,375,431
6645.24,376,431
6645.44,374,431
6645.64,361,424
6645.84,346,421
6646.04,346,420
6646.24,350,423
6646.44,355,425
6646.64,359,427
6646.84,363,429
6647.04,366,430
6647.24,370,431
6647.44,372,433
6647.64,373,433
6647.84,366,426
6648.04,355,426
6648.24,349,422
6648.44,345,419
6648.64,347,420
6648.84,354,424
6649.04,364,428
6649.24,371,431
6649.44,375,433
6649.64,378,434
6649.84,380,435
6650.04,383,436
6650.24,380,434
6650.44,369,428
6650.64,355,422
6650.84,348,419
6651.04,352,422
6651.24,358,423
6651.44,364,424
6651.64,370,426
6651.84,375,429
6652.04,379,430
6652.24,383,432
6652.44,387,433
6652.64,390,434
6652.84,384,439
6653.04,355,433
6653.24,330,423
6653.44,309,402
6653.64,295,391
6653.84,289,377
6654.04,306,392
6654.24,344,423
6654.44,364,434
6654.64,364,431
6654.84,363,428
6655.04,358,426
6655.24,350,419
6655.44,355,420
6655.64,359,420
6655.84,366,421
6656.04,372,424
6656.24,376,427
6656.44,381,429
6656.64,385,431
6656.84,384,432
6657.04,374,430
6657.24,367,426
6657.44,360,423
6657.64,356,420
6657.84,357,419
6658.04,362,421
6658.24,366,423
6658.44,369,425
6658.64,374,427
6658.84,378,430
6659.04,383,432
6659.24,386,434
6659.44,376,427
6659.64,361,427
6659.84,353,420
6660.04,351,416
6660.24,354,417
6660.44,357,419
6660.64,361,421
6660.84,365,422
6661.04,369,424
6661.24,372,427
6661.44,376,429
6661.64,379,430
6661.84,382,432
6662.04,382,431
6662.24,368,424
6662.44,362,421
6662.64,354,418
6662.84,355,417
6663.04,358,419
6663.24,362,421
6663.44,366,422
6663.64,372,424
6663.84,375,427
6664.04,379,428
6664.24,383,430
6664.44,384,429
6664.64,374,426
6664.84,371,426
6665.04,355,419
6665.24,352,415
6665.44,356,418
6665.64,362,420
6665.84,368,421
6666.04,374,423
6666.24,379,426
6666.44,382,429
6666.64,386,431
6666.84,391,432
6667.04,391,433
6667.24,388,432
6667.44,377,427
6667.64,365,421
6667.84,358,418
6668.04,354,415
6668.24,351,412
6668.44,350,408
6668.64,350,413
6668.84,355,416
6669.04,361,418
6669.24,367,422
6669.44,371,424
6669.64,375,427
6669.84,376,428
6670.04,371,432
6670.24,372,432
6670.44,372,432
6670.64,358,425
6670.84,348,420
6671.04,348,420
6671.24,348,422
6671.44,350,423
6671.64,351,424
6671.84,352,424
6672.04,355,424
6672.24,358,426
6672.44,360,427
6672.64,363,428
6672.84,366,428
6673.04,370,430
6673.24,374,431
6673.44,378,432
6673.64,382,434
6673.84,386,435
6674.04,389,436
6674.24,391,437
6674.44,389,436
6674.64,384,434
6674.84,376,430
6675.04,367,427
6675.24,361,425
6675.44,354,421
6675.64,349,420
6675.84,349,420
6676.04,352,421
6676.24,357,423
6676.44,362,426
6676.64,368,428
6676.84,375,431
6677.04,381,433
6677.24,386,434
6677.44,389,436
6677.64,392,438
6677.84,375,429
6678.04,358,429
6678.24,349,423
6678.44,351,423
6678.64,354,426
6678.84,358,427
6679.04,362,428
6679.24,364,429
6679.44,367,430
6679.64,370,432
6679.84,372,433
6680.04,375,435
6680.24,377,435
6680.44,377,436
6680.64,368,429
6680.84,364,429
6681.04,355,424
6681.24,355,424
6681.44,356,425
6681.64,359,426
6681.84,362,428
6682.04,366,429
6682.24,370,431
6682.44,376,433
6682.64,382,436
6682.84,382,437
6683.04,378,435
6683.24,371,431
6683.44,364,428
6683.64,359,425
6683.84,353,422
6684.04,352,421
6684.24,353,421
6684.44,358,424
6684.64,364,427
6684.84,369,429
6685.04,372,430
6685.24,375,432
6685.44,379,434
6685.64,385,437
6685.84,364,437
6686.04,339,432
6686.24,325,422
6686.44,306,397
6686.64,294,379
6686.84,304,392
6687.04,336,429
6687.24,353,445
6687.44,352,430
6687.64,364,428
6687.84,368,432
6688.04,368,431
6688.24,362,427
6688.44,351,422
6688.64,346,420
6688.84,345,417
6689.04,348,420
6689.24,351,422
6689.44,355,424
6689.64,357,424
6689.84,359,425
6690.04,362,426
6690.24,365,427
6690.44,367,428
6690.64,370,430
6690.84,374,431
6691.04,375,431
6691.24,376,431
6691.44,374,431
6691.64,361,424
6691.84,346,421
6692.04,346,420
6692.24,350,423
6692.44,355,425
6692.64,359,427
6692.84,363,429
6693.04,366,430
6693.24,370,431
6693.44,372,433
6693.64,373,433
6693.84,366,426
6694.04,355,426
6694.24,349,422
6694.44,345,419
6694.64,347,420
6694.84,354,424
6695.04,364,428
6695.24,371,431
6695.44,375,433
6695.64,378,434
6695.84,380,435
6696.04,383,436
6696.24,380,434
6696.44,369,428
6696.64,355,422
6696.84,348,419
6697.04,352,422
6697.24,358,423
6697.44,364,424
6697.64,370,426
6697.84,375,429
6698.04,379,430
6698.24,383,432
6698.44,387,433
6698.64,390,434
6698.84,384,439
6699.04,355,433
6699.24,330,423
6699.44,309,402
6699.64,295,391
6699.84,289,377
6700.04,306,392
6700.24,344,423
6700.44,364,434
6700.64,364,431
6700.84,363,428
6701.04,358,426
6701.24,350,419
6701.44,355,420
6701.64,359,420
6701.84,366,421
6702.04,372,424
6702.24,376,427
6702.44,381,429
6702.64,385,431
6702.84,384,432
6703.04,374,430
6703.24,367,426
6703.44,360,423
6703.64,356,420
6703.84,357,419
6704.04,362,421
6704.24,366,423
6704.44,369,425
6704.64,374,427
6704.84,378,430
6705.04,383,432
6705.24,386,434
6705.44,376,427
6705.64,361,427
6705.84,353,420
6706.04,351,416
6706.24,354,417
6706.44,357,419
6706.64,361,421
6706.84,365,422
6707.04,369,424
6707.24,372,427
6707.44,376,429
6707.64,379,430
6707.84,382,432
6708.04,382,431
6708.24,368,424
6708.44,362,421
6708.64,354,418
6708.84,355,417
6709.04,358,419
6709.24,362,421
6709.44,366,422
6709.64,372,424
6709.84,375,427
6710.04,379,428
6710.24,383,430
6710.44,384,429
6710.64,374,426
6710.84,371,426
6711.04,355,419
6711.24,352,415
6711.44,356,418
6711.64,362,420
6711.84,368,421
6712.04,374,423
6712.24,379,426
6712.44,382,429
6712.64,386,431
6712.84,391,432
6713.04,391,433
6713.24,388,432
6713.44,377,427
6713.64,365,421
6713.84,358,418
6714.04,354,415
6714.24,351,412
6714.44,350,408
6714.64,350,413
6714.84,355,416
6715.04,361,418
6715.24,367,422
6715.44,371,424
6715.64,375,427
6715.84,376,428
6716.04,371,432
6716.24,372,432
6716.44,372,432
6716.64,358,425
6716.84,348,420
6717.04,348,420
6717.24,348,422
6717.44,350,423
6717.64,351,424
6717.84,352,424
6718.04,355,424
6718.24,358,426
6718.44,360,427
6718.64,363,428
6718.84,366,428
6719.04,370,430
6719.24,374,431
6719.44,378,432
6719.64,382,434
6719.84,386,435
6720.04,389,436
6720.24,391,437
6720.44,389,436
6720.64,384,434
6720.84,376,430
6721.04,367,427
6721.24,361,425
6721.44,354,421
6721.64,349,420
6721.84,349,420
6722.04,352,421
6722.24,357,423
6722.44,362,426
6722.64,368,428
6722.84,375,431
6723.04,381,433
6723.24,386,434
6723.44,389,436
6723.64,392,438
6723.84,375,429
6724.04,358,429
6724.24,349,423
6724.44,351,423
6724.64,354,426
6724.84,358,427
6725.04,362,428
6725.24,364,429
6725.44,367,430
6725.64,370,432
6725.84,372,433
6726.04,375,435
6726.24,377,435
6726.44,377,436
6726.64,368,429
6726.84,364,429
6727.04,355,424
6727.24,355,424
6727.44,356,425
6727.64,359,426
6727.84,362,428
6728.04,366,429
6728.24,370,431
6728.44,376,433
6728.64,382,436
6728.84,382,437
6729.04,378,435
6729.24,371,431
6729.44,364,428
6729.64,359,425
6729.84,353,422
6730.04,352,421
6730.24,353,421
6730.44,358,424
6730.64,364,427
6730.84,369,429
6731.04,372,430
6731.24,375,432
6731.44,379,434
6731.64,385,437
6731.84,364,437
6732.04,339,432
6732.24,325,422
6732.44,306,397
6732.64,294,379
6732.84,304,392
6733.04,336,429
6733.24,353,445
6733.44,352,430
6733.64,364,428
6733.84,368,432
6734.04,368,431
6734.24,362,427
6734.44,351,422
6734.64,346,420
6734.84,345,417
6735.04,348,420
6735.24,351,422
6735.44,355,424
6735.64,357,424
6735.84,359,425
6736.04,362,426
6736.24,365,427
6736.44,367,428
6736.64,370,430
6736.84,374,431
6737.04,375,431
6737.24,376,431
6737.44,374,431
6737.64,361,424
6737.84,346,421
6738.04,346,420
6738.24,350,423
6738.44,355,425
6738.64,359,427
6738.84,363,429
6739.04,366,430
6739.24,370,431
6739.44,372,433
6739.64,373,433
6739.84,366,426
6740.04,355,426
6740.24,349,422
6740.44,345,419
6740.64,347,420
6740.84,354,424
6741.04,364,428
6741.24,371,431
6741.44,375,433
6741.64,378,434
6741.84,380,435
6742.04,383,436
6742.24,380,434
6742.44,369,428
6742.64,355,422
6742.84,348,419
6743.04,352,422
6743.24,358,423
6743.44,364,424
6743.64,370,426
6743.84,375,429
6744.04,379,430
6744.24,383,432
6744.44,387,433
6744.64,390,434
6744.84,384,439
6745.04,355,433
6745.24,330,423
6745.44,309,402
6745.64,295,391
6745.84,289,377
6746.04,306,392
6746.24,344,423
6746.44,364,434
6746.64,364,431
6746.84,363,428
6747.04,358,426
6747.24,350,419
6747.44,355,420
6747.64,359,420
6747.84,366,421
6748.04,372,424
6748.24,376,427
6748.44,381,429
6748.64,385,431
6748.84,384,432
6749.04,374,430
6749.24,367,426
6749.44,360,423
6749.64,356,420
6749.84,357,419
6750.04,362,421
6750.24,366,423
6750.44,369,425
6750.64,374,427
6750.84,378,430
6751.04,383,432
6751.24,386,434
6751.44,376,427
6751.64,361,427
6751.84,353,420
6752.04,351,416
6752.24,354,417
6752.44,357,419
6752.64,361,421
6752.84,365,422
6753.04,369,424
6753.24,372,427
6753.44,376,429
6753.64,379,430
6753.84,382,432
6754.04,382,431
6754.24,368,424
6754.44,362,421
6754.64,354,418
6754.84,355,417
6755.04,358,419
6755.24,362,421
6755.44,366,422
6755.64,372,424
6755.84,375,427
6756.04,379,428
6756.24,383,430
6756.44,384,429
6756.64,374,426
6756.84,371,426
6757.04,355,419
6757.24,352,415
6757.44,356,418
6757.64,362,420
6757.84,368,421
6758.04,374,423
6758.24,379,426
6758.44,382,429
6758.64,386,431
6758.84,391,432
6759.04,391,433
6759.24,388,432
6759.44,377,427
6759.64,365,421
6759.84,358,418
6760.04,354,415
6760.24,351,412
6760.44,350,408
6760.64,350,413
6760.84,355,416
6761.04,361,418
6761.24,367,422
6761.44,371,424
6761.64,375,427
6761.84,376,428
6762.04,371,432
6762.24,372,432
6762.44,372,432
6762.64,358,425
6762.84,348,420
6763.04,348,420
6763.24,348,422
6763.44,350,423
6763.64,351,424
6763.84,352,424
6764.04,355,424
6764.24,358,426
6764.44,360,427
6764.64,363,428
6764.84,366,428
6765.04,370,430
6765.24,374,431
6765.44,378,432
6765.64,382,434
6765.84,386,435
6766.04,389,436
6766.24,391,437
6766.44,389,436
6766.64,384,434
6766.84,376,430
6767.04,367,427
6767.24,361,425
6767.44,354,421
6767.64,349,420
6767.84,349,420
6768.04,352,421
6768.24,357,423
6768.44,362,426
6768.64,368,428
6768.84,375,431
6769.04,381,433
6769.24,386,434
6769.44,389,436
6769.64,392,438
6769.84,375,429
6770.04,358,429
6770.24,349,423
6770.44,351,423
6770.64,354,426
6770.84,358,427
6771.04,362,428
6771.24,364,429
6771.44,367,430
6771.64,370,432
6771.84,372,433
6772.04,375,435
6772.24,377,435
6772.44,377,436
6772.64,368,429
6772.84,364,429
6773.04,355,424
6773.24,355,424
6773.44,356,425
6773.64,359,426
6773.84,362,428
6774.04,366,429
6774.24,370,431
6774.44,376,433
6774.64,382,436
6774.84,382,437
6775.04,378,435
6775.24,371,431
6775.44,364,428
6775.64,359,425
6775.84,353,422
6776.04,352,421
6776.24,353,421
6776.44,358,424
6776.64,364,427
6776.84,369,429
6777.04,372,430
6777.24,375,432
6777.44,379,434
6777.64,385,437
6777.84,364,437
6778.04,339,432
6778.24,325,422
6778.44,306,397
6778.64,294,379
6778.84,304,392
6779.04,336,429
6779.24,353,445
6779.44,352,430
6779.64,364,428
6779.84,368,432
6780.04,368,431
6780.24,362,427
6780.44,351,422
6780.64,346,420
6780.84,345,417
6781.04,348,420
6781.24,351,422
6781.44,355,424
6781.64,357,424
6781.84,359,425
6782.04,362,426
6782.24,365,427
6782.44,367,428
6782.64,370,430
6782.84,374,431
6783.04,375,431
6783.24,376,431
6783.44,374,431
6783.64,361,424
6783.84,346,421
6784.04,346,420
6784.24,350,423
6784.44,355,425
6784.64,359,427
6784.84,363,429
6785.04,366,430
6785.24,370,431
6785.44,372,433
6785.64,373,433
6785.84,366,426
6786.04,355,426
6786.24,349,422
6786.44,345,419
6786.64,347,420
6786.84,354,424
6787.04,364,428
6787.24,371,431
6787.44,375,433
6787.64,378,434
6787.84,380,435
6788.04,383,436
6788.24,380,434
6788.44,369,428
6788.64,355,422
6788.84,348,419
6789.04,352,422
6789.24,358,423
6789.44,364,424
6789.64,370,426
6789.84,375,429
6790.04,379,430
6790.24,383,432
6790.44,387,433
6790.64,390,434
6790.84,384,439
6791.04,355,433
6791.24,330,423
6791.44,309,402
6791.64,295,391
6791.84,289,377
6792.04,306,392
6792.24,344,423
6792.44,364,434
6792.64,364,431
6792.84,363,428
6793.04,358,426
6793.24,350,419
6793.44,355,420
6793.64,359,420
6793.84,366,421
6794.04,372,424
6794.24,376,427
6794.44,381,429
6794.64,385,431
6794.84,384,432
6795.04,374,430
6795.24,367,426
6795.44,360,423
6795.64,356,420
6795.84,357,419
6796.04,362,421
6796.24,366,423
6796.44,369,425
6796.64,374,427
6796.84,378,430
6797.04,383,432
6797.24,386,434
6797.44,376,427
6797.64,361,427
6797.84,353,420
6798.04,351,416
6798.24,354,417
6798.44,357,419
6798.64,361,421
6798.84,365,422
6799.04,369,424
6799.24,372,427
6799.44,376,429
6799.64,379,430
6799.84,382,432
6800.04,382,431
6800.24,368,424
6800.44,362,421
6800.64,354,418
6800.84,355,417
6801.04,358,419
6801.24,362,421
6801.44,366,422
6801.64,372,424
6801.84,375,427
6802.04,379,428
6802.24,383,430
6802.44,384,429
6802.64,374,426
6802.84,371,426
6803.04,355,419
6803.24,352,415
6803.44,356,418
6803.64,362,420
6803.84,368,421
6804.04,374,423
6804.24,379,426
6804.44,382,429
6804.64,386,431
6804.84,391,432
6805.04,391,433
6805.24,388,432
6805.44,377,427
6805.64,365,421
6805.84,358,418
6806.04,354,415
6806.24,351,412
6806.44,350,408
6806.64,350,413
6806.84,355,416
6807.04,361,418
6807.24,367,422
6807.44,371,424
6807.64,375,427
6807.84,376,428
6808.04,371,432
6808.24,372,432
6808.44,372,432
6808.64,358,425
6808.84,348,420
6809.04,348,420
6809.24,348,422
6809.44,350,423
6809.64,351,424
6809.84,352,424
6810.04,355,424
6810.24,358,426
6810.44,360,427
6810.64,363,428
6810.84,366,428
6811.04,370,430
6811.24,374,431
6811.44,378,432
6811.64,382,434
6811.84,386,435
6812.04,389,436
6812.24,391,437
6812.44,389,436
6812.64,384,434
6812.84,376,430
6813.04,367,427
6813.24,361,425
6813.44,354,421
6813.64,349,420
6813.84,349,420
6814.04,352,421
6814.24,357,423
6814.44,362,426
6814.64,368,428
6814.84,375,431
6815.04,381,433
6815.24,386,434
6815.44,389,436
6815.64,392,438
6815.84,375,429
6816.04,358,429
6816.24,349,423
6816.44,351,423
6816.64,354,426
6816.84,358,427
6817.04,362,428
6817.24,364,429
6817.44,367,430
6817.64,370,432
6817.84,372,433
6818.04,375,435
6818.24,377,435
6818.44,377,436
6818.64,368,429
6818.84,364,429
6819.04,355,424
6819.24,355,424
6819.44,356,425
6819.64,359,426
6819.84,362,428
6820.04,366,429
6820.24,370,431
6820.44,376,433
6820.64,382,436
6820.84,382,437
6821.04,378,435
6821.24,371,431
6821.44,364,428
6821.64,359,425
6821.84,353,422
6822.04,352,421
6822.24,353,421
6822.44,358,424
6822.64,364,427
6822.84,369,429
6823.04,372,430
6823.24,375,432
6823.44,379,434
6823.64,385,437
6823.84,364,437
6824.04,339,432
6824.24,325,422
6824.44,306,397
6824.64,294,379
6824.84,304,392
6825.04,336,429
6825.24,353,445
6825.44,352,430
6825.64,364,428
6825.84,368,432
6826.04,368,431
6826.24,362,427
6826.44,351,422
6826.64,346,420
6826.84,345,417
6827.04,348,420
6827.24,351,422
6827.44,355,424
6827.64,357,424
6827.84,359,425
6828.04,362,426
6828.24,365,427
6828.44,367,428
6828.64,370,430
6828.84,374,431
6829.04,375,431
6829.24,376,431
6829.44,374,431
6829.64,361,424
6829.84,346,421
6830.04,346,420
6830.24,350,423
6830.44,355,425
6830.64,359,427
6830.84,363,429
6831.04,366,430
6831.24,370,431
6831.44,372,433
6831.64,373,433
6831.84,366,426
6832.04,355,426
6832.24,349,422
6832.44,345,419
6832.64,347,420
6832.84,354,424
6833.04,364,428
6833.24,371,431
6833.44,375,433
6833.64,378,434
6833.84,380,435
6834.04,383,436
6834.24,380,434
6834.44,369,428
6834.64,355,422
6834.84,348,419
6835.04,352,422
6835.24,358,423
6835.44,364,424
6835.64,370,426
6835.84,375,429
6836.04,379,430
6836.24,383,432
6836.44,387,433
6836.64,390,434
6836.84,384,439
6837.04,355,433
6837.24,330,423
6837.44,309,402
6837.64,295,391
6837.84,289,377
6838.04,306,392
6838.24,344,423
6838.44,364,434
6838.64,364,431
6838.84,363,428
6839.04,358,426
6839.24,350,419
6839.44,355,420
6839.64,359,420
6839.84,366,421
6840.04,372,424
6840.24,376,427
6840.44,381,429
6840.64,385,431
6840.84,384,432
6841.04,374,430
6841.24,367,426
6841.44,360,423
6841.64,356,420
6841.84,357,419
6842.04,362,421
6842.24,366,423
6842.44,369,425
6842.64,374,427
6842.84,378,430
6843.04,383,432
6843.24,386,434
6843.44,376,427
6843.64,361,427
6843.84,353,420
6844.04,351,416
6844.24,354,417
6844.44,357,419
6844.64,361,421
6844.84,365,422
6845.04,369,424
6845.24,372,427
6845.44,376,429
6845.64,379,430
6845.84,382,432
6846.04,382,431
6846.24,368,424
6846.44,362,421
6846.64,354,418
6846.84,355,417
6847.04,358,419
6847.24,362,421
6847.44,366,422
6847.64,372,424
6847.84,375,427
6848.04,379,428
6848.24,383,430
6848.44,384,429
6848.64,374,426
6848.84,371,426
6849.04,355,419
6849.24,352,415
6849.44,356,418
6849.64,362,420
6849.84,368,421
6850.04,374,423
6850.24,379,426
6850.44,382,429
6850.64,386,431
6850.84,391,432
6851.04,391,433
6851.24,388,432
6851.44,377,427
6851.64,365,421
6851.84,358,418
6852.04,354,415
6852.24,351,412
6852.44,350,408
6852.64,350,413
6852.84,355,416
6853.04,361,418
6853.24,367,422
6853.44,371,424
6853.64,375,427
6853.84,376,428
6854.04,371,432
6854.24,372,432
6854.44,372,432
6854.64,358,425
6854.84,348,420
6855.04,348,420
6855.24,348,422
6855.44,350,423
6855.64,351,424
6855.84,352,424
6856.04,355,424
6856.24,358,426
6856.44,360,427
6856.64,363,428
6856.84,366,428
6857.04,370,430
6857.24,374,431
6857.44,378,432
6857.64,382,434
6857.84,386,435
6858.04,389,436
6858.24,391,437
6858.44,389,436
6858.64,384,434
6858.84,376,430
6859.04,367,427
6859.24,361,425
6859.44,354,421
6859.64,349,420
6859.84,349,420
6860.04,352,421
6860.24,357,423
6860.44,362,426
6860.64,368,428
6860.84,375,431
6861.04,381,433
6861.24,386,434
6861.44,389,436
6861.64,392,438
6861.84,375,429
6862.04,358,429
6862.24,349,423
6862.44,351,423
6862.64,354,426
6862.84,358,427
6863.04,362,428
6863.24,364,429
6863.44,367,430
6863.64,370,432
6863.84,372,433
6864.04,375,435
6864.24,377,435
6864.44,377,436
6864.64,368,429
6864.84,364,429
6865.04,355,424
6865.24,355,424
6865.44,356,425
6865.64,359,426
6865.84,362,428
6866.04,366,429
6866.24,370,431
6866.44,376,433
6866.64,382,436
6866.84,382,437
6867.04,378,435
6867.24,371,431
6867.44,364,428
6867.64,359,425
6867.84,353,422
6868.04,352,421
6868.24,353,421
6868.44,358,424
6868.64,364,427
6868.84,369,429
6869.04,372,430
6869.24,375,432
6869.44,379,434
6869.64,385,437
6869.84,364,437
6870.04,339,432
6870.24,325,422
6870.44,306,397
6870.64,294,379
6870.84,304,392
6871.04,336,429
6871.24,353,445
6871.44,352,430
6871.64,364,428
6871.84,368,432
6872.04,368,431
6872.24,362,427
6872.44,351,422
6872.64,346,420
6872.84,345,417
6873.04,348,420
6873.24,351,422
6873.44,355,424
6873.64,357,424
6873.84,359,425
6874.04,362,426
6874.24,365,427
6874.44,367,428
6874.64,370,430
6874.84,374,431
6875.04,375,431
6875.24,376,431
6875.44,374,431
6875.64,361,424
6875.84,346,421
6876.04,346,420
6876.24,350,423
6876.44,355,425
6876.64,359,427
6876.84,363,429
6877.04,366,430
6877.24,370,431
6877.44,372,433
6877.64,373,433
6877.84,366,426
6878.04,355,426
6878.24,349,422
6878.44,345,419
6878.64,347,420
6878.84,354,424
6879.04,364,428
6879.24,371,431
6879.44,375,433
6879.64,378,434
6879.84,380,435
6880.04,383,436
6880.24,380,434
6880.44,369,428
6880.64,355,422
6880.84,348,419
6881.04,352,422
6881.24,358,423
6881.44,364,424
6881.64,370,426
6881.84,375,429
6882.04,379,430
6882.24,383,432
6882.44,387,433
6882.64,390,434
6882.84,384,439
6883.04,355,433
6883.24,330,423
6883.44,309,402
6883.64,295,391
6883.84,289,377
6884.04,306,392
6884.24,344,423
6884.44,364,434
6884.64,364,431
6884.84,363,428
6885.04,358,426
6885.24,350,419
6885.44,355,420
6885.64,359,420
6885.84,366,421
6886.04,372,424
6886.24,376,427
6886.44,381,429
6886.64,385,431
6886.84,384,432
6887.04,374,430
6887.24,367,426
6887.44,360,423
6887.64,356,420
6887.84,357,419
6888.04,362,421
6888.24,366,423
6888.44,369,425
6888.64,374,427
6888.84,378,430
6889.04,383,432
6889.24,386,434
6889.44,376,427
6889.64,361,427
6889.84,353,420
6890.04,351,416
6890.24,354,417
6890.44,357,419
6890.64,361,421
6890.84,365,422
6891.04,369,424
6891.24,372,427
6891.44,376,429
6891.64,379,430
6891.84,382,432
6892.04,382,431
6892.24,368,424
6892.44,362,421
6892.64,354,418
6892.84,355,417
6893.04,358,419
6893.24,362,421
6893.44,366,422
6893.64,372,424
6893.84,375,427
6894.04,379,428
6894.24,383,430
6894.44,384,429
6894.64,374,426
6894.84,371,426
6895.04,355,419
6895.24,352,415
6895.44,356,418
6895.64,362,420
6895.84,368,421
6896.04,374,423
6896.24,379,426
6896.44,382,429
6896.64,386,431
6896.84,391,432
6897.04,391,433
6897.24,388,432
6897.44,377,427
6897.64,365,421
6897.84,358,418
6898.04,354,415
6898.24,351,412
6898.44,350,408
6898.64,350,413
6898.84,355,416
6899.04,361,418
6899.24,367,422
6899.44,371,424
6899.64,375,427
6899.84,376,428
6900.04,371,432
6900.24,372,432
6900.44,372,432
6900.64,358,425
6900.84,348,420
6901.04,348,420
6901.24,348,422
6901.44,350,423
6901.64,351,424
6901.84,352,424
6902.04,355,424
6902.24,358,426
6902.44,360,427
6902.64,363,428
6902.84,366,428
6903.04,370,430
6903.24,374,431
6903.44,378,432
6903.64,382,434
6903.84,386,435
6904.04,389,436
6904.24,391,437
6904.44,389,436
6904.64,384,434
6904.84,376,430
6905.04,367,427
6905.24,361,425
6905.44,354,421
6905.64,349,420
6905.84,349,420
6906.04,352,421
6906.24,357,423
6906.44,362,426
6906.64,368,428
6906.84,375,431
6907.04,381,433
6907.24,386,434
6907.44,389,436
6907.64,392,438
6907.84,375,429
6908.04,358,429
6908.24,349,423
6908.44,351,423
6908.64,354,426
6908.84,358,427
6909.04,362,428
6909.24,364,429
6909.44,367,430
6909.64,370,432
6909.84,372,433
6910.04,375,435
6910.24,377,435
6910.44,377,436
6910.64,368,429
6910.84,364,429
6911.04,355,424
6911.24,355,424
6911.44,356,425
6911.64,359,426
6911.84,362,428
6912.04,366,429
6912.24,370,431
6912.44,376,433
6912.64,382,436
6912.84,382,437
6913.04,378,435
6913.24,371,431
6913.44,364,428
6913.64,359,425
6913.84,353,422
6914.04,352,421
6914.24,353,421
6914.44,358,424
6914.64,364,427
6914.84,369,429
6915.04,372,430
6915.24,375,432
6915.44,379,434
6915.64,385,437
6915.84,364,437
6916.04,339,432
6916.24,325,422
6916.44,306,397
6916.64,294,379
6916.84,304,392
6917.04,336,429
6917.24,353,445
6917.44,352,430
6917.64,364,428
6917.84,368,432
6918.04,368,431
6918.24,362,427
6918.44,351,422
6918.64,346,420
6918.84,345,417
6919.04,348,420
6919.24,351,422
6919.44,355,424
6919.64,357,424
6919.84,359,425
6920.04,362,426
6920.24,365,427
6920.44,367,428
6920.64,370,430
6920.84,374,431
6921.04,375,431
6921.24,376,431
6921.44,374,431
6921.64,361,424
6921.84,346,421
6922.04,346,420
6922.24,350,423
6922.44,355,425
6922.64,359,427
6922.84,363,429
6923.04,366,430
6923.24,370,431
6923.44,372,433
6923.64,373,433
6923.84,366,426
6924.04,355,426
6924.24,349,422
6924.44,345,419
6924.64,347,420
6924.84,354,424
6925.04,364,428
6925.24,371,431
6925.44,375,433
6925.64,378,434
6925.84,380,435
6926.04,383,436
6926.24,380,434
6926.44,369,428
6926.64,355,422
6926.84,348,419
6927.04,352,422
6927.24,358,423
6927.44,364,424
6927.64,370,426
6927.84,375,429
6928.04,379,430
6928.24,383,432
6928.44,387,433
6928.64,390,434
6928.84,384,439
6929.04,355,433
6929.24,330,423
6929.44,309,402
6929.64,295,391
6929.84,289,377
6930.04,306,392
6930.24,344,423
6930.44,364,434
6930.64,364,431
6930.84,363,428
6931.04,358,426
6931.24,350,419
6931.44,355,420
6931.64,359,420
6931.84,366,421
6932.04,372,424
6932.24,376,427
6932.44,381,429
6932.64,385,431
6932.84,384,432
6933.04,374,430
6933.24,367,426
6933.44,360,423
6933.64,356,420
6933.84,357,419
6934.04,362,421
6934.24,366,423
6934.44,369,425
6934.64,374,427
6934.84,378,430
6935.04,383,432
6935.24,386,434
6935.44,376,427
6935.64,361,427
6935.84,353,420
6936.04,351,416
6936.24,354,417
6936.44,357,419
6936.64,361,421
6936.84,365,422
6937.04,369,424
6937.24,372,427
6937.44,376,429
6937.64,379,430
6937.84,382,432
6938.04,382,431
6938.24,368,424
6938.44,362,421
6938.64,354,418
6938.84,355,417
6939.04,358,419
6939.24,362,421
6939.44,366,422
6939.64,372,424
6939.84,375,427
6940.04,379,428
6940.24,383,430
6940.44,384,429
6940.64,374,426
6940.84,371,426
6941.04,355,419
6941.24,352,415
6941.44,356,418
6941.64,362,420
6941.84,368,421
6942.04,374,423
6942.24,379,426
6942.44,382,429
6942.64,386,431
6942.84,391,432
6943.04,391,433
6943.24,388,432
6943.44,377,427
6943.64,365,421
6943.84,358,418
6944.04,354,415
6944.24,351,412
6944.44,350,408
6944.64,350,413
6944.84,355,416
6945.04,361,418
6945.24,367,422
6945.44,371,424
6945.64,375,427
6945.84,376,428
6946.04,371,432
6946.24,372,432
6946.44,372,432
6946.64,358,425
6946.84,348,420
6947.04,348,420
6947.24,348,422
6947.44,350,423
6947.64,351,424
6947.84,352,424
6948.04,355,424
6948.24,358,426
6948.44,360,427
6948.64,363,428
6948.84,366,428
6949.04,370,430
6949.24,374,431
6949.44,378,432
6949.64,382,434
6949.84,386,435
6950.04,389,436
6950.24,391,437
6950.44,389,436
6950.64,384,434
6950.84,376,430
6951.04,367,427
6951.24,361,425
6951.44,354,421
6951.64,349,420
6951.84,349,420
6952.04,352,421
6952.24,357,423
6952.44,362,426
6952.64,368,428
6952.84,375,431
6953.04,381,433
6953.24,386,434
6953.44,389,436
6953.64,392,438
6953.84,375,429
6954.04,358,429
6954.24,349,423
6954.44,351,423
6954.64,354,426
6954.84,358,427
6955.04,362,428
6955.24,364,429
6955.44,367,430
6955.64,370,432
6955.84,372,433
6956.04,375,435
6956.24,377,435
6956.44,377,436
6956.64,368,429
6956.84,364,429
6957.04,355,424
6957.24,355,424
6957.44,356,425
6957.64,359,426
6957.84,362,428
6958.04,366,429
6958.24,370,431
6958.44,376,433
6958.64,382,436
6958.84,382,437
6959.04,378,435
6959.24,371,431
6959.44,364,428
6959.64,359,425
6959.84,353,422
6960.04,352,421
6960.24,353,421
6960.44,358,424
6960.64,364,427
6960.84,369,429
6961.04,372,430
6961.24,375,432
6961.44,379,434
6961.64,385,437
6961.84,364,437
6962.04,339,432
6962.24,325,422
6962.44,306,397
6962.64,294,379
6962.84,304,392
6963.04,336,429
6963.24,353,445
6963.44,352,430
6963.64,364,428
6963.84,368,432
6964.04,368,431
6964.24,362,427
6964.44,351,422
6964.64,346,420
6964.84,345,417
6965.04,348,420
6965.24,351,422
6965.44,355,424
6965.64,357,424
6965.84,359,425
6966.04,362,426
6966.24,365,427
6966.44,367,428
6966.64,370,430
6966.84,374,431
6967.04,375,431
6967.24,376,431
6967.44,374,431
6967.64,361,424
6967.84,346,421
6968.04,346,420
6968.24,350,423
6968.44,355,425
6968.64,359,427
6968.84,363,429
6969.04,366,430
6969.24,370,431
6969.44,372,433
6969.64,373,433
6969.84,366,426
6970.04,355,426
6970.24,349,422
6970.44,345,419
6970.64,347,420
6970.84,354,424
6971.04,364,428
6971.24,371,431
6971.44,375,433
6971.64,378,434
6971.84,380,435
6972.04,383,436
6972.24,380,434
6972.44,369,428
6972.64,355,422
6972.84,348,419
6973.04,352,422
6973.24,358,423
6973.44,364,424
6973.64,370,426
6973.84,375,429
6974.04,379,430
6974.24,383,432
6974.44,387,433
6974.64,390,434
6974.84,384,439
6975.04,355,433
6975.24,330,423
6975.44,309,402
6975.64,295,391
6975.84,289,377
6976.04,306,392
6976.24,344,423
6976.44,364,434
6976.64,364,431
6976.84,363,428
6977.04,358,426
6977.24,350,419
6977.44,355,420
6977.64,359,420
6977.84,366,421
6978.04,372,424
6978.24,376,427
6978.44,381,429
6978.64,385,431
6978.84,384,432
6979.04,374,430
6979.24,367,426
6979.44,360,423
6979.64,356,420
6979.84,357,419
6980.04,362,421
6980.24,366,423
6980.44,369,425
6980.64,374,427
6980.84,378,430
6981.04,383,432
6981.24,386,434
6981.44,376,427
6981.64,361,427
6981.84,353,420
6982.04,351,416
6982.24,354,417
6982.44,357,419
6982.64,361,421
6982.84,365,422
6983.04,369,424
6983.24,372,427
6983.44,376,429
6983.64,379,430
6983.84,382,432
6984.04,382,431
6984.24,368,424
6984.44,362,421
6984.64,354,418
6984.84,355,417
6985.04,358,419
6985.24,362,421
6985.44,366,422
6985.64,372,424
6985.84,375,427
6986.04,379,428
6986.24,383,430
6986.44,384,429
6986.64,374,426
6986.84,371,426
6987.04,355,419
6987.24,352,415
6987.44,356,418
6987.64,362,420
6987.84,368,421
6988.04,374,423
6988.24,379,426
6988.44,382,429
6988.64,386,431
6988.84,391,432
6989.04,391,433
6989.24,388,432
6989.44,377,427
6989.64,365,421
6989.84,358,418
6990.04,354,415
6990.24,351,412
6990.44,350,408
6990.64,350,413
6990.84,355,416
6991.04,361,418
6991.24,367,422
6991.44,371,424
6991.64,375,427
6991.84,376,428
6992.04,371,432
6992.24,372,432
6992.44,372,432
6992.64,358,425
6992.84,348,420
6993.04,348,420
6993.24,348,422
6993.44,350,423
6993.64,351,424
6993.84,352,424
6994.04,355,424
6994.24,358,426
6994.44,360,427
6994.64,363,428
6994.84,366,428
6995.04,370,430
6995.24,374,431
6995.44,378,432
6995.64,382,434
6995.84,386,435
6996.04,389,436
6996.24,391,437
6996.44,389,436
6996.64,384,434
6996.84,376,430
6997.04,367,427
6997.24,361,425
6997.44,354,421
6997.64,349,420
6997.84,349,420
6998.04,352,421
6998.24,357,423
6998.44,362,426
6998.64,368,428
6998.84,375,431
6999.04,381,433
6999.24,386,434
6999.44,389,436
6999.64,392,438
6999.84,375,429
7000.04,358,429
7000.24,349,423
7000.44,351,423
7000.64,354,426
7000.84,358,427
7001.04,362,428
7001.24,364,429
7001.44,367,430
7001.64,370,432
7001.84,372,433
7002.04,375,435
7002.24,377,435
7002.44,377,436
7002.64,368,429
7002.84,364,429
7003.04,355,424
7003.24,355,424
7003.44,356,425
7003.64,359,426
7003.84,362,428
7004.04,366,429
7004.24,370,431
7004.44,376,433
7004.64,382,436
7004.84,382,437
7005.04,378,435
7005.24,371,431
7005.44,364,428
7005.64,359,425
7005.84,353,422
7006.04,352,421
7006.24,353,421
7006.44,358,424
7006.64,364,427
7006.84,369,429
7007.04,372,430
7007.24,375,432
7007.44,379,434
7007.64,385,437
7007.84,364,437
7008.04,339,432
7008.24,325,422
7008.44,306,397
7008.64,294,379
7008.84,304,392
7009.04,336,429
7009.24,353,445
7009.44,352,430
7009.64,364,428
7009.84,368,432
7010.04,368,431
7010.24,362,427
7010.44,351,422
7010.64,346,420
7010.84,345,417
7011.04,348,420
7011.24,351,422
7011.44,355,424
7011.64,357,424
7011.84,359,425
7012.04,362,426
7012.24,365,427
7012.44,367,428
7012.64,370,430
7012.84,374,431
7013.04,375,431
7013.24,376,431
7013.44,374,431
7013.64,361,424
7013.84,346,421
7014.04,346,420
7014.24,350,423
7014.44,355,425
7014.64,359,427
7014.84,363,429
7015.04,366,430
7015.24,370,431
7015.44,372,433
7015.64,373,433
7015.84,366,426
7016.04,355,426
7016.24,349,422
7016.44,345,419
7016.64,347,420
7016.84,354,424
7017.04,364,428
7017.24,371,431
7017.44,375,433
7017.64,378,434
7017.84,380,435
7018.04,383,436
7018.24,380,434
7018.44,369,428
7018.64,355,422
7018.84,348,419
7019.04,352,422
7019.24,358,423
7019.44,364,424
7019.64,370,426
7019.84,375,429
7020.04,379,430
7020.24,383,432
7020.44,387,433
7020.64,390,434
7020.84,384,439
7021.04,355,433
7021.24,330,423
7021.44,309,402
7021.64,295,391
7021.84,289,377
7022.04,306,392
7022.24,344,423
7022.44,364,434
7022.64,364,431
7022.84,363,428
7023.04,358,426
7023.24,350,419
7023.44,355,420
7023.64,359,420
7023.84,366,421
7024.04,372,424
7024.24,376,427
7024.44,381,429
7024.64,385,431
7024.84,384,432
7025.04,374,430
7025.24,367,426
7025.44,360,423
7025.64,356,420
7025.84,357,419
7026.04,362,421
7026.24,366,423
7026.44,369,425
7026.64,374,427
7026.84,378,430
7027.04,383,432
7027.24,386,434
7027.44,376,427
7027.64,361,427
7027.84,353,420
7028.04,351,416
7028.24,354,417
7028.44,357,419
7028.64,361,421
7028.84,365,422
7029.04,369,424
7029.24,372,427
7029.44,376,429
7029.64,379,430
7029.84,382,432
7030.04,382,431
7030.24,368,424
7030.44,362,421
7030.64,354,418
7030.84,355,417
7031.04,358,419
7031.24,362,421
7031.44,366,422
7031.64,372,424
7031.84,375,427
7032.04,379,428
7032.24,383,430
7032.44,384,429
7032.64,374,426
7032.84,371,426
7033.04,355,419
7033.24,352,415
7033.44,356,418
7033.64,362,420
7033.84,368,421
7034.04,374,423
7034.24,379,426
7034.44,382,429
7034.64,386,431
7034.84,391,432
7035.04,391,433
7035.24,388,432
7035.44,377,427
7035.64,365,421
7035.84,358,418
7036.04,354,415
7036.24,351,412
7036.44,350,408
7036.64,350,413
7036.84,355,416
7037.04,361,418
7037.24,367,422
7037.44,371,424
7037.64,375,427
7037.84,376,428
7038.04,371,432
7038.24,372,432
7038.44,372,432
7038.64,358,425
7038.84,348,420
7039.04,348,420
7039.24,348,422
7039.44,350,423
7039.64,351,424
7039.84,352,424
7040.04,355,424
7040.24,358,426
7040.44,360,427
7040.64,363,428
7040.84,366,428
7041.04,370,430
7041.24,374,431
7041.44,378,432
7041.64,382,434
7041.84,386,435
7042.04,389,436
7042.24,391,437
7042.44,389,436
7042.64,384,434
7042.84,376,430
7043.04,367,427
7043.24,361,425
7043.44,354,421
7043.64,349,420
7043.84,349,420
7044.04,352,421
7044.24,357,423
7044.44,362,426
7044.64,368,428
7044.84,375,431
7045.04,381,433
7045.24,386,434
7045.44,389,436
7045.64,392,438
7045.84,375,429
7046.04,358,429
7046.24,349,423
7046.44,351,423
7046.64,354,426
7046.84,358,427
7047.04,362,428
7047.24,364,429
7047.44,367,430
7047.64,370,432
7047.84,372,433
7048.04,375,435
7048.24,377,435
7048.44,377,436
7048.64,368,429
7048.84,364,429
7049.04,355,424
7049.24,355,424
7049.44,356,425
7049.64,359,426
7049.84,362,428
7050.04,366,429
7050.24,370,431
7050.44,376,433
7050.64,382,436
7050.84,382,437
7051.04,378,435
7051.24,371,431
7051.44,364,428
7051.64,359,425
7051.84,353,422
7052.04,352,421
7052.24,353,421
7052.44,358,424
7052.64,364,427
7052.84,369,429
7053.04,372,430
7053.24,375,432
7053.44,379,434
7053.64,385,437
7053.84,364,437
7054.04,339,432
7054.24,325,422
7054.44,306,397
7054.64,294,379
7054.84,304,392
7055.04,336,429
7055.24,353,445
7055.44,352,430
7055.64,364,428
7055.84,368,432
7056.04,368,431
7056.24,362,427
7056.44,351,422
7056.64,346,420
7056.84,345,417
7057.04,348,420
7057.24,351,422
7057.44,355,424
7057.64,357,424
7057.84,359,425
7058.04,362,426
7058.24,365,427
7058.44,367,428
7058.64,370,430
7058.84,374,431
7059.04,375,431
7059.24,376,431
7059.44,374,431
7059.64,361,424
7059.84,346,421
7060.04,346,420
7060.24,350,423
7060.44,355,425
7060.64,359,427
7060.84,363,429
7061.04,366,430
7061.24,370,431
7061.44,372,433
7061.64,373,433
7061.84,366,426
7062.04,355,426
7062.24,349,422
7062.44,345,419
7062.64,347,420
7062.84,354,424
7063.04,364,428
7063.24,371,431
7063.44,375,433
7063.64,378,434
7063.84,380,435
7064.04,383,436
7064.24,380,434
7064.44,369,428
7064.64,355,422
7064.84,348,419
7065.04,352,422
7065.24,358,423
7065.44,364,424
7065.64,370,426
7065.84,375,429
7066.04,379,430
7066.24,383,432
7066.44,387,433
7066.64,390,434
7066.84,384,439
7067.04,355,433
7067.24,330,423
7067.44,309,402
7067.64,295,391
7067.84,289,377
7068.04,306,392
7068.24,344,423
7068.44,364,434
7068.64,364,431
7068.84,363,428
7069.04,358,426
7069.24,350,419
7069.44,355,420
7069.64,359,420
7069.84,366,421
7070.04,372,424
7070.24,376,427
7070.44,381,429
7070.64,385,431
7070.84,384,432
7071.04,374,430
7071.24,367,426
7071.44,360,423
7071.64,356,420
7071.84,357,419
7072.04,362,421
7072.24,366,423
7072.44,369,425
7072.64,374,427
7072.84,378,430
7073.04,383,432
7073.24,386,434
7073.44,376,427
7073.64,361,427
7073.84,353,420
7074.04,351,416
7074.24,354,417
7074.44,357,419
7074.64,361,421
7074.84,365,422
7075.04,369,424
7075.24,372,427
7075.44,376,429
7075.64,379,430
7075.84,382,432
7076.04,382,431
7076.24,368,424
7076.44,362,421
7076.64,354,418
7076.84,355,417
7077.04,358,419
7077.24,362,421
7077.44,366,422
7077.64,372,424
7077.84,375,427
7078.04,379,428
7078.24,383,430
7078.44,384,429
7078.64,374,426
7078.84,371,426
7079.04,355,419
7079.24,352,415
7079.44,356,418
7079.64,362,420
7079.84,368,421
7080.04,374,423
7080.24,379,426
7080.44,382,429
7080.64,386,431
7080.84,391,432
7081.04,391,433
7081.24,388,432
7081.44,377,427
7081.64,365,421
7081.84,358,418
7082.04,354,415
7082.24,351,412
7082.44,350,408
7082.64,350,413
7082.84,355,416
7083.04,361,418
7083.24,367,422
7083.44,371,424
7083.64,375,427
7083.84,376,428
7084.04,371,432
7084.24,372,432
7084.44,372,432
7084.64,358,425
7084.84,348,420
7085.04,348,420
7085.24,348,422
7085.44,350,423
7085.64,351,424
7085.84,352,424
7086.04,355,424
7086.24,358,426
7086.44,360,427
7086.64,363,428
7086.84,366,428
7087.04,370,430
7087.24,374,431
7087.44,378,432
7087.64,382,434
7087.84,386,435
7088.04,389,436
7088.24,391,437
7088.44,389,436
7088.64,384,434
7088.84,376,430
7089.04,367,427
7089.24,361,425
7089.44,354,421
7089.64,349,420
7089.84,349,420
7090.04,352,421
7090.24,357,423
7090.44,362,426
7090.64,368,428
7090.84,375,431
7091.04,381,433
7091.24,386,434
7091.44,389,436
7091.64,392,438
7091.84,375,429
7092.04,358,429
7092.24,349,423
7092.44,351,423
7092.64,354,426
7092.84,358,427
7093.04,362,428
7093.24,364,429
7093.44,367,430
7093.64,370,432
7093.84,372,433
7094.04,375,435
7094.24,377,435
7094.44,377,436
7094.64,368,429
7094.84,364,429
7095.04,355,424
7095.24,355,424
7095.44,356,425
7095.64,359,426
7095.84,362,428
7096.04,366,429
7096.24,370,431
7096.44,376,433
7096.64,382,436
7096.84,382,437
7097.04,378,435
7097.24,371,431
7097.44,364,428
7097.64,359,425
7097.84,353,422
7098.04,352,421
7098.24,353,421
7098.44,358,424
7098.64,364,427
7098.84,369,429
7099.04,372,430
7099.24,375,432
7099.44,379,434
7099.64,385,437
7099.84,364,437
7100.04,339,432
7100.24,325,422
7100.44,306,397
7100.64,294,379
7100.84,304,392
7101.04,336,429
7101.24,353,445
7101.44,352,430
7101.64,364,428
7101.84,368,432
7102.04,368,431
7102.24,362,427
7102.44,351,422
7102.64,346,420
7102.84,345,417
7103.04,348,420
7103.24,351,422
7103.44,355,424
7103.64,357,424
7103.84,359,425
7104.04,362,426
7104.24,365,427
7104.44,367,428
7104.64,370,430
7104.84,374,431
7105.04,375,431
7105.24,376,431
7105.44,374,431
7105.64,361,424
7105.84,346,421
7106.04,346,420
7106.24,350,423
7106.44,355,425
7106.64,359,427
7106.84,363,429
7107.04,366,430
7107.24,370,431
7107.44,372,433
7107.64,373,433
7107.84,366,426
7108.04,355,426
7108.24,349,422
7108.44,345,419
7108.64,347,420
7108.84,354,424
7109.04,364,428
7109.24,371,431
7109.44,375,433
7109.64,378,434
7109.84,380,435
7110.04,383,436
7110.24,380,434
7110.44,369,428
7110.64,355,422
7110.84,348,419
7111.04,352,422
7111.24,358,423
7111.44,364,424
7111.64,370,426
7111.84,375,429
7112.04,379,430
7112.24,383,432
7112.44,387,433
7112.64,390,434
7112.84,384,439
7113.04,355,433
7113.24,330,423
7113.44,309,402
7113.64,295,391
7113.84,289,377
7114.04,306,392
7114.24,344,423
7114.44,364,434
7114.64,364,431
7114.84,363,428
7115.04,358,426
7115.24,350,419
7115.44,355,420
7115.64,359,420
7115.84,366,421
7116.04,372,424
7116.24,376,427
7116.44,381,429
7116.64,385,431
7116.84,384,432
7117.04,374,430
7117.24,367,426
7117.44,360,423
7117.64,356,420
7117.84,357,419
7118.04,362,421
7118.24,366,423
7118.44,369,425
7118.64,374,427
7118.84,378,430
7119.04,383,432
7119.24,386,434
7119.44,376,427
7119.64,361,427
7119.84,353,420
7120.04,351,416
7120.24,354,417
7120.44,357,419
7120.64,361,421
7120.84,365,422
7121.04,369,424
7121.24,372,427
7121.44,376,429
7121.64,379,430
7121.84,382,432
7122.04,382,431
7122.24,368,424
7122.44,362,421
7122.64,354,418
7122.84,355,417
7123.04,358,419
7123.24,362,421
7123.44,366,422
7123.64,372,424
7123.84,375,427
7124.04,379,428
7124.24,383,430
7124.44,384,429
7124.64,374,426
7124.84,371,426
7125.04,355,419
7125.24,352,415
7125.44,356,418
7125.64,362,420
7125.84,368,421
7126.04,374,423
7126.24,379,426
7126.44,382,429
7126.64,386,431
7126.84,391,432
7127.04,391,433
7127.24,388,432
7127.44,377,427
7127.64,365,421
7127.84,358,418
7128.04,354,415
7128.24,351,412
7128.44,350,408
7128.64,350,413
7128.84,355,416
7129.04,361,418
7129.24,367,422
7129.44,371,424
7129.64,375,427
7129.84,376,428
7130.04,371,432
7130.24,372,432
7130.44,372,432
7130.64,358,425
7130.84,348,420
7131.04,348,420
7131.24,348,422
7131.44,350,423
7131.64,351,424
7131.84,352,424
7132.04,355,424
7132.24,358,426
7132.44,360,427
7132.64,363,428
7132.84,366,428
7133.04,370,430
7133.24,374,431
7133.44,378,432
7133.64,382,434
7133.84,386,435
7134.04,389,436
7134.24,391,437
7134.44,389,436
7134.64,384,434
7134.84,376,430
7135.04,367,427
7135.24,361,425
7135.44,354,421
7135.64,349,420
7135.84,349,420
7136.04,352,421
7136.24,357,423
7136.44,362,426
7136.64,368,428
7136.84,375,431
7137.04,381,433
7137.24,386,434
7137.44,389,436
7137.64,392,438
7137.84,375,429
7138.04,358,429
7138.24,349,423
7138.44,351,423
7138.64,354,426
7138.84,358,427
7139.04,362,428
7139.24,364,429
7139.44,367,430
7139.64,370,432
7139.84,372,433
7140.04,375,435
7140.24,377,435
7140.44,377,436
7140.64,368,429
7140.84,364,429
7141.04,355,424
7141.24,355,424
7141.44,356,425
7141.64,359,426
7141.84,362,428
7142.04,366,429
7142.24,370,431
7142.44,376,433
7142.64,382,436
7142.84,382,437
7143.04,378,435
7143.24,371,431
7143.44,364,428
7143.64,359,425
7143.84,353,422
7144.04,352,421
7144.24,353,421
7144.44,358,424
7144.64,364,427
7144.84,369,429
7145.04,372,430
7145.24,375,432
7145.44,379,434
7145.64,385,437
7145.84,364,437
7146.04,339,432
7146.24,325,422
7146.44,306,397
7146.64,294,379
7146.84,304,392
7147.04,336,429
7147.24,353,445
7147.44,352,430
7147.64,364,428
7147.84,368,432
7148.04,368,431
7148.24,362,427
7148.44,351,422
7148.64,346,420
7148.84,345,417
7149.04,348,420
7149.24,351,422
7149.44,355,424
7149.64,357,424
7149.84,359,425
7150.04,362,426
7150.24,365,427
7150.44,367,428
7150.64,370,430
7150.84,374,431
7151.04,375,431
7151.24,376,431
7151.44,374,431
7151.64,361,424
7151.84,346,421
7152.04,346,420
7152.24,350,423
7152.44,355,425
7152.64,359,427
7152.84,363,429
7153.04,366,430
7153.24,370,431
7153.44,372,433
7153.64,373,433
7153.84,366,426
7154.04,355,426
7154.24,349,422
7154.44,345,419
7154.64,347,420
7154.84,354,424
7155.04,364,428
7155.24,371,431
7155.44,375,433
7155.64,378,434
7155.84,380,435
7156.04,383,436
7156.24,380,434
7156.44,369,428
7156.64,355,422
7156.84,348,419
7157.04,352,422
7157.24,358,423
7157.44,364,424
7157.64,370,426
7157.84,375,429
7158.04,379,430
7158.24,383,432
7158.44,387,433
7158.64,390,434
7158.84,384,439
7159.04,355,433
7159.24,330,423
7159.44,309,402
7159.64,295,391
7159.84,289,377
7160.04,306,392
7160.24,344,423
7160.44,364,434
7160.64,364,431
7160.84,363,428
7161.04,358,426
7161.24,350,419
7161.44,355,420
7161.64,359,420
7161.84,366,421
7162.04,372,424
7162.24,376,427
7162.44,381,429
7162.64,385,431
7162.84,384,432
7163.04,374,430
7163.24,367,426
7163.44,360,423
7163.64,356,420
7163.84,357,419
7164.04,362,421
7164.24,366,423
7164.44,369,425
7164.64,374,427
7164.84,378,430
7165.04,383,432
7165.24,386,434
7165.44,376,427
7165.64,361,427
7165.84,353,420
7166.04,351,416
7166.24,354,417
7166.44,357,419
7166.64,361,421
7166.84,365,422
7167.04,369,424
7167.24,372,427
7167.44,376,429
7167.64,379,430
7167.84,382,432
7168.04,382,431
7168.24,368,424
7168.44,362,421
7168.64,354,418
7168.84,355,417
7169.04,358,419
7169.24,362,421
7169.44,366,422
7169.64,372,424
7169.84,375,427
7170.04,379,428
7170.24,383,430
7170.44,384,429
7170.64,374,426
7170.84,371,426
7171.04,355,419
7171.24,352,415
7171.44,356,418
7171.64,362,420
7171.84,368,421
7172.04,374,423
7172.24,379,426
7172.44,382,429
7172.64,386,431
7172.84,391,432
7173.04,391,433
7173.24,388,432
7173.44,377,427
7173.64,365,421
7173.84,358,418
7174.04,354,415
7174.24,351,412
7174.44,350,408
7174.64,350,413
7174.84,355,416
7175.04,361,418
7175.24,367,422
7175.44,371,424
7175.64,375,427
7175.84,376,428
7176.04,371,432
7176.24,372,432
7176.44,372,432
7176.64,358,425
7176.84,348,420
7177.04,348,420
7177.24,348,422
7177.44,350,423
7177.64,351,424
7177.84,352,424
7178.04,355,424
7178.24,358,426
7178.44,360,427
7178.64,363,428
7178.84,366,428
7179.04,370,430
7179.24,374,431
7179.44,378,432
7179.64,382,434
7179.84,386,435
7180.04,389,436
7180.24,391,437
7180.44,389,436
7180.64,384,434
7180.84,376,430
7181.04,367,427
7181.24,361,425
7181.44,354,421
7181.64,349,420
7181.84,349,420
7182.04,352,421
7182.24,357,423
7182.44,362,426
7182.64,368,428
7182.84,375,431
7183.04,381,433
7183.24,386,434
7183.44,389,436
7183.64,392,438
7183.84,375,429
7184.04,358,429
7184.24,349,423
7184.44,351,423
7184.64,354,426
7184.84,358,427
7185.04,362,428
7185.24,364,429
7185.44,367,430
7185.64,370,432
7185.84,372,433
7186.04,375,435
7186.24,377,435
7186.44,377,436
7186.64,368,429
7186.84,364,429
7187.04,355,424
7187.24,355,424
7187.44,356,425
7187.64,359,426
7187.84,362,428
7188.04,366,429
7188.24,370,431
7188.44,376,433
7188.64,382,436
7188.84,382,437
7189.04,378,435
7189.24,371,431
7189.44,364,428
7189.64,359,425
7189.84,353,422
7190.04,352,421
7190.24,353,421
7190.44,358,424
7190.64,364,427
7190.84,369,429
7191.04,372,430
7191.24,375,432
7191.44,379,434
7191.64,385,437
7191.84,364,437
7192.04,339,432
7192.24,325,422
7192.44,306,397
7192.64,294,379
7192.84,304,392
7193.04,336,429
7193.24,353,445
7193.44,352,430
7193.64,364,428
7193.84,368,432
7194.04,368,431
7194.24,362,427
7194.44,351,422
7194.64,346,420
7194.84,345,417
7195.04,348,420
7195.24,351,422
7195.44,355,424
7195.64,357,424
7195.84,359,425
7196.04,362,426
7196.24,365,427
7196.44,367,428
7196.64,370,430
7196.84,374,431
7197.04,375,431
7197.24,376,431
7197.44,374,431
7197.64,361,424
7197.84,346,421
7198.04,346,420
7198.24,350,423
7198.44,355,425
7198.64,359,427
7198.84,363,429
7199.04,366,430
7199.24,370,431
7199.44,372,433
7199.64,373,433
7199.84,366,426
7200.04,355,426
7200.24,349,422
7200.44,345,419
7200.64,347,420
7200.84,354,424
7201.04,364,428
7201.24,371,431
7201.44,375,433
7201.64,378,434
7201.84,380,435
7202.04,383,436
7202.24,380,434
7202.44,369,428
7202.64,355,422
7202.84,348,419
7203.04,352,422
7203.24,358,423
7203.44,364,424
7203.64,370,426
7203.84,375,429
7204.04,379,430
7204.24,383,432
7204.44,387,433
7204.64,390,434
7204.84,384,439
7205.04,355,433
7205.24,330,423
7205.44,309,402
7205.64,295,391
7205.84,289,377
7206.04,306,392
7206.24,344,423
7206.44,364,434
7206.64,364,431
7206.84,363,428
7207.04,358,426
7207.24,350,419
7207.44,355,420
7207.64,359,420
7207.84,366,421
7208.04,372,424
7208.24,376,427
7208.44,381,429
7208.64,385,431
7208.84,384,432
7209.04,374,430
7209.24,367,426
7209.44,360,423
7209.64,356,420
7209.84,357,419
7210.04,362,421
7210.24,366,423
7210.44,369,425
7210.64,374,427
7210.84,378,430
7211.04,383,432
7211.24,386,434
7211.44,376,427
7211.64,361,427
7211.84,353,420
7212.04,351,416
7212.24,354,417
7212.44,357,419
7212.64,361,421
7212.84,365,422
7213.04,369,424
7213.24,372,427
7213.44,376,429
7213.64,379,430
7213.84,382,432
7214.04,382,431
7214.24,368,424
7214.44,362,421
7214.64,354,418
7214.84,355,417
7215.04,358,419
7215.24,362,421
7215.44,366,422
7215.64,372,424
7215.84,375,427
7216.04,379,428
7216.24,383,430
7216.44,384,429
7216.64,374,426
7216.84,371,426
7217.04,355,419
7217.24,352,415
7217.44,356,418
7217.64,362,420
7217.84,368,421
7218.04,374,423
7218.24,379,426
7218.44,382,429
7218.64,386,431
7218.84,391,432
7219.04,391,433
7219.24,388,432
7219.44,377,427
7219.64,365,421
7219.84,358,418
7220.04,354,415
7220.24,351,412
7220.44,350,408
7220.64,350,413
7220.84,355,416
7221.04,361,418
7221.24,367,422
7221.44,371,424
7221.64,375,427
7221.84,376,428
7222.04,371,432
7222.24,372,432
7222.44,372,432
7222.64,358,425
7222.84,348,420
7223.04,348,420
7223.24,348,422
7223.44,350,423
7223.64,351,424
7223.84,352,424
7224.04,355,424
7224.24,358,426
7224.44,360,427
7224.64,363,428
7224.84,366,428
7225.04,370,430
7225.24,374,431
7225.44,378,432
7225.64,382,434
7225.84,386,435
7226.04,389,436
7226.24,391,437
7226.44,389,436
7226.64,384,434
7226.84,376,430
7227.04,367,427
7227.24,361,425
7227.44,354,421
7227.64,349,420
7227.84,349,420
7228.04,352,421
7228.24,357,423
7228.44,362,426
7228.64,368,428
7228.84,375,431
7229.04,381,433
7229.24,386,434
7229.44,389,436
7229.64,392,438
7229.84,375,429
7230.04,358,429
7230.24,349,423
7230.44,351,423
7230.64,354,426
7230.84,358,427
7231.04,362,428
7231.24,364,429
7231.44,367,430
7231.64,370,432
7231.84,372,433
7232.04,375,435
7232.24,377,435
7232.44,377,436
7232.64,368,429
7232.84,364,429
7233.04,355,424
7233.24,355,424
7233.44,356,425
7233.64,359,426
7233.84,362,428
7234.04,366,429
7234.24,370,431
7234.44,376,433
7234.64,382,436
7234.84,382,437
7235.04,378,435
7235.24,371,431
7235.44,364,428
7235.64,359,425
7235.84,353,422
7236.04,352,421
7236.24,353,421
7236.44,358,424
7236.64,364,427
7236.84,369,429
7237.04,372,430
7237.24,375,432
7237.44,379,434
7237.64,385,437
7237.84,364,437
7238.04,339,432
7238.24,325,422
7238.44,306,397
7238.64,294,379
7238.84,304,392
7239.04,336,429
7239.24,353,445
7239.44,352,430
7239.64,364,428
7239.84,368,432
7240.04,368,431
7240.24,362,427
7240.44,351,422
7240.64,346,420
7240.84,345,417
7241.04,348,420
7241.24,351,422
7241.44,355,424
7241.64,357,424
7241.84,359,425
7242.04,362,426
7242.24,365,427
7242.44,367,428
7242.64,370,430
7242.84,374,431
7243.04,375,431
7243.24,376,431
7243.44,374,431
7243.64,361,424
7243.84,346,421
7244.04,346,420
7244.24,350,423
7244.44,355,425
7244.64,359,427
7244.84,363,429
7245.04,366,430
7245.24,370,431
7245.44,372,433
7245.64,373,433
7245.84,366,426
7246.04,355,426
7246.24,349,422
7246.44,345,419
7246.64,347,420
7246.84,354,424
7247.04,364,428
7247.24,371,431
7247.44,375,433
7247.64,378,434
7247.84,380,435
7248.04,383,436
7248.24,380,434
7248.44,369,428
7248.64,355,422
7248.84,348,419
7249.04,352,422
7249.24,358,423
7249.44,364,424
7249.64,370,426
7249.84,375,429
7250.04,379,430
7250.24,383,432
7250.44,387,433
7250.64,390,434
7250.84,384,439
7251.04,355,433
7251.24,330,423
7251.44,309,402
7251.64,295,391
7251.84,289,377
7252.04,306,392
7252.24,344,423
7252.44,364,434
7252.64,364,431
7252.84,363,428
7253.04,358,426
7253.24,350,419
7253.44,355,420
7253.64,359,420
7253.84,366,421
7254.04,372,424
7254.24,376,427
7254.44,381,429
7254.64,385,431
7254.84,384,432
7255.04,374,430
7255.24,367,426
7255.44,360,423
7255.64,356,420
7255.84,357,419
7256.04,362,421
7256.24,366,423
7256.44,369,425
7256.64,374,427
7256.84,378,430
7257.04,383,432
7257.24,386,434
7257.44,376,427
7257.64,361,427
7257.84,353,420
7258.04,351,416
7258.24,354,417
7258.44,357,419
7258.64,361,421
7258.84,365,422
7259.04,369,424
7259.24,372,427
7259.44,376,429
7259.64,379,430
7259.84,382,432
7260.04,382,431
7260.24,368,424
7260.44,362,421
7260.64,354,418
7260.84,355,417
7261.04,358,419
7261.24,362,421
7261.44,366,422
7261.64,372,424
7261.84,375,427
7262.04,379,428
7262.24,383,430
7262.44,384,429
7262.64,374,426
7262.84,371,426
7263.04,355,419
7263.24,352,415
7263.44,356,418
7263.64,362,420
7263.84,368,421
7264.04,374,423
7264.24,379,426
7264.44,382,429
7264.64,386,431
7264.84,391,432
7265.04,391,433
7265.24,388,432
7265.44,377,427
7265.64,365,421
7265.84,358,418
7266.04,354,415
7266.24,351,412
7266.44,350,408
7266.64,350,413
7266.84,355,416
7267.04,361,418
7267.24,367,422
7267.44,371,424
7267.64,375,427
7267.84,376,428
7268.04,371,432
7268.24,372,432
7268.44,372,432
7268.64,358,425
7268.84,348,420
7269.04,348,420
7269.24,348,422
7269.44,350,423
7269.64,351,424
7269.84,352,424
7270.04,355,424
7270.24,358,426
7270.44,360,427
7270.64,363,428
7270.84,366,428
7271.04,370,430
7271.24,374,431
7271.44,378,432
7271.64,382,434
7271.84,386,435
7272.04,389,436
7272.24,391,437
7272.44,389,436
7272.64,384,434
7272.84,376,430
7273.04,367,427
7273.24,361,425
7273.44,354,421
7273.64,349,420
7273.84,349,420
7274.04,352,421
7274.24,357,423
7274.44,362,426
7274.64,368,428
7274.84,375,431
7275.04,381,433
7275.24,386,434
7275.44,389,436
7275.64,392,438
7275.84,375,429
7276.04,358,429
7276.24,349,423
7276.44,351,423
7276.64,354,426
7276.84,358,427
7277.04,362,428
7277.24,364,429
7277.44,367,430
7277.64,370,432
7277.84,372,433
7278.04,375,435
7278.24,377,435
7278.44,377,436
7278.64,368,429
7278.84,364,429
7279.04,355,424
7279.24,355,424
7279.44,356,425
7279.64,359,426
7279.84,362,428
7280.04,366,429
7280.24,370,431
7280.44,376,433
7280.64,382,436
7280.84,382,437
7281.04,378,435
7281.24,371,431
7281.44,364,428
7281.64,359,425
7281.84,353,422
7282.04,352,421
7282.24,353,421
7282.44,358,424
7282.64,364,427
7282.84,369,429
7283.04,372,430
7283.24,375,432
7283.44,379,434
7283.64,385,437
7283.84,364,437
7284.04,339,432
7284.24,325,422
7284.44,306,397
7284.64,294,379
7284.84,304,392
7285.04,336,429
7285.24,353,445
7285.44,352,430
7285.64,364,428
7285.84,368,432
7286.04,368,431
7286.24,362,427
7286.44,351,422
7286.64,346,420
7286.84,345,417
7287.04,348,420
7287.24,351,422
7287.44,355,424
7287.64,357,424
7287.84,359,425
7288.04,362,426
7288.24,365,427
7288.44,367,428
7288.64,370,430
7288.84,374,431
7289.04,375,431
7289.24,376,431
7289.44,374,431
7289.64,361,424
7289.84,346,421
7290.04,346,420
7290.24,350,423
7290.44,355,425
7290.64,359,427
7290.84,363,429
7291.04,366,430
7291.24,370,431
7291.44,372,433
7291.64,373,433
7291.84,366,426
7292.04,355,426
7292.24,349,422
7292.44,345,419
7292.64,347,420
7292.84,354,424
7293.04,364,428
7293.24,371,431
7293.44,375,433
7293.64,378,434
7293.84,380,435
7294.04,383,436
7294.24,380,434
7294.44,369,428
7294.64,355,422
7294.84,348,419
7295.04,352,422
7295.24,358,423
7295.44,364,424
7295.64,370,426
7295.84,375,429
7296.04,379,430
7296.24,383,432
7296.44,387,433
7296.64,390,434
7296.84,384,439
7297.04,355,433
7297.24,330,423
7297.44,309,402
7297.64,295,391
7297.84,289,377
7298.04,306,392
7298.24,344,423
7298.44,364,434
7298.64,364,431
7298.84,363,428
7299.04,358,426
7299.24,350,419
7299.44,355,420
7299.64,359,420
7299.84,366,421
7300.04,372,424
7300.24,376,427
7300.44,381,429
7300.64,385,431
7300.84,384,432
7301.04,374,430
7301.24,367,426
7301.44,360,423
7301.64,356,420
7301.84,357,419
7302.04,362,421
7302.24,366,423
7302.44,369,425
7302.64,374,427
7302.84,378,430
7303.04,383,432
7303.24,386,434
7303.44,376,427
7303.64,361,427
7303.84,353,420
7304.04,351,416
7304.24,354,417
7304.44,357,419
7304.64,361,421
7304.84,365,422
7305.04,369,424
7305.24,372,427
7305.44,376,429
7305.64,379,430
7305.84,382,432
7306.04,382,431
7306.24,368,424
7306.44,362,421
7306.64,354,418
7306.84,355,417
7307.04,358,419
7307.24,362,421
7307.44,366,422
7307.64,372,424
7307.84,375,427
7308.04,379,428
7308.24,383,430
7308.44,384,429
7308.64,374,426
7308.84,371,426
7309.04,355,419
7309.24,352,415
7309.44,356,418
7309.64,362,420
7309.84,368,421
7310.04,374,423
7310.24,379,426
7310.44,382,429
7310.64,386,431
7310.84,391,432
7311.04,391,433
7311.24,388,432
7311.44,377,427
7311.64,365,421
7311.84,358,418
7312.04,354,415
7312.24,351,412
7312.44,350,408
7312.64,350,413
7312.84,355,416
7313.04,361,418
7313.24,367,422
7313.44,371,424
7313.64,375,427
7313.84,376,428
7314.04,371,432
7314.24,372,432
7314.44,372,432
7314.64,358,425
7314.84,348,420
7315.04,348,420
7315.24,348,422
7315.44,350,423
7315.64,351,424
7315.84,352,424
7316.04,355,424
7316.24,358,426
7316.44,360,427
7316.64,363,428
7316.84,366,428
7317.04,370,430
7317.24,374,431
7317.44,378,432
7317.64,382,434
7317.84,386,435
7318.04,389,436
7318.24,391,437
7318.44,389,436
7318.64,384,434
7318.84,376,430
7319.04,367,427
7319.24,361,425
7319.44,354,421
7319.64,349,420
7319.84,349,420
7320.04,352,421
7320.24,357,423
7320.44,362,426
7320.64,368,428
7320.84,375,431
7321.04,381,433
7321.24,386,434
7321.44,389,436
7321.64,392,438
7321.84,375,429
7322.04,358,429
7322.24,349,423
7322.44,351,423
7322.64,354,426
7322.84,358,427
7323.04,362,428
7323.24,364,429
7323.44,367,430
7323.64,370,432
7323.84,372,433
7324.04,375,435
7324.24,377,435
7324.44,377,436
7324.64,368,429
7324.84,364,429
7325.04,355,424
7325.24,355,424
7325.44,356,425
7325.64,359,426
7325.84,362,428
7326.04,366,429
7326.24,370,431
7326.44,376,433
7326.64,382,436
7326.84,382,437
7327.04,378,435
7327.24,371,431
7327.44,364,428
7327.64,359,425
7327.84,353,422
7328.04,352,421
7328.24,353,421
7328.44,358,424
7328.64,364,427
7328.84,369,429
7329.04,372,430
7329.24,375,432
7329.44,379,434
7329.64,385,437
7329.84,364,437
7330.04,339,432
7330.24,325,422
7330.44,306,397
7330.64,294,379
7330.84,304,392
7331.04,336,429
7331.24,353,445
7331.44,352,430
7331.64,364,428
7331.84,368,432
7332.04,368,431
7332.24,362,427
7332.44,351,422
7332.64,346,420
7332.84,345,417
7333.04,348,420
7333.24,351,422
7333.44,355,424
7333.64,357,424
7333.84,359,425
7334.04,362,426
7334.24,365,427
7334.44,367,428
7334.64,370,430
7334.84,374,431
7335.04,375,431
7335.24,376,431
7335.44,374,431
7335.64,361,424
7335.84,346,421
7336.04,346,420
7336.24,350,423
7336.44,355,425
7336.64,359,427
7336.84,363,429
7337.04,366,430
7337.24,370,431
7337.44,372,433
7337.64,373,433
7337.84,366,426
7338.04,355,426
7338.24,349,422
7338.44,345,419
7338.64,347,420
7338.84,354,424
7339.04,364,428
7339.24,371,431
7339.44,375,433
7339.64,378,434
7339.84,380,435
7340.04,383,436
7340.24,380,434
7340.44,369,428
7340.64,355,422
7340.84,348,419
7341.04,352,422
7341.24,358,423
7341.44,364,424
7341.64,370,426
7341.84,375,429
7342.04,379,430
7342.24,383,432
7342.44,387,433
7342.64,390,434
7342.84,384,439
7343.04,355,433
7343.24,330,423
7343.44,309,402
7343.64,295,391
7343.84,289,377
7344.04,306,392
7344.24,344,423
7344.44,364,434
7344.64,364,431
7344.84,363,428
7345.04,358,426
7345.24,350,419
7345.44,355,420
7345.64,359,420
7345.84,366,421
7346.04,372,424
7346.24,376,427
7346.44,381,429
7346.64,385,431
7346.84,384,432
7347.04,374,430
7347.24,367,426
7347.44,360,423
7347.64,356,420
7347.84,357,419
7348.04,362,421
7348.24,366,423
7348.44,369,425
7348.64,374,427
7348.84,378,430
7349.04,383,432
7349.24,386,434
7349.44,376,427
7349.64,361,427
7349.84,353,420
7350.04,351,416
7350.24,354,417
7350.44,357,419
7350.64,361,421
7350.84,365,422
7351.04,369,424
7351.24,372,427
7351.44,376,429
7351.64,379,430
7351.84,382,432
7352.04,382,431
7352.24,368,424
7352.44,362,421
7352.64,354,418
7352.84,355,417
7353.04,358,419
7353.24,362,421
7353.44,366,422
7353.64,372,424
7353.84,375,427
7354.04,379,428
7354.24,383,430
7354.44,384,429
7354.64,374,426
7354.84,371,426
7355.04,355,419
7355.24,352,415
7355.44,356,418
7355.64,362,420
7355.84,368,421
7356.04,374,423
7356.24,379,426
7356.44,382,429
7356.64,386,431
7356.84,391,432
7357.04,391,433
7357.24,388,432
7357.44,377,427
7357.64,365,421
7357.84,358,418
7358.04,354,415
7358.24,351,412
7358.44,350,408
7358.64,350,413
7358.84,355,416
7359.04,361,418
7359.24,367,422
7359.44,371,424
7359.64,375,427
7359.84,376,428
7360.04,371,432
7360.24,372,432
7360.44,372,432
7360.64,358,425
7360.84,348,420
7361.04,348,420
7361.24,348,422
7361.44,350,423
7361.64,351,424
7361.84,352,424
7362.04,355,424
7362.24,358,426
7362.44,360,427
7362.64,363,428
7362.84,366,428
7363.04,370,430
7363.24,374,431
7363.44,378,432
7363.64,382,434
7363.84,386,435
7364.04,389,436
7364.24,391,437
7364.44,389,436
7364.64,384,434
7364.84,376,430
7365.04,367,427
7365.24,361,425
7365.44,354,421
7365.64,349,420
7365.84,349,420
7366.04,352,421
7366.24,357,423
7366.44,362,426
7366.64,368,428
7366.84,375,431
7367.04,381,433
7367.24,386,434
7367.44,389,436
7367.64,392,438
7367.84,375,429
7368.04,358,429
7368.24,349,423
7368.44,351,423
7368.64,354,426
7368.84,358,427
7369.04,362,428
7369.24,364,429
7369.44,367,430
7369.64,370,432
7369.84,372,433
7370.04,375,435
7370.24,377,435
7370.44,377,436
7370.64,368,429
7370.84,364,429
7371.04,355,424
7371.24,355,424
7371.44,356,425
7371.64,359,426
7371.84,362,428
7372.04,366,429
7372.24,370,431
7372.44,376,433
7372.64,382,436
7372.84,382,437
7373.04,378,435
7373.24,371,431
7373.44,364,428
7373.64,359,425
7373.84,353,422
7374.04,352,421
7374.24,353,421
7374.44,358,424
7374.64,364,427
7374.84,369,429
7375.04,372,430
7375.24,375,432
7375.44,379,434
7375.64,385,437
7375.84,364,437
7376.04,339,432
7376.24,325,422
7376.44,306,397
7376.64,294,379
7376.84,304,392
7377.04,336,429
7377.24,353,445
7377.44,352,430
7377.64,364,428
7377.84,368,432
7378.04,368,431
7378.24,362,427
7378.44,351,422
7378.64,346,420
7378.84,345,417
7379.04,348,420
7379.24,351,422
7379.44,355,424
7379.64,357,424
7379.84,359,425
7380.04,362,426
7380.24,365,427
7380.44,367,428
7380.64,370,430
7380.84,374,431
7381.04,375,431
7381.24,376,431
7381.44,374,431
7381.64,361,424
7381.84,346,421
7382.04,346,420
7382.24,350,423
7382.44,355,425
7382.64,359,427
7382.84,363,429
7383.04,366,430
7383.24,370,431
7383.44,372,433
7383.64,373,433
7383.84,366,426
7384.04,355,426
7384.24,349,422
7384.44,345,419
7384.64,347,420
7384.84,354,424
7385.04,364,428
7385.24,371,431
7385.44,375,433
7385.64,378,434
7385.84,380,435
7386.04,383,436
7386.24,380,434
7386.44,369,428
7386.64,355,422
7386.84,348,419
7387.04,352,422
7387.24,358,423
7387.44,364,424
7387.64,370,426
7387.84,375,429
7388.04,379,430
7388.24,383,432
7388.44,387,433
7388.64,390,434
7388.84,384,439
7389.04,355,433
7389.24,330,423
7389.44,309,402
7389.64,295,391
7389.84,289,377
7390.04,306,392
7390.24,344,423
7390.44,364,434
7390.64,364,431
7390.84,363,428
7391.04,358,426
7391.24,350,419
7391.44,355,420
7391.64,359,420
7391.84,366,421
7392.04,372,424
7392.24,376,427
7392.44,381,429
7392.64,385,431
7392.84,384,432
7393.04,374,430
7393.24,367,426
7393.44,360,423
7393.64,356,420
7393.84,357,419
7394.04,362,421
7394.24,366,423
7394.44,369,425
7394.64,374,427
7394.84,378,430
7395.04,383,432
7395.24,386,434
7395.44,376,427
7395.64,361,427
7395.84,353,420
7396.04,351,416
7396.24,354,417
7396.44,357,419
7396.64,361,421
7396.84,365,422
7397.04,369,424
7397.24,372,427
7397.44,376,429
7397.64,379,430
7397.84,382,432
7398.04,382,431
7398.24,368,424
7398.44,362,421
7398.64,354,418
7398.84,355,417
7399.04,358,419
7399.24,362,421
7399.44,366,422
7399.64,372,424
7399.84,375,427
7400.04,379,428
7400.24,383,430
7400.44,384,429
7400.64,374,426
7400.84,371,426
7401.04,355,419
7401.24,352,415
7401.44,356,418
7401.64,362,420
7401.84,368,421
7402.04,374,423
7402.24,379,426
7402.44,382,429
7402.64,386,431
7402.84,391,432
7403.04,391,433
7403.24,388,432
7403.44,377,427
7403.64,365,421
7403.84,358,418
7404.04,354,415
7404.24,351,412
7404.44,350,408
7404.64,350,413
7404.84,355,416
7405.04,361,418
7405.24,367,422
7405.44,371,424
7405.64,375,427
7405.84,376,428
7406.04,371,432
7406.24,372,432
7406.44,372,432
7406.64,358,425
7406.84,348,420
7407.04,348,420
7407.24,348,422
7407.44,350,423
7407.64,351,424
7407.84,352,424
7408.04,355,424
7408.24,358,426
7408.44,360,427
7408.64,363,428
7408.84,366,428
7409.04,370,430
7409.24,374,431
7409.44,378,432
7409.64,382,434
7409.84,386,435
7410.04,389,436
7410.24,391,437
7410.44,389,436
7410.64,384,434
7410.84,376,430
7411.04,367,427
7411.24,361,425
7411.44,354,421
7411.64,349,420
7411.84,349,420
7412.04,352,421
7412.24,357,423
7412.44,362,426
7412.64,368,428
7412.84,375,431
7413.04,381,433
7413.24,386,434
7413.44,389,436
7413.64,392,438
7413.84,375,429
7414.04,358,429
7414.24,349,423
7414.44,351,423
7414.64,354,426
7414.84,358,427
7415.04,362,428
7415.24,364,429
7415.44,367,430
7415.64,370,432
7415.84,372,433
7416.04,375,435
7416.24,377,435
7416.44,377,436
7416.64,368,429
7416.84,364,429
7417.04,355,424
7417.24,355,424
7417.44,356,425
7417.64,359,426
7417.84,362,428
7418.04,366,429
7418.24,370,431
7418.44,376,433
7418.64,382,436
7418.84,382,437
7419.04,378,435
7419.24,371,431
7419.44,364,428
7419.64,359,425
7419.84,353,422
7420.04,352,421
7420.24,353,421
7420.44,358,424
7420.64,364,427
7420.84,369,429
7421.04,372,430
7421.24,375,432
7421.44,379,434
7421.64,385,437
7421.84,364,437
7422.04,339,432
7422.24,325,422
7422.44,306,397
7422.64,294,379
7422.84,304,392
7423.04,336,429
7423.24,353,445
7423.44,352,430
7423.64,364,428
7423.84,368,432
7424.04,368,431
7424.24,362,427
7424.44,351,422
7424.64,346,420
7424.84,345,417
7425.04,348,420
7425.24,351,422
7425.44,355,424
7425.64,357,424
7425.84,359,425
7426.04,362,426
7426.24,365,427
7426.44,367,428
7426.64,370,430
7426.84,374,431
7427.04,375,431
7427.24,376,431
7427.44,374,431
7427.64,361,424
7427.84,346,421
7428.04,346,420
7428.24,350,423
7428.44,355,425
7428.64,359,427
7428.84,363,429
7429.04,366,430
7429.24,370,431
7429.44,372,433
7429.64,373,433
7429.84,366,426
7430.04,355,426
7430.24,349,422
7430.44,345,419
7430.64,347,420
7430.84,354,424
7431.04,364,428
7431.24,371,431
7431.44,375,433
7431.64,378,434
7431.84,380,435
7432.04,383,436
7432.24,380,434
7432.44,369,428
7432.64,355,422
7432.84,348,419
7433.04,352,422
7433.24,358,423
7433.44,364,424
7433.64,370,426
7433.84,375,429
7434.04,379,430
7434.24,383,432
7434.44,387,433
7434.64,390,434
7434.84,384,439
7435.04,355,433
7435.24,330,423
7435.44,309,402
7435.64,295,391
7435.84,289,377
7436.04,306,392
7436.24,344,423
7436.44,364,434
7436.64,364,431
7436.84,363,428
7437.04,358,426
7437.24,350,419
7437.44,355,420
7437.64,359,420
7437.84,366,421
7438.04,372,424
7438.24,376,427
7438.44,381,429
7438.64,385,431
7438.84,384,432
7439.04,374,430
7439.24,367,426
7439.44,360,423
7439.64,356,420
7439.84,357,419
7440.04,362,421
7440.24,366,423
7440.44,369,425
7440.64,374,427
7440.84,378,430
7441.04,383,432
7441.24,386,434
7441.44,376,427
7441.64,361,427
7441.84,353,420
7442.04,351,416
7442.24,354,417
7442.44,357,419
7442.64,361,421
7442.84,365,422
7443.04,369,424
7443.24,372,427
7443.44,376,429
7443.64,379,430
7443.84,382,432
7444.04,382,431
7444.24,368,424
7444.44,362,421
7444.64,354,418
7444.84,355,417
7445.04,358,419
7445.24,362,421
7445.44,366,422
7445.64,372,424
7445.84,375,427
7446.04,379,428
7446.24,383,430
7446.44,384,429
7446.64,374,426
7446.84,371,426
7447.04,355,419
7447.24,352,415
7447.44,356,418
7447.64,362,420
7447.84,368,421
7448.04,374,423
7448.24,379,426
7448.44,382,429
7448.64,386,431
7448.84,391,432
7449.04,391,433
7449.24,388,432
7449.44,377,427
7449.64,365,421
7449.84,358,418
7450.04,354,415
7450.24,351,412
7450.44,350,408
7450.64,350,413
7450.84,355,416
7451.04,361,418
7451.24,367,422
7451.44,371,424
7451.64,375,427
7451.84,376,428
7452.04,371,432
7452.24,372,432
7452.44,372,432
7452.64,358,425
7452.84,348,420
7453.04,348,420
7453.24,348,422
7453.44,350,423
7453.64,351,424
7453.84,352,424
7454.04,355,424
7454.24,358,426
7454.44,360,427
7454.64,363,428
7454.84,366,428
7455.04,370,430
7455.24,374,431
7455.44,378,432
7455.64,382,434
7455.84,386,435
7456.04,389,436
7456.24,391,437
7456.44,389,436
7456.64,384,434
7456.84,376,430
7457.04,367,427
7457.24,361,425
7457.44,354,421
7457.64,349,420
7457.84,349,420
7458.04,352,421
7458.24,357,423
7458.44,362,426
7458.64,368,428
7458.84,375,431
7459.04,381,433
7459.24,386,434
7459.44,389,436
7459.64,392,438
7459.84,375,429
7460.04,358,429
7460.24,349,423
7460.44,351,423
7460.64,354,426
7460.84,358,427
7461.04,362,428
7461.24,364,429
7461.44,367,430
7461.64,370,432
7461.84,372,433
7462.04,375,435
7462.24,377,435
7462.44,377,436
7462.64,368,429
7462.84,364,429
7463.04,355,424
7463.24,355,424
7463.44,356,425
7463.64,359,426
7463.84,362,428
7464.04,366,429
7464.24,370,431
7464.44,376,433
7464.64,382,436
7464.84,382,437
7465.04,378,435
7465.24,371,431
7465.44,364,428
7465.64,359,425
7465.84,353,422
7466.04,352,421
7466.24,353,421
7466.44,358,424
7466.64,364,427
7466.84,369,429
7467.04,372,430
7467.24,375,432
7467.44,379,434
7467.64,385,437
7467.84,364,437
7468.04,339,432
7468.24,325,422
7468.44,306,397
7468.64,294,379
7468.84,304,392
7469.04,336,429
7469.24,353,445
7469.44,352,430
7469.64,364,428
7469.84,368,432
7470.04,368,431
7470.24,362,427
7470.44,351,422
7470.64,346,420
7470.84,345,417
7471.04,348,420
7471.24,351,422
7471.44,355,424
7471.64,357,424
7471.84,359,425
7472.04,362,426
7472.24,365,427
7472.44,367,428
7472.64,370,430
7472.84,374,431
7473.04,375,431
7473.24,376,431
7473.44,374,431
7473.64,361,424
7473.84,346,421
7474.04,346,420
7474.24,350,423
7474.44,355,425
7474.64,359,427
7474.84,363,429
7475.04,366,430
7475.24,370,431
7475.44,372,433
7475.64,373,433
7475.84,366,426
7476.04,355,426
7476.24,349,422
7476.44,345,419
7476.64,347,420
7476.84,354,424
7477.04,364,428
7477.24,371,431
7477.44,375,433
7477.64,378,434
7477.84,380,435
7478.04,383,436
7478.24,380,434
7478.44,369,428
7478.64,355,422
7478.84,348,419
7479.04,352,422
7479.24,358,423
7479.44,364,424
7479.64,370,426
7479.84,375,429
7480.04,379,430
7480.24,383,432
7480.44,387,433
7480.64,390,434
7480.84,384,439
7481.04,355,433
7481.24,330,423
7481.44,309,402
7481.64,295,391
7481.84,289,377
7482.04,306,392
7482.24,344,423
7482.44,364,434
7482.64,364,431
7482.84,363,428
7483.04,358,426
7483.24,350,419
7483.44,355,420
7483.64,359,420
7483.84,366,421
7484.04,372,424
7484.24,376,427
7484.44,381,429
7484.64,385,431
7484.84,384,432
7485.04,374,430
7485.24,367,426
7485.44,360,423
7485.64,356,420
7485.84,357,419
7486.04,362,421
7486.24,366,423
7486.44,369,425
7486.64,374,427
7486.84,378,430
7487.04,383,432
7487.24,386,434
7487.44,376,427
7487.64,361,427
7487.84,353,420
7488.04,351,416
7488.24,354,417
7488.44,357,419
7488.64,361,421
7488.84,365,422
7489.04,369,424
7489.24,372,427
7489.44,376,429
7489.64,379,430
7489.84,382,432
7490.04,382,431
7490.24,368,424
7490.44,362,421
7490.64,354,418
7490.84,355,417
7491.04,358,419
7491.24,362,421
7491.44,366,422
7491.64,372,424
7491.84,375,427
7492.04,379,428
7492.24,383,430
7492.44,384,429
7492.64,374,426
7492.84,371,426
7493.04,355,419
7493.24,352,415
7493.44,356,418
7493.64,362,420
7493.84,368,421
7494.04,374,423
7494.24,379,426
7494.44,382,429
7494.64,386,431
7494.84,391,432
7495.04,391,433
7495.24,388,432
7495.44,377,427
7495.64,365,421
7495.84,358,418
7496.04,354,415
7496.24,351,412
7496.44,350,408
7496.64,350,413
7496.84,355,416
7497.04,361,418
7497.24,367,422
7497.44,371,424
7497.64,375,427
7497.84,376,428
7498.04,371,432
7498.24,372,432
7498.44,372,432
7498.64,358,425
7498.84,348,420
7499.04,348,420
7499.24,348,422
7499.44,350,423
7499.64,351,424
7499.84,352,424
7500.04,355,424
7500.24,358,426
7500.44,360,427
7500.64,363,428
7500.84,366,428
7501.04,370,430
7501.24,374,431
7501.44,378,432
7501.64,382,434
7501.84,386,435
7502.04,389,436
7502.24,391,437
7502.44,389,436
7502.64,384,434
7502.84,376,430
7503.04,367,427
7503.24,361,425
7503.44,354,421
7503.64,349,420
7503.84,349,420
7504.04,352,421
7504.24,357,423
7504.44,362,426
7504.64,368,428
7504.84,375,431
7505.04,381,433
7505.24,386,434
7505.44,389,436
7505.64,392,438
7505.84,375,429
7506.04,358,429
7506.24,349,423
7506.44,351,423
7506.64,354,426
7506.84,358,427
7507.04,362,428
7507.24,364,429
7507.44,367,430
7507.64,370,432
7507.84,372,433
7508.04,375,435
7508.24,377,435
7508.44,377,436
7508.64,368,429
7508.84,364,429
7509.04,355,424
7509.24,355,424
7509.44,356,425
7509.64,359,426
7509.84,362,428
7510.04,366,429
7510.24,370,431
7510.44,376,433
7510.64,382,436
7510.84,382,437
7511.04,378,435
7511.24,371,431
7511.44,364,428
7511.64,359,425
7511.84,353,422
7512.04,352,421
7512.24,353,421
7512.44,358,424
7512.64,364,427
7512.84,369,429
7513.04,372,430
7513.24,375,432
7513.44,379,434
7513.64,385,437
7513.84,364,437
7514.04,339,432
7514.24,325,422
7514.44,306,397
7514.64,294,379
7514.84,304,392
7515.04,336,429
7515.24,353,445
7515.44,352,430
7515.64,364,428
7515.84,368,432
7516.04,368,431
7516.24,362,427
7516.44,351,422
7516.64,346,420
7516.84,345,417
7517.04,348,420
7517.24,351,422
7517.44,355,424
7517.64,357,424
7517.84,359,425
7518.04,362,426
7518.24,365,427
7518.44,367,428
7518.64,370,430
7518.84,374,431
7519.04,375,431
7519.24,376,431
7519.44,374,431
7519.64,361,424
7519.84,346,421
7520.04,346,420
7520.24,350,423
7520.44,355,425
7520.64,359,427
7520.84,363,429
7521.04,366,430
7521.24,370,431
7521.44,372,433
7521.64,373,433
7521.84,366,426
7522.04,355,426
7522.24,349,422
7522.44,345,419
7522.64,347,420
7522.84,354,424
7523.04,364,428
7523.24,371,431
7523.44,375,433
7523.64,378,434
7523.84,380,435
7524.04,383,436
7524.24,380,434
7524.44,369,428
7524.64,355,422
7524.84,348,419
7525.04,352,422
7525.24,358,423
7525.44,364,424
7525.64,370,426
7525.84,375,429
7526.04,379,430
7526.24,383,432
7526.44,387,433
7526.64,390,434
7526.84,384,439
7527.04,355,433
7527.24,330,423
7527.44,309,402
7527.64,295,391
7527.84,289,377
7528.04,306,392
7528.24,344,423
7528.44,364,434
7528.64,364,431
7528.84,363,428
7529.04,358,426
7529.24,350,419
7529.44,355,420
7529.64,359,420
7529.84,366,421
7530.04,372,424
7530.24,376,427
7530.44,381,429
7530.64,385,431
7530.84,384,432
7531.04,374,430
7531.24,367,426
7531.44,360,423
7531.64,356,420
7531.84,357,419
7532.04,362,421
7532.24,366,423
7532.44,369,425
7532.64,374,427
7532.84,378,430
7533.04,383,432
7533.24,386,434
7533.44,376,427
7533.64,361,427
7533.84,353,420
7534.04,351,416
7534.24,354,417
7534.44,357,419
7534.64,361,421
7534.84,365,422
7535.04,369,424
7535.24,372,427
7535.44,376,429
7535.64,379,430
7535.84,382,432
7536.04,382,431
7536.24,368,424
7536.44,362,421
7536.64,354,418
7536.84,355,417
7537.04,358,419
7537.24,362,421
7537.44,366,422
7537.64,372,424
7537.84,375,427
7538.04,379,428
7538.24,383,430
7538.44,384,429
7538.64,374,426
7538.84,371,426
7539.04,355,419
7539.24,352,415
7539.44,356,418
7539.64,362,420
7539.84,368,421
7540.04,374,423
7540.24,379,426
7540.44,382,429
7540.64,386,431
7540.84,391,432
7541.04,391,433
7541.24,388,432
7541.44,377,427
7541.64,365,421
7541.84,358,418
7542.04,354,415
7542.24,351,412
7542.44,350,408
7542.64,350,413
7542.84,355,416
7543.04,361,418
7543.24,367,422
7543.44,371,424
7543.64,375,427
7543.84,376,428
7544.04,371,432
7544.24,372,432
7544.44,372,432
7544.64,358,425
7544.84,348,420
7545.04,348,420
7545.24,348,422
7545.44,350,423
7545.64,351,424
7545.84,352,424
7546.04,355,424
7546.24,358,426
7546.44,360,427
7546.64,363,428
7546.84,366,428
7547.04,370,430
7547.24,374,431
7547.44,378,432
7547.64,382,434
7547.84,386,435
7548.04,389,436
7548.24,391,437
7548.44,389,436
7548.64,384,434
7548.84,376,430
7549.04,367,427
7549.24,361,425
7549.44,354,421
7549.64,349,420
7549.84,349,420
7550.04,352,421
7550.24,357,423
7550.44,362,426
7550.64,368,428
7550.84,375,431
7551.04,381,433
7551.24,386,434
7551.44,389,436
7551.64,392,438
7551.84,375,429
7552.04,358,429
7552.24,349,423
7552.44,351,423
7552.64,354,426
7552.84,358,427
7553.04,362,428
7553.24,364,429
7553.44,367,430
7553.64,370,432
7553.84,372,433
7554.04,375,435
7554.24,377,435
7554.44,377,436
7554.64,368,429
7554.84,364,429
7555.04,355,424
7555.24,355,424
7555.44,356,425
7555.64,359,426
7555.84,362,428
7556.04,366,429
7556.24,370,431
7556.44,376,433
7556.64,382,436
7556.84,382,437
7557.04,378,435
7557.24,371,431
7557.44,364,428
7557.64,359,425
7557.84,353,422
7558.04,352,421
7558.24,353,421
7558.44,358,424
7558.64,364,427
7558.84,369,429
7559.04,372,430
7559.24,375,432
7559.44,379,434
7559.64,385,437
7559.84,364,437
7560.04,339,432
7560.24,325,422
7560.44,306,397
7560.64,294,379
7560.84,304,392
7561.04,336,429
7561.24,353,445
7561.44,352,430
7561.64,364,428
7561.84,368,432
7562.04,368,431
7562.24,362,427
7562.44,351,422
7562.64,346,420
7562.84,345,417
7563.04,348,420
7563.24,351,422
7563.44,355,424
7563.64,357,424
7563.84,359,425
7564.04,362,426
7564.24,365,427
7564.44,367,428
7564.64,370,430
7564.84,374,431
7565.04,375,431
7565.24,376,431
7565.44,374,431
7565.64,361,424
7565.84,346,421
7566.04,346,420
7566.24,350,423
7566.44,355,425
7566.64,359,427
7566.84,363,429
7567.04,366,430
7567.24,370,431
7567.44,372,433
7567.64,373,433
7567.84,366,426
7568.04,355,426
7568.24,349,422
7568.44,345,419
7568.64,347,420
7568.84,354,424
7569.04,364,428
7569.24,371,431
7569.44,375,433
7569.64,378,434
7569.84,380,435
7570.04,383,436
7570.24,380,434
7570.44,369,428
7570.64,355,422
7570.84,348,419
7571.04,352,422
7571.24,358,423
7571.44,364,424
7571.64,370,426
7571.84,375,429
7572.04,379,430
7572.24,383,432
7572.44,387,433
7572.64,390,434
7572.84,384,439
7573.04,355,433
7573.24,330,423
7573.44,309,402
7573.64,295,391
7573.84,289,377
7574.04,306,392
7574.24,344,423
7574.44,364,434
7574.64,364,431
7574.84,363,428
7575.04,358,426
7575.24,350,419
7575.44,355,420
7575.64,359,420
7575.84,366,421
7576.04,372,424
7576.24,376,427
7576.44,381,429
7576.64,385,431
7576.84,384,432
7577.04,374,430
7577.24,367,426
7577.44,360,423
7577.64,356,420
7577.84,357,419
7578.04,362,421
7578.24,366,423
7578.44,369,425
7578.64,374,427
7578.84,378,430
7579.04,383,432
7579.24,386,434
7579.44,376,427
7579.64,361,427
7579.84,353,420
7580.04,351,416
7580.24,354,417
7580.44,357,419
7580.64,361,421
7580.84,365,422
7581.04,369,424
7581.24,372,427
7581.44,376,429
7581.64,379,430
7581.84,382,432
7582.04,382,431
7582.24,368,424
7582.44,362,421
7582.64,354,418
7582.84,355,417
7583.04,358,419
7583.24,362,421
7583.44,366,422
7583.64,372,424
7583.84,375,427
7584.04,379,428
7584.24,383,430
7584.44,384,429
7584.64,374,426
7584.84,371,426
7585.04,355,419
7585.24,352,415
7585.44,356,418
7585.64,362,420
7585.84,368,421
7586.04,374,423
7586.24,379,426
7586.44,382,429
7586.64,386,431
7586.84,391,432
7587.04,391,433
7587.24,388,432
7587.44,377,427
7587.64,365,421
7587.84,358,418
7588.04,354,415
7588.24,351,412
7588.44,350,408
7588.64,350,413
7588.84,355,416
7589.04,361,418
7589.24,367,422
7589.44,371,424
7589.64,375,427
7589.84,376,428
7590.04,371,432
7590.24,372,432
7590.44,372,432
7590.64,358,425
7590.84,348,420
7591.04,348,420
7591.24,348,422
7591.44,350,423
7591.64,351,424
7591.84,352,424
7592.04,355,424
7592.24,358,426
7592.44,360,427
7592.64,363,428
7592.84,366,428
7593.04,370,430
7593.24,374,431
7593.44,378,432
7593.64,382,434
7593.84,386,435
7594.04,389,436
7594.24,391,437
7594.44,389,436
7594.64,384,434
7594.84,376,430
7595.04,367,427
7595.24,361,425
7595.44,354,421
7595.64,349,420
7595.84,349,420
7596.04,352,421
7596.24,357,423
7596.44,362,426
7596.64,368,428
7596.84,375,431
7597.04,381,433
7597.24,386,434
7597.44,389,436
7597.64,392,438
7597.84,375,429
7598.04,358,429
7598.24,349,423
7598.44,351,423
7598.64,354,426
7598.84,358,427
7599.04,362,428
7599.24,364,429
7599.44,367,430
7599.64,370,432
7599.84,372,433
7600.04,375,435
7600.24,377,435
7600.44,377,436
7600.64,368,429
7600.84,364,429
7601.04,355,424
7601.24,355,424
7601.44,356,425
7601.64,359,426
7601.84,362,428
7602.04,366,429
7602.24,370,431
7602.44,376,433
7602.64,382,436
7602.84,382,437
7603.04,378,435
7603.24,371,431
7603.44,364,428
7603.64,359,425
7603.84,353,422
7604.04,352,421
7604.24,353,421
7604.44,358,424
7604.64,364,427
7604.84,369,429
7605.04,372,430
7605.24,375,432
7605.44,379,434
7605.64,385,437
7605.84,364,437
7606.04,339,432
7606.24,325,422
7606.44,306,397
7606.64,294,379
7606.84,304,392
7607.04,336,429
7607.24,353,445
7607.44,352,430
7607.64,364,428
7607.84,368,432
7608.04,368,431
7608.24,362,427
7608.44,351,422
7608.64,346,420
7608.84,345,417
7609.04,348,420
7609.24,351,422
7609.44,355,424
7609.64,357,424
7609.84,359,425
7610.04,362,426
7610.24,365,427
7610.44,367,428
7610.64,370,430
7610.84,374,431
7611.04,375,431
7611.24,376,431
7611.44,374,431
7611.64,361,424
7611.84,346,421
7612.04,346,420
7612.24,350,423
7612.44,355,425
7612.64,359,427
7612.84,363,429
7613.04,366,430
7613.24,370,431
7613.44,372,433
7613.64,373,433
7613.84,366,426
7614.04,355,426
7614.24,349,422
7614.44,345,419
7614.64,347,420
7614.84,354,424
7615.04,364,428
7615.24,371,431
7615.44,375,433
7615.64,378,434
7615.84,380,435
7616.04,383,436
7616.24,380,434
7616.44,369,428
7616.64,355,422
7616.84,348,419
7617.04,352,422
7617.24,358,423
7617.44,364,424
7617.64,370,426
7617.84,375,429
7618.04,379,430
7618.24,383,432
7618.44,387,433
7618.64,390,434
7618.84,384,439
7619.04,355,433
7619.24,330,423
7619.44,309,402
7619.64,295,391
7619.84,289,377
7620.04,306,392
7620.24,344,423
7620.44,364,434
7620.64,364,431
7620.84,363,428
7621.04,358,426
7621.24,350,419
7621.44,355,420
7621.64,359,420
7621.84,366,421
7622.04,372,424
7622.24,376,427
7622.44,381,429
7622.64,385,431
7622.84,384,432
7623.04,374,430
7623.24,367,426
7623.44,360,423
7623.64,356,420
7623.84,357,419
7624.04,362,421
7624.24,366,423
7624.44,369,425
7624.64,374,427
7624.84,378,430
7625.04,383,432
7625.24,386,434
7625.44,376,427
7625.64,361,427
7625.84,353,420
7626.04,351,416
7626.24,354,417
7626.44,357,419
7626.64,361,421
7626.84,365,422
7627.04,369,424
7627.24,372,427
7627.44,376,429
7627.64,379,430
7627.84,382,432
7628.04,382,431
7628.24,368,424
7628.44,362,421
7628.64,354,418
7628.84,355,417
7629.04,358,419
7629.24,362,421
7629.44,366,422
7629.64,372,424
7629.84,375,427
7630.04,379,428
7630.24,383,430
7630.44,384,429
7630.64,374,426
7630.84,371,426
7631.04,355,419
7631.24,352,415
7631.44,356,418
7631.64,362,420
7631.84,368,421
7632.04,374,423
7632.24,379,426
7632.44,382,429
7632.64,386,431
7632.84,391,432
7633.04,391,433
7633.24,388,432
7633.44,377,427
7633.64,365,421
7633.84,358,418
7634.04,354,415
7634.24,351,412
7634.44,350,408
7634.64,350,413
7634.84,355,416
7635.04,361,418
7635.24,367,422
7635.44,371,424
7635.64,375,427
7635.84,376,428
7636.04,371,432
7636.24,372,432
7636.44,372,432
7636.64,358,425
7636.84,348,420
7637.04,348,420
7637.24,348,422
7637.44,350,423
7637.64,351,424
7637.84,352,424
7638.04,355,424
7638.24,358,426
7638.44,360,427
7638.64,363,428
7638.84,366,428
7639.04,370,430
7639.24,374,431
7639.44,378,432
7639.64,382,434
7639.84,386,435
7640.04,389,436
7640.24,391,437
7640.44,389,436
7640.64,384,434
7640.84,376,430
7641.04,367,427
7641.24,361,425
7641.44,354,421
7641.64,349,420
7641.84,349,420
7642.04,352,421
7642.24,357,423
7642.44,362,426
7642.64,368,428
7642.84,375,431
7643.04,381,433
7643.24,386,434
7643.44,389,436
7643.64,392,438
7643.84,375,429
7644.04,358,429
7644.24,349,423
7644.44,351,423
7644.64,354,426
7644.84,358,427
7645.04,362,428
7645.24,364,429
7645.44,367,430
7645.64,370,432
7645.84,372,433
7646.04,375,435
7646.24,377,435
7646.44,377,436
7646.64,368,429
7646.84,364,429
7647.04,355,424
7647.24,355,424
7647.44,356,425
7647.64,359,426
7647.84,362,428
7648.04,366,429
7648.24,370,431
7648.44,376,433
7648.64,382,436
7648.84,382,437
7649.04,378,435
7649.24,371,431
7649.44,364,428
7649.64,359,425
7649.84,353,422
7650.04,352,421
7650.24,353,421
7650.44,358,424
7650.64,364,427
7650.84,369,429
7651.04,372,430
7651.24,375,432
7651.44,379,434
7651.64,385,437
7651.84,364,437
7652.04,339,432
7652.24,325,422
7652.44,306,397
7652.64,294,379
7652.84,304,392
7653.04,336,429
7653.24,353,445
7653.44,352,430
7653.64,364,428
7653.84,368,432
7654.04,368,431
7654.24,362,427
7654.44,351,422
7654.64,346,420
7654.84,345,417
7655.04,348,420
7655.24,351,422
7655.44,355,424
7655.64,357,424
7655.84,359,425
7656.04,362,426
7656.24,365,427
7656.44,367,428
7656.64,370,430
7656.84,374,431
7657.04,375,431
7657.24,376,431
7657.44,374,431
7657.64,361,424
7657.84,346,421
7658.04,346,420
7658.24,350,423
7658.44,355,425
7658.64,359,427
7658.84,363,429
7659.04,366,430
7659.24,370,431
7659.44,372,433
7659.64,373,433
7659.84,366,426
7660.04,355,426
7660.24,349,422
7660.44,345,419
7660.64,347,420
7660.84,354,424
7661.04,364,428
7661.24,371,431
7661.44,375,433
7661.64,378,434
7661.84,380,435
7662.04,383,436
7662.24,380,434
7662.44,369,428
7662.64,355,422
7662.84,348,419
7663.04,352,422
7663.24,358,423
7663.44,364,424
7663.64,370,426
7663.84,375,429
7664.04,379,430
7664.24,383,432
7664.44,387,433
7664.64,390,434
7664.84,384,439
7665.04,355,433
7665.24,330,423
7665.44,309,402
7665.64,295,391
7665.84,289,377
7666.04,306,392
7666.24,344,423
7666.44,364,434
7666.64,364,431
7666.84,363,428
7667.04,358,426
7667.24,350,419
7667.44,355,420
7667.64,359,420
7667.84,366,421
7668.04,372,424
7668.24,376,427
7668.44,381,429
7668.64,385,431
7668.84,384,432
7669.04,374,430
7669.24,367,426
7669.44,360,423
7669.64,356,420
7669.84,357,419
7670.04,362,421
7670.24,366,423
7670.44,369,425
7670.64,374,427
7670.84,378,430
7671.04,383,432
7671.24,386,434
7671.44,376,427
7671.64,361,427
7671.84,353,420
7672.04,351,416
7672.24,354,417
7672.44,357,419
7672.64,361,421
7672.84,365,422
7673.04,369,424
7673.24,372,427
7673.44,376,429
7673.64,379,430
7673.84,382,432
7674.04,382,431
7674.24,368,424
7674.44,362,421
7674.64,354,418
7674.84,355,417
7675.04,358,419
7675.24,362,421
7675.44,366,422
7675.64,372,424
7675.84,375,427
7676.04,379,428
7676.24,383,430
7676.44,384,429
7676.64,374,426
7676.84,371,426
7677.04,355,419
7677.24,352,415
7677.44,356,418
7677.64,362,420
7677.84,368,421
7678.04,374,423
7678.24,379,426
7678.44,382,429
7678.64,386,431
7678.84,391,432
7679.04,391,433
7679.24,388,432
7679.44,377,427
7679.64,365,421
7679.84,358,418
7680.04,354,415
7680.24,351,412
7680.44,350,408
7680.64,350,413
7680.84,355,416
7681.04,361,418
7681.24,367,422
7681.44,371,424
7681.64,375,427
7681.84,376,428
7682.04,371,432
7682.24,372,432
7682.44,372,432
7682.64,358,425
7682.84,348,420
7683.04,348,420
7683.24,348,422
7683.44,350,423
7683.64,351,424
7683.84,352,424
7684.04,355,424
7684.24,358,426
7684.44,360,427
7684.64,363,428
7684.84,366,428
7685.04,370,430
7685.24,374,431
7685.44,378,432
7685.64,382,434
7685.84,386,435
7686.04,389,436
7686.24,391,437
7686.44,389,436
7686.64,384,434
7686.84,376,430
7687.04,367,427
7687.24,361,425
7687.44,354,421
7687.64,349,420
7687.84,349,420
7688.04,352,421
7688.24,357,423
7688.44,362,426
7688.64,368,428
7688.84,375,431
7689.04,381,433
7689.24,386,434
7689.44,389,436
7689.64,392,438
7689.84,375,429
7690.04,358,429
7690.24,349,423
7690.44,351,423
7690.64,354,426
7690.84,358,427
7691.04,362,428
7691.24,364,429
7691.44,367,430
7691.64,370,432
7691.84,372,433
7692.04,375,435
7692.24,377,435
7692.44,377,436
7692.64,368,429
7692.84,364,429
7693.04,355,424
7693.24,355,424
7693.44,356,425
7693.64,359,426
7693.84,362,428
7694.04,366,429
7694.24,370,431
7694.44,376,433
7694.64,382,436
7694.84,382,437
7695.04,378,435
7695.24,371,431
7695.44,364,428
7695.64,359,425
7695.84,353,422
7696.04,352,421
7696.24,353,421
7696.44,358,424
7696.64,364,427
7696.84,369,429
7697.04,372,430
7697.24,375,432
7697.44,379,434
7697.64,385,437
7697.84,364,437
7698.04,339,432
7698.24,325,422
7698.44,306,397
7698.64,294,379
7698.84,304,392
7699.04,336,429
7699.24,353,445
7699.44,352,430
7699.64,364,428
7699.84,368,432
7700.04,368,431
7700.24,362,427
7700.44,351,422
7700.64,346,420
7700.84,345,417
7701.04,348,420
7701.24,351,422
7701.44,355,424
7701.64,357,424
7701.84,359,425
7702.04,362,426
7702.24,365,427
7702.44,367,428
7702.64,370,430
7702.84,374,431
7703.04,375,431
7703.24,376,431
7703.44,374,431
7703.64,361,424
7703.84,346,421
7704.04,346,420
7704.24,350,423
7704.44,355,425
7704.64,359,427
7704.84,363,429
7705.04,366,430
7705.24,370,431
7705.44,372,433
7705.64,373,433
7705.84,366,426
7706.04,355,426
7706.24,349,422
7706.44,345,419
7706.64,347,420
7706.84,354,424
7707.04,364,428
7707.24,371,431
7707.44,375,433
7707.64,378,434
7707.84,380,435
7708.04,383,436
7708.24,380,434
7708.44,369,428
7708.64,355,422
7708.84,348,419
7709.04,352,422
7709.24,358,423
7709.44,364,424
7709.64,370,426
7709.84,375,429
7710.04,379,430
7710.24,383,432
7710.44,387,433
7710.64,390,434
7710.84,384,439
7711.04,355,433
7711.24,330,423
7711.44,309,402
7711.64,295,391
7711.84,289,377
7712.04,306,392
7712.24,344,423
7712.44,364,434
7712.64,364,431
7712.84,363,428
7713.04,358,426
7713.24,350,419
7713.44,355,420
7713.64,359,420
7713.84,366,421
7714.04,372,424
7714.24,376,427
7714.44,381,429
7714.64,385,431
7714.84,384,432
7715.04,374,430
7715.24,367,426
7715.44,360,423
7715.64,356,420
7715.84,357,419
7716.04,362,421
7716.24,366,423
7716.44,369,425
7716.64,374,427
7716.84,378,430
7717.04,383,432
7717.24,386,434
7717.44,376,427
7717.64,361,427
7717.84,353,420
7718.04,351,416
7718.24,354,417
7718.44,357,419
7718.64,361,421
7718.84,365,422
7719.04,369,424
7719.24,372,427
7719.44,376,429
7719.64,379,430
7719.84,382,432
7720.04,382,431
7720.24,368,424
7720.44,362,421
7720.64,354,418
7720.84,355,417
7721.04,358,419
7721.24,362,421
7721.44,366,422
7721.64,372,424
7721.84,375,427
7722.04,379,428
7722.24,383,430
7722.44,384,429
7722.64,374,426
7722.84,371,426
7723.04,355,419
7723.24,352,415
7723.44,356,418
7723.64,362,420
7723.84,368,421
7724.04,374,423
7724.24,379,426
7724.44,382,429
7724.64,386,431
7724.84,391,432
7725.04,391,433
7725.24,388,432
7725.44,377,427
7725.64,365,421
7725.84,358,418
7726.04,354,415
7726.24,351,412
7726.44,350,408
7726.64,350,413
7726.84,355,416
7727.04,361,418
7727.24,367,422
7727.44,371,424
7727.64,375,427
7727.84,376,428
7728.04,371,432
7728.24,372,432
7728.44,372,432
7728.64,358,425
7728.84,348,420
7729.04,348,420
7729.24,348,422
7729.44,350,423
7729.64,351,424
7729.84,352,424
7730.04,355,424
7730.24,358,426
7730.44,360,427
7730.64,363,428
7730.84,366,428
7731.04,370,430
7731.24,374,431
7731.44,378,432
7731.64,382,434
7731.84,386,435
7732.04,389,436
7732.24,391,437
7732.44,389,436
7732.64,384,434
7732.84,376,430
7733.04,367,427
7733.24,361,425
7733.44,354,421
7733.64,349,420
7733.84,349,420
7734.04,352,421
7734.24,357,423
7734.44,362,426
7734.64,368,428
7734.84,375,431
7735.04,381,433
7735.24,386,434
7735.44,389,436
7735.64,392,438
7735.84,375,429
7736.04,358,429
7736.24,349,423
7736.44,351,423
7736.64,354,426
7736.84,358,427
7737.04,362,428
7737.24,364,429
7737.44,367,430
7737.64,370,432
7737.84,372,433
7738.04,375,435
7738.24,377,435
7738.44,377,436
7738.64,368,429
7738.84,364,429
7739.04,355,424
7739.24,355,424
7739.44,356,425
7739.64,359,426
7739.84,362,428
7740.04,366,429
7740.24,370,431
7740.44,376,433
7740.64,382,436
7740.84,382,437
7741.04,378,435
7741.24,371,431
7741.44,364,428
7741.64,359,425
7741.84,353,422
7742.04,352,421
7742.24,353,421
7742.44,358,424
7742.64,364,427
7742.84,369,429
7743.04,372,430
7743.24,375,432
7743.44,379,434
7743.64,385,437
7743.84,364,437
7744.04,339,432
7744.24,325,422
7744.44,306,397
7744.64,294,379
7744.84,304,392
7745.04,336,429
7745.24,353,445
7745.44,352,430
7745.64,364,428
7745.84,368,432
7746.04,368,431
7746.24,362,427
7746.44,351,422
7746.64,346,420
7746.84,345,417
7747.04,348,420
7747.24,351,422
7747.44,355,424
7747.64,357,424
7747.84,359,425
7748.04,362,426
7748.24,365,427
7748.44,367,428
7748.64,370,430
7748.84,374,431
7749.04,375,431
7749.24,376,431
7749.44,374,431
7749.64,361,424
7749.84,346,421
7750.04,346,420
7750.24,350,423
7750.44,355,425
7750.64,359,427
7750.84,363,429
7751.04,366,430
7751.24,370,431
7751.44,372,433
7751.64,373,433
7751.84,366,426
7752.04,355,426
7752.24,349,422
7752.44,345,419
7752.64,347,420
7752.84,354,424
7753.04,364,428
7753.24,371,431
7753.44,375,433
7753.64,378,434
7753.84,380,435
7754.04,383,436
7754.24,380,434
7754.44,369,428
7754.64,355,422
7754.84,348,419
7755.04,352,422
7755.24,358,423
7755.44,364,424
7755.64,370,426
7755.84,375,429
7756.04,379,430
7756.24,383,432
7756.44,387,433
7756.64,390,434
7756.84,384,439
7757.04,355,433
7757.24,330,423
7757.44,309,402
7757.64,295,391
7757.84,289,377
7758.04,306,392
7758.24,344,423
7758.44,364,434
7758.64,364,431
7758.84,363,428
7759.04,358,426
7759.24,350,419
7759.44,355,420
7759.64,359,420
7759.84,366,421
7760.04,372,424
7760.24,376,427
7760.44,381,429
7760.64,385,431
7760.84,384,432
7761.04,374,430
7761.24,367,426
7761.44,360,423
7761.64,356,420
7761.84,357,419
7762.04,362,421
7762.24,366,423
7762.44,369,425
7762.64,374,427
7762.84,378,430
7763.04,383,432
7763.24,386,434
7763.44,376,427
7763.64,361,427
7763.84,353,420
7764.04,351,416
7764.24,354,417
7764.44,357,419
7764.64,361,421
7764.84,365,422
7765.04,369,424
7765.24,372,427
7765.44,376,429
7765.64,379,430
7765.84,382,432
7766.04,382,431
7766.24,368,424
7766.44,362,421
7766.64,354,418
7766.84,355,417
7767.04,358,419
7767.24,362,421
7767.44,366,422
7767.64,372,424
7767.84,375,427
7768.04,379,428
7768.24,383,430
7768.44,384,429
7768.64,374,426
7768.84,371,426
7769.04,355,419
7769.24,352,415
7769.44,356,418
7769.64,362,420
7769.84,368,421
7770.04,374,423
7770.24,379,426
7770.44,382,429
7770.64,386,431
7770.84,391,432
7771.04,391,433
7771.24,388,432
7771.44,377,427
7771.64,365,421
7771.84,358,418
7772.04,354,415
7772.24,351,412
7772.44,350,408
7772.64,350,413
7772.84,355,416
7773.04,361,418
7773.24,367,422
7773.44,371,424
7773.64,375,427
7773.84,376,428
7774.04,371,432
7774.24,372,432
7774.44,372,432
7774.64,358,425
7774.84,348,420
7775.04,348,420
7775.24,348,422
7775.44,350,423
7775.64,351,424
7775.84,352,424
7776.04,355,424
7776.24,358,426
7776.44,360,427
7776.64,363,428
7776.84,366,428
7777.04,370,430
7777.24,374,431
7777.44,378,432
7777.64,382,434
7777.84,386,435
7778.04,389,436
7778.24,391,437
7778.44,389,436
7778.64,384,434
7778.84,376,430
7779.04,367,427
7779.24,361,425
7779.44,354,421
7779.64,349,420
7779.84,349,420
7780.04,352,421
7780.24,357,423
7780.44,362,426
7780.64,368,428
7780.84,375,431
7781.04,381,433
7781.24,386,434
7781.44,389,436
7781.64,392,438
7781.84,375,429
7782.04,358,429
7782.24,349,423
7782.44,351,423
7782.64,354,426
7782.84,358,427
7783.04,362,428
7783.24,364,429
7783.44,367,430
7783.64,370,432
7783.84,372,433
7784.04,375,435
7784.24,377,435
7784.44,377,436
7784.64,368,429
7784.84,364,429
7785.04,355,424
7785.24,355,424
7785.44,356,425
7785.64,359,426
7785.84,362,428
7786.04,366,429
7786.24,370,431
7786.44,376,433
7786.64,382,436
7786.84,382,437
7787.04,378,435
7787.24,371,431
7787.44,364,428
7787.64,359,425
7787.84,353,422
7788.04,352,421
7788.24,353,421
7788.44,358,424
7788.64,364,427
7788.84,369,429
7789.04,372,430
7789.24,375,432
7789.44,379,434
7789.64,385,437
7789.84,364,437
7790.04,339,432
7790.24,325,422
7790.44,306,397
7790.64,294,379
7790.84,304,392
7791.04,336,429
7791.24,353,445
7791.44,352,430
7791.64,364,428
7791.84,368,432
7792.04,368,431
7792.24,362,427
7792.44,351,422
7792.64,346,420
7792.84,345,417
7793.04,348,420
7793.24,351,422
7793.44,355,424
7793.64,357,424
7793.84,359,425
7794.04,362,426
7794.24,365,427
7794.44,367,428
7794.64,370,430
7794.84,374,431
7795.04,375,431
7795.24,376,431
7795.44,374,431
7795.64,361,424
7795.84,346,421
7796.04,346,420
7796.24,350,423
7796.44,355,425
7796.64,359,427
7796.84,363,429
7797.04,366,430
7797.24,370,431
7797.44,372,433
7797.64,373,433
7797.84,366,426
7798.04,355,426
7798.24,349,422
7798.44,345,419
7798.64,347,420
7798.84,354,424
7799.04,364,428
7799.24,371,431
7799.44,375,433
7799.64,378,434
7799.84,380,435
7800.04,383,436
7800.24,380,434
7800.44,369,428
7800.64,355,422
7800.84,348,419
7801.04,352,422
7801.24,358,423
7801.44,364,424
7801.64,370,426
7801.84,375,429
7802.04,379,430
7802.24,383,432
7802.44,387,433
7802.64,390,434
7802.84,384,439
7803.04,355,433
7803.24,330,423
7803.44,309,402
7803.64,295,391
7803.84,289,377
7804.04,306,392
7804.24,344,423
7804.44,364,434
7804.64,364,431
7804.84,363,428
7805.04,358,426
7805.24,350,419
7805.44,355,420
7805.64,359,420
7805.84,366,421
7806.04,372,424
7806.24,376,427
7806.44,381,429
7806.64,385,431
7806.84,384,432
7807.04,374,430
7807.24,367,426
7807.44,360,423
7807.64,356,420
7807.84,357,419
7808.04,362,421
7808.24,366,423
7808.44,369,425
7808.64,374,427
7808.84,378,430
7809.04,383,432
7809.24,386,434
7809.44,376,427
7809.64,361,427
7809.84,353,420
7810.04,351,416
7810.24,354,417
7810.44,357,419
7810.64,361,421
7810.84,365,422
7811.04,369,424
7811.24,372,427
7811.44,376,429
7811.64,379,430
7811.84,382,432
7812.04,382,431
7812.24,368,424
7812.44,362,421
7812.64,354,418
7812.84,355,417
7813.04,358,419
7813.24,362,421
7813.44,366,422
7813.64,372,424
7813.84,375,427
7814.04,379,428
7814.24,383,430
7814.44,384,429
7814.64,374,426
7814.84,371,426
7815.04,355,419
7815.24,352,415
7815.44,356,418
7815.64,362,420
7815.84,368,421
7816.04,374,423
7816.24,379,426
7816.44,382,429
7816.64,386,431
7816.84,391,432
7817.04,391,433
7817.24,388,432
7817.44,377,427
7817.64,365,421
7817.84,358,418
7818.04,354,415
7818.24,351,412
7818.44,350,408
7818.64,350,413
7818.84,355,416
7819.04,361,418
7819.24,367,422
7819.44,371,424
7819.64,375,427
7819.84,376,428
7820.04,371,432
7820.24,372,432
7820.44,372,432
7820.64,358,425
7820.84,348,420
7821.04,348,420
7821.24,348,422
7821.44,350,423
7821.64,351,424
7821.84,352,424
7822.04,355,424
7822.24,358,426
7822.44,360,427
7822.64,363,428
7822.84,366,428
7823.04,370,430
7823.24,374,431
7823.44,378,432
7823.64,382,434
7823.84,386,435
7824.04,389,436
7824.24,391,437
7824.44,389,436
7824.64,384,434
7824.84,376,430
7825.04,367,427
7825.24,361,425
7825.44,354,421
7825.64,349,420
7825.84,349,420
7826.04,352,421
7826.24,357,423
7826.44,362,426
7826.64,368,428
7826.84,375,431
7827.04,381,433
7827.24,386,434
7827.44,389,436
7827.64,392,438
7827.84,375,429
7828.04,358,429
7828.24,349,423
7828.44,351,423
7828.64,354,426
7828.84,358,427
7829.04,362,428
7829.24,364,429
7829.44,367,430
7829.64,370,432
7829.84,372,433
7830.04,375,435
7830.24,377,435
7830.44,377,436
7830.64,368,429
7830.84,364,429
7831.04,355,424
7831.24,355,424
7831.44,356,425
7831.64,359,426
7831.84,362,428
7832.04,366,429
7832.24,370,431
7832.44,376,433
7832.64,382,436
7832.84,382,437
7833.04,378,435
7833.24,371,431
7833.44,364,428
7833.64,359,425
7833.84,353,422
7834.04,352,421
7834.24,353,421
7834.44,358,424
7834.64,364,427
7834.84,369,429
7835.04,372,430
7835.24,375,432
7835.44,379,434
7835.64,385,437
7835.84,364,437
7836.04,339,432
7836.24,325,422
7836.44,306,397
7836.64,294,379
7836.84,304,392
7837.04,336,429
7837.24,353,445
7837.44,352,430
7837.64,364,428
7837.84,368,432
7838.04,368,431
7838.24,362,427
7838.44,351,422
7838.64,346,420
7838.84,345,417
7839.04,348,420
7839.24,351,422
7839.44,355,424
7839.64,357,424
7839.84,359,425
7840.04,362,426
7840.24,365,427
7840.44,367,428
7840.64,370,430
7840.84,374,431
7841.04,375,431
7841.24,376,431
7841.44,374,431
7841.64,361,424
7841.84,346,421
7842.04,346,420
7842.24,350,423
7842.44,355,425
7842.64,359,427
7842.84,363,429
7843.04,366,430
7843.24,370,431
7843.44,372,433
7843.64,373,433
7843.84,366,426
7844.04,355,426
7844.24,349,422
7844.44,345,419
7844.64,347,420
7844.84,354,424
7845.04,364,428
7845.24,371,431
7845.44,375,433
7845.64,378,434
7845.84,380,435
7846.04,383,436
7846.24,380,434
7846.44,369,428
7846.64,355,422
7846.84,348,419
7847.04,352,422
7847.24,358,423
7847.44,364,424
7847.64,370,426
7847.84,375,429
7848.04,379,430
7848.24,383,432
7848.44,387,433
7848.64,390,434
7848.84,384,439
7849.04,355,433
7849.24,330,423
7849.44,309,402
7849.64,295,391
7849.84,289,377
7850.04,306,392
7850.24,344,423
7850.44,364,434
7850.64,364,431
7850.84,363,428
7851.04,358,426
7851.24,350,419
7851.44,355,420
7851.64,359,420
7851.84,366,421
7852.04,372,424
7852.24,376,427
7852.44,381,429
7852.64,385,431
7852.84,384,432
7853.04,374,430
7853.24,367,426
7853.44,360,423
7853.64,356,420
7853.84,357,419
7854.04,362,421
7854.24,366,423
7854.44,369,425
7854.64,374,427
7854.84,378,430
7855.04,383,432
7855.24,386,434
7855.44,376,427
7855.64,361,427
7855.84,353,420
7856.04,351,416
7856.24,354,417
7856.44,357,419
7856.64,361,421
7856.84,365,422
7857.04,369,424
7857.24,372,427
7857.44,376,429
7857.64,379,430
7857.84,382,432
7858.04,382,431
7858.24,368,424
7858.44,362,421
7858.64,354,418
7858.84,355,417
7859.04,358,419
7859.24,362,421
7859.44,366,422
7859.64,372,424
7859.84,375,427
7860.04,379,428
7860.24,383,430
7860.44,384,429
7860.64,374,426
7860.84,371,426
7861.04,355,419
7861.24,352,415
7861.44,356,418
7861.64,362,420
7861.84,368,421
7862.04,374,423
7862.24,379,426
7862.44,382,429
7862.64,386,431
7862.84,391,432
7863.04,391,433
7863.24,388,432
7863.44,377,427
7863.64,365,421
7863.84,358,418
7864.04,354,415
7864.24,351,412
7864.44,350,408
7864.64,350,413
7864.84,355,416
7865.04,361,418
7865.24,367,422
7865.44,371,424
7865.64,375,427
7865.84,376,428
7866.04,371,432
7866.24,372,432
7866.44,372,432
7866.64,358,425
7866.84,348,420
7867.04,348,420
7867.24,348,422
7867.44,350,423
7867.64,351,424
7867.84,352,424
7868.04,355,424
7868.24,358,426
7868.44,360,427
7868.64,363,428
7868.84,366,428
7869.04,370,430
7869.24,374,431
7869.44,378,432
7869.64,382,434
7869.84,386,435
7870.04,389,436
7870.24,391,437
7870.44,389,436
7870.64,384,434
7870.84,376,430
7871.04,367,427
7871.24,361,425
7871.44,354,421
7871.64,349,420
7871.84,349,420
7872.04,352,421
7872.24,357,423
7872.44,362,426
7872.64,368,428
7872.84,375,431
7873.04,381,433
7873.24,386,434
7873.44,389,436
7873.64,392,438
7873.84,375,429
7874.04,358,429
7874.24,349,423
7874.44,351,423
7874.64,354,426
7874.84,358,427
7875.04,362,428
7875.24,364,429
7875.44,367,430
7875.64,370,432
7875.84,372,433
7876.04,375,435
7876.24,377,435
7876.44,377,436
7876.64,368,429
7876.84,364,429
7877.04,355,424
7877.24,355,424
7877.44,356,425
7877.64,359,426
7877.84,362,428
7878.04,366,429
7878.24,370,431
7878.44,376,433
7878.64,382,436
7878.84,382,437
7879.04,378,435
7879.24,371,431
7879.44,364,428
7879.64,359,425
7879.84,353,422
7880.04,352,421
7880.24,353,421
7880.44,358,424
7880.64,364,427
7880.84,369,429
7881.04,372,430
7881.24,375,432
7881.44,379,434
7881.64,385,437
7881.84,364,437
7882.04,339,432
7882.24,325,422
7882.44,306,397
7882.64,294,379
7882.84,304,392
7883.04,336,429
7883.24,353,445
7883.44,352,430
7883.64,364,428
7883.84,368,432
7884.04,368,431
7884.24,362,427
7884.44,351,422
7884.64,346,420
7884.84,345,417
7885.04,348,420
7885.24,351,422
7885.44,355,424
7885.64,357,424
7885.84,359,425
7886.04,362,426
7886.24,365,427
7886.44,367,428
7886.64,370,430
7886.84,374,431
7887.04,375,431
7887.24,376,431
7887.44,374,431
7887.64,361,424
7887.84,346,421
7888.04,346,420
7888.24,350,423
7888.44,355,425
7888.64,359,427
7888.84,363,429
7889.04,366,430
7889.24,370,431
7889.44,372,433
7889.64,373,433
7889.84,366,426
7890.04,355,426
7890.24,349,422
7890.44,345,419
7890.64,347,420
7890.84,354,424
7891.04,364,428
7891.24,371,431
7891.44,375,433
7891.64,378,434
7891.84,380,435
7892.04,383,436
7892.24,380,434
7892.44,369,428
7892.64,355,422
7892.84,348,419
7893.04,352,422
7893.24,358,423
7893.44,364,424
7893.64,370,426
7893.84,375,429
7894.04,379,430
7894.24,383,432
7894.44,387,433
7894.64,390,434
7894.84,384,439
7895.04,355,433
7895.24,330,423
7895.44,309,402
7895.64,295,391
7895.84,289,377
7896.04,306,392
7896.24,344,423
7896.44,364,434
7896.64,364,431
7896.84,363,428
7897.04,358,426
7897.24,350,419
7897.44,355,420
7897.64,359,420
7897.84,366,421
7898.04,372,424
7898.24,376,427
7898.44,381,429
7898.64,385,431
7898.84,384,432
7899.04,374,430
7899.24,367,426
7899.44,360,423
7899.64,356,420
7899.84,357,419
7900.04,362,421
7900.24,366,423
7900.44,369,425
7900.64,374,427
7900.84,378,430
7901.04,383,432
7901.24,386,434
7901.44,376,427
7901.64,361,427
7901.84,353,420
7902.04,351,416
7902.24,354,417
7902.44,357,419
7902.64,361,421
7902.84,365,422
7903.04,369,424
7903.24,372,427
7903.44,376,429
7903.64,379,430
7903.84,382,432
7904.04,382,431
7904.24,368,424
7904.44,362,421
7904.64,354,418
7904.84,355,417
7905.04,358,419
7905.24,362,421
7905.44,366,422
7905.64,372,424
7905.84,375,427
7906.04,379,428
7906.24,383,430
7906.44,384,429
7906.64,374,426
7906.84,371,426
7907.04,355,419
7907.24,352,415
7907.44,356,418
7907.64,362,420
7907.84,368,421
7908.04,374,423
7908.24,379,426
7908.44,382,429
7908.64,386,431
7908.84,391,432
7909.04,391,433
7909.24,388,432
7909.44,377,427
7909.64,365,421
7909.84,358,418
7910.04,354,415
7910.24,351,412
7910.44,350,408
7910.64,350,413
7910.84,355,416
7911.04,361,418
7911.24,367,422
7911.44,371,424
7911.64,375,427
7911.84,376,428
7912.04,371,432
7912.24,372,432
7912.44,372,432
7912.64,358,425
7912.84,348,420
7913.04,348,420
7913.24,348,422
7913.44,350,423
7913.64,351,424
7913.84,352,424
7914.04,355,424
7914.24,358,426
7914.44,360,427
7914.64,363,428
7914.84,366,428
7915.04,370,430
7915.24,374,431
7915.44,378,432
7915.64,382,434
7915.84,386,435
7916.04,389,436
7916.24,391,437
7916.44,389,436
7916.64,384,434
7916.84,376,430
7917.04,367,427
7917.24,361,425
7917.44,354,421
7917.64,349,420
7917.84,349,420
7918.04,352,421
7918.24,357,423
7918.44,362,426
7918.64,368,428
7918.84,375,431
7919.04,381,433
7919.24,386,434
7919.44,389,436
7919.64,392,438
7919.84,375,429
7920.04,358,429
7920.24,349,423
7920.44,351,423
7920.64,354,426
7920.84,358,427
7921.04,362,428
7921.24,364,429
7921.44,367,430
7921.64,370,432
7921.84,372,433
7922.04,375,435
7922.24,377,435
7922.44,377,436
7922.64,368,429
7922.84,364,429
7923.04,355,424
7923.24,355,424
7923.44,356,425
7923.64,359,426
7923.84,362,428
7924.04,366,429
7924.24,370,431
7924.44,376,433
7924.64,382,436
7924.84,382,437
7925.04,378,435
7925.24,371,431
7925.44,364,428
7925.64,359,425
7925.84,353,422
7926.04,352,421
7926.24,353,421
7926.44,358,424
7926.64,364,427
7926.84,369,429
7927.04,372,430
7927.24,375,432
7927.44,379,434
7927.64,385,437
7927.84,364,437
7928.04,339,432
7928.24,325,422
7928.44,306,397
7928.64,294,379
7928.84,304,392
7929.04,336,429
7929.24,353,445
7929.44,352,430
7929.64,364,428
7929.84,368,432
7930.04,368,431
7930.24,362,427
7930.44,351,422
7930.64,346,420
7930.84,345,417
7931.04,348,420
7931.24,351,422
7931.44,355,424
7931.64,357,424
7931.84,359,425
7932.04,362,426
7932.24,365,427
7932.44,367,428
7932.64,370,430
7932.84,374,431
7933.04,375,431
7933.24,376,431
7933.44,374,431
7933.64,361,424
7933.84,346,421
7934.04,346,420
7934.24,350,423
7934.44,355,425
7934.64,359,427
7934.84,363,429
7935.04,366,430
7935.24,370,431
7935.44,372,433
7935.64,373,433
7935.84,366,426
7936.04,355,426
7936.24,349,422
7936.44,345,419
7936.64,347,420
7936.84,354,424
7937.04,364,428
7937.24,371,431
7937.44,375,433
7937.64,378,434
7937.84,380,435
7938.04,383,436
7938.24,380,434
7938.44,369,428
7938.64,355,422
7938.84,348,419
7939.04,352,422
7939.24,358,423
7939.44,364,424
7939.64,370,426
7939.84,375,429
7940.04,379,430
7940.24,383,432
7940.44,387,433
7940.64,390,434
7940.84,384,439
7941.04,355,433
7941.24,330,423
7941.44,309,402
7941.64,295,391
7941.84,289,377
7942.04,306,392
7942.24,344,423
7942.44,364,434
7942.64,364,431
7942.84,363,428
7943.04,358,426
7943.24,350,419
7943.44,355,420
7943.64,359,420
7943.84,366,421
7944.04,372,424
7944.24,376,427
7944.44,381,429
7944.64,385,431
7944.84,384,432
7945.04,374,430
7945.24,367,426
7945.44,360,423
7945.64,356,420
7945.84,357,419
7946.04,362,421
7946.24,366,423
7946.44,369,425
7946.64,374,427
7946.84,378,430
7947.04,383,432
7947.24,386,434
7947.44,376,427
7947.64,361,427
7947.84,353,420
7948.04,351,416
7948.24,354,417
7948.44,357,419
7948.64,361,421
7948.84,365,422
7949.04,369,424
7949.24,372,427
7949.44,376,429
7949.64,379,430
7949.84,382,432
7950.04,382,431
7950.24,368,424
7950.44,362,421
7950.64,354,418
7950.84,355,417
7951.04,358,419
7951.24,362,421
7951.44,366,422
7951.64,372,424
7951.84,375,427
7952.04,379,428
7952.24,383,430
7952.44,384,429
7952.64,374,426
7952.84,371,426
7953.04,355,419
7953.24,352,415
7953.44,356,418
7953.64,362,420
7953.84,368,421
7954.04,374,423
7954.24,379,426
7954.44,382,429
7954.64,386,431
7954.84,391,432
7955.04,391,433
7955.24,388,432
7955.44,377,427
7955.64,365,421
7955.84,358,418
7956.04,354,415
7956.24,351,412
7956.44,350,408
7956.64,350,413
7956.84,355,416
7957.04,361,418
7957.24,367,422
7957.44,371,424
7957.64,375,427
7957.84,376,428
7958.04,371,432
7958.24,372,432
7958.44,372,432
7958.64,358,425
7958.84,348,420
7959.04,348,420
7959.24,348,422
7959.44,350,423
7959.64,351,424
7959.84,352,424
7960.04,355,424
7960.24,358,426
7960.44,360,427
7960.64,363,428
7960.84,366,428
7961.04,370,430
7961.24,374,431
7961.44,378,432
7961.64,382,434
7961.84,386,435
7962.04,389,436
7962.24,391,437
7962.44,389,436
7962.64,384,434
7962.84,376,430
7963.04,367,427
7963.24,361,425
7963.44,354,421
7963.64,349,420
7963.84,349,420
7964.04,352,421
7964.24,357,423
7964.44,362,426
7964.64,368,428
7964.84,375,431
7965.04,381,433
7965.24,386,434
7965.44,389,436
7965.64,392,438
7965.84,375,429
7966.04,358,429
7966.24,349,423
7966.44,351,423
7966.64,354,426
7966.84,358,427
7967.04,362,428
7967.24,364,429
7967.44,367,430
7967.64,370,432
7967.84,372,433
7968.04,375,435
7968.24,377,435
7968.44,377,436
7968.64,368,429
7968.84,364,429
7969.04,355,424
7969.24,355,424
7969.44,356,425
7969.64,359,426
7969.84,362,428
7970.04,366,429
7970.24,370,431
7970.44,376,433
7970.64,382,436
7970.84,382,437
7971.04,378,435
7971.24,371,431
7971.44,364,428
7971.64,359,425
7971.84,353,422
7972.04,352,421
7972.24,353,421
7972.44,358,424
7972.64,364,427
7972.84,369,429
7973.04,372,430
7973.24,375,432
7973.44,379,434
7973.64,385,437
7973.84,364,437
7974.04,339,432
7974.24,325,422
7974.44,306,397
7974.64,294,379
7974.84,304,392
7975.04,336,429
7975.24,353,445
7975.44,352,430
7975.64,364,428
7975.84,368,432
7976.04,368,431
7976.24,362,427
7976.44,351,422
7976.64,346,420
7976.84,345,417
7977.04,348,420
7977.24,351,422
7977.44,355,424
7977.64,357,424
7977.84,359,425
7978.04,362,426
7978.24,365,427
7978.44,367,428
7978.64,370,430
7978.84,374,431
7979.04,375,431
7979.24,376,431
7979.44,374,431
7979.64,361,424
7979.84,346,421
7980.04,346,420
7980.24,350,423
7980.44,355,425
7980.64,359,427
7980.84,363,429
7981.04,366,430
7981.24,370,431
7981.44,372,433
7981.64,373,433
7981.84,366,426
7982.04,355,426
7982.24,349,422
7982.44,345,419
7982.64,347,420
7982.84,354,424
7983.04,364,428
7983.24,371,431
7983.44,375,433
7983.64,378,434
7983.84,380,435
7984.04,383,436
7984.24,380,434
7984.44,369,428
7984.64,355,422
7984.84,348,419
7985.04,352,422
7985.24,358,423
7985.44,364,424
7985.64,370,426
7985.84,375,429
7986.04,379,430
7986.24,383,432
7986.44,387,433
7986.64,390,434
7986.84,384,439
7987.04,355,433
7987.24,330,423
7987.44,309,402
7987.64,295,391
7987.84,289,377
7988.04,306,392
7988.24,344,423
7988.44,364,434
7988.64,364,431
7988.84,363,428
7989.04,358,426
7989.24,350,419
7989.44,355,420
7989.64,359,420
7989.84,366,421
7990.04,372,424
7990.24,376,427
7990.44,381,429
7990.64,385,431
7990.84,384,432
7991.04,374,430
7991.24,367,426
7991.44,360,423
7991.64,356,420
7991.84,357,419
7992.04,362,421
7992.24,366,423
7992.44,369,425
7992.64,374,427
7992.84,378,430
7993.04,383,432
7993.24,386,434
7993.44,376,427
7993.64,361,427
7993.84,353,420
7994.04,351,416
7994.24,354,417
7994.44,357,419
7994.64,361,421
7994.84,365,422
7995.04,369,424
7995.24,372,427
7995.44,376,429
7995.64,379,430
7995.84,382,432
7996.04,382,431
7996.24,368,424
7996.44,362,421
7996.64,354,418
7996.84,355,417
7997.04,358,419
7997.24,362,421
7997.44,366,422
7997.64,372,424
7997.84,375,427
7998.04,379,428
7998.24,383,430
7998.44,384,429
7998.64,374,426
7998.84,371,426
7999.04,355,419
7999.24,352,415
7999.44,356,418
7999.64,362,420
7999.84,368,421
8000.04,374,423
8000.24,379,426
8000.44,382,429
8000.64,386,431
8000.84,391,432
8001.04,391,433
8001.24,388,432
8001.44,377,427
8001.64,365,421
8001.84,358,418
8002.04,354,415
8002.24,351,412
8002.44,350,408
8002.64,350,413
8002.84,355,416
8003.04,361,418
8003.24,367,422
8003.44,371,424
8003.64,375,427
8003.84,376,428
8004.04,371,432
8004.24,372,432
8004.44,372,432
8004.64,358,425
8004.84,348,420
8005.04,348,420
8005.24,348,422
8005.44,350,423
8005.64,351,424
8005.84,352,424
8006.04,355,424
8006.24,358,426
8006.44,360,427
8006.64,363,428
8006.84,366,428
8007.04,370,430
8007.24,374,431
8007.44,378,432
8007.64,382,434
8007.84,386,435
8008.04,389,436
8008.24,391,437
8008.44,389,436
8008.64,384,434
8008.84,376,430
8009.04,367,427
8009.24,361,425
8009.44,354,421
8009.64,349,420
8009.84,349,420
8010.04,352,421
8010.24,357,423
8010.44,362,426
8010.64,368,428
8010.84,375,431
8011.04,381,433
8011.24,386,434
8011.44,389,436
8011.64,392,438
8011.84,375,429
8012.04,358,429
8012.24,349,423
8012.44,351,423
8012.64,354,426
8012.84,358,427
8013.04,362,428
8013.24,364,429
8013.44,367,430
8013.64,370,432
8013.84,372,433
8014.04,375,435
8014.24,377,435
8014.44,377,436
8014.64,368,429
8014.84,364,429
8015.04,355,424
8015.24,355,424
8015.44,356,425
8015.64,359,426
8015.84,362,428
8016.04,366,429
8016.24,370,431
8016.44,376,433
8016.64,382,436
8016.84,382,437
8017.04,378,435
8017.24,371,431
8017.44,364,428
8017.64,359,425
8017.84,353,422
8018.04,352,421
8018.24,353,421
8018.44,358,424
8018.64,364,427
8018.84,369,429
8019.04,372,430
8019.24,375,432
8019.44,379,434
8019.64,385,437
8019.84,364,437
8020.04,339,432
8020.24,325,422
8020.44,306,397
8020.64,294,379
8020.84,304,392
8021.04,336,429
8021.24,353,445
8021.44,352,430
8021.64,364,428
8021.84,368,432
8022.04,368,431
8022.24,362,427
8022.44,351,422
8022.64,346,420
8022.84,345,417
8023.04,348,420
8023.24,351,422
8023.44,355,424
8023.64,357,424
8023.84,359,425
8024.04,362,426
8024.24,365,427
8024.44,367,428
8024.64,370,430
8024.84,374,431
8025.04,375,431
8025.24,376,431
8025.44,374,431
8025.64,361,424
8025.84,346,421
8026.04,346,420
8026.24,350,423
8026.44,355,425
8026.64,359,427
8026.84,363,429
8027.04,366,430
8027.24,370,431
8027.44,372,433
8027.64,373,433
8027.84,366,426
8028.04,355,426
8028.24,349,422
8028.44,345,419
8028.64,347,420
8028.84,354,424
8029.04,364,428
8029.24,371,431
8029.44,375,433
8029.64,378,434
8029.84,380,435
8030.04,383,436
8030.24,380,434
8030.44,369,428
8030.64,355,422
8030.84,348,419
8031.04,352,422
8031.24,358,423
8031.44,364,424
8031.64,370,426
8031.84,375,429
8032.04,379,430
8032.24,383,432
8032.44,387,433
8032.64,390,434
8032.84,384,439
8033.04,355,433
8033.24,330,423
8033.44,309,402
8033.64,295,391
8033.84,289,377
8034.04,306,392
8034.24,344,423
8034.44,364,434
8034.64,364,431
8034.84,363,428
8035.04,358,426
8035.24,350,419
8035.44,355,420
8035.64,359,420
8035.84,366,421
8036.04,372,424
8036.24,376,427
8036.44,381,429
8036.64,385,431
8036.84,384,432
8037.04,374,430
8037.24,367,426
8037.44,360,423
8037.64,356,420
8037.84,357,419
8038.04,362,421
8038.24,366,423
8038.44,369,425
8038.64,374,427
8038.84,378,430
8039.04,383,432
8039.24,386,434
8039.44,376,427
8039.64,361,427
8039.84,353,420
8040.04,351,416
8040.24,354,417
8040.44,357,419
8040.64,361,421
8040.84,365,422
8041.04,369,424
8041.24,372,427
8041.44,376,429
8041.64,379,430
8041.84,382,432
8042.04,382,431
8042.24,368,424
8042.44,362,421
8042.64,354,418
8042.84,355,417
8043.04,358,419
8043.24,362,421
8043.44,366,422
8043.64,372,424
8043.84,375,427
8044.04,379,428
8044.24,383,430
8044.44,384,429
8044.64,374,426
8044.84,371,426
8045.04,355,419
8045.24,352,415
8045.44,356,418
8045.64,362,420
8045.84,368,421
8046.04,374,423
8046.24,379,426
8046.44,382,429
8046.64,386,431
8046.84,391,432
8047.04,391,433
8047.24,388,432
8047.44,377,427
8047.64,365,421
8047.84,358,418
8048.04,354,415
8048.24,351,412
8048.44,350,408
8048.64,350,413
8048.84,355,416
8049.04,361,418
8049.24,367,422
8049.44,371,424
8049.64,375,427
8049.84,376,428
8050.04,371,432
8050.24,372,432
8050.44,372,432
8050.64,358,425
8050.84,348,420
8051.04,348,420
8051.24,348,422
8051.44,350,423
8051.64,351,424
8051.84,352,424
8052.04,355,424
8052.24,358,426
8052.44,360,427
8052.64,363,428
8052.84,366,428
8053.04,370,430
8053.24,374,431
8053.44,378,432
8053.64,382,434
8053.84,386,435
8054.04,389,436
8054.24,391,437
8054.44,389,436
8054.64,384,434
8054.84,376,430
8055.04,367,427
8055.24,361,425
8055.44,354,421
8055.64,349,420
8055.84,349,420
8056.04,352,421
8056.24,357,423
8056.44,362,426
8056.64,368,428
8056.84,375,431
8057.04,381,433
8057.24,386,434
8057.44,389,436
8057.64,392,438
8057.84,375,429
8058.04,358,429
8058.24,349,423
8058.44,351,423
8058.64,354,426
8058.84,358,427
8059.04,362,428
8059.24,364,429
8059.44,367,430
8059.64,370,432
8059.84,372,433
8060.04,375,435
8060.24,377,435
8060.44,377,436
8060.64,368,429
8060.84,364,429
8061.04,355,424
8061.24,355,424
8061.44,356,425
8061.64,359,426
8061.84,362,428
8062.04,366,429
8062.24,370,431
8062.44,376,433
8062.64,382,436
8062.84,382,437
8063.04,378,435
8063.24,371,431
8063.44,364,428
8063.64,359,425
8063.84,353,422
8064.04,352,421
8064.24,353,421
8064.44,358,424
8064.64,364,427
8064.84,369,429
8065.04,372,430
8065.24,375,432
8065.44,379,434
8065.64,385,437
8065.84,364,437
8066.04,339,432
8066.24,325,422
8066.44,306,397
8066.64,294,379
8066.84,304,392
8067.04,336,429
8067.24,353,445
8067.44,352,430
8067.64,364,428
8067.84,368,432
8068.04,368,431
8068.24,362,427
8068.44,351,422
8068.64,346,420
8068.84,345,417
8069.04,348,420
8069.24,351,422
8069.44,355,424
8069.64,357,424
8069.84,359,425
8070.04,362,426
8070.24,365,427
8070.44,367,428
8070.64,370,430
8070.84,374,431
8071.04,375,431
8071.24,376,431
8071.44,374,431
8071.64,361,424
8071.84,346,421
8072.04,346,420
8072.24,350,423
8072.44,355,425
8072.64,359,427
8072.84,363,429
8073.04,366,430
8073.24,370,431
8073.44,372,433
8073.64,373,433
8073.84,366,426
8074.04,355,426
8074.24,349,422
8074.44,345,419
8074.64,347,420
8074.84,354,424
8075.04,364,428
8075.24,371,431
8075.44,375,433
8075.64,378,434
8075.84,380,435
8076.04,383,436
8076.24,380,434
8076.44,369,428
8076.64,355,422
8076.84,348,419
8077.04,352,422
8077.24,358,423
8077.44,364,424
8077.64,370,426
8077.84,375,429
8078.04,379,430
8078.24,383,432
8078.44,387,433
8078.64,390,434
8078.84,384,439
8079.04,355,433
8079.24,330,423
8079.44,309,402
8079.64,295,391
8079.84,289,377
8080.04,306,392
8080.24,344,423
8080.44,364,434
8080.64,364,431
8080.84,363,428
8081.04,358,426
8081.24,350,419
8081.44,355,420
8081.64,359,420
8081.84,366,421
8082.04,372,424
8082.24,376,427
8082.44,381,429
8082.64,385,431
8082.84,384,432
8083.04,374,430
8083.24,367,426
8083.44,360,423
8083.64,356,420
8083.84,357,419
8084.04,362,421
8084.24,366,423
8084.44,369,425
8084.64,374,427
8084.84,378,430
8085.04,383,432
8085.24,386,434
8085.44,376,427
8085.64,361,427
8085.84,353,420
8086.04,351,416
8086.24,354,417
8086.44,357,419
8086.64,361,421
8086.84,365,422
8087.04,369,424
8087.24,372,427
8087.44,376,429
8087.64,379,430
8087.84,382,432
8088.04,382,431
8088.24,368,424
8088.44,362,421
8088.64,354,418
8088.84,355,417
8089.04,358,419
8089.24,362,421
8089.44,366,422
8089.64,372,424
8089.84,375,427
8090.04,379,428
8090.24,383,430
8090.44,384,429
8090.64,374,426
8090.84,371,426
8091.04,355,419
8091.24,352,415
8091.44,356,418
8091.64,362,420
8091.84,368,421
8092.04,374,423
8092.24,379,426
8092.44,382,429
8092.64,386,431
8092.84,391,432
8093.04,391,433
8093.24,388,432
8093.44,377,427
8093.64,365,421
8093.84,358,418
8094.04,354,415
8094.24,351,412
8094.44,350,408
8094.64,350,413
8094.84,355,416
8095.04,361,418
8095.24,367,422
8095.44,371,424
8095.64,375,427
8095.84,376,428
8096.04,371,432
8096.24,372,432
8096.44,372,432
8096.64,358,425
8096.84,348,420
8097.04,348,420
8097.24,348,422
8097.44,350,423
8097.64,351,424
8097.84,352,424
8098.04,355,424
8098.24,358,426
8098.44,360,427
8098.64,363,428
8098.84,366,428
8099.04,370,430
8099.24,374,431
8099.44,378,432
8099.64,382,434
8099.84,386,435
8100.04,389,436
8100.24,391,437
8100.44,389,436
8100.64,384,434
8100.84,376,430
8101.04,367,427
8101.24,361,425
8101.44,354,421
8101.64,349,420
8101.84,349,420
8102.04,352,421
8102.24,357,423
8102.44,362,426
8102.64,368,428
8102.84,375,431
8103.04,381,433
8103.24,386,434
8103.44,389,436
8103.64,392,438
8103.84,375,429
8104.04,358,429
8104.24,349,423
8104.44,351,423
8104.64,354,426
8104.84,358,427
8105.04,362,428
8105.24,364,429
8105.44,367,430
8105.64,370,432
8105.84,372,433
8106.04,375,435
8106.24,377,435
8106.44,377,436
8106.64,368,429
8106.84,364,429
8107.04,355,424
8107.24,355,424
8107.44,356,425
8107.64,359,426
8107.84,362,428
8108.04,366,429
8108.24,370,431
8108.44,376,433
8108.64,382,436
8108.84,382,437
8109.04,378,435
8109.24,371,431
8109.44,364,428
8109.64,359,425
8109.84,353,422
8110.04,352,421
8110.24,353,421
8110.44,358,424
8110.64,364,427
8110.84,369,429
8111.04,372,430
8111.24,375,432
8111.44,379,434
8111.64,385,437
8111.84,364,437
8112.04,339,432
8112.24,325,422
8112.44,306,397
8112.64,294,379
8112.84,304,392
8113.04,336,429
8113.24,353,445
8113.44,352,430
8113.64,364,428
8113.84,368,432
8114.04,368,431
8114.24,362,427
8114.44,351,422
8114.64,346,420
8114.84,345,417
8115.04,348,420
8115.24,351,422
8115.44,355,424
8115.64,357,424
8115.84,359,425
8116.04,362,426
8116.24,365,427
8116.44,367,428
8116.64,370,430
8116.84,374,431
8117.04,375,431
8117.24,376,431
8117.44,374,431
8117.64,361,424
8117.84,346,421
8118.04,346,420
8118.24,350,423
8118.44,355,425
8118.64,359,427
8118.84,363,429
8119.04,366,430
8119.24,370,431
8119.44,372,433
8119.64,373,433
8119.84,366,426
8120.04,355,426
8120.24,349,422
8120.44,345,419
8120.64,347,420
8120.84,354,424
8121.04,364,428
8121.24,371,431
8121.44,375,433
8121.64,378,434
8121.84,380,435
8122.04,383,436
8122.24,380,434
8122.44,369,428
8122.64,355,422
8122.84,348,419
8123.04,352,422
8123.24,358,423
8123.44,364,424
8123.64,370,426
8123.84,375,429
8124.04,379,430
8124.24,383,432
8124.44,387,433
8124.64,390,434
8124.84,384,439
8125.04,355,433
8125.24,330,423
8125.44,309,402
8125.64,295,391
8125.84,289,377
8126.04,306,392
8126.24,344,423
8126.44,364,434
8126.64,364,431
8126.84,363,428
8127.04,358,426
8127.24,350,419
8127.44,355,420
8127.64,359,420
8127.84,366,421
8128.04,372,424
8128.24,376,427
8128.44,381,429
8128.64,385,431
8128.84,384,432
8129.04,374,430
8129.24,367,426
8129.44,360,423
8129.64,356,420
8129.84,357,419
8130.04,362,421
8130.24,366,423
8130.44,369,425
8130.64,374,427
8130.84,378,430
8131.04,383,432
8131.24,386,434
8131.44,376,427
8131.64,361,427
8131.84,353,420
8132.04,351,416
8132.24,354,417
8132.44,357,419
8132.64,361,421
8132.84,365,422
8133.04,369,424
8133.24,372,427
8133.44,376,429
8133.64,379,430
8133.84,382,432
8134.04,382,431
8134.24,368,424
8134.44,362,421
8134.64,354,418
8134.84,355,417
8135.04,358,419
8135.24,362,421
8135.44,366,422
8135.64,372,424
8135.84,375,427
8136.04,379,428
8136.24,383,430
8136.44,384,429
8136.64,374,426
8136.84,371,426
8137.04,355,419
8137.24,352,415
8137.44,356,418
8137.64,362,420
8137.84,368,421
8138.04,374,423
8138.24,379,426
8138.44,382,429
8138.64,386,431
8138.84,391,432
8139.04,391,433
8139.24,388,432
8139.44,377,427
8139.64,365,421
8139.84,358,418
8140.04,354,415
8140.24,351,412
8140.44,350,408
8140.64,350,413
8140.84,355,416
8141.04,361,418
8141.24,367,422
8141.44,371,424
8141.64,375,427
8141.84,376,428
8142.04,371,432
8142.24,372,432
8142.44,372,432
8142.64,358,425
8142.84,348,420
8143.04,348,420
8143.24,348,422
8143.44,350,423
8143.64,351,424
8143.84,352,424
8144.04,355,424
8144.24,358,426
8144.44,360,427
8144.64,363,428
8144.84,366,428
8145.04,370,430
8145.24,374,431
8145.44,378,432
8145.64,382,434
8145.84,386,435
8146.04,389,436
8146.24,391,437
8146.44,389,436
8146.64,384,434
8146.84,376,430
8147.04,367,427
8147.24,361,425
8147.44,354,421
8147.64,349,420
8147.84,349,420
8148.04,352,421
8148.24,357,423
8148.44,362,426
8148.64,368,428
8148.84,375,431
8149.04,381,433
8149.24,386,434
8149.44,389,436
8149.64,392,438
8149.84,375,429
8150.04,358,429
8150.24,349,423
8150.44,351,423
8150.64,354,426
8150.84,358,427
8151.04,362,428
8151.24,364,429
8151.44,367,430
8151.64,370,432
8151.84,372,433
8152.04,375,435
8152.24,377,435
8152.44,377,436
8152.64,368,429
8152.84,364,429
8153.04,355,424
8153.24,355,424
8153.44,356,425
8153.64,359,426
8153.84,362,428
8154.04,366,429
8154.24,370,431
8154.44,376,433
8154.64,382,436
8154.84,382,437
8155.04,378,435
8155.24,371,431
8155.44,364,428
8155.64,359,425
8155.84,353,422
8156.04,352,421
8156.24,353,421
8156.44,358,424
8156.64,364,427
8156.84,369,429
8157.04,372,430
8157.24,375,432
8157.44,379,434
8157.64,385,437
8157.84,364,437
8158.04,339,432
8158.24,325,422
8158.44,306,397
8158.64,294,379
8158.84,304,392
8159.04,336,429
8159.24,353,445
8159.44,352,430
8159.64,364,428
8159.84,368,432
8160.04,368,431
8160.24,362,427
8160.44,351,422
8160.64,346,420
8160.84,345,417
8161.04,348,420
8161.24,351,422
8161.44,355,424
8161.64,357,424
8161.84,359,425
8162.04,362,426
8162.24,365,427
8162.44,367,428
8162.64,370,430
8162.84,374,431
8163.04,375,431
8163.24,376,431
8163.44,374,431
8163.64,361,424
8163.84,346,421
8164.04,346,420
8164.24,350,423
8164.44,355,425
8164.64,359,427
8164.84,363,429
8165.04,366,430
8165.24,370,431
8165.44,372,433
8165.64,373,433
8165.84,366,426
8166.04,355,426
8166.24,349,422
8166.44,345,419
8166.64,347,420
8166.84,354,424
8167.04,364,428
8167.24,371,431
8167.44,375,433
8167.64,378,434
8167.84,380,435
8168.04,383,436
8168.24,380,434
8168.44,369,428
8168.64,355,422
8168.84,348,419
8169.04,352,422
8169.24,358,423
8169.44,364,424
8169.64,370,426
8169.84,375,429
8170.04,379,430
8170.24,383,432
8170.44,387,433
8170.64,390,434
8170.84,384,439
8171.04,355,433
8171.24,330,423
8171.44,309,402
8171.64,295,391
8171.84,289,377
8172.04,306,392
8172.24,344,423
8172.44,364,434
8172.64,364,431
8172.84,363,428
8173.04,358,426
8173.24,350,419
8173.44,355,420
8173.64,359,420
8173.84,366,421
8174.04,372,424
8174.24,376,427
8174.44,381,429
8174.64,385,431
8174.84,384,432
8175.04,374,430
8175.24,367,426
8175.44,360,423
8175.64,356,420
8175.84,357,419
8176.04,362,421
8176.24,366,423
8176.44,369,425
8176.64,374,427
8176.84,378,430
8177.04,383,432
8177.24,386,434
8177.44,376,427
8177.64,361,427
8177.84,353,420
8178.04,351,416
8178.24,354,417
8178.44,357,419
8178.64,361,421
8178.84,365,422
8179.04,369,424
8179.24,372,427
8179.44,376,429
8179.64,379,430
8179.84,382,432
8180.04,382,431
8180.24,368,424
8180.44,362,421
8180.64,354,418
8180.84,355,417
8181.04,358,419
8181.24,362,421
8181.44,366,422
8181.64,372,424
8181.84,375,427
8182.04,379,428
8182.24,383,430
8182.44,384,429
8182.64,374,426
8182.84,371,426
8183.04,355,419
8183.24,352,415
8183.44,356,418
8183.64,362,420
8183.84,368,421
8184.04,374,423
8184.24,379,426
8184.44,382,429
8184.64,386,431
8184.84,391,432
8185.04,391,433
8185.24,388,432
8185.44,377,427
8185.64,365,421
8185.84,358,418
8186.04,354,415
8186.24,351,412
8186.44,350,408
8186.64,350,413
8186.84,355,416
8187.04,361,418
8187.24,367,422
8187.44,371,424
8187.64,375,427
8187.84,376,428
8188.04,371,432
8188.24,372,432
8188.44,372,432
8188.64,358,425
8188.84,348,420
8189.04,348,420
8189.24,348,422
8189.44,350,423
8189.64,351,424
8189.84,352,424
8190.04,355,424
8190.24,358,426
8190.44,360,427
8190.64,363,428
8190.84,366,428
8191.04,370,430
8191.24,374,431
8191.44,378,432
8191.64,382,434
8191.84,386,435
8192.04,389,436
8192.24,391,437
8192.44,389,436
8192.64,384,434
8192.84,376,430
8193.04,367,427
8193.24,361,425
8193.44,354,421
8193.64,349,420
8193.84,349,420
8194.04,352,421
8194.24,357,423
8194.44,362,426
8194.64,368,428
8194.84,375,431
8195.04,381,433
8195.24,386,434
8195.44,389,436
8195.64,392,438
8195.84,375,429
8196.04,358,429
8196.24,349,423
8196.44,351,423
8196.64,354,426
8196.84,358,427
8197.04,362,428
8197.24,364,429
8197.44,367,430
8197.64,370,432
8197.84,372,433
8198.04,375,435
8198.24,377,435
8198.44,377,436
8198.64,368,429
8198.84,364,429
8199.04,355,424
8199.24,355,424
8199.44,356,425
8199.64,359,426
8199.84,362,428
8200.04,366,429
8200.24,370,431
8200.44,376,433
8200.64,382,436
8200.84,382,437
8201.04,378,435
8201.24,371,431
8201.44,364,428
8201.64,359,425
8201.84,353,422
8202.04,352,421
8202.24,353,421
8202.44,358,424
8202.64,364,427
8202.84,369,429
8203.04,372,430
8203.24,375,432
8203.44,379,434
8203.64,385,437
8203.84,364,437
8204.04,339,432
8204.24,325,422
8204.44,306,397
8204.64,294,379
8204.84,304,392
8205.04,336,429
8205.24,353,445
8205.44,352,430
8205.64,364,428
8205.84,368,432
8206.04,368,431
8206.24,362,427
8206.44,351,422
8206.64,346,420
8206.84,345,417
8207.04,348,420
8207.24,351,422
8207.44,355,424
8207.64,357,424
8207.84,359,425
8208.04,362,426
8208.24,365,427
8208.44,367,428
8208.64,370,430
8208.84,374,431
8209.04,375,431
8209.24,376,431
8209.44,374,431
8209.64,361,424
8209.84,346,421
8210.04,346,420
8210.24,350,423
8210.44,355,425
8210.64,359,427
8210.84,363,429
8211.04,366,430
8211.24,370,431
8211.44,372,433
8211.64,373,433
8211.84,366,426
8212.04,355,426
8212.24,349,422
8212.44,345,419
8212.64,347,420
8212.84,354,424
8213.04,364,428
8213.24,371,431
8213.44,375,433
8213.64,378,434
8213.84,380,435
8214.04,383,436
8214.24,380,434
8214.44,369,428
8214.64,355,422
8214.84,348,419
8215.04,352,422
8215.24,358,423
8215.44,364,424
8215.64,370,426
8215.84,375,429
8216.04,379,430
8216.24,383,432
8216.44,387,433
8216.64,390,434
8216.84,384,439
8217.04,355,433
8217.24,330,423
8217.44,309,402
8217.64,295,391
8217.84,289,377
8218.04,306,392
8218.24,344,423
8218.44,364,434
8218.64,364,431
8218.84,363,428
8219.04,358,426
8219.24,350,419
8219.44,355,420
8219.64,359,420
8219.84,366,421
8220.04,372,424
8220.24,376,427
8220.44,381,429
8220.64,385,431
8220.84,384,432
8221.04,374,430
8221.24,367,426
8221.44,360,423
8221.64,356,420
8221.84,357,419
8222.04,362,421
8222.24,366,423
8222.44,369,425
8222.64,374,427
8222.84,378,430
8223.04,383,432
8223.24,386,434
8223.44,376,427
8223.64,361,427
8223.84,353,420
8224.04,351,416
8224.24,354,417
8224.44,357,419
8224.64,361,421
8224.84,365,422
8225.04,369,424
8225.24,372,427
8225.44,376,429
8225.64,379,430
8225.84,382,432
8226.04,382,431
8226.24,368,424
8226.44,362,421
8226.64,354,418
8226.84,355,417
8227.04,358,419
8227.24,362,421
8227.44,366,422
8227.64,372,424
8227.84,375,427
8228.04,379,428
8228.24,383,430
8228.44,384,429
8228.64,374,426
8228.84,371,426
8229.04,355,419
8229.24,352,415
8229.44,356,418
8229.64,362,420
8229.84,368,421
8230.04,374,423
8230.24,379,426
8230.44,382,429
8230.64,386,431
8230.84,391,432
8231.04,391,433
8231.24,388,432
8231.44,377,427
8231.64,365,421
8231.84,358,418
8232.04,354,415
8232.24,351,412
8232.44,350,408
8232.64,350,413
8232.84,355,416
8233.04,361,418
8233.24,367,422
8233.44,371,424
8233.64,375,427
8233.84,376,428
8234.04,371,432
8234.24,372,432
8234.44,372,432
8234.64,358,425
8234.84,348,420
8235.04,348,420
8235.24,348,422
8235.44,350,423
8235.64,351,424
8235.84,352,424
8236.04,355,424
8236.24,358,426
8236.44,360,427
8236.64,363,428
8236.84,366,428
8237.04,370,430
8237.24,374,431
8237.44,378,432
8237.64,382,434
8237.84,386,435
8238.04,389,436
8238.24,391,437
8238.44,389,436
8238.64,384,434
8238.84,376,430
8239.04,367,427
8239.24,361,425
8239.44,354,421
8239.64,349,420
8239.84,349,420
8240.04,352,421
8240.24,357,423
8240.44,362,426
8240.64,368,428
8240.84,375,431
8241.04,381,433
8241.24,386,434
8241.44,389,436
8241.64,392,438
8241.84,375,429
8242.04,358,429
8242.24,349,423
8242.44,351,423
8242.64,354,426
8242.84,358,427
8243.04,362,428
8243.24,364,429
8243.44,367,430
8243.64,370,432
8243.84,372,433
8244.04,375,435
8244.24,377,435
8244.44,377,436
8244.64,368,429
8244.84,364,429
8245.04,355,424
8245.24,355,424
8245.44,356,425
8245.64,359,426
8245.84,362,428
8246.04,366,429
8246.24,370,431
8246.44,376,433
8246.64,382,436
8246.84,382,437
8247.04,378,435
8247.24,371,431
8247.44,364,428
8247.64,359,425
8247.84,353,422
8248.04,352,421
8248.24,353,421
8248.44,358,424
8248.64,364,427
8248.84,369,429
8249.04,372,430
8249.24,375,432
8249.44,379,434
8249.64,385,437
8249.84,364,437
8250.04,339,432
8250.24,325,422
8250.44,306,397
8250.64,294,379
8250.84,304,392
8251.04,336,429
8251.24,353,445
8251.44,352,430
8251.64,364,428
8251.84,368,432
8252.04,368,431
8252.24,362,427
8252.44,351,422
8252.64,346,420
8252.84,345,417
8253.04,348,420
8253.24,351,422
8253.44,355,424
8253.64,357,424
8253.84,359,425
8254.04,362,426
8254.24,365,427
8254.44,367,428
8254.64,370,430
8254.84,374,431
8255.04,375,431
8255.24,376,431
8255.44,374,431
8255.64,361,424
8255.84,346,421
8256.04,346,420
8256.24,350,423
8256.44,355,425
8256.64,359,427
8256.84,363,429
8257.04,366,430
8257.24,370,431
8257.44,372,433
8257.64,373,433
8257.84,366,426
8258.04,355,426
8258.24,349,422
8258.44,345,419
8258.64,347,420
8258.84,354,424
8259.04,364,428
8259.24,371,431
8259.44,375,433
8259.64,378,434
8259.84,380,435
8260.04,383,436
8260.24,380,434
8260.44,369,428
8260.64,355,422
8260.84,348,419
8261.04,352,422
8261.24,358,423
8261.44,364,424
8261.64,370,426
8261.84,375,429
8262.04,379,430
8262.24,383,432
8262.44,387,433
8262.64,390,434
8262.84,384,439
8263.04,355,433
8263.24,330,423
8263.44,309,402
8263.64,295,391
8263.84,289,377
8264.04,306,392
8264.24,344,423
8264.44,364,434
8264.64,364,431
8264.84,363,428
8265.04,358,426
8265.24,350,419
8265.44,355,420
8265.64,359,420
8265.84,366,421
8266.04,372,424
8266.24,376,427
8266.44,381,429
8266.64,385,431
8266.84,384,432
8267.04,374,430
8267.24,367,426
8267.44,360,423
8267.64,356,420
8267.84,357,419
8268.04,362,421
8268.24,366,423
8268.44,369,425
8268.64,374,427
8268.84,378,430
8269.04,383,432
8269.24,386,434
8269.44,376,427
8269.64,361,427
8269.84,353,420
8270.04,351,416
8270.24,354,417
8270.44,357,419
8270.64,361,421
8270.84,365,422
8271.04,369,424
8271.24,372,427
8271.44,376,429
8271.64,379,430
8271.84,382,432
8272.04,382,431
8272.24,368,424
8272.44,362,421
8272.64,354,418
8272.84,355,417
8273.04,358,419
8273.24,362,421
8273.44,366,422
8273.64,372,424
8273.84,375,427
8274.04,379,428
8274.24,383,430
8274.44,384,429
8274.64,374,426
8274.84,371,426
8275.04,355,419
8275.24,352,415
8275.44,356,418
8275.64,362,420
8275.84,368,421
8276.04,374,423
8276.24,379,426
8276.44,382,429
8276.64,386,431
8276.84,391,432
8277.04,391,433
8277.24,388,432
8277.44,377,427
8277.64,365,421
8277.84,358,418
8278.04,354,415
8278.24,351,412
8278.44,350,408
8278.64,350,413
8278.84,355,416
8279.04,361,418
8279.24,367,422
8279.44,371,424
8279.64,375,427
8279.84,376,428
8280.04,371,432
8280.24,372,432
8280.44,372,432
8280.64,358,425
8280.84,348,420
8281.04,348,420
8281.24,348,422
8281.44,350,423
8281.64,351,424
8281.84,352,424
8282.04,355,424
8282.24,358,426
8282.44,360,427
8282.64,363,428
8282.84,366,428
8283.04,370,430
8283.24,374,431
8283.44,378,432
8283.64,382,434
8283.84,386,435
8284.04,389,436
8284.24,391,437
8284.44,389,436
8284.64,384,434
8284.84,376,430
8285.04,367,427
8285.24,361,425
8285.44,354,421
8285.64,349,420
8285.84,349,420
8286.04,352,421
8286.24,357,423
8286.44,362,426
8286.64,368,428
8286.84,375,431
8287.04,381,433
8287.24,386,434
8287.44,389,436
8287.64,392,438
8287.84,375,429
8288.04,358,429
8288.24,349,423
8288.44,351,423
8288.64,354,426
8288.84,358,427
8289.04,362,428
8289.24,364,429
8289.44,367,430
8289.64,370,432
8289.84,372,433
8290.04,375,435
8290.24,377,435
8290.44,377,436
8290.64,368,429
8290.84,364,429
8291.04,355,424
8291.24,355,424
8291.44,356,425
8291.64,359,426
8291.84,362,428
8292.04,366,429
8292.24,370,431
8292.44,376,433
8292.64,382,436
8292.84,382,437
8293.04,378,435
8293.24,371,431
8293.44,364,428
8293.64,359,425
8293.84,353,422
8294.04,352,421
8294.24,353,421
8294.44,358,424
8294.64,364,427
8294.84,369,429
8295.04,372,430
8295.24,375,432
8295.44,379,434
8295.64,385,437
8295.84,364,437
8296.04,339,432
8296.24,325,422
8296.44,306,397
8296.64,294,379
8296.84,304,392
8297.04,336,429
8297.24,353,445
8297.44,352,430
8297.64,364,428
8297.84,368,432
8298.04,368,431
8298.24,362,427
8298.44,351,422
8298.64,346,420
8298.84,345,417
8299.04,348,420
8299.24,351,422
8299.44,355,424
8299.64,357,424
8299.84,359,425
8300.04,362,426
8300.24,365,427
8300.44,367,428
8300.64,370,430
8300.84,374,431
8301.04,375,431
8301.24,376,431
8301.44,374,431
8301.64,361,424
8301.84,346,421
8302.04,346,420
8302.24,350,423
8302.44,355,425
8302.64,359,427
8302.84,363,429
8303.04,366,430
8303.24,370,431
8303.44,372,433
8303.64,373,433
8303.84,366,426
8304.04,355,426
8304.24,349,422
8304.44,345,419
8304.64,347,420
8304.84,354,424
8305.04,364,428
8305.24,371,431
8305.44,375,433
8305.64,378,434
8305.84,380,435
8306.04,383,436
8306.24,380,434
8306.44,369,428
8306.64,355,422
8306.84,348,419
8307.04,352,422
8307.24,358,423
8307.44,364,424
8307.64,370,426
8307.84,375,429
8308.04,379,430
8308.24,383,432
8308.44,387,433
8308.64,390,434
8308.84,384,439
8309.04,355,433
8309.24,330,423
8309.44,309,402
8309.64,295,391
8309.84,289,377
8310.04,306,392
8310.24,344,423
8310.44,364,434
8310.64,364,431
8310.84,363,428
8311.04,358,426
8311.24,350,419
8311.44,355,420
8311.64,359,420
8311.84,366,421
8312.04,372,424
8312.24,376,427
8312.44,381,429
8312.64,385,431
8312.84,384,432
8313.04,374,430
8313.24,367,426
8313.44,360,423
8313.64,356,420
8313.84,357,419
8314.04,362,421
8314.24,366,423
8314.44,369,425
8314.64,374,427
8314.84,378,430
8315.04,383,432
8315.24,386,434
8315.44,376,427
8315.64,361,427
8315.84,353,420
8316.04,351,416
8316.24,354,417
8316.44,357,419
8316.64,361,421
8316.84,365,422
8317.04,369,424
8317.24,372,427
8317.44,376,429
8317.64,379,430
8317.84,382,432
8318.04,382,431
8318.24,368,424
8318.44,362,421
8318.64,354,418
8318.84,355,417
8319.04,358,419
8319.24,362,421
8319.44,366,422
8319.64,372,424
8319.84,375,427
8320.04,379,428
8320.24,383,430
8320.44,384,429
8320.64,374,426
8320.84,371,426
8321.04,355,419
8321.24,352,415
8321.44,356,418
8321.64,362,420
8321.84,368,421
8322.04,374,423
8322.24,379,426
8322.44,382,429
8322.64,386,431
8322.84,391,432
8323.04,391,433
8323.24,388,432
8323.44,377,427
8323.64,365,421
8323.84,358,418
8324.04,354,415
8324.24,351,412
8324.44,350,408
8324.64,350,413
8324.84,355,416
8325.04,361,418
8325.24,367,422
8325.44,371,424
8325.64,375,427
8325.84,376,428
8326.04,371,432
8326.24,372,432
8326.44,372,432
8326.64,358,425
8326.84,348,420
8327.04,348,420
8327.24,348,422
8327.44,350,423
8327.64,351,424
8327.84,352,424
8328.04,355,424
8328.24,358,426
8328.44,360,427
8328.64,363,428
8328.84,366,428
8329.04,370,430
8329.24,374,431
8329.44,378,432
8329.64,382,434
8329.84,386,435
8330.04,389,436
8330.24,391,437
8330.44,389,436
8330.64,384,434
8330.84,376,430
8331.04,367,427
8331.24,361,425
8331.44,354,421
8331.64,349,420
8331.84,349,420
8332.04,352,421
8332.24,357,423
8332.44,362,426
8332.64,368,428
8332.84,375,431
8333.04,381,433
8333.24,386,434
8333.44,389,436
8333.64,392,438
8333.84,375,429
8334.04,358,429
8334.24,349,423
8334.44,351,423
8334.64,354,426
8334.84,358,427
8335.04,362,428
8335.24,364,429
8335.44,367,430
8335.64,370,432
8335.84,372,433
8336.04,375,435
8336.24,377,435
8336.44,377,436
8336.64,368,429
8336.84,364,429
8337.04,355,424
8337.24,355,424
8337.44,356,425
8337.64,359,426
8337.84,362,428
8338.04,366,429
8338.24,370,431
8338.44,376,433
8338.64,382,436
8338.84,382,437
8339.04,378,435
8339.24,371,431
8339.44,364,428
8339.64,359,425
8339.84,353,422
8340.04,352,421
8340.24,353,421
8340.44,358,424
8340.64,364,427
8340.84,369,429
8341.04,372,430
8341.24,375,432
8341.44,379,434
8341.64,385,437
8341.84,364,437
8342.04,339,432
8342.24,325,422
8342.44,306,397
8342.64,294,379
8342.84,304,392
8343.04,336,429
8343.24,353,445
8343.44,352,430
8343.64,364,428
8343.84,368,432
8344.04,368,431
8344.24,362,427
8344.44,351,422
8344.64,346,420
8344.84,345,417
8345.04,348,420
8345.24,351,422
8345.44,355,424
8345.64,357,424
8345.84,359,425
8346.04,362,426
8346.24,365,427
8346.44,367,428
8346.64,370,430
8346.84,374,431
8347.04,375,431
8347.24,376,431
8347.44,374,431
8347.64,361,424
8347.84,346,421
8348.04,346,420
8348.24,350,423
8348.44,355,425
8348.64,359,427
8348.84,363,429
8349.04,366,430
8349.24,370,431
8349.44,372,433
8349.64,373,433
8349.84,366,426
8350.04,355,426
8350.24,349,422
8350.44,345,419
8350.64,347,420
8350.84,354,424
8351.04,364,428
8351.24,371,431
8351.44,375,433
8351.64,378,434
8351.84,380,435
8352.04,383,436
8352.24,380,434
8352.44,369,428
8352.64,355,422
8352.84,348,419
8353.04,352,422
8353.24,358,423
8353.44,364,424
8353.64,370,426
8353.84,375,429
8354.04,379,430
8354.24,383,432
8354.44,387,433
8354.64,390,434
8354.84,384,439
8355.04,355,433
8355.24,330,423
8355.44,309,402
8355.64,295,391
8355.84,289,377
8356.04,306,392
8356.24,344,423
8356.44,364,434
8356.64,364,431
8356.84,363,428
8357.04,358,426
8357.24,350,419
8357.44,355,420
8357.64,359,420
8357.84,366,421
8358.04,372,424
8358.24,376,427
8358.44,381,429
8358.64,385,431
8358.84,384,432
8359.04,374,430
8359.24,367,426
8359.44,360,423
8359.64,356,420
8359.84,357,419
8360.04,362,421
8360.24,366,423
8360.44,369,425
8360.64,374,427
8360.84,378,430
8361.04,383,432
8361.24,386,434
8361.44,376,427
8361.64,361,427
8361.84,353,420
8362.04,351,416
8362.24,354,417
8362.44,357,419
8362.64,361,421
8362.84,365,422
8363.04,369,424
8363.24,372,427
8363.44,376,429
8363.64,379,430
8363.84,382,432
8364.04,382,431
8364.24,368,424
8364.44,362,421
8364.64,354,418
8364.84,355,417
8365.04,358,419
8365.24,362,421
8365.44,366,422
8365.64,372,424
8365.84,375,427
8366.04,379,428
8366.24,383,430
8366.44,384,429
8366.64,374,426
8366.84,371,426
8367.04,355,419
8367.24,352,415
8367.44,356,418
8367.64,362,420
8367.84,368,421
8368.04,374,423
8368.24,379,426
8368.44,382,429
8368.64,386,431
8368.84,391,432
8369.04,391,433
8369.24,388,432
8369.44,377,427
8369.64,365,421
8369.84,358,418
8370.04,354,415
8370.24,351,412
8370.44,350,408
8370.64,350,413
8370.84,355,416
8371.04,361,418
8371.24,367,422
8371.44,371,424
8371.64,375,427
8371.84,376,428
8372.04,371,432
8372.24,372,432
8372.44,372,432
8372.64,358,425
8372.84,348,420
8373.04,348,420
8373.24,348,422
8373.44,350,423
8373.64,351,424
8373.84,352,424
8374.04,355,424
8374.24,358,426
8374.44,360,427
8374.64,363,428
8374.84,366,428
8375.04,370,430
8375.24,374,431
8375.44,378,432
8375.64,382,434
8375.84,386,435
8376.04,389,436
8376.24,391,437
8376.44,389,436
8376.64,384,434
8376.84,376,430
8377.04,367,427
8377.24,361,425
8377.44,354,421
8377.64,349,420
8377.84,349,420
8378.04,352,421
8378.24,357,423
8378.44,362,426
8378.64,368,428
8378.84,375,431
8379.04,381,433
8379.24,386,434
8379.44,389,436
8379.64,392,438
8379.84,375,429
8380.04,358,429
8380.24,349,423
8380.44,351,423
8380.64,354,426
8380.84,358,427
8381.04,362,428
8381.24,364,429
8381.44,367,430
8381.64,370,432
8381.84,372,433
8382.04,375,435
8382.24,377,435
8382.44,377,436
8382.64,368,429
8382.84,364,429
8383.04,355,424
8383.24,355,424
8383.44,356,425
8383.64,359,426
8383.84,362,428
8384.04,366,429
8384.24,370,431
8384.44,376,433
8384.64,382,436
8384.84,382,437
8385.04,378,435
8385.24,371,431
8385.44,364,428
8385.64,359,425
8385.84,353,422
8386.04,352,421
8386.24,353,421
8386.44,358,424
8386.64,364,427
8386.84,369,429
8387.04,372,430
8387.24,375,432
8387.44,379,434
8387.64,385,437
8387.84,364,437
8388.04,339,432
8388.24,325,422
8388.44,306,397
8388.64,294,379
8388.84,304,392
8389.04,336,429
8389.24,353,445
8389.44,352,430
8389.64,364,428
8389.84,368,432
8390.04,368,431
8390.24,362,427
8390.44,351,422
8390.64,346,420
8390.84,345,417
8391.04,348,420
8391.24,351,422
8391.44,355,424
8391.64,357,424
8391.84,359,425
8392.04,362,426
8392.24,365,427
8392.44,367,428
8392.64,370,430
8392.84,374,431
8393.04,375,431
8393.24,376,431
8393.44,374,431
8393.64,361,424
8393.84,346,421
8394.04,346,420
8394.24,350,423
8394.44,355,425
8394.64,359,427
8394.84,363,429
8395.04,366,430
8395.24,370,431
8395.44,372,433
8395.64,373,433
8395.84,366,426
8396.04,355,426
8396.24,349,422
8396.44,345,419
8396.64,347,420
8396.84,354,424
8397.04,364,428
8397.24,371,431
8397.44,375,433
8397.64,378,434
8397.84,380,435
8398.04,383,436
8398.24,380,434
8398.44,369,428
8398.64,355,422
8398.84,348,419
8399.04,352,422
8399.24,358,423
8399.44,364,424
8399.64,370,426
8399.84,375,429
8400.04,379,430
8400.24,383,432
8400.44,387,433
8400.64,390,434
8400.84,384,439
8401.04,355,433
8401.24,330,423
8401.44,309,402
8401.64,295,391
8401.84,289,377
8402.04,306,392
8402.24,344,423
8402.44,364,434
8402.64,364,431
8402.84,363,428
8403.04,358,426
8403.24,350,419
8403.44,355,420
8403.64,359,420
8403.84,366,421
8404.04,372,424
8404.24,376,427
8404.44,381,429
8404.64,385,431
8404.84,384,432
8405.04,374,430
8405.24,367,426
8405.44,360,423
8405.64,356,420
8405.84,357,419
8406.04,362,421
8406.24,366,423
8406.44,369,425
8406.64,374,427
8406.84,378,430
8407.04,383,432
8407.24,386,434
8407.44,376,427
8407.64,361,427
8407.84,353,420
8408.04,351,416
8408.24,354,417
8408.44,357,419
8408.64,361,421
8408.84,365,422
8409.04,369,424
8409.24,372,427
8409.44,376,429
8409.64,379,430
8409.84,382,432
8410.04,382,431
8410.24,368,424
8410.44,362,421
8410.64,354,418
8410.84,355,417
8411.04,358,419
8411.24,362,421
8411.44,366,422
8411.64,372,424
8411.84,375,427
8412.04,379,428
8412.24,383,430
8412.44,384,429
8412.64,374,426
8412.84,371,426
8413.04,355,419
8413.24,352,415
8413.44,356,418
8413.64,362,420
8413.84,368,421
8414.04,374,423
8414.24,379,426
8414.44,382,429
8414.64,386,431
8414.84,391,432
8415.04,391,433
8415.24,388,432
8415.44,377,427
8415.64,365,421
8415.84,358,418
8416.04,354,415
8416.24,351,412
8416.44,350,408
8416.64,350,413
8416.84,355,416
8417.04,361,418
8417.24,367,422
8417.44,371,424
8417.64,375,427
8417.84,376,428
8418.04,371,432
8418.24,372,432
8418.44,372,432
8418.64,358,425
8418.84,348,420
8419.04,348,420
8419.24,348,422
8419.44,350,423
8419.64,351,424
8419.84,352,424
8420.04,355,424
8420.24,358,426
8420.44,360,427
8420.64,363,428
8420.84,366,428
8421.04,370,430
8421.24,374,431
8421.44,378,432
8421.64,382,434
8421.84,386,435
8422.04,389,436
8422.24,391,437
8422.44,389,436
8422.64,384,434
8422.84,376,430
8423.04,367,427
8423.24,361,425
8423.44,354,421
8423.64,349,420
8423.84,349,420
8424.04,352,421
8424.24,357,423
8424.44,362,426
8424.64,368,428
8424.84,375,431
8425.04,381,433
8425.24,386,434
8425.44,389,436
8425.64,392,438
8425.84,375,429
8426.04,358,429
8426.24,349,423
8426.44,351,423
8426.64,354,426
8426.84,358,427
8427.04,362,428
8427.24,364,429
8427.44,367,430
8427.64,370,432
8427.84,372,433
8428.04,375,435
8428.24,377,435
8428.44,377,436
8428.64,368,429
8428.84,364,429
8429.04,355,424
8429.24,355,424
8429.44,356,425
8429.64,359,426
8429.84,362,428
8430.04,366,429
8430.24,370,431
8430.44,376,433
8430.64,382,436
8430.84,382,437
8431.04,378,435
8431.24,371,431
8431.44,364,428
8431.64,359,425
8431.84,353,422
8432.04,352,421
8432.24,353,421
8432.44,358,424
8432.64,364,427
8432.84,369,429
8433.04,372,430
8433.24,375,432
8433.44,379,434
8433.64,385,437
8433.84,364,437
8434.04,339,432
8434.24,325,422
8434.44,306,397
8434.64,294,379
8434.84,304,392
8435.04,336,429
8435.24,353,445
8435.44,352,430
8435.64,364,428
8435.84,368,432
8436.04,368,431
8436.24,362,427
8436.44,351,422
8436.64,346,420
8436.84,345,417
8437.04,348,420
8437.24,351,422
8437.44,355,424
8437.64,357,424
8437.84,359,425
8438.04,362,426
8438.24,365,427
8438.44,367,428
8438.64,370,430
8438.84,374,431
8439.04,375,431
8439.24,376,431
8439.44,374,431
8439.64,361,424
8439.84,346,421
8440.04,346,420
8440.24,350,423
8440.44,355,425
8440.64,359,427
8440.84,363,429
8441.04,366,430
8441.24,370,431
8441.44,372,433
8441.64,373,433
8441.84,366,426
8442.04,355,426
8442.24,349,422
8442.44,345,419
8442.64,347,420
8442.84,354,424
8443.04,364,428
8443.24,371,431
8443.44,375,433
8443.64,378,434
8443.84,380,435
8444.04,383,436
8444.24,380,434
8444.44,369,428
8444.64,355,422
8444.84,348,419
8445.04,352,422
8445.24,358,423
8445.44,364,424
8445.64,370,426
8445.84,375,429
8446.04,379,430
8446.24,383,432
8446.44,387,433
8446.64,390,434
8446.84,384,439
8447.04,355,433
8447.24,330,423
8447.44,309,402
8447.64,295,391
8447.84,289,377
8448.04,306,392
8448.24,344,423
8448.44,364,434
8448.64,364,431
8448.84,363,428
8449.04,358,426
8449.24,350,419
8449.44,355,420
8449.64,359,420
8449.84,366,421
8450.04,372,424
8450.24,376,427
8450.44,381,429
8450.64,385,431
8450.84,384,432
8451.04,374,430
8451.24,367,426
8451.44,360,423
8451.64,356,420
8451.84,357,419
8452.04,362,421
8452.24,366,423
8452.44,369,425
8452.64,374,427
8452.84,378,430
8453.04,383,432
8453.24,386,434
8453.44,376,427
8453.64,361,427
8453.84,353,420
8454.04,351,416
8454.24,354,417
8454.44,357,419
8454.64,361,421
8454.84,365,422
8455.04,369,424
8455.24,372,427
8455.44,376,429
8455.64,379,430
8455.84,382,432
8456.04,382,431
8456.24,368,424
8456.44,362,421
8456.64,354,418
8456.84,355,417
8457.04,358,419
8457.24,362,421
8457.44,366,422
8457.64,372,424
8457.84,375,427
8458.04,379,428
8458.24,383,430
8458.44,384,429
8458.64,374,426
8458.84,371,426
8459.04,355,419
8459.24,352,415
8459.44,356,418
8459.64,362,420
8459.84,368,421
8460.04,374,423
8460.24,379,426
8460.44,382,429
8460.64,386,431
8460.84,391,432
8461.04,391,433
8461.24,388,432
8461.44,377,427
8461.64,365,421
8461.84,358,418
8462.04,354,415
8462.24,351,412
8462.44,350,408
8462.64,350,413
8462.84,355,416
8463.04,361,418
8463.24,367,422
8463.44,371,424
8463.64,375,427
8463.84,376,428
8464.04,371,432
8464.24,372,432
8464.44,372,432
8464.64,358,425
8464.84,348,420
8465.04,348,420
8465.24,348,422
8465.44,350,423
8465.64,351,424
8465.84,352,424
8466.04,355,424
8466.24,358,426
8466.44,360,427
8466.64,363,428
8466.84,366,428
8467.04,370,430
8467.24,374,431
8467.44,378,432
8467.64,382,434
8467.84,386,435
8468.04,389,436
8468.24,391,437
8468.44,389,436
8468.64,384,434
8468.84,376,430
8469.04,367,427
8469.24,361,425
8469.44,354,421
8469.64,349,420
8469.84,349,420
8470.04,352,421
8470.24,357,423
8470.44,362,426
8470.64,368,428
8470.84,375,431
8471.04,381,433
8471.24,386,434
8471.44,389,436
8471.64,392,438
8471.84,375,429
8472.04,358,429
8472.24,349,423
8472.44,351,423
8472.64,354,426
8472.84,358,427
8473.04,362,428
8473.24,364,429
8473.44,367,430
8473.64,370,432
8473.84,372,433
8474.04,375,435
8474.24,377,435
8474.44,377,436
8474.64,368,429
8474.84,364,429
8475.04,355,424
8475.24,355,424
8475.44,356,425
8475.64,359,426
8475.84,362,428
8476.04,366,429
8476.24,370,431
8476.44,376,433
8476.64,382,436
8476.84,382,437
8477.04,378,435
8477.24,371,431
8477.44,364,428
8477.64,359,425
8477.84,353,422
8478.04,352,421
8478.24,353,421
8478.44,358,424
8478.64,364,427
8478.84,369,429
8479.04,372,430
8479.24,375,432
8479.44,379,434
8479.64,385,437
8479.84,364,437
8480.04,339,432
8480.24,325,422
8480.44,306,397
8480.64,294,379
8480.84,304,392
8481.04,336,429
8481.24,353,445
8481.44,352,430
8481.64,364,428
8481.84,368,432
8482.04,368,431
8482.24,362,427
8482.44,351,422
8482.64,346,420
8482.84,345,417
8483.04,348,420
8483.24,351,422
8483.44,355,424
8483.64,357,424
8483.84,359,425
8484.04,362,426
8484.24,365,427
8484.44,367,428
8484.64,370,430
8484.84,374,431
8485.04,375,431
8485.24,376,431
8485.44,374,431
8485.64,361,424
8485.84,346,421
8486.04,346,420
8486.24,350,423
8486.44,355,425
8486.64,359,427
8486.84,363,429
8487.04,366,430
8487.24,370,431
8487.44,372,433
8487.64,373,433
8487.84,366,426
8488.04,355,426
8488.24,349,422
8488.44,345,419
8488.64,347,420
8488.84,354,424
8489.04,364,428
8489.24,371,431
8489.44,375,433
8489.64,378,434
8489.84,380,435
8490.04,383,436
8490.24,380,434
8490.44,369,428
8490.64,355,422
8490.84,348,419
8491.04,352,422
8491.24,358,423
8491.44,364,424
8491.64,370,426
8491.84,375,429
8492.04,379,430
8492.24,383,432
8492.44,387,433
8492.64,390,434
8492.84,384,439
8493.04,355,433
8493.24,330,423
8493.44,309,402
8493.64,295,391
8493.84,289,377
8494.04,306,392
8494.24,344,423
8494.44,364,434
8494.64,364,431
8494.84,363,428
8495.04,358,426
8495.24,350,419
8495.44,355,420
8495.64,359,420
8495.84,366,421
8496.04,372,424
8496.24,376,427
8496.44,381,429
8496.64,385,431
8496.84,384,432
8497.04,374,430
8497.24,367,426
8497.44,360,423
8497.64,356,420
8497.84,357,419
8498.04,362,421
8498.24,366,423
8498.44,369,425
8498.64,374,427
8498.84,378,430
8499.04,383,432
8499.24,386,434
8499.44,376,427
8499.64,361,427
8499.84,353,420
8500.04,351,416
8500.24,354,417
8500.44,357,419
8500.64,361,421
8500.84,365,422
8501.04,369,424
8501.24,372,427
8501.44,376,429
8501.64,379,430
8501.84,382,432
8502.04,382,431
8502.24,368,424
8502.44,362,421
8502.64,354,418
8502.84,355,417
8503.04,358,419
8503.24,362,421
8503.44,366,422
8503.64,372,424
8503.84,375,427
8504.04,379,428
8504.24,383,430
8504.44,384,429
8504.64,374,426
8504.84,371,426
8505.04,355,419
8505.24,352,415
8505.44,356,418
8505.64,362,420
8505.84,368,421
8506.04,374,423
8506.24,379,426
8506.44,382,429
8506.64,386,431
8506.84,391,432
8507.04,391,433
8507.24,388,432
8507.44,377,427
8507.64,365,421
8507.84,358,418
8508.04,354,415
8508.24,351,412
8508.44,350,408
8508.64,350,413
8508.84,355,416
8509.04,361,418
8509.24,367,422
8509.44,371,424
8509.64,375,427
8509.84,376,428
8510.04,371,432
8510.24,372,432
8510.44,372,432
8510.64,358,425
8510.84,348,420
8511.04,348,420
8511.24,348,422
8511.44,350,423
8511.64,351,424
8511.84,352,424
8512.04,355,424
8512.24,358,426
8512.44,360,427
8512.64,363,428
8512.84,366,428
8513.04,370,430
8513.24,374,431
8513.44,378,432
8513.64,382,434
8513.84,386,435
8514.04,389,436
8514.24,391,437
8514.44,389,436
8514.64,384,434
8514.84,376,430
8515.04,367,427
8515.24,361,425
8515.44,354,421
8515.64,349,420
8515.84,349,420
8516.04,352,421
8516.24,357,423
8516.44,362,426
8516.64,368,428
8516.84,375,431
8517.04,381,433
8517.24,386,434
8517.44,389,436
8517.64,392,438
8517.84,375,429
8518.04,358,429
8518.24,349,423
8518.44,351,423
8518.64,354,426
8518.84,358,427
8519.04,362,428
8519.24,364,429
8519.44,367,430
8519.64,370,432
8519.84,372,433
8520.04,375,435
8520.24,377,435
8520.44,377,436
8520.64,368,429
8520.84,364,429
8521.04,355,424
8521.24,355,424
8521.44,356,425
8521.64,359,426
8521.84,362,428
8522.04,366,429
8522.24,370,431
8522.44,376,433
8522.64,382,436
8522.84,382,437
8523.04,378,435
8523.24,371,431
8523.44,364,428
8523.64,359,425
8523.84,353,422
8524.04,352,421
8524.24,353,421
8524.44,358,424
8524.64,364,427
8524.84,369,429
8525.04,372,430
8525.24,375,432
8525.44,379,434
8525.64,385,437
8525.84,364,437
8526.04,339,432
8526.24,325,422
8526.44,306,397
8526.64,294,379
8526.84,304,392
8527.04,336,429
8527.24,353,445
8527.44,352,430
8527.64,364,428
8527.84,368,432
8528.04,368,431
8528.24,362,427
8528.44,351,422
8528.64,346,420
8528.84,345,417
8529.04,348,420
8529.24,351,422
8529.44,355,424
8529.64,357,424
8529.84,359,425
8530.04,362,426
8530.24,365,427
8530.44,367,428
8530.64,370,430
8530.84,374,431
8531.04,375,431
8531.24,376,431
8531.44,374,431
8531.64,361,424
8531.84,346,421
8532.04,346,420
8532.24,350,423
8532.44,355,425
8532.64,359,427
8532.84,363,429
8533.04,366,430
8533.24,370,431
8533.44,372,433
8533.64,373,433
8533.84,366,426
8534.04,355,426
8534.24,349,422
8534.44,345,419
8534.64,347,420
8534.84,354,424
8535.04,364,428
8535.24,371,431
8535.44,375,433
8535.64,378,434
8535.84,380,435
8536.04,383,436
8536.24,380,434
8536.44,369,428
8536.64,355,422
8536.84,348,419
8537.04,352,422
8537.24,358,423
8537.44,364,424
8537.64,370,426
8537.84,375,429
8538.04,379,430
8538.24,383,432
8538.44,387,433
8538.64,390,434
8538.84,384,439
8539.04,355,433
8539.24,330,423
8539.44,309,402
8539.64,295,391
8539.84,289,377
8540.04,306,392
8540.24,344,423
8540.44,364,434
8540.64,364,431
8540.84,363,428
8541.04,358,426
8541.24,350,419
8541.44,355,420
8541.64,359,420
8541.84,366,421
8542.04,372,424
8542.24,376,427
8542.44,381,429
8542.64,385,431
8542.84,384,432
8543.04,374,430
8543.24,367,426
8543.44,360,423
8543.64,356,420
8543.84,357,419
8544.04,362,421
8544.24,366,423
8544.44,369,425
8544.64,374,427
8544.84,378,430
8545.04,383,432
8545.24,386,434
8545.44,376,427
8545.64,361,427
8545.84,353,420
8546.04,351,416
8546.24,354,417
8546.44,357,419
8546.64,361,421
8546.84,365,422
8547.04,369,424
8547.24,372,427
8547.44,376,429
8547.64,379,430
8547.84,382,432
8548.04,382,431
8548.24,368,424
8548.44,362,421
8548.64,354,418
8548.84,355,417
8549.04,358,419
8549.24,362,421
8549.44,366,422
8549.64,372,424
8549.84,375,427
8550.04,379,428
8550.24,383,430
8550.44,384,429
8550.64,374,426
8550.84,371,426
8551.04,355,419
8551.24,352,415
8551.44,356,418
8551.64,362,420
8551.84,368,421
8552.04,374,423
8552.24,379,426
8552.44,382,429
8552.64,386,431
8552.84,391,432
8553.04,391,433
8553.24,388,432
8553.44,377,427
8553.64,365,421
8553.84,358,418
8554.04,354,415
8554.24,351,412
8554.44,350,408
8554.64,350,413
8554.84,355,416
8555.04,361,418
8555.24,367,422
8555.44,371,424
8555.64,375,427
8555.84,376,428
8556.04,371,432
8556.24,372,432
8556.44,372,432
8556.64,358,425
8556.84,348,420
8557.04,348,420
8557.24,348,422
8557.44,350,423
8557.64,351,424
8557.84,352,424
8558.04,355,424
8558.24,358,426
8558.44,360,427
8558.64,363,428
8558.84,366,428
8559.04,370,430
8559.24,374,431
8559.44,378,432
8559.64,382,434
8559.84,386,435
8560.04,389,436
8560.24,391,437
8560.44,389,436
8560.64,384,434
8560.84,376,430
8561.04,367,427
8561.24,361,425
8561.44,354,421
8561.64,349,420
8561.84,349,420
8562.04,352,421
8562.24,357,423
8562.44,362,426
8562.64,368,428
8562.84,375,431
8563.04,381,433
8563.24,386,434
8563.44,389,436
8563.64,392,438
8563.84,375,429
8564.04,358,429
8564.24,349,423
8564.44,351,423
8564.64,354,426
8564.84,358,427
8565.04,362,428
8565.24,364,429
8565.44,367,430
8565.64,370,432
8565.84,372,433
8566.04,375,435
8566.24,377,435
8566.44,377,436
8566.64,368,429
8566.84,364,429
8567.04,355,424
8567.24,355,424
8567.44,356,425
8567.64,359,426
8567.84,362,428
8568.04,366,429
8568.24,370,431
8568.44,376,433
8568.64,382,436
8568.84,382,437
8569.04,378,435
8569.24,371,431
8569.44,364,428
8569.64,359,425
8569.84,353,422
8570.04,352,421
8570.24,353,421
8570.44,358,424
8570.64,364,427
8570.84,369,429
8571.04,372,430
8571.24,375,432
8571.44,379,434
8571.64,385,437
8571.84,364,437
8572.04,339,432
8572.24,325,422
8572.44,306,397
8572.64,294,379
8572.84,304,392
8573.04,336,429
8573.24,353,445
8573.44,352,430
8573.64,364,428
8573.84,368,432
8574.04,368,431
8574.24,362,427
8574.44,351,422
8574.64,346,420
8574.84,345,417
8575.04,348,420
8575.24,351,422
8575.44,355,424
8575.64,357,424
8575.84,359,425
8576.04,362,426
8576.24,365,427
8576.44,367,428
8576.64,370,430
8576.84,374,431
8577.04,375,431
8577.24,376,431
8577.44,374,431
8577.64,361,424
8577.84,346,421
8578.04,346,420
8578.24,350,423
8578.44,355,425
8578.64,359,427
8578.84,363,429
8579.04,366,430
8579.24,370,431
8579.44,372,433
8579.64,373,433
8579.84,366,426
8580.04,355,426
8580.24,349,422
8580.44,345,419
8580.64,347,420
8580.84,354,424
8581.04,364,428
8581.24,371,431
8581.44,375,433
8581.64,378,434
8581.84,380,435
8582.04,383,436
8582.24,380,434
8582.44,369,428
8582.64,355,422
8582.84,348,419
8583.04,352,422
8583.24,358,423
8583.44,364,424
8583.64,370,426
8583.84,375,429
8584.04,379,430
8584.24,383,432
8584.44,387,433
8584.64,390,434
8584.84,384,439
8585.04,355,433
8585.24,330,423
8585.44,309,402
8585.64,295,391
8585.84,289,377
8586.04,306,392
8586.24,344,423
8586.44,364,434
8586.64,364,431
8586.84,363,428
8587.04,358,426
8587.24,350,419
8587.44,355,420
8587.64,359,420
8587.84,366,421
8588.04,372,424
8588.24,376,427
8588.44,381,429
8588.64,385,431
8588.84,384,432
8589.04,374,430
8589.24,367,426
8589.44,360,423
8589.64,356,420
8589.84,357,419
8590.04,362,421
8590.24,366,423
8590.44,369,425
8590.64,374,427
8590.84,378,430
8591.04,383,432
8591.24,386,434
8591.44,376,427
8591.64,361,427
8591.84,353,420
8592.04,351,416
8592.24,354,417
8592.44,357,419
8592.64,361,421
8592.84,365,422
8593.04,369,424
8593.24,372,427
8593.44,376,429
8593.64,379,430
8593.84,382,432
8594.04,382,431
8594.24,368,424
8594.44,362,421
8594.64,354,418
8594.84,355,417
8595.04,358,419
8595.24,362,421
8595.44,366,422
8595.64,372,424
8595.84,375,427
8596.04,379,428
8596.24,383,430
8596.44,384,429
8596.64,374,426
8596.84,371,426
8597.04,355,419
8597.24,352,415
8597.44,356,418
8597.64,362,420
8597.84,368,421
8598.04,374,423
8598.24,379,426
8598.44,382,429
8598.64,386,431
8598.84,391,432
8599.04,391,433
8599.24,388,432
8599.44,377,427
8599.64,365,421
8599.84,358,418
8600.04,354,415
8600.24,351,412
8600.44,350,408
8600.64,350,413
8600.84,355,416
8601.04,361,418
8601.24,367,422
8601.44,371,424
8601.64,375,427
8601.84,376,428
8602.04,371,432
8602.24,372,432
8602.44,372,432
8602.64,358,425
8602.84,348,420
8603.04,348,420
8603.24,348,422
8603.44,350,423
8603.64,351,424
8603.84,352,424
8604.04,355,424
8604.24,358,426
8604.44,360,427
8604.64,363,428
8604.84,366,428
8605.04,370,430
8605.24,374,431
8605.44,378,432
8605.64,382,434
8605.84,386,435
8606.04,389,436
8606.24,391,437
8606.44,389,436
8606.64,384,434
8606.84,376,430
8607.04,367,427
8607.24,361,425
8607.44,354,421
8607.64,349,420
8607.84,349,420
8608.04,352,421
8608.24,357,423
8608.44,362,426
8608.64,368,428
8608.84,375,431
8609.04,381,433
8609.24,386,434
8609.44,389,436
8609.64,392,438
8609.84,375,429
8610.04,358,429
8610.24,349,423
8610.44,351,423
8610.64,354,426
8610.84,358,427
8611.04,362,428
8611.24,364,429
8611.44,367,430
8611.64,370,432
8611.84,372,433
8612.04,375,435
8612.24,377,435
8612.44,377,436
8612.64,368,429
8612.84,364,429
8613.04,355,424
8613.24,355,424
8613.44,356,425
8613.64,359,426
8613.84,362,428
8614.04,366,429
8614.24,370,431
8614.44,376,433
8614.64,382,436
8614.84,382,437
8615.04,378,435
8615.24,371,431
8615.44,364,428
8615.64,359,425
8615.84,353,422
8616.04,352,421
8616.24,353,421
8616.44,358,424
8616.64,364,427
8616.84,369,429
8617.04,372,430
8617.24,375,432
8617.44,379,434
8617.64,385,437
8617.84,364,437
8618.04,339,432
8618.24,325,422
8618.44,306,397
8618.64,294,379
8618.84,304,392
8619.04,336,429
8619.24,353,445
8619.44,352,430
8619.64,364,428
8619.84,368,432
8620.04,368,431
8620.24,362,427
8620.44,351,422
8620.64,346,420
8620.84,345,417
8621.04,348,420
8621.24,351,422
8621.44,355,424
8621.64,357,424
8621.84,359,425
8622.04,362,426
8622.24,365,427
8622.44,367,428
8622.64,370,430
8622.84,374,431
8623.04,375,431
8623.24,376,431
8623.44,374,431
8623.64,361,424
8623.84,346,421
8624.04,346,420
8624.24,350,423
8624.44,355,425
8624.64,359,427
8624.84,363,429
8625.04,366,430
8625.24,370,431
8625.44,372,433
8625.64,373,433
8625.84,366,426
8626.04,355,426
8626.24,349,422
8626.44,345,419
8626.64,347,420
8626.84,354,424
8627.04,364,428
8627.24,371,431
8627.44,375,433
8627.64,378,434
8627.84,380,435
8628.04,383,436
8628.24,380,434
8628.44,369,428
8628.64,355,422
8628.84,348,419
8629.04,352,422
8629.24,358,423
8629.44,364,424
8629.64,370,426
8629.84,375,429
8630.04,379,430
8630.24,383,432
8630.44,387,433
8630.64,390,434
8630.84,384,439
8631.04,355,433
8631.24,330,423
8631.44,309,402
8631.64,295,391
8631.84,289,377
8632.04,306,392
8632.24,344,423
8632.44,364,434
8632.64,364,431
8632.84,363,428
8633.04,358,426
8633.24,350,419
8633.44,355,420
8633.64,359,420
8633.84,366,421
8634.04,372,424
8634.24,376,427
8634.44,381,429
8634.64,385,431
8634.84,384,432
8635.04,374,430
8635.24,367,426
8635.44,360,423
8635.64,356,420
8635.84,357,419
8636.04,362,421
8636.24,366,423
8636.44,369,425
8636.64,374,427
8636.84,378,430
8637.04,383,432
8637.24,386,434
8637.44,376,427
8637.64,361,427
8637.84,353,420
8638.04,351,416
8638.24,354,417
8638.44,357,419
8638.64,361,421
8638.84,365,422
8639.04,369,424
8639.24,372,427
8639.44,376,429
8639.64,379,430
8639.84,382,432
8640.04,382,431
8640.24,368,424
8640.44,362,421
8640.64,354,418
8640.84,355,417
8641.04,358,419
8641.24,362,421
8641.44,366,422
8641.64,372,424
8641.84,375,427
8642.04,379,428
8642.24,383,430
8642.44,384,429
8642.64,374,426
8642.84,371,426
8643.04,355,419
8643.24,352,415
8643.44,356,418
8643.64,362,420
8643.84,368,421
8644.04,374,423
8644.24,379,426
8644.44,382,429
8644.64,386,431
8644.84,391,432
8645.04,391,433
8645.24,388,432
8645.44,377,427
8645.64,365,421
8645.84,358,418
8646.04,354,415
8646.24,351,412
8646.44,350,408
8646.64,350,413
8646.84,355,416
8647.04,361,418
8647.24,367,422
8647.44,371,424
8647.64,375,427
8647.84,376,428
8648.04,371,432
8648.24,372,432
8648.44,372,432
8648.64,358,425
8648.84,348,420
8649.04,348,420
8649.24,348,422
8649.44,350,423
8649.64,351,424
8649.84,352,424
8650.04,355,424
8650.24,358,426
8650.44,360,427
8650.64,363,428
8650.84,366,428
8651.04,370,430
8651.24,374,431
8651.44,378,432
8651.64,382,434
8651.84,386,435
8652.04,389,436
8652.24,391,437
8652.44,389,436
8652.64,384,434
8652.84,376,430
8653.04,367,427
8653.24,361,425
8653.44,354,421
8653.64,349,420
8653.84,349,420
8654.04,352,421
8654.24,357,423
8654.44,362,426
8654.64,368,428
8654.84,375,431
8655.04,381,433
8655.24,386,434
8655.44,389,436
8655.64,392,438
8655.84,375,429
8656.04,358,429
8656.24,349,423
8656.44,351,423
8656.64,354,426
8656.84,358,427
8657.04,362,428
8657.24,364,429
8657.44,367,430
8657.64,370,432
8657.84,372,433
8658.04,375,435
8658.24,377,435
8658.44,377,436
8658.64,368,429
8658.84,364,429
8659.04,355,424
8659.24,355,424
8659.44,356,425
8659.64,359,426
8659.84,362,428
8660.04,366,429
8660.24,370,431
8660.44,376,433
8660.64,382,436
8660.84,382,437
8661.04,378,435
8661.24,371,431
8661.44,364,428
8661.64,359,425
8661.84,353,422
8662.04,352,421
8662.24,353,421
8662.44,358,424
8662.64,364,427
8662.84,369,429
8663.04,372,430
8663.24,375,432
8663.44,379,434
8663.64,385,437
8663.84,364,437
8664.04,339,432
8664.24,325,422
8664.44,306,397
8664.64,294,379
8664.84,304,392
8665.04,336,429
8665.24,353,445
8665.44,352,430
8665.64,364,428
8665.84,368,432
8666.04,368,431
8666.24,362,427
8666.44,351,422
8666.64,346,420
8666.84,345,417
8667.04,348,420
8667.24,351,422
8667.44,355,424
8667.64,357,424
8667.84,359,425
8668.04,362,426
8668.24,365,427
8668.44,367,428
8668.64,370,430
8668.84,374,431
8669.04,375,431
8669.24,376,431
8669.44,374,431
8669.64,361,424
8669.84,346,421
8670.04,346,420
8670.24,350,423
8670.44,355,425
8670.64,359,427
8670.84,363,429
8671.04,366,430
8671.24,370,431
8671.44,372,433
8671.64,373,433
8671.84,366,426
8672.04,355,426
8672.24,349,422
8672.44,345,419
8672.64,347,420
8672.84,354,424
8673.04,364,428
8673.24,371,431
8673.44,375,433
8673.64,378,434
8673.84,380,435
8674.04,383,436
8674.24,380,434
8674.44,369,428
8674.64,355,422
8674.84,348,419
8675.04,352,422
8675.24,358,423
8675.44,364,424
8675.64,370,426
8675.84,375,429
8676.04,379,430
8676.24,383,432
8676.44,387,433
8676.64,390,434
8676.84,384,439
8677.04,355,433
8677.24,330,423
8677.44,309,402
8677.64,295,391
8677.84,289,377
8678.04,306,392
8678.24,344,423
8678.44,364,434
8678.64,364,431
8678.84,363,428
8679.04,358,426
8679.24,350,419
8679.44,355,420
8679.64,359,420
8679.84,366,421
8680.04,372,424
8680.24,376,427
8680.44,381,429
8680.64,385,431
8680.84,384,432
8681.04,374,430
8681.24,367,426
8681.44,360,423
8681.64,356,420
8681.84,357,419
8682.04,362,421
8682.24,366,423
8682.44,369,425
8682.64,374,427
8682.84,378,430
8683.04,383,432
8683.24,386,434
8683.44,376,427
8683.64,361,427
8683.84,353,420
8684.04,351,416
8684.24,354,417
8684.44,357,419
8684.64,361,421
8684.84,365,422
8685.04,369,424
8685.24,372,427
8685.44,376,429
8685.64,379,430
8685.84,382,432
8686.04,382,431
8686.24,368,424
8686.44,362,421
8686.64,354,418
8686.84,355,417
8687.04,358,419
8687.24,362,421
8687.44,366,422
8687.64,372,424
8687.84,375,427
8688.04,379,428
8688.24,383,430
8688.44,384,429
8688.64,374,426
8688.84,371,426
8689.04,355,419
8689.24,352,415
8689.44,356,418
8689.64,362,420
8689.84,368,421
8690.04,374,423
8690.24,379,426
8690.44,382,429
8690.64,386,431
8690.84,391,432
8691.04,391,433
8691.24,388,432
8691.44,377,427
8691.64,365,421
8691.84,358,418
8692.04,354,415
8692.24,351,412
8692.44,350,408
8692.64,350,413
8692.84,355,416
8693.04,361,418
8693.24,367,422
8693.44,371,424
8693.64,375,427
8693.84,376,428
8694.04,371,432
8694.24,372,432
8694.44,372,432
8694.64,358,425
8694.84,348,420
8695.04,348,420
8695.24,348,422
8695.44,350,423
8695.64,351,424
8695.84,352,424
8696.04,355,424
8696.24,358,426
8696.44,360,427
8696.64,363,428
8696.84,366,428
8697.04,370,430
8697.24,374,431
8697.44,378,432
8697.64,382,434
8697.84,386,435
8698.04,389,436
8698.24,391,437
8698.44,389,436
8698.64,384,434
8698.84,376,430
8699.04,367,427
8699.24,361,425
8699.44,354,421
8699.64,349,420
8699.84,349,420
8700.04,352,421
8700.24,357,423
8700.44,362,426
8700.64,368,428
8700.84,375,431
8701.04,381,433
8701.24,386,434
8701.44,389,436
8701.64,392,438
8701.84,375,429
8702.04,358,429
8702.24,349,423
8702.44,351,423
8702.64,354,426
8702.84,358,427
8703.04,362,428
8703.24,364,429
8703.44,367,430
8703.64,370,432
8703.84,372,433
8704.04,375,435
8704.24,377,435
8704.44,377,436
8704.64,368,429
8704.84,364,429
8705.04,355,424
8705.24,355,424
8705.44,356,425
8705.64,359,426
8705.84,362,428
8706.04,366,429
8706.24,370,431
8706.44,376,433
8706.64,382,436
8706.84,382,437
8707.04,378,435
8707.24,371,431
8707.44,364,428
8707.64,359,425
8707.84,353,422
8708.04,352,421
8708.24,353,421
8708.44,358,424
8708.64,364,427
8708.84,369,429
8709.04,372,430
8709.24,375,432
8709.44,379,434
8709.64,385,437
8709.84,364,437
8710.04,339,432
8710.24,325,422
8710.44,306,397
8710.64,294,379
8710.84,304,392
8711.04,336,429
8711.24,353,445
8711.44,352,430
8711.64,364,428
8711.84,368,432
8712.04,368,431
8712.24,362,427
8712.44,351,422
8712.64,346,420
8712.84,345,417
8713.04,348,420
8713.24,351,422
8713.44,355,424
8713.64,357,424
8713.84,359,425
8714.04,362,426
8714.24,365,427
8714.44,367,428
8714.64,370,430
8714.84,374,431
8715.04,375,431
8715.24,376,431
8715.44,374,431
8715.64,361,424
8715.84,346,421
8716.04,346,420
8716.24,350,423
8716.44,355,425
8716.64,359,427
8716.84,363,429
8717.04,366,430
8717.24,370,431
8717.44,372,433
8717.64,373,433
8717.84,366,426
8718.04,355,426
8718.24,349,422
8718.44,345,419
8718.64,347,420
8718.84,354,424
8719.04,364,428
8719.24,371,431
8719.44,375,433
8719.64,378,434
8719.84,380,435
8720.04,383,436
8720.24,380,434
8720.44,369,428
8720.64,355,422
8720.84,348,419
8721.04,352,422
8721.24,358,423
8721.44,364,424
8721.64,370,426
8721.84,375,429
8722.04,379,430
8722.24,383,432
8722.44,387,433
8722.64,390,434
8722.84,384,439
8723.04,355,433
8723.24,330,423
8723.44,309,402
8723.64,295,391
8723.84,289,377
8724.04,306,392
8724.24,344,423
8724.44,364,434
8724.64,364,431
8724.84,363,428
8725.04,358,426
8725.24,350,419
8725.44,355,420
8725.64,359,420
8725.84,366,421
8726.04,372,424
8726.24,376,427
8726.44,381,429
8726.64,385,431
8726.84,384,432
8727.04,374,430
8727.24,367,426
8727.44,360,423
8727.64,356,420
8727.84,357,419
8728.04,362,421
8728.24,366,423
8728.44,369,425
8728.64,374,427
8728.84,378,430
8729.04,383,432
8729.24,386,434
8729.44,376,427
8729.64,361,427
8729.84,353,420
8730.04,351,416
8730.24,354,417
8730.44,357,419
8730.64,361,421
8730.84,365,422
8731.04,369,424
8731.24,372,427
8731.44,376,429
8731.64,379,430
8731.84,382,432
8732.04,382,431
8732.24,368,424
8732.44,362,421
8732.64,354,418
8732.84,355,417
8733.04,358,419
8733.24,362,421
8733.44,366,422
8733.64,372,424
8733.84,375,427
8734.04,379,428
8734.24,383,430
8734.44,384,429
8734.64,374,426
8734.84,371,426
8735.04,355,419
8735.24,352,415
8735.44,356,418
8735.64,362,420
8735.84,368,421
8736.04,374,423
8736.24,379,426
8736.44,382,429
8736.64,386,431
8736.84,391,432
8737.04,391,433
8737.24,388,432
8737.44,377,427
8737.64,365,421
8737.84,358,418
8738.04,354,415
8738.24,351,412
8738.44,350,408
8738.64,350,413
8738.84,355,416
8739.04,361,418
8739.24,367,422
8739.44,371,424
8739.64,375,427
8739.84,376,428
8740.04,371,432
8740.24,372,432
8740.44,372,432
8740.64,358,425
8740.84,348,420
8741.04,348,420
8741.24,348,422
8741.44,350,423
8741.64,351,424
8741.84,352,424
8742.04,355,424
8742.24,358,426
8742.44,360,427
8742.64,363,428
8742.84,366,428
8743.04,370,430
8743.24,374,431
8743.44,378,432
8743.64,382,434
8743.84,386,435
8744.04,389,436
8744.24,391,437
8744.44,389,436
8744.64,384,434
8744.84,376,430
8745.04,367,427
8745.24,361,425
8745.44,354,421
8745.64,349,420
8745.84,349,420
8746.04,352,421
8746.24,357,423
8746.44,362,426
8746.64,368,428
8746.84,375,431
8747.04,381,433
8747.24,386,434
8747.44,389,436
8747.64,392,438
8747.84,375,429
8748.04,358,429
8748.24,349,423
8748.44,351,423
8748.64,354,426
8748.84,358,427
8749.04,362,428
8749.24,364,429
8749.44,367,430
8749.64,370,432
8749.84,372,433
8750.04,375,435
8750.24,377,435
8750.44,377,436
8750.64,368,429
8750.84,364,429
8751.04,355,424
8751.24,355,424
8751.44,356,425
8751.64,359,426
8751.84,362,428
8752.04,366,429
8752.24,370,431
8752.44,376,433
8752.64,382,436
8752.84,382,437
8753.04,378,435
8753.24,371,431
8753.44,364,428
8753.64,359,425
8753.84,353,422
8754.04,352,421
8754.24,353,421
8754.44,358,424
8754.64,364,427
8754.84,369,429
8755.04,372,430
8755.24,375,432
8755.44,379,434
8755.64,385,437
8755.84,364,437
8756.04,339,432
8756.24,325,422
8756.44,306,397
8756.64,294,379
8756.84,304,392
8757.04,336,429
8757.24,353,445
8757.44,352,430
8757.64,364,428
8757.84,368,432
8758.04,368,431
8758.24,362,427
8758.44,351,422
8758.64,346,420
8758.84,345,417
8759.04,348,420
8759.24,351,422
8759.44,355,424
8759.64,357,424
8759.84,359,425
8760.04,362,426
8760.24,365,427
8760.44,367,428
8760.64,370,430
8760.84,374,431
8761.04,375,431
8761.24,376,431
8761.44,374,431
8761.64,361,424
8761.84,346,421
8762.04,346,420
8762.24,350,423
8762.44,355,425
8762.64,359,427
8762.84,363,429
8763.04,366,430
8763.24,370,431
8763.44,372,433
8763.64,373,433
8763.84,366,426
8764.04,355,426
8764.24,349,422
8764.44,345,419
8764.64,347,420
8764.84,354,424
8765.04,364,428
8765.24,371,431
8765.44,375,433
8765.64,378,434
8765.84,380,435
8766.04,383,436
8766.24,380,434
8766.44,369,428
8766.64,355,422
8766.84,348,419
8767.04,352,422
8767.24,358,423
8767.44,364,424
8767.64,370,426
8767.84,375,429
8768.04,379,430
8768.24,383,432
8768.44,387,433
8768.64,390,434
8768.84,384,439
8769.04,355,433
8769.24,330,423
8769.44,309,402
8769.64,295,391
8769.84,289,377
8770.04,306,392
8770.24,344,423
8770.44,364,434
8770.64,364,431
8770.84,363,428
8771.04,358,426
8771.24,350,419
8771.44,355,420
8771.64,359,420
8771.84,366,421
8772.04,372,424
8772.24,376,427
8772.44,381,429
8772.64,385,431
8772.84,384,432
8773.04,374,430
8773.24,367,426
8773.44,360,423
8773.64,356,420
8773.84,357,419
8774.04,362,421
8774.24,366,423
8774.44,369,425
8774.64,374,427
8774.84,378,430
8775.04,383,432
8775.24,386,434
8775.44,376,427
8775.64,361,427
8775.84,353,420
8776.04,351,416
8776.24,354,417
8776.44,357,419
8776.64,361,421
8776.84,365,422
8777.04,369,424
8777.24,372,427
8777.44,376,429
8777.64,379,430
8777.84,382,432
8778.04,382,431
8778.24,368,424
8778.44,362,421
8778.64,354,418
8778.84,355,417
8779.04,358,419
8779.24,362,421
8779.44,366,422
8779.64,372,424
8779.84,375,427
8780.04,379,428
8780.24,383,430
8780.44,384,429
8780.64,374,426
8780.84,371,426
8781.04,355,419
8781.24,352,415
8781.44,356,418
8781.64,362,420
8781.84,368,421
8782.04,374,423
8782.24,379,426
8782.44,382,429
8782.64,386,431
8782.84,391,432
8783.04,391,433
8783.24,388,432
8783.44,377,427
8783.64,365,421
8783.84,358,418
8784.04,354,415
8784.24,351,412
8784.44,350,408
8784.64,350,413
8784.84,355,416
8785.04,361,418
8785.24,367,422
8785.44,371,424
8785.64,375,427
8785.84,376,428
8786.04,371,432
8786.24,372,432
8786.44,372,432
8786.64,358,425
8786.84,348,420
8787.04,348,420
8787.24,348,422
8787.44,350,423
8787.64,351,424
8787.84,352,424
8788.04,355,424
8788.24,358,426
8788.44,360,427
8788.64,363,428
8788.84,366,428
8789.04,370,430
8789.24,374,431
8789.44,378,432
8789.64,382,434
8789.84,386,435
8790.04,389,436
8790.24,391,437
8790.44,389,436
8790.64,384,434
8790.84,376,430
8791.04,367,427
8791.24,361,425
8791.44,354,421
8791.64,349,420
8791.84,349,420
8792.04,352,421
8792.24,357,423
8792.44,362,426
8792.64,368,428
8792.84,375,431
8793.04,381,433
8793.24,386,434
8793.44,389,436
8793.64,392,438
8793.84,375,429
8794.04,358,429
8794.24,349,423
8794.44,351,423
8794.64,354,426
8794.84,358,427
8795.04,362,428
8795.24,364,429
8795.44,367,430
8795.64,370,432
8795.84,372,433
8796.04,375,435
8796.24,377,435
8796.44,377,436
8796.64,368,429
8796.84,364,429
8797.04,355,424
8797.24,355,424
8797.44,356,425
8797.64,359,426
8797.84,362,428
8798.04,366,429
8798.24,370,431
8798.44,376,433
8798.64,382,436
8798.84,382,437
8799.04,378,435
8799.24,371,431
8799.44,364,428
8799.64,359,425
8799.84,353,422
8800.04,352,421
8800.24,353,421
8800.44,358,424
8800.64,364,427
8800.84,369,429
8801.04,372,430
8801.24,375,432
8801.44,379,434
8801.64,385,437
8801.84,364,437
8802.04,339,432
8802.24,325,422
8802.44,306,397
8802.64,294,379
8802.84,304,392
8803.04,336,429
8803.24,353,445
8803.44,352,430
8803.64,364,428
8803.84,368,432
8804.04,368,431
8804.24,362,427
8804.44,351,422
8804.64,346,420
8804.84,345,417
8805.04,348,420
8805.24,351,422
8805.44,355,424
8805.64,357,424
8805.84,359,425
8806.04,362,426
8806.24,365,427
8806.44,367,428
8806.64,370,430
8806.84,374,431
8807.04,375,431
8807.24,376,431
8807.44,374,431
8807.64,361,424
8807.84,346,421
8808.04,346,420
8808.24,350,423
8808.44,355,425
8808.64,359,427
8808.84,363,429
8809.04,366,430
8809.24,370,431
8809.44,372,433
8809.64,373,433
8809.84,366,426
8810.04,355,426
8810.24,349,422
8810.44,345,419
8810.64,347,420
8810.84,354,424
8811.04,364,428
8811.24,371,431
8811.44,375,433
8811.64,378,434
8811.84,380,435
8812.04,383,436
8812.24,380,434
8812.44,369,428
8812.64,355,422
8812.84,348,419
8813.04,352,422
8813.24,358,423
8813.44,364,424
8813.64,370,426
8813.84,375,429
8814.04,379,430
8814.24,383,432
8814.44,387,433
8814.64,390,434
8814.84,384,439
8815.04,355,433
8815.24,330,423
8815.44,309,402
8815.64,295,391
8815.84,289,377
8816.04,306,392
8816.24,344,423
8816.44,364,434
8816.64,364,431
8816.84,363,428
8817.04,358,426
8817.24,350,419
8817.44,355,420
8817.64,359,420
8817.84,366,421
8818.04,372,424
8818.24,376,427
8818.44,381,429
8818.64,385,431
8818.84,384,432
8819.04,374,430
8819.24,367,426
8819.44,360,423
8819.64,356,420
8819.84,357,419
8820.04,362,421
8820.24,366,423
8820.44,369,425
8820.64,374,427
8820.84,378,430
8821.04,383,432
8821.24,386,434
8821.44,376,427
8821.64,361,427
8821.84,353,420
8822.04,351,416
8822.24,354,417
8822.44,357,419
8822.64,361,421
8822.84,365,422
8823.04,369,424
8823.24,372,427
8823.44,376,429
8823.64,379,430
8823.84,382,432
8824.04,382,431
8824.24,368,424
8824.44,362,421
8824.64,354,418
8824.84,355,417
8825.04,358,419
8825.24,362,421
8825.44,366,422
8825.64,372,424
8825.84,375,427
8826.04,379,428
8826.24,383,430
8826.44,384,429
8826.64,374,426
8826.84,371,426
8827.04,355,419
8827.24,352,415
8827.44,356,418
8827.64,362,420
8827.84,368,421
8828.04,374,423
8828.24,379,426
8828.44,382,429
8828.64,386,431
8828.84,391,432
8829.04,391,433
8829.24,388,432
8829.44,377,427
8829.64,365,421
8829.84,358,418
8830.04,354,415
8830.24,351,412
8830.44,350,408
8830.64,350,413
8830.84,355,416
8831.04,361,418
8831.24,367,422
8831.44,371,424
8831.64,375,427
8831.84,376,428
8832.04,371,432
8832.24,372,432
8832.44,372,432
8832.64,358,425
8832.84,348,420
8833.04,348,420
8833.24,348,422
8833.44,350,423
8833.64,351,424
8833.84,352,424
8834.04,355,424
8834.24,358,426
8834.44,360,427
8834.64,363,428
8834.84,366,428
8835.04,370,430
8835.24,374,431
8835.44,378,432
8835.64,382,434
8835.84,386,435
8836.04,389,436
8836.24,391,437
8836.44,389,436
8836.64,384,434
8836.84,376,430
8837.04,367,427
8837.24,361,425
8837.44,354,421
8837.64,349,420
8837.84,349,420
8838.04,352,421
8838.24,357,423
8838.44,362,426
8838.64,368,428
8838.84,375,431
8839.04,381,433
8839.24,386,434
8839.44,389,436
8839.64,392,438
8839.84,375,429
8840.04,358,429
8840.24,349,423
8840.44,351,423
8840.64,354,426
8840.84,358,427
8841.04,362,428
8841.24,364,429
8841.44,367,430
8841.64,370,432
8841.84,372,433
8842.04,375,435
8842.24,377,435
8842.44,377,436
8842.64,368,429
8842.84,364,429
8843.04,355,424
8843.24,355,424
8843.44,356,425
8843.64,359,426
8843.84,362,428
8844.04,366,429
8844.24,370,431
8844.44,376,433
8844.64,382,436
8844.84,382,437
8845.04,378,435
8845.24,371,431
8845.44,364,428
8845.64,359,425
8845.84,353,422
8846.04,352,421
8846.24,353,421
8846.44,358,424
8846.64,364,427
8846.84,369,429
8847.04,372,430
8847.24,375,432
8847.44,379,434
8847.64,385,437
8847.84,364,437
8848.04,339,432
8848.24,325,422
8848.44,306,397
8848.64,294,379
8848.84,304,392
8849.04,336,429
8849.24,353,445
8849.44,352,430
8849.64,364,428
8849.84,368,432
8850.04,368,431
8850.24,362,427
8850.44,351,422
8850.64,346,420
8850.84,345,417
8851.04,348,420
8851.24,351,422
8851.44,355,424
8851.64,357,424
8851.84,359,425
8852.04,362,426
8852.24,365,427
8852.44,367,428
8852.64,370,430
8852.84,374,431
8853.04,375,431
8853.24,376,431
8853.44,374,431
8853.64,361,424
8853.84,346,421
8854.04,346,420
8854.24,350,423
8854.44,355,425
8854.64,359,427
8854.84,363,429
8855.04,366,430
8855.24,370,431
8855.44,372,433
8855.64,373,433
8855.84,366,426
8856.04,355,426
8856.24,349,422
8856.44,345,419
8856.64,347,420
8856.84,354,424
8857.04,364,428
8857.24,371,431
8857.44,375,433
8857.64,378,434
8857.84,380,435
8858.04,383,436
8858.24,380,434
8858.44,369,428
8858.64,355,422
8858.84,348,419
8859.04,352,422
8859.24,358,423
8859.44,364,424
8859.64,370,426
8859.84,375,429
8860.04,379,430
8860.24,383,432
8860.44,387,433
8860.64,390,434
8860.84,384,439
8861.04,355,433
8861.24,330,423
8861.44,309,402
8861.64,295,391
8861.84,289,377
8862.04,306,392
8862.24,344,423
8862.44,364,434
8862.64,364,431
8862.84,363,428
8863.04,358,426
8863.24,350,419
8863.44,355,420
8863.64,359,420
8863.84,366,421
8864.04,372,424
8864.24,376,427
8864.44,381,429
8864.64,385,431
8864.84,384,432
8865.04,374,430
8865.24,367,426
8865.44,360,423
8865.64,356,420
8865.84,357,419
8866.04,362,421
8866.24,366,423
8866.44,369,425
8866.64,374,427
8866.84,378,430
8867.04,383,432
8867.24,386,434
8867.44,376,427
8867.64,361,427
8867.84,353,420
8868.04,351,416
8868.24,354,417
8868.44,357,419
8868.64,361,421
8868.84,365,422
8869.04,369,424
8869.24,372,427
8869.44,376,429
8869.64,379,430
8869.84,382,432
8870.04,382,431
8870.24,368,424
8870.44,362,421
8870.64,354,418
8870.84,355,417
8871.04,358,419
8871.24,362,421
8871.44,366,422
8871.64,372,424
8871.84,375,427
8872.04,379,428
8872.24,383,430
8872.44,384,429
8872.64,374,426
8872.84,371,426
8873.04,355,419
8873.24,352,415
8873.44,356,418
8873.64,362,420
8873.84,368,421
8874.04,374,423
8874.24,379,426
8874.44,382,429
8874.64,386,431
8874.84,391,432
8875.04,391,433
8875.24,388,432
8875.44,377,427
8875.64,365,421
8875.84,358,418
8876.04,354,415
8876.24,351,412
8876.44,350,408
8876.64,350,413
8876.84,355,416
8877.04,361,418
8877.24,367,422
8877.44,371,424
8877.64,375,427
8877.84,376,428
8878.04,371,432
8878.24,372,432
8878.44,372,432
8878.64,358,425
8878.84,348,420
8879.04,348,420
8879.24,348,422
8879.44,350,423
8879.64,351,424
8879.84,352,424
8880.04,355,424
8880.24,358,426
8880.44,360,427
8880.64,363,428
8880.84,366,428
8881.04,370,430
8881.24,374,431
8881.44,378,432
8881.64,382,434
8881.84,386,435
8882.04,389,436
8882.24,391,437
8882.44,389,436
8882.64,384,434
8882.84,376,430
8883.04,367,427
8883.24,361,425
8883.44,354,421
8883.64,349,420
8883.84,349,420
8884.04,352,421
8884.24,357,423
8884.44,362,426
8884.64,368,428
8884.84,375,431
8885.04,381,433
8885.24,386,434
8885.44,389,436
8885.64,392,438
8885.84,375,429
8886.04,358,429
8886.24,349,423
8886.44,351,423
8886.64,354,426
8886.84,358,427
8887.04,362,428
8887.24,364,429
8887.44,367,430
8887.64,370,432
8887.84,372,433
8888.04,375,435
8888.24,377,435
8888.44,377,436
8888.64,368,429
8888.84,364,429
8889.04,355,424
8889.24,355,424
8889.44,356,425
8889.64,359,426
8889.84,362,428
8890.04,366,429
8890.24,370,431
8890.44,376,433
8890.64,382,436
8890.84,382,437
8891.04,378,435
8891.24,371,431
8891.44,364,428
8891.64,359,425
8891.84,353,422
8892.04,352,421
8892.24,353,421
8892.44,358,424
8892.64,364,427
8892.84,369,429
8893.04,372,430
8893.24,375,432
8893.44,379,434
8893.64,385,437
8893.84,364,437
8894.04,339,432
8894.24,325,422
8894.44,306,397
8894.64,294,379
8894.84,304,392
8895.04,336,429
8895.24,353,445
8895.44,352,430
8895.64,364,428
8895.84,368,432
8896.04,368,431
8896.24,362,427
8896.44,351,422
8896.64,346,420
8896.84,345,417
8897.04,348,420
8897.24,351,422
8897.44,355,424
8897.64,357,424
8897.84,359,425
8898.04,362,426
8898.24,365,427
8898.44,367,428
8898.64,370,430
8898.84,374,431
8899.04,375,431
8899.24,376,431
8899.44,374,431
8899.64,361,424
8899.84,346,421
8900.04,346,420
8900.24,350,423
8900.44,355,425
8900.64,359,427
8900.84,363,429
8901.04,366,430
8901.24,370,431
8901.44,372,433
8901.64,373,433
8901.84,366,426
8902.04,355,426
8902.24,349,422
8902.44,345,419
8902.64,347,420
8902.84,354,424
8903.04,364,428
8903.24,371,431
8903.44,375,433
8903.64,378,434
8903.84,380,435
8904.04,383,436
8904.24,380,434
8904.44,369,428
8904.64,355,422
8904.84,348,419
8905.04,352,422
8905.24,358,423
8905.44,364,424
8905.64,370,426
8905.84,375,429
8906.04,379,430
8906.24,383,432
8906.44,387,433
8906.64,390,434
8906.84,384,439
8907.04,355,433
8907.24,330,423
8907.44,309,402
8907.64,295,391
8907.84,289,377
8908.04,306,392
8908.24,344,423
8908.44,364,434
8908.64,364,431
8908.84,363,428
8909.04,358,426
8909.24,350,419
8909.44,355,420
8909.64,359,420
8909.84,366,421
8910.04,372,424
8910.24,376,427
8910.44,381,429
8910.64,385,431
8910.84,384,432
8911.04,374,430
8911.24,367,426
8911.44,360,423
8911.64,356,420
8911.84,357,419
8912.04,362,421
8912.24,366,423
8912.44,369,425
8912.64,374,427
8912.84,378,430
8913.04,383,432
8913.24,386,434
8913.44,376,427
8913.64,361,427
8913.84,353,420
8914.04,351,416
8914.24,354,417
8914.44,357,419
8914.64,361,421
8914.84,365,422
8915.04,369,424
8915.24,372,427
8915.44,376,429
8915.64,379,430
8915.84,382,432
8916.04,382,431
8916.24,368,424
8916.44,362,421
8916.64,354,418
8916.84,355,417
8917.04,358,419
8917.24,362,421
8917.44,366,422
8917.64,372,424
8917.84,375,427
8918.04,379,428
8918.24,383,430
8918.44,384,429
8918.64,374,426
8918.84,371,426
8919.04,355,419
8919.24,352,415
8919.44,356,418
8919.64,362,420
8919.84,368,421
8920.04,374,423
8920.24,379,426
8920.44,382,429
8920.64,386,431
8920.84,391,432
8921.04,391,433
8921.24,388,432
8921.44,377,427
8921.64,365,421
8921.84,358,418
8922.04,354,415
8922.24,351,412
8922.44,350,408
8922.64,350,413
8922.84,355,416
8923.04,361,418
8923.24,367,422
8923.44,371,424
8923.64,375,427
8923.84,376,428
8924.04,371,432
8924.24,372,432
8924.44,372,432
8924.64,358,425
8924.84,348,420
8925.04,348,420
8925.24,348,422
8925.44,350,423
8925.64,351,424
8925.84,352,424
8926.04,355,424
8926.24,358,426
8926.44,360,427
8926.64,363,428
8926.84,366,428
8927.04,370,430
8927.24,374,431
8927.44,378,432
8927.64,382,434
8927.84,386,435
8928.04,389,436
8928.24,391,437
8928.44,389,436
8928.64,384,434
8928.84,376,430
8929.04,367,427
8929.24,361,425
8929.44,354,421
8929.64,349,420
8929.84,349,420
8930.04,352,421
8930.24,357,423
8930.44,362,426
8930.64,368,428
8930.84,375,431
8931.04,381,433
8931.24,386,434
8931.44,389,436
8931.64,392,438
8931.84,375,429
8932.04,358,429
8932.24,349,423
8932.44,351,423
8932.64,354,426
8932.84,358,427
8933.04,362,428
8933.24,364,429
8933.44,367,430
8933.64,370,432
8933.84,372,433
8934.04,375,435
8934.24,377,435
8934.44,377,436
8934.64,368,429
8934.84,364,429
8935.04,355,424
8935.24,355,424
8935.44,356,425
8935.64,359,426
8935.84,362,428
8936.04,366,429
8936.24,370,431
8936.44,376,433
8936.64,382,436
8936.84,382,437
8937.04,378,435
8937.24,371,431
8937.44,364,428
8937.64,359,425
8937.84,353,422
8938.04,352,421
8938.24,353,421
8938.44,358,424
8938.64,364,427
8938.84,369,429
8939.04,372,430
8939.24,375,432
8939.44,379,434
8939.64,385,437
8939.84,364,437
8940.04,339,432
8940.24,325,422
8940.44,306,397
8940.64,294,379
8940.84,304,392
8941.04,336,429
8941.24,353,445
8941.44,352,430
8941.64,364,428
8941.84,368,432
8942.04,368,431
8942.24,362,427
8942.44,351,422
8942.64,346,420
8942.84,345,417
8943.04,348,420
8943.24,351,422
8943.44,355,424
8943.64,357,424
8943.84,359,425
8944.04,362,426
8944.24,365,427
8944.44,367,428
8944.64,370,430
8944.84,374,431
8945.04,375,431
8945.24,376,431
8945.44,374,431
8945.64,361,424
8945.84,346,421
8946.04,346,420
8946.24,350,423
8946.44,355,425
8946.64,359,427
8946.84,363,429
8947.04,366,430
8947.24,370,431
8947.44,372,433
8947.64,373,433
8947.84,366,426
8948.04,355,426
8948.24,349,422
8948.44,345,419
8948.64,347,420
8948.84,354,424
8949.04,364,428
8949.24,371,431
8949.44,375,433
8949.64,378,434
8949.84,380,435
8950.04,383,436
8950.24,380,434
8950.44,369,428
8950.64,355,422
8950.84,348,419
8951.04,352,422
8951.24,358,423
8951.44,364,424
8951.64,370,426
8951.84,375,429
8952.04,379,430
8952.24,383,432
8952.44,387,433
8952.64,390,434
8952.84,384,439
8953.04,355,433
8953.24,330,423
8953.44,309,402
8953.64,295,391
8953.84,289,377
8954.04,306,392
8954.24,344,423
8954.44,364,434
8954.64,364,431
8954.84,363,428
8955.04,358,426
8955.24,350,419
8955.44,355,420
8955.64,359,420
8955.84,366,421
8956.04,372,424
8956.24,376,427
8956.44,381,429
8956.64,385,431
8956.84,384,432
8957.04,374,430
8957.24,367,426
8957.44,360,423
8957.64,356,420
8957.84,357,419
8958.04,362,421
8958.24,366,423
8958.44,369,425
8958.64,374,427
8958.84,378,430
8959.04,383,432
8959.24,386,434
8959.44,376,427
8959.64,361,427
8959.84,353,420
8960.04,351,416
8960.24,354,417
8960.44,357,419
8960.64,361,421
8960.84,365,422
8961.04,369,424
8961.24,372,427
8961.44,376,429
8961.64,379,430
8961.84,382,432
8962.04,382,431
8962.24,368,424
8962.44,362,421
8962.64,354,418
8962.84,355,417
8963.04,358,419
8963.24,362,421
8963.44,366,422
8963.64,372,424
8963.84,375,427
8964.04,379,428
8964.24,383,430
8964.44,384,429
8964.64,374,426
8964.84,371,426
8965.04,355,419
8965.24,352,415
8965.44,356,418
8965.64,362,420
8965.84,368,421
8966.04,374,423
8966.24,379,426
8966.44,382,429
8966.64,386,431
8966.84,391,432
8967.04,391,433
8967.24,388,432
8967.44,377,427
8967.64,365,421
8967.84,358,418
8968.04,354,415
8968.24,351,412
8968.44,350,408
8968.64,350,413
8968.84,355,416
8969.04,361,418
8969.24,367,422
8969.44,371,424
8969.64,375,427
8969.84,376,428
8970.04,371,432
8970.24,372,432
8970.44,372,432
8970.64,358,425
8970.84,348,420
8971.04,348,420
8971.24,348,422
8971.44,350,423
8971.64,351,424
8971.84,352,424
8972.04,355,424
8972.24,358,426
8972.44,360,427
8972.64,363,428
8972.84,366,428
8973.04,370,430
8973.24,374,431
8973.44,378,432
8973.64,382,434
8973.84,386,435
8974.04,389,436
8974.24,391,437
8974.44,389,436
8974.64,384,434
8974.84,376,430
8975.04,367,427
8975.24,361,425
8975.44,354,421
8975.64,349,420
8975.84,349,420
8976.04,352,421
8976.24,357,423
8976.44,362,426
8976.64,368,428
8976.84,375,431
8977.04,381,433
8977.24,386,434
8977.44,389,436
8977.64,392,438
8977.84,375,429
8978.04,358,429
8978.24,349,423
8978.44,351,423
8978.64,354,426
8978.84,358,427
8979.04,362,428
8979.24,364,429
8979.44,367,430
8979.64,370,432
8979.84,372,433
8980.04,375,435
8980.24,377,435
8980.44,377,436
8980.64,368,429
8980.84,364,429
8981.04,355,424
8981.24,355,424
8981.44,356,425
8981.64,359,426
8981.84,362,428
8982.04,366,429
8982.24,370,431
8982.44,376,433
8982.64,382,436
8982.84,382,437
8983.04,378,435
8983.24,371,431
8983.44,364,428
8983.64,359,425
8983.84,353,422
8984.04,352,421
8984.24,353,421
8984.44,358,424
8984.64,364,427
8984.84,369,429
8985.04,372,430
8985.24,375,432
8985.44,379,434
8985.64,385,437
8985.84,364,437
8986.04,339,432
8986.24,325,422
8986.44,306,397
8986.64,294,379
8986.84,304,392
8987.04,336,429
8987.24,353,445
8987.44,352,430
8987.64,364,428
8987.84,368,432
8988.04,368,431
8988.24,362,427
8988.44,351,422
8988.64,346,420
8988.84,345,417
8989.04,348,420
8989.24,351,422
8989.44,355,424
8989.64,357,424
8989.84,359,425
8990.04,362,426
8990.24,365,427
8990.44,367,428
8990.64,370,430
8990.84,374,431
8991.04,375,431
8991.24,376,431
8991.44,374,431
8991.64,361,424
8991.84,346,421
8992.04,346,420
8992.24,350,423
8992.44,355,425
8992.64,359,427
8992.84,363,429
8993.04,366,430
8993.24,370,431
8993.44,372,433
8993.64,373,433
8993.84,366,426
8994.04,355,426
8994.24,349,422
8994.44,345,419
8994.64,347,420
8994.84,354,424
8995.04,364,428
8995.24,371,431
8995.44,375,433
8995.64,378,434
8995.84,380,435
8996.04,383,436
8996.24,380,434
8996.44,369,428
8996.64,355,422
8996.84,348,419
8997.04,352,422
8997.24,358,423
8997.44,364,424
8997.64,370,426
8997.84,375,429
8998.04,379,430
8998.24,383,432
8998.44,387,433
8998.64,390,434
8998.84,384,439
8999.04,355,433
8999.24,330,423
8999.44,309,402
8999.64,295,391
8999.84,289,377
9000.04,306,392
9000.24,344,423
9000.44,364,434
9000.64,364,431
9000.84,363,428
9001.04,358,426
9001.24,350,419
9001.44,355,420
9001.64,359,420
9001.84,366,421
9002.04,372,424
9002.24,376,427
9002.44,381,429
9002.64,385,431
9002.84,384,432
9003.04,374,430
9003.24,367,426
9003.44,360,423
9003.64,356,420
9003.84,357,419
9004.04,362,421
9004.24,366,423
9004.44,369,425
9004.64,374,427
9004.84,378,430
9005.04,383,432
9005.24,386,434
9005.44,376,427
9005.64,361,427
9005.84,353,420
9006.04,351,416
9006.24,354,417
9006.44,357,419
9006.64,361,421
9006.84,365,422
9007.04,369,424
9007.24,372,427
9007.44,376,429
9007.64,379,430
9007.84,382,432
9008.04,382,431
9008.24,368,424
9008.44,362,421
9008.64,354,418
9008.84,355,417
9009.04,358,419
9009.24,362,421
9009.44,366,422
9009.64,372,424
9009.84,375,427
9010.04,379,428
9010.24,383,430
9010.44,384,429
9010.64,374,426
9010.84,371,426
9011.04,355,419
9011.24,352,415
9011.44,356,418
9011.64,362,420
9011.84,368,421
9012.04,374,423
9012.24,379,426
9012.44,382,429
9012.64,386,431
9012.84,391,432
9013.04,391,433
9013.24,388,432
9013.44,377,427
9013.64,365,421
9013.84,358,418
9014.04,354,415
9014.24,351,412
9014.44,350,408
9014.64,350,413
9014.84,355,416
9015.04,361,418
9015.24,367,422
9015.44,371,424
9015.64,375,427
9015.84,376,428
9016.04,371,432
9016.24,372,432
9016.44,372,432
9016.64,358,425
9016.84,348,420
9017.04,348,420
9017.24,348,422
9017.44,350,423
9017.64,351,424
9017.84,352,424
9018.04,355,424
9018.24,358,426
9018.44,360,427
9018.64,363,428
9018.84,366,428
9019.04,370,430
9019.24,374,431
9019.44,378,432
9019.64,382,434
9019.84,386,435
9020.04,389,436
9020.24,391,437
9020.44,389,436
9020.64,384,434
9020.84,376,430
9021.04,367,427
9021.24,361,425
9021.44,354,421
9021.64,349,420
9021.84,349,420
9022.04,352,421
9022.24,357,423
9022.44,362,426
9022.64,368,428
9022.84,375,431
9023.04,381,433
9023.24,386,434
9023.44,389,436
9023.64,392,438
9023.84,375,429
9024.04,358,429
9024.24,349,423
9024.44,351,423
9024.64,354,426
9024.84,358,427
9025.04,362,428
9025.24,364,429
9025.44,367,430
9025.64,370,432
9025.84,372,433
9026.04,375,435
9026.24,377,435
9026.44,377,436
9026.64,368,429
9026.84,364,429
9027.04,355,424
9027.24,355,424
9027.44,356,425
9027.64,359,426
9027.84,362,428
9028.04,366,429
9028.24,370,431
9028.44,376,433
9028.64,382,436
9028.84,382,437
9029.04,378,435
9029.24,371,431
9029.44,364,428
9029.64,359,425
9029.84,353,422
9030.04,352,421
9030.24,353,421
9030.44,358,424
9030.64,364,427
9030.84,369,429
9031.04,372,430
9031.24,375,432
9031.44,379,434
9031.64,385,437
9031.84,364,437
9032.04,339,432
9032.24,325,422
9032.44,306,397
9032.64,294,379
9032.84,304,392
9033.04,336,429
9033.24,353,445
9033.44,352,430
9033.64,364,428
9033.84,368,432
9034.04,368,431
9034.24,362,427
9034.44,351,422
9034.64,346,420
9034.84,345,417
9035.04,348,420
9035.24,351,422
9035.44,355,424
9035.64,357,424
9035.84,359,425
9036.04,362,426
9036.24,365,427
9036.44,367,428
9036.64,370,430
9036.84,374,431
9037.04,375,431
9037.24,376,431
9037.44,374,431
9037.64,361,424
9037.84,346,421
9038.04,346,420
9038.24,350,423
9038.44,355,425
9038.64,359,427
9038.84,363,429
9039.04,366,430
9039.24,370,431
9039.44,372,433
9039.64,373,433
9039.84,366,426
9040.04,355,426
9040.24,349,422
9040.44,345,419
9040.64,347,420
9040.84,354,424
9041.04,364,428
9041.24,371,431
9041.44,375,433
9041.64,378,434
9041.84,380,435
9042.04,383,436
9042.24,380,434
9042.44,369,428
9042.64,355,422
9042.84,348,419
9043.04,352,422
9043.24,358,423
9043.44,364,424
9043.64,370,426
9043.84,375,429
9044.04,379,430
9044.24,383,432
9044.44,387,433
9044.64,390,434
9044.84,384,439
9045.04,355,433
9045.24,330,423
9045.44,309,402
9045.64,295,391
9045.84,289,377
9046.04,306,392
9046.24,344,423
9046.44,364,434
9046.64,364,431
9046.84,363,428
9047.04,358,426
9047.24,350,419
9047.44,355,420
9047.64,359,420
9047.84,366,421
9048.04,372,424
9048.24,376,427
9048.44,381,429
9048.64,385,431
9048.84,384,432
9049.04,374,430
9049.24,367,426
9049.44,360,423
9049.64,356,420
9049.84,357,419
9050.04,362,421
9050.24,366,423
9050.44,369,425
9050.64,374,427
9050.84,378,430
9051.04,383,432
9051.24,386,434
9051.44,376,427
9051.64,361,427
9051.84,353,420
9052.04,351,416
9052.24,354,417
9052.44,357,419
9052.64,361,421
9052.84,365,422
9053.04,369,424
9053.24,372,427
9053.44,376,429
9053.64,379,430
9053.84,382,432
9054.04,382,431
9054.24,368,424
9054.44,362,421
9054.64,354,418
9054.84,355,417
9055.04,358,419
9055.24,362,421
9055.44,366,422
9055.64,372,424
9055.84,375,427
9056.04,379,428
9056.24,383,430
9056.44,384,429
9056.64,374,426
9056.84,371,426
9057.04,355,419
9057.24,352,415
9057.44,356,418
9057.64,362,420
9057.84,368,421
9058.04,374,423
9058.24,379,426
9058.44,382,429
9058.64,386,431
9058.84,391,432
9059.04,391,433
9059.24,388,432
9059.44,377,427
9059.64,365,421
9059.84,358,418
9060.04,354,415
9060.24,351,412
9060.44,350,408
9060.64,350,413
9060.84,355,416
9061.04,361,418
9061.24,367,422
9061.44,371,424
9061.64,375,427
9061.84,376,428
9062.04,371,432
9062.24,372,432
9062.44,372,432
9062.64,358,425
9062.84,348,420
9063.04,348,420
9063.24,348,422
9063.44,350,423
9063.64,351,424
9063.84,352,424
9064.04,355,424
9064.24,358,426
9064.44,360,427
9064.64,363,428
9064.84,366,428
9065.04,370,430
9065.24,374,431
9065.44,378,432
9065.64,382,434
9065.84,386,435
9066.04,389,436
9066.24,391,437
9066.44,389,436
9066.64,384,434
9066.84,376,430
9067.04,367,427
9067.24,361,425
9067.44,354,421
9067.64,349,420
9067.84,349,420
9068.04,352,421
9068.24,357,423
9068.44,362,426
9068.64,368,428
9068.84,375,431
9069.04,381,433
9069.24,386,434
9069.44,389,436
9069.64,392,438
9069.84,375,429
9070.04,358,429
9070.24,349,423
9070.44,351,423
9070.64,354,426
9070.84,358,427
9071.04,362,428
9071.24,364,429
9071.44,367,430
9071.64,370,432
9071.84,372,433
9072.04,375,435
9072.24,377,435
9072.44,377,436
9072.64,368,429
9072.84,364,429
9073.04,355,424
9073.24,355,424
9073.44,356,425
9073.64,359,426
9073.84,362,428
9074.04,366,429
9074.24,370,431
9074.44,376,433
9074.64,382,436
9074.84,382,437
9075.04,378,435
9075.24,371,431
9075.44,364,428
9075.64,359,425
9075.84,353,422
9076.04,352,421
9076.24,353,421
9076.44,358,424
9076.64,364,427
9076.84,369,429
9077.04,372,430
9077.24,375,432
9077.44,379,434
9077.64,385,437
9077.84,364,437
9078.04,339,432
9078.24,325,422
9078.44,306,397
9078.64,294,379
9078.84,304,392
9079.04,336,429
9079.24,353,445
9079.44,352,430
9079.64,364,428
9079.84,368,432
9080.04,368,431
9080.24,362,427
9080.44,351,422
9080.64,346,420
9080.84,345,417
9081.04,348,420
9081.24,351,422
9081.44,355,424
9081.64,357,424
9081.84,359,425
9082.04,362,426
9082.24,365,427
9082.44,367,428
9082.64,370,430
9082.84,374,431
9083.04,375,431
9083.24,376,431
9083.44,374,431
9083.64,361,424
9083.84,346,421
9084.04,346,420
9084.24,350,423
9084.44,355,425
9084.64,359,427
9084.84,363,429
9085.04,366,430
9085.24,370,431
9085.44,372,433
9085.64,373,433
9085.84,366,426
9086.04,355,426
9086.24,349,422
9086.44,345,419
9086.64,347,420
9086.84,354,424
9087.04,364,428
9087.24,371,431
9087.44,375,433
9087.64,378,434
9087.84,380,435
9088.04,383,436
9088.24,380,434
9088.44,369,428
9088.64,355,422
9088.84,348,419
9089.04,352,422
9089.24,358,423
9089.44,364,424
9089.64,370,426
9089.84,375,429
9090.04,379,430
9090.24,383,432
9090.44,387,433
9090.64,390,434
9090.84,384,439
9091.04,355,433
9091.24,330,423
9091.44,309,402
9091.64,295,391
9091.84,289,377
9092.04,306,392
9092.24,344,423
9092.44,364,434
9092.64,364,431
9092.84,363,428
9093.04,358,426
9093.24,350,419
9093.44,355,420
9093.64,359,420
9093.84,366,421
9094.04,372,424
9094.24,376,427
9094.44,381,429
9094.64,385,431
9094.84,384,432
9095.04,374,430
9095.24,367,426
9095.44,360,423
9095.64,356,420
9095.84,357,419
9096.04,362,421
9096.24,366,423
9096.44,369,425
9096.64,374,427
9096.84,378,430
9097.04,383,432
9097.24,386,434
9097.44,376,427
9097.64,361,427
9097.84,353,420
9098.04,351,416
9098.24,354,417
9098.44,357,419
9098.64,361,421
9098.84,365,422
9099.04,369,424
9099.24,372,427
9099.44,376,429
9099.64,379,430
9099.84,382,432
9100.04,382,431
9100.24,368,424
9100.44,362,421
9100.64,354,418
9100.84,355,417
9101.04,358,419
9101.24,362,421
9101.44,366,422
9101.64,372,424
9101.84,375,427
9102.04,379,428
9102.24,383,430
9102.44,384,429
9102.64,374,426
9102.84,371,426
9103.04,355,419
9103.24,352,415
9103.44,356,418
9103.64,362,420
9103.84,368,421
9104.04,374,423
9104.24,379,426
9104.44,382,429
9104.64,386,431
9104.84,391,432
9105.04,391,433
9105.24,388,432
9105.44,377,427
9105.64,365,421
9105.84,358,418
9106.04,354,415
9106.24,351,412
9106.44,350,408
9106.64,350,413
9106.84,355,416
9107.04,361,418
9107.24,367,422
9107.44,371,424
9107.64,375,427
9107.84,376,428
9108.04,371,432
9108.24,372,432
9108.44,372,432
9108.64,358,425
9108.84,348,420
9109.04,348,420
9109.24,348,422
9109.44,350,423
9109.64,351,424
9109.84,352,424
9110.04,355,424
9110.24,358,426
9110.44,360,427
9110.64,363,428
9110.84,366,428
9111.04,370,430
9111.24,374,431
9111.44,378,432
9111.64,382,434
9111.84,386,435
9112.04,389,436
9112.24,391,437
9112.44,389,436
9112.64,384,434
9112.84,376,430
9113.04,367,427
9113.24,361,425
9113.44,354,421
9113.64,349,420
9113.84,349,420
9114.04,352,421
9114.24,357,423
9114.44,362,426
9114.64,368,428
9114.84,375,431
9115.04,381,433
9115.24,386,434
9115.44,389,436
9115.64,392,438
9115.84,375,429
9116.04,358,429
9116.24,349,423
9116.44,351,423
9116.64,354,426
9116.84,358,427
9117.04,362,428
9117.24,364,429
9117.44,367,430
9117.64,370,432
9117.84,372,433
9118.04,375,435
9118.24,377,435
9118.44,377,436
9118.64,368,429
9118.84,364,429
9119.04,355,424
9119.24,355,424
9119.44,356,425
9119.64,359,426
9119.84,362,428
9120.04,366,429
9120.24,370,431
9120.44,376,433
9120.64,382,436
9120.84,382,437
9121.04,378,435
9121.24,371,431
9121.44,364,428
9121.64,359,425
9121.84,353,422
9122.04,352,421
9122.24,353,421
9122.44,358,424
9122.64,364,427
9122.84,369,429
9123.04,372,430
9123.24,375,432
9123.44,379,434
9123.64,385,437
9123.84,364,437
9124.04,339,432
9124.24,325,422
9124.44,306,397
9124.64,294,379
9124.84,304,392
9125.04,336,429
9125.24,353,445
9125.44,352,430
9125.64,364,428
9125.84,368,432
9126.04,368,431
9126.24,362,427
9126.44,351,422
9126.64,346,420
9126.84,345,417
9127.04,348,420
9127.24,351,422
9127.44,355,424
9127.64,357,424
9127.84,359,425
9128.04,362,426
9128.24,365,427
9128.44,367,428
9128.64,370,430
9128.84,374,431
9129.04,375,431
9129.24,376,431
9129.44,374,431
9129.64,361,424
9129.84,346,421
9130.04,346,420
9130.24,350,423
9130.44,355,425
9130.64,359,427
9130.84,363,429
9131.04,366,430
9131.24,370,431
9131.44,372,433
9131.64,373,433
9131.84,366,426
9132.04,355,426
9132.24,349,422
9132.44,345,419
9132.64,347,420
9132.84,354,424
9133.04,364,428
9133.24,371,431
9133.44,375,433
9133.64,378,434
9133.84,380,435
9134.04,383,436
9134.24,380,434
9134.44,369,428
9134.64,355,422
9134.84,348,419
9135.04,352,422
9135.24,358,423
9135.44,364,424
9135.64,370,426
9135.84,375,429
9136.04,379,430
9136.24,383,432
9136.44,387,433
9136.64,390,434
9136.84,384,439
9137.04,355,433
9137.24,330,423
9137.44,309,402
9137.64,295,391
9137.84,289,377
9138.04,306,392
9138.24,344,423
9138.44,364,434
9138.64,364,431
9138.84,363,428
9139.04,358,426
9139.24,350,419
9139.44,355,420
9139.64,359,420
9139.84,366,421
9140.04,372,424
9140.24,376,427
9140.44,381,429
9140.64,385,431
9140.84,384,432
9141.04,374,430
9141.24,367,426
9141.44,360,423
9141.64,356,420
9141.84,357,419
9142.04,362,421
9142.24,366,423
9142.44,369,425
9142.64,374,427
9142.84,378,430
9143.04,383,432
9143.24,386,434
9143.44,376,427
9143.64,361,427
9143.84,353,420
9144.04,351,416
9144.24,354,417
9144.44,357,419
9144.64,361,421
9144.84,365,422
9145.04,369,424
9145.24,372,427
9145.44,376,429
9145.64,379,430
9145.84,382,432
9146.04,382,431
9146.24,368,424
9146.44,362,421
9146.64,354,418
9146.84,355,417
9147.04,358,419
9147.24,362,421
9147.44,366,422
9147.64,372,424
9147.84,375,427
9148.04,379,428
9148.24,383,430
9148.44,384,429
9148.64,374,426
9148.84,371,426
9149.04,355,419
9149.24,352,415
9149.44,356,418
9149.64,362,420
9149.84,368,421
9150.04,374,423
9150.24,379,426
9150.44,382,429
9150.64,386,431
9150.84,391,432
9151.04,391,433
9151.24,388,432
9151.44,377,427
9151.64,365,421
9151.84,358,418
9152.04,354,415
9152.24,351,412
9152.44,350,408
9152.64,350,413
9152.84,355,416
9153.04,361,418
9153.24,367,422
9153.44,371,424
9153.64,375,427
9153.84,376,428
9154.04,371,432
9154.24,372,432
9154.44,372,432
9154.64,358,425
9154.84,348,420
9155.04,348,420
9155.24,348,422
9155.44,350,423
9155.64,351,424
9155.84,352,424
9156.04,355,424
9156.24,358,426
9156.44,360,427
9156.64,363,428
9156.84,366,428
9157.04,370,430
9157.24,374,431
9157.44,378,432
9157.64,382,434
9157.84,386,435
9158.04,389,436
9158.24,391,437
9158.44,389,436
9158.64,384,434
9158.84,376,430
9159.04,367,427
9159.24,361,425
9159.44,354,421
9159.64,349,420
9159.84,349,420
9160.04,352,421
9160.24,357,423
9160.44,362,426
9160.64,368,428
9160.84,375,431
9161.04,381,433
9161.24,386,434
9161.44,389,436
9161.64,392,438
9161.84,375,429
9162.04,358,429
9162.24,349,423
9162.44,351,423
9162.64,354,426
9162.84,358,427
9163.04,362,428
9163.24,364,429
9163.44,367,430
9163.64,370,432
9163.84,372,433
9164.04,375,435
9164.24,377,435
9164.44,377,436
9164.64,368,429
9164.84,364,429
9165.04,355,424
9165.24,355,424
9165.44,356,425
9165.64,359,426
9165.84,362,428
9166.04,366,429
9166.24,370,431
9166.44,376,433
9166.64,382,436
9166.84,382,437
9167.04,378,435
9167.24,371,431
9167.44,364,428
9167.64,359,425
9167.84,353,422
9168.04,352,421
9168.24,353,421
9168.44,358,424
9168.64,364,427
9168.84,369,429
9169.04,372,430
9169.24,375,432
9169.44,379,434
9169.64,385,437
9169.84,364,437
9170.04,339,432
9170.24,325,422
9170.44,306,397
9170.64,294,379
9170.84,304,392
9171.04,336,429
9171.24,353,445
9171.44,352,430
9171.64,364,428
9171.84,368,432
9172.04,368,431
9172.24,362,427
9172.44,351,422
9172.64,346,420
9172.84,345,417
9173.04,348,420
9173.24,351,422
9173.44,355,424
9173.64,357,424
9173.84,359,425
9174.04,362,426
9174.24,365,427
9174.44,367,428
9174.64,370,430
9174.84,374,431
9175.04,375,431
9175.24,376,431
9175.44,374,431
9175.64,361,424
9175.84,346,421
9176.04,346,420
9176.24,350,423
9176.44,355,425
9176.64,359,427
9176.84,363,429
9177.04,366,430
9177.24,370,431
9177.44,372,433
9177.64,373,433
9177.84,366,426
9178.04,355,426
9178.24,349,422
9178.44,345,419
9178.64,347,420
9178.84,354,424
9179.04,364,428
9179.24,371,431
9179.44,375,433
9179.64,378,434
9179.84,380,435
9180.04,383,436
9180.24,380,434
9180.44,369,428
9180.64,355,422
9180.84,348,419
9181.04,352,422
9181.24,358,423
9181.44,364,424
9181.64,370,426
9181.84,375,429
9182.04,379,430
9182.24,383,432
9182.44,387,433
9182.64,390,434
9182.84,384,439
9183.04,355,433
9183.24,330,423
9183.44,309,402
9183.64,295,391
9183.84,289,377
9184.04,306,392
9184.24,344,423
9184.44,364,434
9184.64,364,431
9184.84,363,428
9185.04,358,426
9185.24,350,419
9185.44,355,420
9185.64,359,420
9185.84,366,421
9186.04,372,424
9186.24,376,427
9186.44,381,429
9186.64,385,431
9186.84,384,432
9187.04,374,430
9187.24,367,426
9187.44,360,423
9187.64,356,420
9187.84,357,419
9188.04,362,421
9188.24,366,423
9188.44,369,425
9188.64,374,427
9188.84,378,430
9189.04,383,432
9189.24,386,434
9189.44,376,427
9189.64,361,427
9189.84,353,420
9190.04,351,416
9190.24,354,417
9190.44,357,419
9190.64,361,421
9190.84,365,422
9191.04,369,424
9191.24,372,427
9191.44,376,429
9191.64,379,430
9191.84,382,432
9192.04,382,431
9192.24,368,424
9192.44,362,421
9192.64,354,418
9192.84,355,417
9193.04,358,419
9193.24,362,421
9193.44,366,422
9193.64,372,424
9193.84,375,427
9194.04,379,428
9194.24,383,430
9194.44,384,429
9194.64,374,426
9194.84,371,426
9195.04,355,419
9195.24,352,415
9195.44,356,418
9195.64,362,420
9195.84,368,421
9196.04,374,423
9196.24,379,426
9196.44,382,429
9196.64,386,431
9196.84,391,432
9197.04,391,433
9197.24,388,432
9197.44,377,427
9197.64,365,421
9197.84,358,418
9198.04,354,415
9198.24,351,412
9198.44,350,408
9198.64,350,413
9198.84,355,416
9199.04,361,418
9199.24,367,422
9199.44,371,424
9199.64,375,427
9199.84,376,428
9200.04,371,432
9200.24,372,432
9200.44,372,432
9200.64,358,425
9200.84,348,420
9201.04,348,420
9201.24,348,422
9201.44,350,423
9201.64,351,424
9201.84,352,424
9202.04,355,424
9202.24,358,426
9202.44,360,427
9202.64,363,428
9202.84,366,428
9203.04,370,430
9203.24,374,431
9203.44,378,432
9203.64,382,434
9203.84,386,435
9204.04,389,436
9204.24,391,437
9204.44,389,436
9204.64,384,434
9204.84,376,430
9205.04,367,427
9205.24,361,425
9205.44,354,421
9205.64,349,420
9205.84,349,420
9206.04,352,421
9206.24,357,423
9206.44,362,426
9206.64,368,428
9206.84,375,431
9207.04,381,433
9207.24,386,434
9207.44,389,436
9207.64,392,438
9207.84,375,429
9208.04,358,429
9208.24,349,423
9208.44,351,423
9208.64,354,426
9208.84,358,427
9209.04,362,428
9209.24,364,429
9209.44,367,430
9209.64,370,432
9209.84,372,433
9210.04,375,435
9210.24,377,435
9210.44,377,436
9210.64,368,429
9210.84,364,429
9211.04,355,424
9211.24,355,424
9211.44,356,425
9211.64,359,426
9211.84,362,428
9212.04,366,429
9212.24,370,431
9212.44,376,433
9212.64,382,436
9212.84,382,437
9213.04,378,435
9213.24,371,431
9213.44,364,428
9213.64,359,425
9213.84,353,422
9214.04,352,421
9214.24,353,421
9214.44,358,424
9214.64,364,427
9214.84,369,429
9215.04,372,430
9215.24,375,432
9215.44,379,434
9215.64,385,437
9215.84,364,437
9216.04,339,432
9216.24,325,422
9216.44,306,397
9216.64,294,379
9216.84,304,392
9217.04,336,429
9217.24,353,445
9217.44,352,430
9217.64,364,428
9217.84,368,432
9218.04,368,431
9218.24,362,427
9218.44,351,422
9218.64,346,420
9218.84,345,417
9219.04,348,420
9219.24,351,422
9219.44,355,424
9219.64,357,424
9219.84,359,425
9220.04,362,426
9220.24,365,427
9220.44,367,428
9220.64,370,430
9220.84,374,431
9221.04,375,431
9221.24,376,431
9221.44,374,431
9221.64,361,424
9221.84,346,421
9222.04,346,420
9222.24,350,423
9222.44,355,425
9222.64,359,427
9222.84,363,429
9223.04,366,430
9223.24,370,431
9223.44,372,433
9223.64,373,433
9223.84,366,426
9224.04,355,426
9224.24,349,422
9224.44,345,419
9224.64,347,420
9224.84,354,424
9225.04,364,428
9225.24,371,431
9225.44,375,433
9225.64,378,434
9225.84,380,435
9226.04,383,436
9226.24,380,434
9226.44,369,428
9226.64,355,422
9226.84,348,419
9227.04,352,422
9227.24,358,423
9227.44,364,424
9227.64,370,426
9227.84,375,429
9228.04,379,430
9228.24,383,432
9228.44,387,433
9228.64,390,434
9228.84,384,439
9229.04,355,433
9229.24,330,423
9229.44,309,402
9229.64,295,391
9229.84,289,377
9230.04,306,392
9230.24,344,423
9230.44,364,434
9230.64,364,431
9230.84,363,428
9231.04,358,426
9231.24,350,419
9231.44,355,420
9231.64,359,420
9231.84,366,421
9232.04,372,424
9232.24,376,427
9232.44,381,429
9232.64,385,431
9232.84,384,432
9233.04,374,430
9233.24,367,426
9233.44,360,423
9233.64,356,420
9233.84,357,419
9234.04,362,421
9234.24,366,423
9234.44,369,425
9234.64,374,427
9234.84,378,430
9235.04,383,432
9235.24,386,434
9235.44,376,427
9235.64,361,427
9235.84,353,420
9236.04,351,416
9236.24,354,417
9236.44,357,419
9236.64,361,421
9236.84,365,422
9237.04,369,424
9237.24,372,427
9237.44,376,429
9237.64,379,430
9237.84,382,432
9238.04,382,431
9238.24,368,424
9238.44,362,421
9238.64,354,418
9238.84,355,417
9239.04,358,419
9239.24,362,421
9239.44,366,422
9239.64,372,424
9239.84,375,427
9240.04,379,428
9240.24,383,430
9240.44,384,429
9240.64,374,426
9240.84,371,426
9241.04,355,419
9241.24,352,415
9241.44,356,418
9241.64,362,420
9241.84,368,421
9242.04,374,423
9242.24,379,426
9242.44,382,429
9242.64,386,431
9242.84,391,432
9243.04,391,433
9243.24,388,432
9243.44,377,427
9243.64,365,421
9243.84,358,418
9244.04,354,415
9244.24,351,412
9244.44,350,408
9244.64,350,413
9244.84,355,416
9245.04,361,418
9245.24,367,422
9245.44,371,424
9245.64,375,427
9245.84,376,428
9246.04,371,432
9246.24,372,432
9246.44,372,432
9246.64,358,425
9246.84,348,420
9247.04,348,420
9247.24,348,422
9247.44,350,423
9247.64,351,424
9247.84,352,424
9248.04,355,424
9248.24,358,426
9248.44,360,427
9248.64,363,428
9248.84,366,428
9249.04,370,430
9249.24,374,431
9249.44,378,432
9249.64,382,434
9249.84,386,435
9250.04,389,436
9250.24,391,437
9250.44,389,436
9250.64,384,434
9250.84,376,430
9251.04,367,427
9251.24,361,425
9251.44,354,421
9251.64,349,420
9251.84,349,420
9252.04,352,421
9252.24,357,423
9252.44,362,426
9252.64,368,428
9252.84,375,431
9253.04,381,433
9253.24,386,434
9253.44,389,436
9253.64,392,438
9253.84,375,429
9254.04,358,429
9254.24,349,423
9254.44,351,423
9254.64,354,426
9254.84,358,427
9255.04,362,428
9255.24,364,429
9255.44,367,430
9255.64,370,432
9255.84,372,433
9256.04,375,435
9256.24,377,435
9256.44,377,436
9256.64,368,429
9256.84,364,429
9257.04,355,424
9257.24,355,424
9257.44,356,425
9257.64,359,426
9257.84,362,428
9258.04,366,429
9258.24,370,431
9258.44,376,433
9258.64,382,436
9258.84,382,437
9259.04,378,435
9259.24,371,431
9259.44,364,428
9259.64,359,425
9259.84,353,422
9260.04,352,421
9260.24,353,421
9260.44,358,424
9260.64,364,427
9260.84,369,429
9261.04,372,430
9261.24,375,432
9261.44,379,434
9261.64,385,437
9261.84,364,437
9262.04,339,432
9262.24,325,422
9262.44,306,397
9262.64,294,379
9262.84,304,392
9263.04,336,429
9263.24,353,445
9263.44,352,430
9263.64,364,428
9263.84,368,432
9264.04,368,431
9264.24,362,427
9264.44,351,422
9264.64,346,420
9264.84,345,417
9265.04,348,420
9265.24,351,422
9265.44,355,424
9265.64,357,424
9265.84,359,425
9266.04,362,426
9266.24,365,427
9266.44,367,428
9266.64,370,430
9266.84,374,431
9267.04,375,431
9267.24,376,431
9267.44,374,431
9267.64,361,424
9267.84,346,421
9268.04,346,420
9268.24,350,423
9268.44,355,425
9268.64,359,427
9268.84,363,429
9269.04,366,430
9269.24,370,431
9269.44,372,433
9269.64,373,433
9269.84,366,426
9270.04,355,426
9270.24,349,422
9270.44,345,419
9270.64,347,420
9270.84,354,424
9271.04,364,428
9271.24,371,431
9271.44,375,433
9271.64,378,434
9271.84,380,435
9272.04,383,436
9272.24,380,434
9272.44,369,428
9272.64,355,422
9272.84,348,419
9273.04,352,422
9273.24,358,423
9273.44,364,424
9273.64,370,426
9273.84,375,429
9274.04,379,430
9274.24,383,432
9274.44,387,433
9274.64,390,434
9274.84,384,439
9275.04,355,433
9275.24,330,423
9275.44,309,402
9275.64,295,391
9275.84,289,377
9276.04,306,392
9276.24,344,423
9276.44,364,434
9276.64,364,431
9276.84,363,428
9277.04,358,426
9277.24,350,419
9277.44,355,420
9277.64,359,420
9277.84,366,421
9278.04,372,424
9278.24,376,427
9278.44,381,429
9278.64,385,431
9278.84,384,432
9279.04,374,430
9279.24,367,426
9279.44,360,423
9279.64,356,420
9279.84,357,419
9280.04,362,421
9280.24,366,423
9280.44,369,425
9280.64,374,427
9280.84,378,430
9281.04,383,432
9281.24,386,434
9281.44,376,427
9281.64,361,427
9281.84,353,420
9282.04,351,416
9282.24,354,417
9282.44,357,419
9282.64,361,421
9282.84,365,422
9283.04,369,424
9283.24,372,427
9283.44,376,429
9283.64,379,430
9283.84,382,432
9284.04,382,431
9284.24,368,424
9284.44,362,421
9284.64,354,418
9284.84,355,417
9285.04,358,419
9285.24,362,421
9285.44,366,422
9285.64,372,424
9285.84,375,427
9286.04,379,428
9286.24,383,430
9286.44,384,429
9286.64,374,426
9286.84,371,426
9287.04,355,419
9287.24,352,415
9287.44,356,418
9287.64,362,420
9287.84,368,421
9288.04,374,423
9288.24,379,426
9288.44,382,429
9288.64,386,431
9288.84,391,432
9289.04,391,433
9289.24,388,432
9289.44,377,427
9289.64,365,421
9289.84,358,418
9290.04,354,415
9290.24,351,412
9290.44,350,408
9290.64,350,413
9290.84,355,416
9291.04,361,418
9291.24,367,422
9291.44,371,424
9291.64,375,427
9291.84,376,428
9292.04,371,432
9292.24,372,432
9292.44,372,432
9292.64,358,425
9292.84,348,420
9293.04,348,420
9293.24,348,422
9293.44,350,423
9293.64,351,424
9293.84,352,424
9294.04,355,424
9294.24,358,426
9294.44,360,427
9294.64,363,428
9294.84,366,428
9295.04,370,430
9295.24,374,431
9295.44,378,432
9295.64,382,434
9295.84,386,435
9296.04,389,436
9296.24,391,437
9296.44,389,436
9296.64,384,434
9296.84,376,430
9297.04,367,427
9297.24,361,425
9297.44,354,421
9297.64,349,420
9297.84,349,420
9298.04,352,421
9298.24,357,423
9298.44,362,426
9298.64,368,428
9298.84,375,431
9299.04,381,433
9299.24,386,434
9299.44,389,436
9299.64,392,438
9299.84,375,429
9300.04,358,429
9300.24,349,423
9300.44,351,423
9300.64,354,426
9300.84,358,427
9301.04,362,428
9301.24,364,429
9301.44,367,430
9301.64,370,432
9301.84,372,433
9302.04,375,435
9302.24,377,435
9302.44,377,436
9302.64,368,429
9302.84,364,429
9303.04,355,424
9303.24,355,424
9303.44,356,425
9303.64,359,426
9303.84,362,428
9304.04,366,429
9304.24,370,431
9304.44,376,433
9304.64,382,436
9304.84,382,437
9305.04,378,435
9305.24,371,431
9305.44,364,428
9305.64,359,425
9305.84,353,422
9306.04,352,421
9306.24,353,421
9306.44,358,424
9306.64,364,427
9306.84,369,429
9307.04,372,430
9307.24,375,432
9307.44,379,434
9307.64,385,437
9307.84,364,437
9308.04,339,432
9308.24,325,422
9308.44,306,397
9308.64,294,379
9308.84,304,392
9309.04,336,429
9309.24,353,445
9309.44,352,430
9309.64,364,428
9309.84,368,432
9310.04,368,431
9310.24,362,427
9310.44,351,422
9310.64,346,420
9310.84,345,417
9311.04,348,420
9311.24,351,422
9311.44,355,424
9311.64,357,424
9311.84,359,425
9312.04,362,426
9312.24,365,427
9312.44,367,428
9312.64,370,430
9312.84,374,431
9313.04,375,431
9313.24,376,431
9313.44,374,431
9313.64,361,424
9313.84,346,421
9314.04,346,420
9314.24,350,423
9314.44,355,425
9314.64,359,427
9314.84,363,429
9315.04,366,430
9315.24,370,431
9315.44,372,433
9315.64,373,433
9315.84,366,426
9316.04,355,426
9316.24,349,422
9316.44,345,419
9316.64,347,420
9316.84,354,424
9317.04,364,428
9317.24,371,431
9317.44,375,433
9317.64,378,434
9317.84,380,435
9318.04,383,436
9318.24,380,434
9318.44,369,428
9318.64,355,422
9318.84,348,419
9319.04,352,422
9319.24,358,423
9319.44,364,424
9319.64,370,426
9319.84,375,429
9320.04,379,430
9320.24,383,432
9320.44,387,433
9320.64,390,434
9320.84,384,439
9321.04,355,433
9321.24,330,423
9321.44,309,402
9321.64,295,391
9321.84,289,377
9322.04,306,392
9322.24,344,423
9322.44,364,434
9322.64,364,431
9322.84,363,428
9323.04,358,426
9323.24,350,419
9323.44,355,420
9323.64,359,420
9323.84,366,421
9324.04,372,424
9324.24,376,427
9324.44,381,429
9324.64,385,431
9324.84,384,432
9325.04,374,430
9325.24,367,426
9325.44,360,423
9325.64,356,420
9325.84,357,419
9326.04,362,421
9326.24,366,423
9326.44,369,425
9326.64,374,427
9326.84,378,430
9327.04,383,432
9327.24,386,434
9327.44,376,427
9327.64,361,427
9327.84,353,420
9328.04,351,416
9328.24,354,417
9328.44,357,419
9328.64,361,421
9328.84,365,422
9329.04,369,424
9329.24,372,427
9329.44,376,429
9329.64,379,430
9329.84,382,432
9330.04,382,431
9330.24,368,424
9330.44,362,421
9330.64,354,418
9330.84,355,417
9331.04,358,419
9331.24,362,421
9331.44,366,422
9331.64,372,424
9331.84,375,427
9332.04,379,428
9332.24,383,430
9332.44,384,429
9332.64,374,426
9332.84,371,426
9333.04,355,419
9333.24,352,415
9333.44,356,418
9333.64,362,420
9333.84,368,421
9334.04,374,423
9334.24,379,426
9334.44,382,429
9334.64,386,431
9334.84,391,432
9335.04,391,433
9335.24,388,432
9335.44,377,427
9335.64,365,421
9335.84,358,418
9336.04,354,415
9336.24,351,412
9336.44,350,408
9336.64,350,413
9336.84,355,416
9337.04,361,418
9337.24,367,422
9337.44,371,424
9337.64,375,427
9337.84,376,428
9338.04,371,432
9338.24,372,432
9338.44,372,432
9338.64,358,425
9338.84,348,420
9339.04,348,420
9339.24,348,422
9339.44,350,423
9339.64,351,424
9339.84,352,424
9340.04,355,424
9340.24,358,426
9340.44,360,427
9340.64,363,428
9340.84,366,428
9341.04,370,430
9341.24,374,431
9341.44,378,432
9341.64,382,434
9341.84,386,435
9342.04,389,436
9342.24,391,437
9342.44,389,436
9342.64,384,434
9342.84,376,430
9343.04,367,427
9343.24,361,425
9343.44,354,421
9343.64,349,420
9343.84,349,420
9344.04,352,421
9344.24,357,423
9344.44,362,426
9344.64,368,428
9344.84,375,431
9345.04,381,433
9345.24,386,434
9345.44,389,436
9345.64,392,438
9345.84,375,429
9346.04,358,429
9346.24,349,423
9346.44,351,423
9346.64,354,426
9346.84,358,427
9347.04,362,428
9347.24,364,429
9347.44,367,430
9347.64,370,432
9347.84,372,433
9348.04,375,435
9348.24,377,435
9348.44,377,436
9348.64,368,429
9348.84,364,429
9349.04,355,424
9349.24,355,424
9349.44,356,425
9349.64,359,426
9349.84,362,428
9350.04,366,429
9350.24,370,431
9350.44,376,433
9350.64,382,436
9350.84,382,437
9351.04,378,435
9351.24,371,431
9351.44,364,428
9351.64,359,425
9351.84,353,422
9352.04,352,421
9352.24,353,421
9352.44,358,424
9352.64,364,427
9352.84,369,429
9353.04,372,430
9353.24,375,432
9353.44,379,434
9353.64,385,437
9353.84,364,437
9354.04,339,432
9354.24,325,422
9354.44,306,397
9354.64,294,379
9354.84,304,392
9355.04,336,429
9355.24,353,445
9355.44,352,430
9355.64,364,428
9355.84,368,432
9356.04,368,431
9356.24,362,427
9356.44,351,422
9356.64,346,420
9356.84,345,417
9357.04,348,420
9357.24,351,422
9357.44,355,424
9357.64,357,424
9357.84,359,425
9358.04,362,426
9358.24,365,427
9358.44,367,428
9358.64,370,430
9358.84,374,431
9359.04,375,431
9359.24,376,431
9359.44,374,431
9359.64,361,424
9359.84,346,421
9360.04,346,420
9360.24,350,423
9360.44,355,425
9360.64,359,427
9360.84,363,429
9361.04,366,430
9361.24,370,431
9361.44,372,433
9361.64,373,433
9361.84,366,426
9362.04,355,426
9362.24,349,422
9362.44,345,419
9362.64,347,420
9362.84,354,424
9363.04,364,428
9363.24,371,431
9363.44,375,433
9363.64,378,434
9363.84,380,435
9364.04,383,436
9364.24,380,434
9364.44,369,428
9364.64,355,422
9364.84,348,419
9365.04,352,422
9365.24,358,423
9365.44,364,424
9365.64,370,426
9365.84,375,429
9366.04,379,430
9366.24,383,432
9366.44,387,433
9366.64,390,434
9366.84,384,439
9367.04,355,433
9367.24,330,423
9367.44,309,402
9367.64,295,391
9367.84,289,377
9368.04,306,392
9368.24,344,423
9368.44,364,434
9368.64,364,431
9368.84,363,428
9369.04,358,426
9369.24,350,419
9369.44,355,420
9369.64,359,420
9369.84,366,421
9370.04,372,424
9370.24,376,427
9370.44,381,429
9370.64,385,431
9370.84,384,432
9371.04,374,430
9371.24,367,426
9371.44,360,423
9371.64,356,420
9371.84,357,419
9372.04,362,421
9372.24,366,423
9372.44,369,425
9372.64,374,427
9372.84,378,430
9373.04,383,432
9373.24,386,434
9373.44,376,427
9373.64,361,427
9373.84,353,420
9374.04,351,416
9374.24,354,417
9374.44,357,419
9374.64,361,421
9374.84,365,422
9375.04,369,424
9375.24,372,427
9375.44,376,429
9375.64,379,430
9375.84,382,432
9376.04,382,431
9376.24,368,424
9376.44,362,421
9376.64,354,418
9376.84,355,417
9377.04,358,419
9377.24,362,421
9377.44,366,422
9377.64,372,424
9377.84,375,427
9378.04,379,428
9378.24,383,430
9378.44,384,429
9378.64,374,426
9378.84,371,426
9379.04,355,419
9379.24,352,415
9379.44,356,418
9379.64,362,420
9379.84,368,421
9380.04,374,423
9380.24,379,426
9380.44,382,429
9380.64,386,431
9380.84,391,432
9381.04,391,433
9381.24,388,432
9381.44,377,427
9381.64,365,421
9381.84,358,418
9382.04,354,415
9382.24,351,412
9382.44,350,408
9382.64,350,413
9382.84,355,416
9383.04,361,418
9383.24,367,422
9383.44,371,424
9383.64,375,427
9383.84,376,428
9384.04,371,432
9384.24,372,432
9384.44,372,432
9384.64,358,425
9384.84,348,420
9385.04,348,420
9385.24,348,422
9385.44,350,423
9385.64,351,424
9385.84,352,424
9386.04,355,424
9386.24,358,426
9386.44,360,427
9386.64,363,428
9386.84,366,428
9387.04,370,430
9387.24,374,431
9387.44,378,432
9387.64,382,434
9387.84,386,435
9388.04,389,436
9388.24,391,437
9388.44,389,436
9388.64,384,434
9388.84,376,430
9389.04,367,427
9389.24,361,425
9389.44,354,421
9389.64,349,420
9389.84,349,420
9390.04,352,421
9390.24,357,423
9390.44,362,426
9390.64,368,428
9390.84,375,431
9391.04,381,433
9391.24,386,434
9391.44,389,436
9391.64,392,438
9391.84,375,429
9392.04,358,429
9392.24,349,423
9392.44,351,423
9392.64,354,426
9392.84,358,427
9393.04,362,428
9393.24,364,429
9393.44,367,430
9393.64,370,432
9393.84,372,433
9394.04,375,435
9394.24,377,435
9394.44,377,436
9394.64,368,429
9394.84,364,429
9395.04,355,424
9395.24,355,424
9395.44,356,425
9395.64,359,426
9395.84,362,428
9396.04,366,429
9396.24,370,431
9396.44,376,433
9396.64,382,436
9396.84,382,437
9397.04,378,435
9397.24,371,431
9397.44,364,428
9397.64,359,425
9397.84,353,422
9398.04,352,421
9398.24,353,421
9398.44,358,424
9398.64,364,427
9398.84,369,429
9399.04,372,430
9399.24,375,432
9399.44,379,434
9399.64,385,437
9399.84,364,437
9400.04,339,432
9400.24,325,422
9400.44,306,397
9400.64,294,379
9400.84,304,392
9401.04,336,429
9401.24,353,445
9401.44,352,430
9401.64,364,428
9401.84,368,432
9402.04,368,431
9402.24,362,427
9402.44,351,422
9402.64,346,420
9402.84,345,417
9403.04,348,420
9403.24,351,422
9403.44,355,424
9403.64,357,424
9403.84,359,425
9404.04,362,426
9404.24,365,427
9404.44,367,428
9404.64,370,430
9404.84,374,431
9405.04,375,431
9405.24,376,431
9405.44,374,431
9405.64,361,424
9405.84,346,421
9406.04,346,420
9406.24,350,423
9406.44,355,425
9406.64,359,427
9406.84,363,429
9407.04,366,430
9407.24,370,431
9407.44,372,433
9407.64,373,433
9407.84,366,426
9408.04,355,426
9408.24,349,422
9408.44,345,419
9408.64,347,420
9408.84,354,424
9409.04,364,428
9409.24,371,431
9409.44,375,433
9409.64,378,434
9409.84,380,435
9410.04,383,436
9410.24,380,434
9410.44,369,428
9410.64,355,422
9410.84,348,419
9411.04,352,422
9411.24,358,423
9411.44,364,424
9411.64,370,426
9411.84,375,429
9412.04,379,430
9412.24,383,432
9412.44,387,433
9412.64,390,434
9412.84,384,439
9413.04,355,433
9413.24,330,423
9413.44,309,402
9413.64,295,391
9413.84,289,377
9414.04,306,392
9414.24,344,423
9414.44,364,434
9414.64,364,431
9414.84,363,428
9415.04,358,426
9415.24,350,419
9415.44,355,420
9415.64,359,420
9415.84,366,421
9416.04,372,424
9416.24,376,427
9416.44,381,429
9416.64,385,431
9416.84,384,432
9417.04,374,430
9417.24,367,426
9417.44,360,423
9417.64,356,420
9417.84,357,419
9418.04,362,421
9418.24,366,423
9418.44,369,425
9418.64,374,427
9418.84,378,430
9419.04,383,432
9419.24,386,434
9419.44,376,427
9419.64,361,427
9419.84,353,420
9420.04,351,416
9420.24,354,417
9420.44,357,419
9420.64,361,421
9420.84,365,422
9421.04,369,424
9421.24,372,427
9421.44,376,429
9421.64,379,430
9421.84,382,432
9422.04,382,431
9422.24,368,424
9422.44,362,421
9422.64,354,418
9422.84,355,417
9423.04,358,419
9423.24,362,421
9423.44,366,422
9423.64,372,424
9423.84,375,427
9424.04,379,428
9424.24,383,430
9424.44,384,429
9424.64,374,426
9424.84,371,426
9425.04,355,419
9425.24,352,415
9425.44,356,418
9425.64,362,420
9425.84,368,421
9426.04,374,423
9426.24,379,426
9426.44,382,429
9426.64,386,431
9426.84,391,432
9427.04,391,433
9427.24,388,432
9427.44,377,427
9427.64,365,421
9427.84,358,418
9428.04,354,415
9428.24,351,412
9428.44,350,408
9428.64,350,413
9428.84,355,416
9429.04,361,418
9429.24,367,422
9429.44,371,424
9429.64,375,427
9429.84,376,428
9430.04,371,432
9430.24,372,432
9430.44,372,432
9430.64,358,425
9430.84,348,420
9431.04,348,420
9431.24,348,422
9431.44,350,423
9431.64,351,424
9431.84,352,424
9432.04,355,424
9432.24,358,426
9432.44,360,427
9432.64,363,428
9432.84,366,428
9433.04,370,430
9433.24,374,431
9433.44,378,432
9433.64,382,434
9433.84,386,435
9434.04,389,436
9434.24,391,437
9434.44,389,436
9434.64,384,434
9434.84,376,430
9435.04,367,427
9435.24,361,425
9435.44,354,421
9435.64,349,420
9435.84,349,420
9436.04,352,421
9436.24,357,423
9436.44,362,426
9436.64,368,428
9436.84,375,431
9437.04,381,433
9437.24,386,434
9437.44,389,436
9437.64,392,438
9437.84,375,429
9438.04,358,429
9438.24,349,423
9438.44,351,423
9438.64,354,426
9438.84,358,427
9439.04,362,428
9439.24,364,429
9439.44,367,430
9439.64,370,432
9439.84,372,433
9440.04,375,435
9440.24,377,435
9440.44,377,436
9440.64,368,429
9440.84,364,429
9441.04,355,424
9441.24,355,424
9441.44,356,425
9441.64,359,426
9441.84,362,428
9442.04,366,429
9442.24,370,431
9442.44,376,433
9442.64,382,436
9442.84,382,437
9443.04,378,435
9443.24,371,431
9443.44,364,428
9443.64,359,425
9443.84,353,422
9444.04,352,421
9444.24,353,421
9444.44,358,424
9444.64,364,427
9444.84,369,429
9445.04,372,430
9445.24,375,432
9445.44,379,434
9445.64,385,437
9445.84,364,437
9446.04,339,432
9446.24,325,422
9446.44,306,397
9446.64,294,379
9446.84,304,392
9447.04,336,429
9447.24,353,445
9447.44,352,430
9447.64,364,428
9447.84,368,432
9448.04,368,431
9448.24,362,427
9448.44,351,422
9448.64,346,420
9448.84,345,417
9449.04,348,420
9449.24,351,422
9449.44,355,424
9449.64,357,424
9449.84,359,425
9450.04,362,426
9450.24,365,427
9450.44,367,428
9450.64,370,430
9450.84,374,431
9451.04,375,431
9451.24,376,431
9451.44,374,431
9451.64,361,424
9451.84,346,421
9452.04,346,420
9452.24,350,423
9452.44,355,425
9452.64,359,427
9452.84,363,429
9453.04,366,430
9453.24,370,431
9453.44,372,433
9453.64,373,433
9453.84,366,426
9454.04,355,426
9454.24,349,422
9454.44,345,419
9454.64,347,420
9454.84,354,424
9455.04,364,428
9455.24,371,431
9455.44,375,433
9455.64,378,434
9455.84,380,435
9456.04,383,436
9456.24,380,434
9456.44,369,428
9456.64,355,422
9456.84,348,419
9457.04,352,422
9457.24,358,423
9457.44,364,424
9457.64,370,426
9457.84,375,429
9458.04,379,430
9458.24,383,432
9458.44,387,433
9458.64,390,434
9458.84,384,439
9459.04,355,433
9459.24,330,423
9459.44,309,402
9459.64,295,391
9459.84,289,377
9460.04,306,392
9460.24,344,423
9460.44,364,434
9460.64,364,431
9460.84,363,428
9461.04,358,426
9461.24,350,419
9461.44,355,420
9461.64,359,420
9461.84,366,421
9462.04,372,424
9462.24,376,427
9462.44,381,429
9462.64,385,431
9462.84,384,432
9463.04,374,430
9463.24,367,426
9463.44,360,423
9463.64,356,420
9463.84,357,419
9464.04,362,421
9464.24,366,423
9464.44,369,425
9464.64,374,427
9464.84,378,430
9465.04,383,432
9465.24,386,434
9465.44,376,427
9465.64,361,427
9465.84,353,420
9466.04,351,416
9466.24,354,417
9466.44,357,419
9466.64,361,421
9466.84,365,422
9467.04,369,424
9467.24,372,427
9467.44,376,429
9467.64,379,430
9467.84,382,432
9468.04,382,431
9468.24,368,424
9468.44,362,421
9468.64,354,418
9468.84,355,417
9469.04,358,419
9469.24,362,421
9469.44,366,422
9469.64,372,424
9469.84,375,427
9470.04,379,428
9470.24,383,430
9470.44,384,429
9470.64,374,426
9470.84,371,426
9471.04,355,419
9471.24,352,415
9471.44,356,418
9471.64,362,420
9471.84,368,421
9472.04,374,423
9472.24,379,426
9472.44,382,429
9472.64,386,431
9472.84,391,432
9473.04,391,433
9473.24,388,432
9473.44,377,427
9473.64,365,421
9473.84,358,418
9474.04,354,415
9474.24,351,412
9474.44,350,408
9474.64,350,413
9474.84,355,416
9475.04,361,418
9475.24,367,422
9475.44,371,424
9475.64,375,427
9475.84,376,428
9476.04,371,432
9476.24,372,432
9476.44,372,432
9476.64,358,425
9476.84,348,420
9477.04,348,420
9477.24,348,422
9477.44,350,423
9477.64,351,424
9477.84,352,424
9478.04,355,424
9478.24,358,426
9478.44,360,427
9478.64,363,428
9478.84,366,428
9479.04,370,430
9479.24,374,431
9479.44,378,432
9479.64,382,434
9479.84,386,435
9480.04,389,436
9480.24,391,437
9480.44,389,436
9480.64,384,434
9480.84,376,430
9481.04,367,427
9481.24,361,425
9481.44,354,421
9481.64,349,420
9481.84,349,420
9482.04,352,421
9482.24,357,423
9482.44,362,426
9482.64,368,428
9482.84,375,431
9483.04,381,433
9483.24,386,434
9483.44,389,436
9483.64,392,438
9483.84,375,429
9484.04,358,429
9484.24,349,423
9484.44,351,423
9484.64,354,426
9484.84,358,427
9485.04,362,428
9485.24,364,429
9485.44,367,430
9485.64,370,432
9485.84,372,433
9486.04,375,435
9486.24,377,435
9486.44,377,436
9486.64,368,429
9486.84,364,429
9487.04,355,424
9487.24,355,424
9487.44,356,425
9487.64,359,426
9487.84,362,428
9488.04,366,429
9488.24,370,431
9488.44,376,433
9488.64,382,436
9488.84,382,437
9489.04,378,435
9489.24,371,431
9489.44,364,428
9489.64,359,425
9489.84,353,422
9490.04,352,421
9490.24,353,421
9490.44,358,424
9490.64,364,427
9490.84,369,429
9491.04,372,430
9491.24,375,432
9491.44,379,434
9491.64,385,437
9491.84,364,437
9492.04,339,432
9492.24,325,422
9492.44,306,397
9492.64,294,379
9492.84,304,392
9493.04,336,429
9493.24,353,445
9493.44,352,430
9493.64,364,428
9493.84,368,432
9494.04,368,431
9494.24,362,427
9494.44,351,422
9494.64,346,420
9494.84,345,417
9495.04,348,420
9495.24,351,422
9495.44,355,424
9495.64,357,424
9495.84,359,425
9496.04,362,426
9496.24,365,427
9496.44,367,428
9496.64,370,430
9496.84,374,431
9497.04,375,431
9497.24,376,431
9497.44,374,431
9497.64,361,424
9497.84,346,421
9498.04,346,420
9498.24,350,423
9498.44,355,425
9498.64,359,427
9498.84,363,429
9499.04,366,430
9499.24,370,431
9499.44,372,433
9499.64,373,433
9499.84,366,426
9500.04,355,426
9500.24,349,422
9500.44,345,419
9500.64,347,420
9500.84,354,424
9501.04,364,428
9501.24,371,431
9501.44,375,433
9501.64,378,434
9501.84,380,435
9502.04,383,436
9502.24,380,434
9502.44,369,428
9502.64,355,422
9502.84,348,419
9503.04,352,422
9503.24,358,423
9503.44,364,424
9503.64,370,426
9503.84,375,429
9504.04,379,430
9504.24,383,432
9504.44,387,433
9504.64,390,434
9504.84,384,439
9505.04,355,433
9505.24,330,423
9505.44,309,402
9505.64,295,391
9505.84,289,377
9506.04,306,392
9506.24,344,423
9506.44,364,434
9506.64,364,431
9506.84,363,428
9507.04,358,426
9507.24,350,419
9507.44,355,420
9507.64,359,420
9507.84,366,421
9508.04,372,424
9508.24,376,427
9508.44,381,429
9508.64,385,431
9508.84,384,432
9509.04,374,430
9509.24,367,426
9509.44,360,423
9509.64,356,420
9509.84,357,419
9510.04,362,421
9510.24,366,423
9510.44,369,425
9510.64,374,427
9510.84,378,430
9511.04,383,432
9511.24,386,434
9511.44,376,427
9511.64,361,427
9511.84,353,420
9512.04,351,416
9512.24,354,417
9512.44,357,419
9512.64,361,421
9512.84,365,422
9513.04,369,424
9513.24,372,427
9513.44,376,429
9513.64,379,430
9513.84,382,432
9514.04,382,431
9514.24,368,424
9514.44,362,421
9514.64,354,418
9514.84,355,417
9515.04,358,419
9515.24,362,421
9515.44,366,422
9515.64,372,424
9515.84,375,427
9516.04,379,428
9516.24,383,430
9516.44,384,429
9516.64,374,426
9516.84,371,426
9517.04,355,419
9517.24,352,415
9517.44,356,418
9517.64,362,420
9517.84,368,421
9518.04,374,423
9518.24,379,426
9518.44,382,429
9518.64,386,431
9518.84,391,432
9519.04,391,433
9519.24,388,432
9519.44,377,427
9519.64,365,421
9519.84,358,418
9520.04,354,415
9520.24,351,412
9520.44,350,408
9520.64,350,413
9520.84,355,416
9521.04,361,418
9521.24,367,422
9521.44,371,424
9521.64,375,427
9521.84,376,428
9522.04,371,432
9522.24,372,432
9522.44,372,432
9522.64,358,425
9522.84,348,420
9523.04,348,420
9523.24,348,422
9523.44,350,423
9523.64,351,424
9523.84,352,424
9524.04,355,424
9524.24,358,426
9524.44,360,427
9524.64,363,428
9524.84,366,428
9525.04,370,430
9525.24,374,431
9525.44,378,432
9525.64,382,434
9525.84,386,435
9526.04,389,436
9526.24,391,437
9526.44,389,436
9526.64,384,434
9526.84,376,430
9527.04,367,427
9527.24,361,425
9527.44,354,421
9527.64,349,420
9527.84,349,420
9528.04,352,421
9528.24,357,423
9528.44,362,426
9528.64,368,428
9528.84,375,431
9529.04,381,433
9529.24,386,434
9529.44,389,436
9529.64,392,438
9529.84,375,429
9530.04,358,429
9530.24,349,423
9530.44,351,423
9530.64,354,426
9530.84,358,427
9531.04,362,428
9531.24,364,429
9531.44,367,430
9531.64,370,432
9531.84,372,433
9532.04,375,435
9532.24,377,435
9532.44,377,436
9532.64,368,429
9532.84,364,429
9533.04,355,424
9533.24,355,424
9533.44,356,425
9533.64,359,426
9533.84,362,428
9534.04,366,429
9534.24,370,431
9534.44,376,433
9534.64,382,436
9534.84,382,437
9535.04,378,435
9535.24,371,431
9535.44,364,428
9535.64,359,425
9535.84,353,422
9536.04,352,421
9536.24,353,421
9536.44,358,424
9536.64,364,427
9536.84,369,429
9537.04,372,430
9537.24,375,432
9537.44,379,434
9537.64,385,437
9537.84,364,437
9538.04,339,432
9538.24,325,422
9538.44,306,397
9538.64,294,379
9538.84,304,392
9539.04,336,429
9539.24,353,445
9539.44,352,430
9539.64,364,428
9539.84,368,432
9540.04,368,431
9540.24,362,427
9540.44,351,422
9540.64,346,420
9540.84,345,417
9541.04,348,420
9541.24,351,422
9541.44,355,424
9541.64,357,424
9541.84,359,425
9542.04,362,426
9542.24,365,427
9542.44,367,428
9542.64,370,430
9542.84,374,431
9543.04,375,431
9543.24,376,431
9543.44,374,431
9543.64,361,424
9543.84,346,421
9544.04,346,420
9544.24,350,423
9544.44,355,425
9544.64,359,427
9544.84,363,429
9545.04,366,430
9545.24,370,431
9545.44,372,433
9545.64,373,433
9545.84,366,426
9546.04,355,426
9546.24,349,422
9546.44,345,419
9546.64,347,420
9546.84,354,424
9547.04,364,428
9547.24,371,431
9547.44,375,433
9547.64,378,434
9547.84,380,435
9548.04,383,436
9548.24,380,434
9548.44,369,428
9548.64,355,422
9548.84,348,419
9549.04,352,422
9549.24,358,423
9549.44,364,424
9549.64,370,426
9549.84,375,429
9550.04,379,430
9550.24,383,432
9550.44,387,433
9550.64,390,434
9550.84,384,439
9551.04,355,433
9551.24,330,423
9551.44,309,402
9551.64,295,391
9551.84,289,377
9552.04,306,392
9552.24,344,423
9552.44,364,434
9552.64,364,431
9552.84,363,428
9553.04,358,426
9553.24,350,419
9553.44,355,420
9553.64,359,420
9553.84,366,421
9554.04,372,424
9554.24,376,427
9554.44,381,429
9554.64,385,431
9554.84,384,432
9555.04,374,430
9555.24,367,426
9555.44,360,423
9555.64,356,420
9555.84,357,419
9556.04,362,421
9556.24,366,423
9556.44,369,425
9556.64,374,427
9556.84,378,430
9557.04,383,432
9557.24,386,434
9557.44,376,427
9557.64,361,427
9557.84,353,420
9558.04,351,416
9558.24,354,417
9558.44,357,419
9558.64,361,421
9558.84,365,422
9559.04,369,424
9559.24,372,427
9559.44,376,429
9559.64,379,430
9559.84,382,432
9560.04,382,431
9560.24,368,424
9560.44,362,421
9560.64,354,418
9560.84,355,417
9561.04,358,419
9561.24,362,421
9561.44,366,422
9561.64,372,424
9561.84,375,427
9562.04,379,428
9562.24,383,430
9562.44,384,429
9562.64,374,426
9562.84,371,426
9563.04,355,419
9563.24,352,415
9563.44,356,418
9563.64,362,420
9563.84,368,421
9564.04,374,423
9564.24,379,426
9564.44,382,429
9564.64,386,431
9564.84,391,432
9565.04,391,433
9565.24,388,432
9565.44,377,427
9565.64,365,421
9565.84,358,418
9566.04,354,415
9566.24,351,412
9566.44,350,408
9566.64,350,413
9566.84,355,416
9567.04,361,418
9567.24,367,422
9567.44,371,424
9567.64,375,427
9567.84,376,428
9568.04,371,432
9568.24,372,432
9568.44,372,432
9568.64,358,425
9568.84,348,420
9569.04,348,420
9569.24,348,422
9569.44,350,423
9569.64,351,424
9569.84,352,424
9570.04,355,424
9570.24,358,426
9570.44,360,427
9570.64,363,428
9570.84,366,428
9571.04,370,430
9571.24,374,431
9571.44,378,432
9571.64,382,434
9571.84,386,435
9572.04,389,436
9572.24,391,437
9572.44,389,436
9572.64,384,434
9572.84,376,430
9573.04,367,427
9573.24,361,425
9573.44,354,421
9573.64,349,420
9573.84,349,420
9574.04,352,421
9574.24,357,423
9574.44,362,426
9574.64,368,428
9574.84,375,431
9575.04,381,433
9575.24,386,434
9575.44,389,436
9575.64,392,438
9575.84,375,429
9576.04,358,429
9576.24,349,423
9576.44,351,423
9576.64,354,426
9576.84,358,427
9577.04,362,428
9577.24,364,429
9577.44,367,430
9577.64,370,432
9577.84,372,433
9578.04,375,435
9578.24,377,435
9578.44,377,436
9578.64,368,429
9578.84,364,429
9579.04,355,424
9579.24,355,424
9579.44,356,425
9579.64,359,426
9579.84,362,428
9580.04,366,429
9580.24,370,431
9580.44,376,433
9580.64,382,436
9580.84,382,437
9581.04,378,435
9581.24,371,431
9581.44,364,428
9581.64,359,425
9581.84,353,422
9582.04,352,421
9582.24,353,421
9582.44,358,424
9582.64,364,427
9582.84,369,429
9583.04,372,430
9583.24,375,432
9583.44,379,434
9583.64,385,437
9583.84,364,437
9584.04,339,432
9584.24,325,422
9584.44,306,397
9584.64,294,379
9584.84,304,392
9585.04,336,429
9585.24,353,445
9585.44,352,430
9585.64,364,428
9585.84,368,432
9586.04,368,431
9586.24,362,427
9586.44,351,422
9586.64,346,420
9586.84,345,417
9587.04,348,420
9587.24,351,422
9587.44,355,424
9587.64,357,424
9587.84,359,425
9588.04,362,426
9588.24,365,427
9588.44,367,428
9588.64,370,430
9588.84,374,431
9589.04,375,431
9589.24,376,431
9589.44,374,431
9589.64,361,424
9589.84,346,421
9590.04,346,420
9590.24,350,423
9590.44,355,425
9590.64,359,427
9590.84,363,429
9591.04,366,430
9591.24,370,431
9591.44,372,433
9591.64,373,433
9591.84,366,426
9592.04,355,426
9592.24,349,422
9592.44,345,419
9592.64,347,420
9592.84,354,424
9593.04,364,428
9593.24,371,431
9593.44,375,433
9593.64,378,434
9593.84,380,435
9594.04,383,436
9594.24,380,434
9594.44,369,428
9594.64,355,422
9594.84,348,419
9595.04,352,422
9595.24,358,423
9595.44,364,424
9595.64,370,426
9595.84,375,429
9596.04,379,430
9596.24,383,432
9596.44,387,433
9596.64,390,434
9596.84,384,439
9597.04,355,433
9597.24,330,423
9597.44,309,402
9597.64,295,391
9597.84,289,377
9598.04,306,392
9598.24,344,423
9598.44,364,434
9598.64,364,431
9598.84,363,428
9599.04,358,426
9599.24,350,419
9599.44,355,420
9599.64,359,420
9599.84,366,421
9600.04,372,424
9600.24,376,427
9600.44,381,429
9600.64,385,431
9600.84,384,432
9601.04,374,430
9601.24,367,426
9601.44,360,423
9601.64,356,420
9601.84,357,419
9602.04,362,421
9602.24,366,423
9602.44,369,425
9602.64,374,427
9602.84,378,430
9603.04,383,432
9603.24,386,434
9603.44,376,427
9603.64,361,427
9603.84,353,420
9604.04,351,416
9604.24,354,417
9604.44,357,419
9604.64,361,421
9604.84,365,422
9605.04,369,424
9605.24,372,427
9605.44,376,429
9605.64,379,430
9605.84,382,432
9606.04,382,431
9606.24,368,424
9606.44,362,421
9606.64,354,418
9606.84,355,417
9607.04,358,419
9607.24,362,421
9607.44,366,422
9607.64,372,424
9607.84,375,427
9608.04,379,428
9608.24,383,430
9608.44,384,429
9608.64,374,426
9608.84,371,426
9609.04,355,419
9609.24,352,415
9609.44,356,418
9609.64,362,420
9609.84,368,421
9610.04,374,423
9610.24,379,426
9610.44,382,429
9610.64,386,431
9610.84,391,432
9611.04,391,433
9611.24,388,432
9611.44,377,427
9611.64,365,421
9611.84,358,418
9612.04,354,415
9612.24,351,412
9612.44,350,408
9612.64,350,413
9612.84,355,416
9613.04,361,418
9613.24,367,422
9613.44,371,424
9613.64,375,427
9613.84,376,428
9614.04,371,432
9614.24,372,432
9614.44,372,432
9614.64,358,425
9614.84,348,420
9615.04,348,420
9615.24,348,422
9615.44,350,423
9615.64,351,424
9615.84,352,424
9616.04,355,424
9616.24,358,426
9616.44,360,427
9616.64,363,428
9616.84,366,428
9617.04,370,430
9617.24,374,431
9617.44,378,432
9617.64,382,434
9617.84,386,435
9618.04,389,436
9618.24,391,437
9618.44,389,436
9618.64,384,434
9618.84,376,430
9619.04,367,427
9619.24,361,425
9619.44,354,421
9619.64,349,420
9619.84,349,420
9620.04,352,421
9620.24,357,423
9620.44,362,426
9620.64,368,428
9620.84,375,431
9621.04,381,433
9621.24,386,434
9621.44,389,436
9621.64,392,438
9621.84,375,429
9622.04,358,429
9622.24,349,423
9622.44,351,423
9622.64,354,426
9622.84,358,427
9623.04,362,428
9623.24,364,429
9623.44,367,430
9623.64,370,432
9623.84,372,433
9624.04,375,435
9624.24,377,435
9624.44,377,436
9624.64,368,429
9624.84,364,429
9625.04,355,424
9625.24,355,424
9625.44,356,425
9625.64,359,426
9625.84,362,428
9626.04,366,429
9626.24,370,431
9626.44,376,433
9626.64,382,436
9626.84,382,437
9627.04,378,435
9627.24,371,431
9627.44,364,428
9627.64,359,425
9627.84,353,422
9628.04,352,421
9628.24,353,421
9628.44,358,424
9628.64,364,427
9628.84,369,429
9629.04,372,430
9629.24,375,432
9629.44,379,434
9629.64,385,437
9629.84,364,437
9630.04,339,432
9630.24,325,422
9630.44,306,397
9630.64,294,379
9630.84,304,392
9631.04,336,429
9631.24,353,445
9631.44,352,430
9631.64,364,428
9631.84,368,432
9632.04,368,431
9632.24,362,427
9632.44,351,422
9632.64,346,420
9632.84,345,417
9633.04,348,420
9633.24,351,422
9633.44,355,424
9633.64,357,424
9633.84,359,425
9634.04,362,426
9634.24,365,427
9634.44,367,428
9634.64,370,430
9634.84,374,431
9635.04,375,431
9635.24,376,431
9635.44,374,431
9635.64,361,424
9635.84,346,421
9636.04,346,420
9636.24,350,423
9636.44,355,425
9636.64,359,427
9636.84,363,429
9637.04,366,430
9637.24,370,431
9637.44,372,433
9637.64,373,433
9637.84,366,426
9638.04,355,426
9638.24,349,422
9638.44,345,419
9638.64,347,420
9638.84,354,424
9639.04,364,428
9639.24,371,431
9639.44,375,433
9639.64,378,434
9639.84,380,435
9640.04,383,436
9640.24,380,434
9640.44,369,428
9640.64,355,422
9640.84,348,419
9641.04,352,422
9641.24,358,423
9641.44,364,424
9641.64,370,426
9641.84,375,429
9642.04,379,430
9642.24,383,432
9642.44,387,433
9642.64,390,434
9642.84,384,439
9643.04,355,433
9643.24,330,423
9643.44,309,402
9643.64,295,391
9643.84,289,377
9644.04,306,392
9644.24,344,423
9644.44,364,434
9644.64,364,431
9644.84,363,428
9645.04,358,426
9645.24,350,419
9645.44,355,420
9645.64,359,420
9645.84,366,421
9646.04,372,424
9646.24,376,427
9646.44,381,429
9646.64,385,431
9646.84,384,432
9647.04,374,430
9647.24,367,426
9647.44,360,423
9647.64,356,420
9647.84,357,419
9648.04,362,421
9648.24,366,423
9648.44,369,425
9648.64,374,427
9648.84,378,430
9649.04,383,432
9649.24,386,434
9649.44,376,427
9649.64,361,427
9649.84,353,420
9650.04,351,416
9650.24,354,417
9650.44,357,419
9650.64,361,421
9650.84,365,422
9651.04,369,424
9651.24,372,427
9651.44,376,429
9651.64,379,430
9651.84,382,432
9652.04,382,431
9652.24,368,424
9652.44,362,421
9652.64,354,418
9652.84,355,417
9653.04,358,419
9653.24,362,421
9653.44,366,422
9653.64,372,424
9653.84,375,427
9654.04,379,428
9654.24,383,430
9654.44,384,429
9654.64,374,426
9654.84,371,426
9655.04,355,419
9655.24,352,415
9655.44,356,418
9655.64,362,420
9655.84,368,421
9656.04,374,423
9656.24,379,426
9656.44,382,429
9656.64,386,431
9656.84,391,432
9657.04,391,433
9657.24,388,432
9657.44,377,427
9657.64,365,421
9657.84,358,418
9658.04,354,415
9658.24,351,412
9658.44,350,408
9658.64,350,413
9658.84,355,416
9659.04,361,418
9659.24,367,422
9659.44,371,424
9659.64,375,427
9659.84,376,428
9660.04,371,432
9660.24,372,432
9660.44,372,432
9660.64,358,425
9660.84,348,420
9661.04,348,420
9661.24,348,422
9661.44,350,423
9661.64,351,424
9661.84,352,424
9662.04,355,424
9662.24,358,426
9662.44,360,427
9662.64,363,428
9662.84,366,428
9663.04,370,430
9663.24,374,431
9663.44,378,432
9663.64,382,434
9663.84,386,435
9664.04,389,436
9664.24,391,437
9664.44,389,436
9664.64,384,434
9664.84,376,430
9665.04,367,427
9665.24,361,425
9665.44,354,421
9665.64,349,420
9665.84,349,420
9666.04,352,421
9666.24,357,423
9666.44,362,426
9666.64,368,428
9666.84,375,431
9667.04,381,433
9667.24,386,434
9667.44,389,436
9667.64,392,438
9667.84,375,429
9668.04,358,429
9668.24,349,423
9668.44,351,423
9668.64,354,426
9668.84,358,427
9669.04,362,428
9669.24,364,429
9669.44,367,430
9669.64,370,432
9669.84,372,433
9670.04,375,435
9670.24,377,435
9670.44,377,436
9670.64,368,429
9670.84,364,429
9671.04,355,424
9671.24,355,424
9671.44,356,425
9671.64,359,426
9671.84,362,428
9672.04,366,429
9672.24,370,431
9672.44,376,433
9672.64,382,436
9672.84,382,437
9673.04,378,435
9673.24,371,431
9673.44,364,428
9673.64,359,425
9673.84,353,422
9674.04,352,421
9674.24,353,421
9674.44,358,424
9674.64,364,427
9674.84,369,429
9675.04,372,430
9675.24,375,432
9675.44,379,434
9675.64,385,437
9675.84,364,437
9676.04,339,432
9676.24,325,422
9676.44,306,397
9676.64,294,379
9676.84,304,392
9677.04,336,429
9677.24,353,445
9677.44,352,430
9677.64,364,428
9677.84,368,432
9678.04,368,431
9678.24,362,427
9678.44,351,422
9678.64,346,420
9678.84,345,417
9679.04,348,420
9679.24,351,422
9679.44,355,424
9679.64,357,424
9679.84,359,425
9680.04,362,426
9680.24,365,427
9680.44,367,428
9680.64,370,430
9680.84,374,431
9681.04,375,431
9681.24,376,431
9681.44,374,431
9681.64,361,424
9681.84,346,421
9682.04,346,420
9682.24,350,423
9682.44,355,425
9682.64,359,427
9682.84,363,429
9683.04,366,430
9683.24,370,431
9683.44,372,433
9683.64,373,433
9683.84,366,426
9684.04,355,426
9684.24,349,422
9684.44,345,419
9684.64,347,420
9684.84,354,424
9685.04,364,428
9685.24,371,431
9685.44,375,433
9685.64,378,434
9685.84,380,435
9686.04,383,436
9686.24,380,434
9686.44,369,428
9686.64,355,422
9686.84,348,419
9687.04,352,422
9687.24,358,423
9687.44,364,424
9687.64,370,426
9687.84,375,429
9688.04,379,430
9688.24,383,432
9688.44,387,433
9688.64,390,434
9688.84,384,439
9689.04,355,433
9689.24,330,423
9689.44,309,402
9689.64,295,391
9689.84,289,377
9690.04,306,392
9690.24,344,423
9690.44,364,434
9690.64,364,431
9690.84,363,428
9691.04,358,426
9691.24,350,419
9691.44,355,420
9691.64,359,420
9691.84,366,421
9692.04,372,424
9692.24,376,427
9692.44,381,429
9692.64,385,431
9692.84,384,432
9693.04,374,430
9693.24,367,426
9693.44,360,423
9693.64,356,420
9693.84,357,419
9694.04,362,421
9694.24,366,423
9694.44,369,425
9694.64,374,427
9694.84,378,430
9695.04,383,432
9695.24,386,434
9695.44,376,427
9695.64,361,427
9695.84,353,420
9696.04,351,416
9696.24,354,417
9696.44,357,419
9696.64,361,421
9696.84,365,422
9697.04,369,424
9697.24,372,427
9697.44,376,429
9697.64,379,430
9697.84,382,432
9698.04,382,431
9698.24,368,424
9698.44,362,421
9698.64,354,418
9698.84,355,417
9699.04,358,419
9699.24,362,421
9699.44,366,422
9699.64,372,424
9699.84,375,427
9700.04,379,428
9700.24,383,430
9700.44,384,429
9700.64,374,426
9700.84,371,426
9701.04,355,419
9701.24,352,415
9701.44,356,418
9701.64,362,420
9701.84,368,421
9702.04,374,423
9702.24,379,426
9702.44,382,429
9702.64,386,431
9702.84,391,432
9703.04,391,433
9703.24,388,432
9703.44,377,427
9703.64,365,421
9703.84,358,418
9704.04,354,415
9704.24,351,412
9704.44,350,408
9704.64,350,413
9704.84,355,416
9705.04,361,418
9705.24,367,422
9705.44,371,424
9705.64,375,427
9705.84,376,428
9706.04,371,432
9706.24,372,432
9706.44,372,432
9706.64,358,425
9706.84,348,420
9707.04,348,420
9707.24,348,422
9707.44,350,423
9707.64,351,424
9707.84,352,424
9708.04,355,424
9708.24,358,426
9708.44,360,427
9708.64,363,428
9708.84,366,428
9709.04,370,430
9709.24,374,431
9709.44,378,432
9709.64,382,434
9709.84,386,435
9710.04,389,436
9710.24,391,437
9710.44,389,436
9710.64,384,434
9710.84,376,430
9711.04,367,427
9711.24,361,425
9711.44,354,421
9711.64,349,420
9711.84,349,420
9712.04,352,421
9712.24,357,423
9712.44,362,426
9712.64,368,428
9712.84,375,431
9713.04,381,433
9713.24,386,434
9713.44,389,436
9713.64,392,438
9713.84,375,429
9714.04,358,429
9714.24,349,423
9714.44,351,423
9714.64,354,426
9714.84,358,427
9715.04,362,428
9715.24,364,429
9715.44,367,430
9715.64,370,432
9715.84,372,433
9716.04,375,435
9716.24,377,435
9716.44,377,436
9716.64,368,429
9716.84,364,429
9717.04,355,424
9717.24,355,424
9717.44,356,425
9717.64,359,426
9717.84,362,428
9718.04,366,429
9718.24,370,431
9718.44,376,433
9718.64,382,436
9718.84,382,437
9719.04,378,435
9719.24,371,431
9719.44,364,428
9719.64,359,425
9719.84,353,422
9720.04,352,421
9720.24,353,421
9720.44,358,424
9720.64,364,427
9720.84,369,429
9721.04,372,430
9721.24,375,432
9721.44,379,434
9721.64,385,437
9721.84,364,437
9722.04,339,432
9722.24,325,422
9722.44,306,397
9722.64,294,379
9722.84,304,392
9723.04,336,429
9723.24,353,445
9723.44,352,430
9723.64,364,428
9723.84,368,432
9724.04,368,431
9724.24,362,427
9724.44,351,422
9724.64,346,420
9724.84,345,417
9725.04,348,420
9725.24,351,422
9725.44,355,424
9725.64,357,424
9725.84,359,425
9726.04,362,426
9726.24,365,427
9726.44,367,428
9726.64,370,430
9726.84,374,431
9727.04,375,431
9727.24,376,431
9727.44,374,431
9727.64,361,424
9727.84,346,421
9728.04,346,420
9728.24,350,423
9728.44,355,425
9728.64,359,427
9728.84,363,429
9729.04,366,430
9729.24,370,431
9729.44,372,433
9729.64,373,433
9729.84,366,426
9730.04,355,426
9730.24,349,422
9730.44,345,419
9730.64,347,420
9730.84,354,424
9731.04,364,428
9731.24,371,431
9731.44,375,433
9731.64,378,434
9731.84,380,435
9732.04,383,436
9732.24,380,434
9732.44,369,428
9732.64,355,422
9732.84,348,419
9733.04,352,422
9733.24,358,423
9733.44,364,424
9733.64,370,426
9733.84,375,429
9734.04,379,430
9734.24,383,432
9734.44,387,433
9734.64,390,434
9734.84,384,439
9735.04,355,433
9735.24,330,423
9735.44,309,402
9735.64,295,391
9735.84,289,377
9736.04,306,392
9736.24,344,423
9736.44,364,434
9736.64,364,431
9736.84,363,428
9737.04,358,426
9737.24,350,419
9737.44,355,420
9737.64,359,420
9737.84,366,421
9738.04,372,424
9738.24,376,427
9738.44,381,429
9738.64,385,431
9738.84,384,432
9739.04,374,430
9739.24,367,426
9739.44,360,423
9739.64,356,420
9739.84,357,419
9740.04,362,421
9740.24,366,423
9740.44,369,425
9740.64,374,427
9740.84,378,430
9741.04,383,432
9741.24,386,434
9741.44,376,427
9741.64,361,427
9741.84,353,420
9742.04,351,416
9742.24,354,417
9742.44,357,419
9742.64,361,421
9742.84,365,422
9743.04,369,424
9743.24,372,427
9743.44,376,429
9743.64,379,430
9743.84,382,432
9744.04,382,431
9744.24,368,424
9744.44,362,421
9744.64,354,418
9744.84,355,417
9745.04,358,419
9745.24,362,421
9745.44,366,422
9745.64,372,424
9745.84,375,427
9746.04,379,428
9746.24,383,430
9746.44,384,429
9746.64,374,426
9746.84,371,426
9747.04,355,419
9747.24,352,415
9747.44,356,418
9747.64,362,420
9747.84,368,421
9748.04,374,423
9748.24,379,426
9748.44,382,429
9748.64,386,431
9748.84,391,432
9749.04,391,433
9749.24,388,432
9749.44,377,427
9749.64,365,421
9749.84,358,418
9750.04,354,415
9750.24,351,412
9750.44,350,408
9750.64,350,413
9750.84,355,416
9751.04,361,418
9751.24,367,422
9751.44,371,424
9751.64,375,427
9751.84,376,428
9752.04,371,432
9752.24,372,432
9752.44,372,432
9752.64,358,425
9752.84,348,420
9753.04,348,420
9753.24,348,422
9753.44,350,423
9753.64,351,424
9753.84,352,424
9754.04,355,424
9754.24,358,426
9754.44,360,427
9754.64,363,428
9754.84,366,428
9755.04,370,430
9755.24,374,431
9755.44,378,432
9755.64,382,434
9755.84,386,435
9756.04,389,436
9756.24,391,437
9756.44,389,436
9756.64,384,434
9756.84,376,430
9757.04,367,427
9757.24,361,425
9757.44,354,421
9757.64,349,420
9757.84,349,420
9758.04,352,421
9758.24,357,423
9758.44,362,426
9758.64,368,428
9758.84,375,431
9759.04,381,433
9759.24,386,434
9759.44,389,436
9759.64,392,438
9759.84,375,429
9760.04,358,429
9760.24,349,423
9760.44,351,423
9760.64,354,426
9760.84,358,427
9761.04,362,428
9761.24,364,429
9761.44,367,430
9761.64,370,432
9761.84,372,433
9762.04,375,435
9762.24,377,435
9762.44,377,436
9762.64,368,429
9762.84,364,429
9763.04,355,424
9763.24,355,424
9763.44,356,425
9763.64,359,426
9763.84,362,428
9764.04,366,429
9764.24,370,431
9764.44,376,433
9764.64,382,436
9764.84,382,437
9765.04,378,435
9765.24,371,431
9765.44,364,428
9765.64,359,425
9765.84,353,422
9766.04,352,421
9766.24,353,421
9766.44,358,424
9766.64,364,427
9766.84,369,429
9767.04,372,430
9767.24,375,432
9767.44,379,434
9767.64,385,437
9767.84,364,437
9768.04,339,432
9768.24,325,422
9768.44,306,397
9768.64,294,379
9768.84,304,392
9769.04,336,429
9769.24,353,445
9769.44,352,430
9769.64,364,428
9769.84,368,432
9770.04,368,431
9770.24,362,427
9770.44,351,422
9770.64,346,420
9770.84,345,417
9771.04,348,420
9771.24,351,422
9771.44,355,424
9771.64,357,424
9771.84,359,425
9772.04,362,426
9772.24,365,427
9772.44,367,428
9772.64,370,430
9772.84,374,431
9773.04,375,431
9773.24,376,431
9773.44,374,431
9773.64,361,424
9773.84,346,421
9774.04,346,420
9774.24,350,423
9774.44,355,425
9774.64,359,427
9774.84,363,429
9775.04,366,430
9775.24,370,431
9775.44,372,433
9775.64,373,433
9775.84,366,426
9776.04,355,426
9776.24,349,422
9776.44,345,419
9776.64,347,420
9776.84,354,424
9777.04,364,428
9777.24,371,431
9777.44,375,433
9777.64,378,434
9777.84,380,435
9778.04,383,436
9778.24,380,434
9778.44,369,428
9778.64,355,422
9778.84,348,419
9779.04,352,422
9779.24,358,423
9779.44,364,424
9779.64,370,426
9779.84,375,429
9780.04,379,430
9780.24,383,432
9780.44,387,433
9780.64,390,434
9780.84,384,439
9781.04,355,433
9781.24,330,423
9781.44,309,402
9781.64,295,391
9781.84,289,377
9782.04,306,392
9782.24,344,423
9782.44,364,434
9782.64,364,431
9782.84,363,428
9783.04,358,426
9783.24,350,419
9783.44,355,420
9783.64,359,420
9783.84,366,421
9784.04,372,424
9784.24,376,427
9784.44,381,429
9784.64,385,431
9784.84,384,432
9785.04,374,430
9785.24,367,426
9785.44,360,423
9785.64,356,420
9785.84,357,419
9786.04,362,421
9786.24,366,423
9786.44,369,425
9786.64,374,427
9786.84,378,430
9787.04,383,432
9787.24,386,434
9787.44,376,427
9787.64,361,427
9787.84,353,420
9788.04,351,416
9788.24,354,417
9788.44,357,419
9788.64,361,421
9788.84,365,422
9789.04,369,424
9789.24,372,427
9789.44,376,429
9789.64,379,430
9789.84,382,432
9790.04,382,431
9790.24,368,424
9790.44,362,421
9790.64,354,418
9790.84,355,417
9791.04,358,419
9791.24,362,421
9791.44,366,422
9791.64,372,424
9791.84,375,427
9792.04,379,428
9792.24,383,430
9792.44,384,429
9792.64,374,426
9792.84,371,426
9793.04,355,419
9793.24,352,415
9793.44,356,418
9793.64,362,420
9793.84,368,421
9794.04,374,423
9794.24,379,426
9794.44,382,429
9794.64,386,431
9794.84,391,432
9795.04,391,433
9795.24,388,432
9795.44,377,427
9795.64,365,421
9795.84,358,418
9796.04,354,415
9796.24,351,412
9796.44,350,408
9796.64,350,413
9796.84,355,416
9797.04,361,418
9797.24,367,422
9797.44,371,424
9797.64,375,427
9797.84,376,428
9798.04,371,432
9798.24,372,432
9798.44,372,432
9798.64,358,425
9798.84,348,420
9799.04,348,420
9799.24,348,422
9799.44,350,423
9799.64,351,424
9799.84,352,424
9800.04,355,424
9800.24,358,426
9800.44,360,427
9800.64,363,428
9800.84,366,428
9801.04,370,430
9801.24,374,431
9801.44,378,432
9801.64,382,434
9801.84,386,435
9802.04,389,436
9802.24,391,437
9802.44,389,436
9802.64,384,434
9802.84,376,430
9803.04,367,427
9803.24,361,425
9803.44,354,421
9803.64,349,420
9803.84,349,420
9804.04,352,421
9804.24,357,423
9804.44,362,426
9804.64,368,428
9804.84,375,431
9805.04,381,433
9805.24,386,434
9805.44,389,436
9805.64,392,438
9805.84,375,429
9806.04,358,429
9806.24,349,423
9806.44,351,423
9806.64,354,426
9806.84,358,427
9807.04,362,428
9807.24,364,429
9807.44,367,430
9807.64,370,432
9807.84,372,433
9808.04,375,435
9808.24,377,435
9808.44,377,436
9808.64,368,429
9808.84,364,429
9809.04,355,424
9809.24,355,424
9809.44,356,425
9809.64,359,426
9809.84,362,428
9810.04,366,429
9810.24,370,431
9810.44,376,433
9810.64,382,436
9810.84,382,437
9811.04,378,435
9811.24,371,431
9811.44,364,428
9811.64,359,425
9811.84,353,422
9812.04,352,421
9812.24,353,421
9812.44,358,424
9812.64,364,427
9812.84,369,429
9813.04,372,430
9813.24,375,432
9813.44,379,434
9813.64,385,437
9813.84,364,437
9814.04,339,432
9814.24,325,422
9814.44,306,397
9814.64,294,379
9814.84,304,392
9815.04,336,429
9815.24,353,445
9815.44,352,430
9815.64,364,428
9815.84,368,432
9816.04,368,431
9816.24,362,427
9816.44,351,422
9816.64,346,420
9816.84,345,417
9817.04,348,420
9817.24,351,422
9817.44,355,424
9817.64,357,424
9817.84,359,425
9818.04,362,426
9818.24,365,427
9818.44,367,428
9818.64,370,430
9818.84,374,431
9819.04,375,431
9819.24,376,431
9819.44,374,431
9819.64,361,424
9819.84,346,421
9820.04,346,420
9820.24,350,423
9820.44,355,425
9820.64,359,427
9820.84,363,429
9821.04,366,430
9821.24,370,431
9821.44,372,433
9821.64,373,433
9821.84,366,426
9822.04,355,426
9822.24,349,422
9822.44,345,419
9822.64,347,420
9822.84,354,424
9823.04,364,428
9823.24,371,431
9823.44,375,433
9823.64,378,434
9823.84,380,435
9824.04,383,436
9824.24,380,434
9824.44,369,428
9824.64,355,422
9824.84,348,419
9825.04,352,422
9825.24,358,423
9825.44,364,424
9825.64,370,426
9825.84,375,429
9826.04,379,430
9826.24,383,432
9826.44,387,433
9826.64,390,434
9826.84,384,439
9827.04,355,433
9827.24,330,423
9827.44,309,402
9827.64,295,391
9827.84,289,377
9828.04,306,392
9828.24,344,423
9828.44,364,434
9828.64,364,431
9828.84,363,428
9829.04,358,426
9829.24,350,419
9829.44,355,420
9829.64,359,420
9829.84,366,421
9830.04,372,424
9830.24,376,427
9830.44,381,429
9830.64,385,431
9830.84,384,432
9831.04,374,430
9831.24,367,426
9831.44,360,423
9831.64,356,420
9831.84,357,419
9832.04,362,421
9832.24,366,423
9832.44,369,425
9832.64,374,427
9832.84,378,430
9833.04,383,432
9833.24,386,434
9833.44,376,427
9833.64,361,427
9833.84,353,420
9834.04,351,416
9834.24,354,417
9834.44,357,419
9834.64,361,421
9834.84,365,422
9835.04,369,424
9835.24,372,427
9835.44,376,429
9835.64,379,430
9835.84,382,432
9836.04,382,431
9836.24,368,424
9836.44,362,421
9836.64,354,418
9836.84,355,417
9837.04,358,419
9837.24,362,421
9837.44,366,422
9837.64,372,424
9837.84,375,427
9838.04,379,428
9838.24,383,430
9838.44,384,429
9838.64,374,426
9838.84,371,426
9839.04,355,419
9839.24,352,415
9839.44,356,418
9839.64,362,420
9839.84,368,421
9840.04,374,423
9840.24,379,426
9840.44,382,429
9840.64,386,431
9840.84,391,432
9841.04,391,433
9841.24,388,432
9841.44,377,427
9841.64,365,421
9841.84,358,418
9842.04,354,415
9842.24,351,412
9842.44,350,408
9842.64,350,413
9842.84,355,416
9843.04,361,418
9843.24,367,422
9843.44,371,424
9843.64,375,427
9843.84,376,428
9844.04,371,432
9844.24,372,432
9844.44,372,432
9844.64,358,425
9844.84,348,420
9845.04,348,420
9845.24,348,422
9845.44,350,423
9845.64,351,424
9845.84,352,424
9846.04,355,424
9846.24,358,426
9846.44,360,427
9846.64,363,428
9846.84,366,428
9847.04,370,430
9847.24,374,431
9847.44,378,432
9847.64,382,434
9847.84,386,435
9848.04,389,436
9848.24,391,437
9848.44,389,436
9848.64,384,434
9848.84,376,430
9849.04,367,427
9849.24,361,425
9849.44,354,421
9849.64,349,420
9849.84,349,420
9850.04,352,421
9850.24,357,423
9850.44,362,426
9850.64,368,428
9850.84,375,431
9851.04,381,433
9851.24,386,434
9851.44,389,436
9851.64,392,438
9851.84,375,429
9852.04,358,429
9852.24,349,423
9852.44,351,423
9852.64,354,426
9852.84,358,427
9853.04,362,428
9853.24,364,429
9853.44,367,430
9853.64,370,432
9853.84,372,433
9854.04,375,435
9854.24,377,435
9854.44,377,436
9854.64,368,429
9854.84,364,429
9855.04,355,424
9855.24,355,424
9855.44,356,425
9855.64,359,426
9855.84,362,428
9856.04,366,429
9856.24,370,431
9856.44,376,433
9856.64,382,436
9856.84,382,437
9857.04,378,435
9857.24,371,431
9857.44,364,428
9857.64,359,425
9857.84,353,422
9858.04,352,421
9858.24,353,421
9858.44,358,424
9858.64,364,427
9858.84,369,429
9859.04,372,430
9859.24,375,432
9859.44,379,434
9859.64,385,437
9859.84,364,437
9860.04,339,432
9860.24,325,422
9860.44,306,397
9860.64,294,379
9860.84,304,392
9861.04,336,429
9861.24,353,445
9861.44,352,430
9861.64,364,428
9861.84,368,432
9862.04,368,431
9862.24,362,427
9862.44,351,422
9862.64,346,420
9862.84,345,417
9863.04,348,420
9863.24,351,422
9863.44,355,424
9863.64,357,424
9863.84,359,425
9864.04,362,426
9864.24,365,427
9864.44,367,428
9864.64,370,430
9864.84,374,431
9865.04,375,431
9865.24,376,431
9865.44,374,431
9865.64,361,424
9865.84,346,421
9866.04,346,420
9866.24,350,423
9866.44,355,425
9866.64,359,427
9866.84,363,429
9867.04,366,430
9867.24,370,431
9867.44,372,433
9867.64,373,433
9867.84,366,426
9868.04,355,426
9868.24,349,422
9868.44,345,419
9868.64,347,420
9868.84,354,424
9869.04,364,428
9869.24,371,431
9869.44,375,433
9869.64,378,434
9869.84,380,435
9870.04,383,436
9870.24,380,434
9870.44,369,428
9870.64,355,422
9870.84,348,419
9871.04,352,422
9871.24,358,423
9871.44,364,424
9871.64,370,426
9871.84,375,429
9872.04,379,430
9872.24,383,432
9872.44,387,433
9872.64,390,434
9872.84,384,439
9873.04,355,433
9873.24,330,423
9873.44,309,402
9873.64,295,391
9873.84,289,377
9874.04,306,392
9874.24,344,423
9874.44,364,434
9874.64,364,431
9874.84,363,428
9875.04,358,426
9875.24,350,419
9875.44,355,420
9875.64,359,420
9875.84,366,421
9876.04,372,424
9876.24,376,427
9876.44,381,429
9876.64,385,431
9876.84,384,432
9877.04,374,430
9877.24,367,426
9877.44,360,423
9877.64,356,420
9877.84,357,419
9878.04,362,421
9878.24,366,423
9878.44,369,425
9878.64,374,427
9878.84,378,430
9879.04,383,432
9879.24,386,434
9879.44,376,427
9879.64,361,427
9879.84,353,420
9880.04,351,416
9880.24,354,417
9880.44,357,419
9880.64,361,421
9880.84,365,422
9881.04,369,424
9881.24,372,427
9881.44,376,429
9881.64,379,430
9881.84,382,432
9882.04,382,431
9882.24,368,424
9882.44,362,421
9882.64,354,418
9882.84,355,417
9883.04,358,419
9883.24,362,421
9883.44,366,422
9883.64,372,424
9883.84,375,427
9884.04,379,428
9884.24,383,430
9884.44,384,429
9884.64,374,426
9884.84,371,426
9885.04,355,419
9885.24,352,415
9885.44,356,418
9885.64,362,420
9885.84,368,421
9886.04,374,423
9886.24,379,426
9886.44,382,429
9886.64,386,431
9886.84,391,432
9887.04,391,433
9887.24,388,432
9887.44,377,427
9887.64,365,421
9887.84,358,418
9888.04,354,415
9888.24,351,412
9888.44,350,408
9888.64,350,413
9888.84,355,416
9889.04,361,418
9889.24,367,422
9889.44,371,424
9889.64,375,427
9889.84,376,428
9890.04,371,432
9890.24,372,432
9890.44,372,432
9890.64,358,425
9890.84,348,420
9891.04,348,420
9891.24,348,422
9891.44,350,423
9891.64,351,424
9891.84,352,424
9892.04,355,424
9892.24,358,426
9892.44,360,427
9892.64,363,428
9892.84,366,428
9893.04,370,430
9893.24,374,431
9893.44,378,432
9893.64,382,434
9893.84,386,435
9894.04,389,436
9894.24,391,437
9894.44,389,436
9894.64,384,434
9894.84,376,430
9895.04,367,427
9895.24,361,425
9895.44,354,421
9895.64,349,420
9895.84,349,420
9896.04,352,421
9896.24,357,423
9896.44,362,426
9896.64,368,428
9896.84,375,431
9897.04,381,433
9897.24,386,434
9897.44,389,436
9897.64,392,438
9897.84,375,429
9898.04,358,429
9898.24,349,423
9898.44,351,423
9898.64,354,426
9898.84,358,427
9899.04,362,428
9899.24,364,429
9899.44,367,430
9899.64,370,432
9899.84,372,433
9900.04,375,435
9900.24,377,435
9900.44,377,436
9900.64,368,429
9900.84,364,429
9901.04,355,424
9901.24,355,424
9901.44,356,425
9901.64,359,426
9901.84,362,428
9902.04,366,429
9902.24,370,431
9902.44,376,433
9902.64,382,436
9902.84,382,437
9903.04,378,435
9903.24,371,431
9903.44,364,428
9903.64,359,425
9903.84,353,422
9904.04,352,421
9904.24,353,421
9904.44,358,424
9904.64,364,427
9904.84,369,429
9905.04,372,430
9905.24,375,432
9905.44,379,434
9905.64,385,437
9905.84,364,437
9906.04,339,432
9906.24,325,422
9906.44,306,397
9906.64,294,379
9906.84,304,392
9907.04,336,429
9907.24,353,445
9907.44,352,430
9907.64,364,428
9907.84,368,432
9908.04,368,431
9908.24,362,427
9908.44,351,422
9908.64,346,420
9908.84,345,417
9909.04,348,420
9909.24,351,422
9909.44,355,424
9909.64,357,424
9909.84,359,425
9910.04,362,426
9910.24,365,427
9910.44,367,428
9910.64,370,430
9910.84,374,431
9911.04,375,431
9911.24,376,431
9911.44,374,431
9911.64,361,424
9911.84,346,421
9912.04,346,420
9912.24,350,423
9912.44,355,425
9912.64,359,427
9912.84,363,429
9913.04,366,430
9913.24,370,431
9913.44,372,433
9913.64,373,433
9913.84,366,426
9914.04,355,426
9914.24,349,422
9914.44,345,419
9914.64,347,420
9914.84,354,424
9915.04,364,428
9915.24,371,431
9915.44,375,433
9915.64,378,434
9915.84,380,435
9916.04,383,436
9916.24,380,434
9916.44,369,428
9916.64,355,422
9916.84,348,419
9917.04,352,422
9917.24,358,423
9917.44,364,424
9917.64,370,426
9917.84,375,429
9918.04,379,430
9918.24,383,432
9918.44,387,433
9918.64,390,434
9918.84,384,439
9919.04,355,433
9919.24,330,423
9919.44,309,402
9919.64,295,391
9919.84,289,377
9920.04,306,392
9920.24,344,423
9920.44,364,434
9920.64,364,431
9920.84,363,428
9921.04,358,426
9921.24,350,419
9921.44,355,420
9921.64,359,420
9921.84,366,421
9922.04,372,424
9922.24,376,427
9922.44,381,429
9922.64,385,431
9922.84,384,432
9923.04,374,430
9923.24,367,426
9923.44,360,423
9923.64,356,420
9923.84,357,419
9924.04,362,421
9924.24,366,423
9924.44,369,425
9924.64,374,427
9924.84,378,430
9925.04,383,432
9925.24,386,434
9925.44,376,427
9925.64,361,427
9925.84,353,420
9926.04,351,416
9926.24,354,417
9926.44,357,419
9926.64,361,421
9926.84,365,422
9927.04,369,424
9927.24,372,427
9927.44,376,429
9927.64,379,430
9927.84,382,432
9928.04,382,431
9928.24,368,424
9928.44,362,421
9928.64,354,418
9928.84,355,417
9929.04,358,419
9929.24,362,421
9929.44,366,422
9929.64,372,424
9929.84,375,427
9930.04,379,428
9930.24,383,430
9930.44,384,429
9930.64,374,426
9930.84,371,426
9931.04,355,419
9931.24,352,415
9931.44,356,418
9931.64,362,420
9931.84,368,421
9932.04,374,423
9932.24,379,426
9932.44,382,429
9932.64,386,431
9932.84,391,432
9933.04,391,433
9933.24,388,432
9933.44,377,427
9933.64,365,421
9933.84,358,418
9934.04,354,415
9934.24,351,412
9934.44,350,408
9934.64,350,413
9934.84,355,416
9935.04,361,418
9935.24,367,422
9935.44,371,424
9935.64,375,427
9935.84,376,428
9936.04,371,432
9936.24,372,432
9936.44,372,432
9936.64,358,425
9936.84,348,420
9937.04,348,420
9937.24,348,422
9937.44,350,423
9937.64,351,424
9937.84,352,424
9938.04,355,424
9938.24,358,426
9938.44,360,427
9938.64,363,428
9938.84,366,428
9939.04,370,430
9939.24,374,431
9939.44,378,432
9939.64,382,434
9939.84,386,435
9940.04,389,436
9940.24,391,437
9940.44,389,436
9940.64,384,434
9940.84,376,430
9941.04,367,427
9941.24,361,425
9941.44,354,421
9941.64,349,420
9941.84,349,420
9942.04,352,421
9942.24,357,423
9942.44,362,426
9942.64,368,428
9942.84,375,431
9943.04,381,433
9943.24,386,434
9943.44,389,436
9943.64,392,438
9943.84,375,429
9944.04,358,429
9944.24,349,423
9944.44,351,423
9944.64,354,426
9944.84,358,427
9945.04,362,428
9945.24,364,429
9945.44,367,430
9945.64,370,432
9945.84,372,433
9946.04,375,435
9946.24,377,435
9946.44,377,436
9946.64,368,429
9946.84,364,429
9947.04,355,424
9947.24,355,424
9947.44,356,425
9947.64,359,426
9947.84,362,428
9948.04,366,429
9948.24,370,431
9948.44,376,433
9948.64,382,436
9948.84,382,437
9949.04,378,435
9949.24,371,431
9949.44,364,428
9949.64,359,425
9949.84,353,422
9950.04,352,421
9950.24,353,421
9950.44,358,424
9950.64,364,427
9950.84,369,429
9951.04,372,430
9951.24,375,432
9951.44,379,434
9951.64,385,437
9951.84,364,437
9952.04,339,432
9952.24,325,422
9952.44,306,397
9952.64,294,379
9952.84,304,392
9953.04,336,429
9953.24,353,445
9953.44,352,430
9953.64,364,428
9953.84,368,432
9954.04,368,431
9954.24,362,427
9954.44,351,422
9954.64,346,420
9954.84,345,417
9955.04,348,420
9955.24,351,422
9955.44,355,424
9955.64,357,424
9955.84,359,425
9956.04,362,426
9956.24,365,427
9956.44,367,428
9956.64,370,430
9956.84,374,431
9957.04,375,431
9957.24,376,431
9957.44,374,431
9957.64,361,424
9957.84,346,421
9958.04,346,420
9958.24,350,423
9958.44,355,425
9958.64,359,427
9958.84,363,429
9959.04,366,430
9959.24,370,431
9959.44,372,433
9959.64,373,433
9959.84,366,426
9960.04,355,426
9960.24,349,422
9960.44,345,419
9960.64,347,420
9960.84,354,424
9961.04,364,428
9961.24,371,431
9961.44,375,433
9961.64,378,434
9961.84,380,435
9962.04,383,436
9962.24,380,434
9962.44,369,428
9962.64,355,422
9962.84,348,419
9963.04,352,422
9963.24,358,423
9963.44,364,424
9963.64,370,426
9963.84,375,429
9964.04,379,430
9964.24,383,432
9964.44,387,433
9964.64,390,434
9964.84,384,439
9965.04,355,433
9965.24,330,423
9965.44,309,402
9965.64,295,391
9965.84,289,377
9966.04,306,392
9966.24,344,423
9966.44,364,434
9966.64,364,431
9966.84,363,428
9967.04,358,426
9967.24,350,419
9967.44,355,420
9967.64,359,420
9967.84,366,421
9968.04,372,424
9968.24,376,427
9968.44,381,429
9968.64,385,431
9968.84,384,432
9969.04,374,430
9969.24,367,426
9969.44,360,423
9969.64,356,420
9969.84,357,419
9970.04,362,421
9970.24,366,423
9970.44,369,425
9970.64,374,427
9970.84,378,430
9971.04,383,432
9971.24,386,434
9971.44,376,427
9971.64,361,427
9971.84,353,420
9972.04,351,416
9972.24,354,417
9972.44,357,419
9972.64,361,421
9972.84,365,422
9973.04,369,424
9973.24,372,427
9973.44,376,429
9973.64,379,430
9973.84,382,432
9974.04,382,431
9974.24,368,424
9974.44,362,421
9974.64,354,418
9974.84,355,417
9975.04,358,419
9975.24,362,421
9975.44,366,422
9975.64,372,424
9975.84,375,427
9976.04,379,428
9976.24,383,430
9976.44,384,429
9976.64,374,426
9976.84,371,426
9977.04,355,419
9977.24,352,415
9977.44,356,418
9977.64,362,420
9977.84,368,421
9978.04,374,423
9978.24,379,426
9978.44,382,429
9978.64,386,431
9978.84,391,432
9979.04,391,433
9979.24,388,432
9979.44,377,427
9979.64,365,421
9979.84,358,418
9980.04,354,415
9980.24,351,412
9980.44,350,408
9980.64,350,413
9980.84,355,416
9981.04,361,418
9981.24,367,422
9981.44,371,424
9981.64,375,427
9981.84,376,428
9982.04,371,432
9982.24,372,432
9982.44,372,432
9982.64,358,425
9982.84,348,420
9983.04,348,420
9983.24,348,422
9983.44,350,423
9983.64,351,424
9983.84,352,424
9984.04,355,424
9984.24,358,426
9984.44,360,427
9984.64,363,428
9984.84,366,428
9985.04,370,430
9985.24,374,431
9985.44,378,432
9985.64,382,434
9985.84,386,435
9986.04,389,436
9986.24,391,437
9986.44,389,436
9986.64,384,434
9986.84,376,430
9987.04,367,427
9987.24,361,425
9987.44,354,421
9987.64,349,420
9987.84,349,420
9988.04,352,421
9988.24,357,423
9988.44,362,426
9988.64,368,428
9988.84,375,431
9989.04,381,433
9989.24,386,434
9989.44,389,436
9989.64,392,438
9989.84,375,429
9990.04,358,429
9990.24,349,423
9990.44,351,423
9990.64,354,426
9990.84,358,427
9991.04,362,428
9991.24,364,429
9991.44,367,430
9991.64,370,432
9991.84,372,433
9992.04,375,435
9992.24,377,435
9992.44,377,436
9992.64,368,429
9992.84,364,429
9993.04,355,424
9993.24,355,424
9993.44,356,425
9993.64,359,426
9993.84,362,428
9994.04,366,429
9994.24,370,431
9994.44,376,433
9994.64,382,436
9994.84,382,437
9995.04,378,435
9995.24,371,431
9995.44,364,428
9995.64,359,425
9995.84,353,422
9996.04,352,421
9996.24,353,421
9996.44,358,424
9996.64,364,427
9996.84,369,429
9997.04,372,430
9997.24,375,432
9997.44,379,434
9997.64,385,437
9997.84,364,437
9998.04,339,432
9998.24,325,422
9998.44,306,397
9998.64,294,379
9998.84,304,392
9999.04,336,429
9999.24,353,445
9999.44,352,430
9999.64,364,428
9999.84,368,432
10000.04,368,431
10000.24,362,427
10000.44,351,422
10000.64,346,420
10000.84,345,417
10001.04,348,420
10001.24,351,422
10001.44,355,424
10001.64,357,424
10001.84,359,425
10002.04,362,426
10002.24,365,427
10002.44,367,428
10002.64,370,430
10002.84,374,431
10003.04,375,431
10003.24,376,431
10003.44,374,431
10003.64,361,424
10003.84,346,421
10004.04,346,420
10004.24,350,423
10004.44,355,425
10004.64,359,427
10004.84,363,429
10005.04,366,430
10005.24,370,431
10005.44,372,433
10005.64,373,433
10005.84,366,426
10006.04,355,426
10006.24,349,422
10006.44,345,419
10006.64,347,420
10006.84,354,424
10007.04,364,428
10007.24,371,431
10007.44,375,433
10007.64,378,434
10007.84,380,435
10008.04,383,436
10008.24,380,434
10008.44,369,428
10008.64,355,422
10008.84,348,419
10009.04,352,422
10009.24,358,423
10009.44,364,424
10009.64,370,426
10009.84,375,429
10010.04,379,430
10010.24,383,432
10010.44,387,433
10010.64,390,434
10010.84,384,439
10011.04,355,433
10011.24,330,423
10011.44,309,402
10011.64,295,391
10011.84,289,377
10012.04,306,392
10012.24,344,423
10012.44,364,434
10012.64,364,431
10012.84,363,428
10013.04,358,426
10013.24,350,419
10013.44,355,420
10013.64,359,420
10013.84,366,421
10014.04,372,424
10014.24,376,427
10014.44,381,429
10014.64,385,431
10014.84,384,432
10015.04,374,430
10015.24,367,426
10015.44,360,423
10015.64,356,420
10015.84,357,419
10016.04,362,421
10016.24,366,423
10016.44,369,425
10016.64,374,427
10016.84,378,430
10017.04,383,432
10017.24,386,434
10017.44,376,427
10017.64,361,427
10017.84,353,420
10018.04,351,416
10018.24,354,417
10018.44,357,419
10018.64,361,421
10018.84,365,422
10019.04,369,424
10019.24,372,427
10019.44,376,429
10019.64,379,430
10019.84,382,432
10020.04,382,431
10020.24,368,424
10020.44,362,421
10020.64,354,418
10020.84,355,417
10021.04,358,419
10021.24,362,421
10021.44,366,422
10021.64,372,424
10021.84,375,427
10022.04,379,428
10022.24,383,430
10022.44,384,429
10022.64,374,426
10022.84,371,426
10023.04,355,419
10023.24,352,415
10023.44,356,418
10023.64,362,420
10023.84,368,421
10024.04,374,423
10024.24,379,426
10024.44,382,429
10024.64,386,431
10024.84,391,432
10025.04,391,433
10025.24,388,432
10025.44,377,427
10025.64,365,421
10025.84,358,418
10026.04,354,415
10026.24,351,412
10026.44,350,408
10026.64,350,413
10026.84,355,416
10027.04,361,418
10027.24,367,422
10027.44,371,424
10027.64,375,427
10027.84,376,428
10028.04,371,432
10028.24,372,432
10028.44,372,432
10028.64,358,425
10028.84,348,420
10029.04,348,420
10029.24,348,422
10029.44,350,423
10029.64,351,424
10029.84,352,424
10030.04,355,424
10030.24,358,426
10030.44,360,427
10030.64,363,428
10030.84,366,428
10031.04,370,430
10031.24,374,431
10031.44,378,432
10031.64,382,434
10031.84,386,435
10032.04,389,436
10032.24,391,437
10032.44,389,436
10032.64,384,434
10032.84,376,430
10033.04,367,427
10033.24,361,425
10033.44,354,421
10033.64,349,420
10033.84,349,420
10034.04,352,421
10034.24,357,423
10034.44,362,426
10034.64,368,428
10034.84,375,431
10035.04,381,433
10035.24,386,434
10035.44,389,436
10035.64,392,438
10035.84,375,429
10036.04,358,429
10036.24,349,423
10036.44,351,423
10036.64,354,426
10036.84,358,427
10037.04,362,428
10037.24,364,429
10037.44,367,430
10037.64,370,432
10037.84,372,433
10038.04,375,435
10038.24,377,435
10038.44,377,436
10038.64,368,429
10038.84,364,429
10039.04,355,424
10039.24,355,424
10039.44,356,425
10039.64,359,426
10039.84,362,428
10040.04,366,429
10040.24,370,431
10040.44,376,433
10040.64,382,436
10040.84,382,437
10041.04,378,435
10041.24,371,431
10041.44,364,428
10041.64,359,425
10041.84,353,422
10042.04,352,421
10042.24,353,421
10042.44,358,424
10042.64,364,427
10042.84,369,429
10043.04,372,430
10043.24,375,432
10043.44,379,434
10043.64,385,437
10043.84,364,437
10044.04,339,432
10044.24,325,422
10044.44,306,397
10044.64,294,379
10044.84,304,392
10045.04,336,429
10045.24,353,445
10045.44,352,430
10045.64,364,428
10045.84,368,432
10046.04,368,431
10046.24,362,427
10046.44,351,422
10046.64,346,420
10046.84,345,417
10047.04,348,420
10047.24,351,422
10047.44,355,424
10047.64,357,424
10047.84,359,425
10048.04,362,426
10048.24,365,427
10048.44,367,428
10048.64,370,430
10048.84,374,431
10049.04,375,431
10049.24,376,431
10049.44,374,431
10049.64,361,424
10049.84,346,421
10050.04,346,420
10050.24,350,423
10050.44,355,425
10050.64,359,427
10050.84,363,429
10051.04,366,430
10051.24,370,431
10051.44,372,433
10051.64,373,433
10051.84,366,426
10052.04,355,426
10052.24,349,422
10052.44,345,419
10052.64,347,420
10052.84,354,424
10053.04,364,428
10053.24,371,431
10053.44,375,433
10053.64,378,434
10053.84,380,435
10054.04,383,436
10054.24,380,434
10054.44,369,428
10054.64,355,422
10054.84,348,419
10055.04,352,422
10055.24,358,423
10055.44,364,424
10055.64,370,426
10055.84,375,429
10056.04,379,430
10056.24,383,432
10056.44,387,433
10056.64,390,434
10056.84,384,439
10057.04,355,433
10057.24,330,423
10057.44,309,402
10057.64,295,391
10057.84,289,377
10058.04,306,392
10058.24,344,423
10058.44,364,434
10058.64,364,431
10058.84,363,428
10059.04,358,426
10059.24,350,419
10059.44,355,420
10059.64,359,420
10059.84,366,421
10060.04,372,424
10060.24,376,427
10060.44,381,429
10060.64,385,431
10060.84,384,432
10061.04,374,430
10061.24,367,426
10061.44,360,423
10061.64,356,420
10061.84,357,419
10062.04,362,421
10062.24,366,423
10062.44,369,425
10062.64,374,427
10062.84,378,430
10063.04,383,432
10063.24,386,434
10063.44,376,427
10063.64,361,427
10063.84,353,420
10064.04,351,416
10064.24,354,417
10064.44,357,419
10064.64,361,421
10064.84,365,422
10065.04,369,424
10065.24,372,427
10065.44,376,429
10065.64,379,430
10065.84,382,432
10066.04,382,431
10066.24,368,424
10066.44,362,421
10066.64,354,418
10066.84,355,417
10067.04,358,419
10067.24,362,421
10067.44,366,422
10067.64,372,424
10067.84,375,427
10068.04,379,428
10068.24,383,430
10068.44,384,429
10068.64,374,426
10068.84,371,426
10069.04,355,419
10069.24,352,415
10069.44,356,418
10069.64,362,420
10069.84,368,421
10070.04,374,423
10070.24,379,426
10070.44,382,429
10070.64,386,431
10070.84,391,432
10071.04,391,433
10071.24,388,432
10071.44,377,427
10071.64,365,421
10071.84,358,418
10072.04,354,415
10072.24,351,412
10072.44,350,408
10072.64,350,413
10072.84,355,416
10073.04,361,418
10073.24,367,422
10073.44,371,424
10073.64,375,427
10073.84,376,428
10074.04,371,432
10074.24,372,432
10074.44,372,432
10074.64,358,425
10074.84,348,420
10075.04,348,420
10075.24,348,422
10075.44,350,423
10075.64,351,424
10075.84,352,424
10076.04,355,424
10076.24,358,426
10076.44,360,427
10076.64,363,428
10076.84,366,428
10077.04,370,430
10077.24,374,431
10077.44,378,432
10077.64,382,434
10077.84,386,435
10078.04,389,436
10078.24,391,437
10078.44,389,436
10078.64,384,434
10078.84,376,430
10079.04,367,427
10079.24,361,425
10079.44,354,421
10079.64,349,420
10079.84,349,420
10080.04,352,421
10080.24,357,423
10080.44,362,426
10080.64,368,428
10080.84,375,431
10081.04,381,433
10081.24,386,434
10081.44,389,436
10081.64,392,438
10081.84,375,429
10082.04,358,429
10082.24,349,423
10082.44,351,423
10082.64,354,426
10082.84,358,427
10083.04,362,428
10083.24,364,429
10083.44,367,430
10083.64,370,432
10083.84,372,433
10084.04,375,435
10084.24,377,435
10084.44,377,436
10084.64,368,429
10084.84,364,429
10085.04,355,424
10085.24,355,424
10085.44,356,425
10085.64,359,426
10085.84,362,428
10086.04,366,429
10086.24,370,431
10086.44,376,433
10086.64,382,436
10086.84,382,437
10087.04,378,435
10087.24,371,431
10087.44,364,428
10087.64,359,425
10087.84,353,422
10088.04,352,421
10088.24,353,421
10088.44,358,424
10088.64,364,427
10088.84,369,429
10089.04,372,430
10089.24,375,432
10089.44,379,434
10089.64,385,437
10089.84,364,437
10090.04,339,432
10090.24,325,422
10090.44,306,397
10090.64,294,379
10090.84,304,392
10091.04,336,429
10091.24,353,445
10091.44,352,430
10091.64,364,428
10091.84,368,432
10092.04,368,431
10092.24,362,427
10092.44,351,422
10092.64,346,420
10092.84,345,417
10093.04,348,420
10093.24,351,422
10093.44,355,424
10093.64,357,424
10093.84,359,425
10094.04,362,426
10094.24,365,427
10094.44,367,428
10094.64,370,430
10094.84,374,431
10095.04,375,431
10095.24,376,431
10095.44,374,431
10095.64,361,424
10095.84,346,421
10096.04,346,420
10096.24,350,423
10096.44,355,425
10096.64,359,427
10096.84,363,429
10097.04,366,430
10097.24,370,431
10097.44,372,433
10097.64,373,433
10097.84,366,426
10098.04,355,426
10098.24,349,422
10098.44,345,419
10098.64,347,420
10098.84,354,424
10099.04,364,428
10099.24,371,431
10099.44,375,433
10099.64,378,434
10099.84,380,435
10100.04,383,436
10100.24,380,434
10100.44,369,428
10100.64,355,422
10100.84,348,419
10101.04,352,422
10101.24,358,423
10101.44,364,424
10101.64,370,426
10101.84,375,429
10102.04,379,430
10102.24,383,432
10102.44,387,433
10102.64,390,434
10102.84,384,439
10103.04,355,433
10103.24,330,423
10103.44,309,402
10103.64,295,391
10103.84,289,377
10104.04,306,392
10104.24,344,423
10104.44,364,434
10104.64,364,431
10104.84,363,428
10105.04,358,426
10105.24,350,419
10105.44,355,420
10105.64,359,420
10105.84,366,421
10106.04,372,424
10106.24,376,427
10106.44,381,429
10106.64,385,431
10106.84,384,432
10107.04,374,430
10107.24,367,426
10107.44,360,423
10107.64,356,420
10107.84,357,419
10108.04,362,421
10108.24,366,423
10108.44,369,425
10108.64,374,427
10108.84,378,430
10109.04,383,432
10109.24,386,434
10109.44,376,427
10109.64,361,427
10109.84,353,420
10110.04,351,416
10110.24,354,417
10110.44,357,419
10110.64,361,421
10110.84,365,422
10111.04,369,424
10111.24,372,427
10111.44,376,429
10111.64,379,430
10111.84,382,432
10112.04,382,431
10112.24,368,424
10112.44,362,421
10112.64,354,418
10112.84,355,417
10113.04,358,419
10113.24,362,421
10113.44,366,422
10113.64,372,424
10113.84,375,427
10114.04,379,428
10114.24,383,430
10114.44,384,429
10114.64,374,426
10114.84,371,426
10115.04,355,419
10115.24,352,415
10115.44,356,418
10115.64,362,420
10115.84,368,421
10116.04,374,423
10116.24,379,426
10116.44,382,429
10116.64,386,431
10116.84,391,432
10117.04,391,433
10117.24,388,432
10117.44,377,427
10117.64,365,421
10117.84,358,418
10118.04,354,415
10118.24,351,412
10118.44,350,408
10118.64,350,413
10118.84,355,416
10119.04,361,418
10119.24,367,422
10119.44,371,424
10119.64,375,427
10119.84,376,428
10120.04,371,432
10120.24,372,432
10120.44,372,432
10120.64,358,425
10120.84,348,420
10121.04,348,420
10121.24,348,422
10121.44,350,423
10121.64,351,424
10121.84,352,424
10122.04,355,424
10122.24,358,426
10122.44,360,427
10122.64,363,428
10122.84,366,428
10123.04,370,430
10123.24,374,431
10123.44,378,432
10123.64,382,434
10123.84,386,435
10124.04,389,436
10124.24,391,437
10124.44,389,436
10124.64,384,434
10124.84,376,430
10125.04,367,427
10125.24,361,425
10125.44,354,421
10125.64,349,420
10125.84,349,420
10126.04,352,421
10126.24,357,423
10126.44,362,426
10126.64,368,428
10126.84,375,431
10127.04,381,433
10127.24,386,434
10127.44,389,436
10127.64,392,438
10127.84,375,429
10128.04,358,429
10128.24,349,423
10128.44,351,423
10128.64,354,426
10128.84,358,427
10129.04,362,428
10129.24,364,429
10129.44,367,430
10129.64,370,432
10129.84,372,433
10130.04,375,435
10130.24,377,435
10130.44,377,436
10130.64,368,429
10130.84,364,429
10131.04,355,424
10131.24,355,424
10131.44,356,425
10131.64,359,426
10131.84,362,428
10132.04,366,429
10132.24,370,431
10132.44,376,433
10132.64,382,436
10132.84,382,437
10133.04,378,435
10133.24,371,431
10133.44,364,428
10133.64,359,425
10133.84,353,422
10134.04,352,421
10134.24,353,421
10134.44,358,424
10134.64,364,427
10134.84,369,429
10135.04,372,430
10135.24,375,432
10135.44,379,434
10135.64,385,437
10135.84,364,437
10136.04,339,432
10136.24,325,422
10136.44,306,397
10136.64,294,379
10136.84,304,392
10137.04,336,429
10137.24,353,445
10137.44,352,430
10137.64,364,428
10137.84,368,432
10138.04,368,431
10138.24,362,427
10138.44,351,422
10138.64,346,420
10138.84,345,417
10139.04,348,420
10139.24,351,422
10139.44,355,424
10139.64,357,424
10139.84,359,425
10140.04,362,426
10140.24,365,427
10140.44,367,428
10140.64,370,430
10140.84,374,431
10141.04,375,431
10141.24,376,431
10141.44,374,431
10141.64,361,424
10141.84,346,421
10142.04,346,420
10142.24,350,423
10142.44,355,425
10142.64,359,427
10142.84,363,429
10143.04,366,430
10143.24,370,431
10143.44,372,433
10143.64,373,433
10143.84,366,426
10144.04,355,426
10144.24,349,422
10144.44,345,419
10144.64,347,420
10144.84,354,424
10145.04,364,428
10145.24,371,431
10145.44,375,433
10145.64,378,434
10145.84,380,435
10146.04,383,436
10146.24,380,434
10146.44,369,428
10146.64,355,422
10146.84,348,419
10147.04,352,422
10147.24,358,423
10147.44,364,424
10147.64,370,426
10147.84,375,429
10148.04,379,430
10148.24,383,432
10148.44,387,433
10148.64,390,434
10148.84,384,439
10149.04,355,433
10149.24,330,423
10149.44,309,402
10149.64,295,391
10149.84,289,377
10150.04,306,392
10150.24,344,423
10150.44,364,434
10150.64,364,431
10150.84,363,428
10151.04,358,426
10151.24,350,419
10151.44,355,420
10151.64,359,420
10151.84,366,421
10152.04,372,424
10152.24,376,427
10152.44,381,429
10152.64,385,431
10152.84,384,432
10153.04,374,430
10153.24,367,426
10153.44,360,423
10153.64,356,420
10153.84,357,419
10154.04,362,421
10154.24,366,423
10154.44,369,425
10154.64,374,427
10154.84,378,430
10155.04,383,432
10155.24,386,434
10155.44,376,427
10155.64,361,427
10155.84,353,420
10156.04,351,416
10156.24,354,417
10156.44,357,419
10156.64,361,421
10156.84,365,422
10157.04,369,424
10157.24,372,427
10157.44,376,429
10157.64,379,430
10157.84,382,432
10158.04,382,431
10158.24,368,424
10158.44,362,421
10158.64,354,418
10158.84,355,417
10159.04,358,419
10159.24,362,421
10159.44,366,422
10159.64,372,424
10159.84,375,427
10160.04,379,428
10160.24,383,430
10160.44,384,429
10160.64,374,426
10160.84,371,426
10161.04,355,419
10161.24,352,415
10161.44,356,418
10161.64,362,420
10161.84,368,421
10162.04,374,423
10162.24,379,426
10162.44,382,429
10162.64,386,431
10162.84,391,432
10163.04,391,433
10163.24,388,432
10163.44,377,427
10163.64,365,421
10163.84,358,418
10164.04,354,415
10164.24,351,412
10164.44,350,408
10164.64,350,413
10164.84,355,416
10165.04,361,418
10165.24,367,422
10165.44,371,424
10165.64,375,427
10165.84,376,428
10166.04,371,432
10166.24,372,432
10166.44,372,432
10166.64,358,425
10166.84,348,420
10167.04,348,420
10167.24,348,422
10167.44,350,423
10167.64,351,424
10167.84,352,424
10168.04,355,424
10168.24,358,426
10168.44,360,427
10168.64,363,428
10168.84,366,428
10169.04,370,430
10169.24,374,431
10169.44,378,432
10169.64,382,434
10169.84,386,435
10170.04,389,436
10170.24,391,437
10170.44,389,436
10170.64,384,434
10170.84,376,430
10171.04,367,427
10171.24,361,425
10171.44,354,421
10171.64,349,420
10171.84,349,420
10172.04,352,421
10172.24,357,423
10172.44,362,426
10172.64,368,428
10172.84,375,431
10173.04,381,433
10173.24,386,434
10173.44,389,436
10173.64,392,438
10173.84,375,429
10174.04,358,429
10174.24,349,423
10174.44,351,423
10174.64,354,426
10174.84,358,427
10175.04,362,428
10175.24,364,429
10175.44,367,430
10175.64,370,432
10175.84,372,433
10176.04,375,435
10176.24,377,435
10176.44,377,436
10176.64,368,429
10176.84,364,429
10177.04,355,424
10177.24,355,424
10177.44,356,425
10177.64,359,426
10177.84,362,428
10178.04,366,429
10178.24,370,431
10178.44,376,433
10178.64,382,436
10178.84,382,437
10179.04,378,435
10179.24,371,431
10179.44,364,428
10179.64,359,425
10179.84,353,422
10180.04,352,421
10180.24,353,421
10180.44,358,424
10180.64,364,427
10180.84,369,429
10181.04,372,430
10181.24,375,432
10181.44,379,434
10181.64,385,437
10181.84,364,437
10182.04,339,432
10182.24,325,422
10182.44,306,397
10182.64,294,379
10182.84,304,392
10183.04,336,429
10183.24,353,445
10183.44,352,430
10183.64,364,428
10183.84,368,432
10184.04,368,431
10184.24,362,427
10184.44,351,422
10184.64,346,420
10184.84,345,417
10185.04,348,420
10185.24,351,422
10185.44,355,424
10185.64,357,424
10185.84,359,425
10186.04,362,426
10186.24,365,427
10186.44,367,428
10186.64,370,430
10186.84,374,431
10187.04,375,431
10187.24,376,431
10187.44,374,431
10187.64,361,424
10187.84,346,421
10188.04,346,420
10188.24,350,423
10188.44,355,425
10188.64,359,427
10188.84,363,429
10189.04,366,430
10189.24,370,431
10189.44,372,433
10189.64,373,433
10189.84,366,426
10190.04,355,426
10190.24,349,422
10190.44,345,419
10190.64,347,420
10190.84,354,424
10191.04,364,428
10191.24,371,431
10191.44,375,433
10191.64,378,434
10191.84,380,435
10192.04,383,436
10192.24,380,434
10192.44,369,428
10192.64,355,422
10192.84,348,419
10193.04,352,422
10193.24,358,423
10193.44,364,424
10193.64,370,426
10193.84,375,429
10194.04,379,430
10194.24,383,432
10194.44,387,433
10194.64,390,434
10194.84,384,439
10195.04,355,433
10195.24,330,423
10195.44,309,402
10195.64,295,391
10195.84,289,377
10196.04,306,392
10196.24,344,423
10196.44,364,434
10196.64,364,431
10196.84,363,428
10197.04,358,426
10197.24,350,419
10197.44,355,420
10197.64,359,420
10197.84,366,421
10198.04,372,424
10198.24,376,427
10198.44,381,429
10198.64,385,431
10198.84,384,432
10199.04,374,430
10199.24,367,426
10199.44,360,423
10199.64,356,420
10199.84,357,419
10200.04,362,421
10200.24,366,423
10200.44,369,425
10200.64,374,427
10200.84,378,430
10201.04,383,432
10201.24,386,434
10201.44,376,427
10201.64,361,427
10201.84,353,420
10202.04,351,416
10202.24,354,417
10202.44,357,419
10202.64,361,421
10202.84,365,422
10203.04,369,424
10203.24,372,427
10203.44,376,429
10203.64,379,430
10203.84,382,432
10204.04,382,431
10204.24,368,424
10204.44,362,421
10204.64,354,418
10204.84,355,417
10205.04,358,419
10205.24,362,421
10205.44,366,422
10205.64,372,424
10205.84,375,427
10206.04,379,428
10206.24,383,430
10206.44,384,429
10206.64,374,426
10206.84,371,426
10207.04,355,419
10207.24,352,415
10207.44,356,418
10207.64,362,420
10207.84,368,421
10208.04,374,423
10208.24,379,426
10208.44,382,429
10208.64,386,431
10208.84,391,432
10209.04,391,433
10209.24,388,432
10209.44,377,427
10209.64,365,421
10209.84,358,418
10210.04,354,415
10210.24,351,412
10210.44,350,408
10210.64,350,413
10210.84,355,416
10211.04,361,418
10211.24,367,422
10211.44,371,424
10211.64,375,427
10211.84,376,428
10212.04,371,432
10212.24,372,432
10212.44,372,432
10212.64,358,425
10212.84,348,420
10213.04,348,420
10213.24,348,422
10213.44,350,423
10213.64,351,424
10213.84,352,424
10214.04,355,424
10214.24,358,426
10214.44,360,427
10214.64,363,428
10214.84,366,428
10215.04,370,430
10215.24,374,431
10215.44,378,432
10215.64,382,434
10215.84,386,435
10216.04,389,436
10216.24,391,437
10216.44,389,436
10216.64,384,434
10216.84,376,430
10217.04,367,427
10217.24,361,425
10217.44,354,421
10217.64,349,420
10217.84,349,420
10218.04,352,421
10218.24,357,423
10218.44,362,426
10218.64,368,428
10218.84,375,431
10219.04,381,433
10219.24,386,434
10219.44,389,436
10219.64,392,438
10219.84,375,429
10220.04,358,429
10220.24,349,423
10220.44,351,423
10220.64,354,426
10220.84,358,427
10221.04,362,428
10221.24,364,429
10221.44,367,430
10221.64,370,432
10221.84,372,433
10222.04,375,435
10222.24,377,435
10222.44,377,436
10222.64,368,429
10222.84,364,429
10223.04,355,424
10223.24,355,424
10223.44,356,425
10223.64,359,426
10223.84,362,428
10224.04,366,429
10224.24,370,431
10224.44,376,433
10224.64,382,436
10224.84,382,437
10225.04,378,435
10225.24,371,431
10225.44,364,428
10225.64,359,425
10225.84,353,422
10226.04,352,421
10226.24,353,421
10226.44,358,424
10226.64,364,427
10226.84,369,429
10227.04,372,430
10227.24,375,432
10227.44,379,434
10227.64,385,437
10227.84,364,437
10228.04,339,432
10228.24,325,422
10228.44,306,397
10228.64,294,379
10228.84,304,392
10229.04,336,429
10229.24,353,445
10229.44,352,430
10229.64,364,428
10229.84,368,432
10230.04,368,431
10230.24,362,427
10230.44,351,422
10230.64,346,420
10230.84,345,417
10231.04,348,420
10231.24,351,422
10231.44,355,424
10231.64,357,424
10231.84,359,425
10232.04,362,426
10232.24,365,427
10232.44,367,428
10232.64,370,430
10232.84,374,431
10233.04,375,431
10233.24,376,431
10233.44,374,431
10233.64,361,424
10233.84,346,421
10234.04,346,420
10234.24,350,423
10234.44,355,425
10234.64,359,427
10234.84,363,429
10235.04,366,430
10235.24,370,431
10235.44,372,433
10235.64,373,433
10235.84,366,426
10236.04,355,426
10236.24,349,422
10236.44,345,419
10236.64,347,420
10236.84,354,424
10237.04,364,428
10237.24,371,431
10237.44,375,433
10237.64,378,434
10237.84,380,435
10238.04,383,436
10238.24,380,434
10238.44,369,428
10238.64,355,422
10238.84,348,419
10239.04,352,422
10239.24,358,423
10239.44,364,424
10239.64,370,426
10239.84,375,429
10240.04,379,430
10240.24,383,432
10240.44,387,433
10240.64,390,434
10240.84,384,439
10241.04,355,433
10241.24,330,423
10241.44,309,402
10241.64,295,391
10241.84,289,377
10242.04,306,392
10242.24,344,423
10242.44,364,434
10242.64,364,431
10242.84,363,428
10243.04,358,426
10243.24,350,419
10243.44,355,420
10243.64,359,420
10243.84,366,421
10244.04,372,424
10244.24,376,427
10244.44,381,429
10244.64,385,431
10244.84,384,432
10245.04,374,430
10245.24,367,426
10245.44,360,423
10245.64,356,420
10245.84,357,419
10246.04,362,421
10246.24,366,423
10246.44,369,425
10246.64,374,427
10246.84,378,430
10247.04,383,432
10247.24,386,434
10247.44,376,427
10247.64,361,427
10247.84,353,420
10248.04,351,416
10248.24,354,417
10248.44,357,419
10248.64,361,421
10248.84,365,422
10249.04,369,424
10249.24,372,427
10249.44,376,429
10249.64,379,430
10249.84,382,432
10250.04,382,431
10250.24,368,424
10250.44,362,421
10250.64,354,418
10250.84,355,417
10251.04,358,419
10251.24,362,421
10251.44,366,422
10251.64,372,424
10251.84,375,427
10252.04,379,428
10252.24,383,430
10252.44,384,429
10252.64,374,426
10252.84,371,426
10253.04,355,419
10253.24,352,415
10253.44,356,418
10253.64,362,420
10253.84,368,421
10254.04,374,423
10254.24,379,426
10254.44,382,429
10254.64,386,431
10254.84,391,432
10255.04,391,433
10255.24,388,432
10255.44,377,427
10255.64,365,421
10255.84,358,418
10256.04,354,415
10256.24,351,412
10256.44,350,408
10256.64,350,413
10256.84,355,416
10257.04,361,418
10257.24,367,422
10257.44,371,424
10257.64,375,427
10257.84,376,428
10258.04,371,432
10258.24,372,432
10258.44,372,432
10258.64,358,425
10258.84,348,420
10259.04,348,420
10259.24,348,422
10259.44,350,423
10259.64,351,424
10259.84,352,424
10260.04,355,424
10260.24,358,426
10260.44,360,427
10260.64,363,428
10260.84,366,428
10261.04,370,430
10261.24,374,431
10261.44,378,432
10261.64,382,434
10261.84,386,435
10262.04,389,436
10262.24,391,437
10262.44,389,436
10262.64,384,434
10262.84,376,430
10263.04,367,427
10263.24,361,425
10263.44,354,421
10263.64,349,420
10263.84,349,420
10264.04,352,421
10264.24,357,423
10264.44,362,426
10264.64,368,428
10264.84,375,431
10265.04,381,433
10265.24,386,434
10265.44,389,436
10265.64,392,438
10265.84,375,429
10266.04,358,429
10266.24,349,423
10266.44,351,423
10266.64,354,426
10266.84,358,427
10267.04,362,428
10267.24,364,429
10267.44,367,430
10267.64,370,432
10267.84,372,433
10268.04,375,435
10268.24,377,435
10268.44,377,436
10268.64,368,429
10268.84,364,429
10269.04,355,424
10269.24,355,424
10269.44,356,425
10269.64,359,426
10269.84,362,428
10270.04,366,429
10270.24,370,431
10270.44,376,433
10270.64,382,436
10270.84,382,437
10271.04,378,435
10271.24,371,431
10271.44,364,428
10271.64,359,425
10271.84,353,422
10272.04,352,421
10272.24,353,421
10272.44,358,424
10272.64,364,427
10272.84,369,429
10273.04,372,430
10273.24,375,432
10273.44,379,434
10273.64,385,437
10273.84,364,437
10274.04,339,432
10274.24,325,422
10274.44,306,397
10274.64,294,379
10274.84,304,392
10275.04,336,429
10275.24,353,445
10275.44,352,430
10275.64,364,428
10275.84,368,432
10276.04,368,431
10276.24,362,427
10276.44,351,422
10276.64,346,420
10276.84,345,417
10277.04,348,420
10277.24,351,422
10277.44,355,424
10277.64,357,424
10277.84,359,425
10278.04,362,426
10278.24,365,427
10278.44,367,428
10278.64,370,430
10278.84,374,431
10279.04,375,431
10279.24,376,431
10279.44,374,431
10279.64,361,424
10279.84,346,421
10280.04,346,420
10280.24,350,423
10280.44,355,425
10280.64,359,427
10280.84,363,429
10281.04,366,430
10281.24,370,431
10281.44,372,433
10281.64,373,433
10281.84,366,426
10282.04,355,426
10282.24,349,422
10282.44,345,419
10282.64,347,420
10282.84,354,424
10283.04,364,428
10283.24,371,431
10283.44,375,433
10283.64,378,434
10283.84,380,435
10284.04,383,436
10284.24,380,434
10284.44,369,428
10284.64,355,422
10284.84,348,419
10285.04,352,422
10285.24,358,423
10285.44,364,424
10285.64,370,426
10285.84,375,429
10286.04,379,430
10286.24,383,432
10286.44,387,433
10286.64,390,434
10286.84,384,439
10287.04,355,433
10287.24,330,423
10287.44,309,402
10287.64,295,391
10287.84,289,377
10288.04,306,392
10288.24,344,423
10288.44,364,434
10288.64,364,431
10288.84,363,428
10289.04,358,426
10289.24,350,419
10289.44,355,420
10289.64,359,420
10289.84,366,421
10290.04,372,424
10290.24,376,427
10290.44,381,429
10290.64,385,431
10290.84,384,432
10291.04,374,430
10291.24,367,426
10291.44,360,423
10291.64,356,420
10291.84,357,419
10292.04,362,421
10292.24,366,423
10292.44,369,425
10292.64,374,427
10292.84,378,430
10293.04,383,432
10293.24,386,434
10293.44,376,427
10293.64,361,427
10293.84,353,420
10294.04,351,416
10294.24,354,417
10294.44,357,419
10294.64,361,421
10294.84,365,422
10295.04,369,424
10295.24,372,427
10295.44,376,429
10295.64,379,430
10295.84,382,432
10296.04,382,431
10296.24,368,424
10296.44,362,421
10296.64,354,418
10296.84,355,417
10297.04,358,419
10297.24,362,421
10297.44,366,422
10297.64,372,424
10297.84,375,427
10298.04,379,428
10298.24,383,430
10298.44,384,429
10298.64,374,426
10298.84,371,426
10299.04,355,419
10299.24,352,415
10299.44,356,418
10299.64,362,420
10299.84,368,421
10300.04,374,423
10300.24,379,426
10300.44,382,429
10300.64,386,431
10300.84,391,432
10301.04,391,433
10301.24,388,432
10301.44,377,427
10301.64,365,421
10301.84,358,418
10302.04,354,415
10302.24,351,412
10302.44,350,408
10302.64,350,413
10302.84,355,416
10303.04,361,418
10303.24,367,422
10303.44,371,424
10303.64,375,427
10303.84,376,428
10304.04,371,432
10304.24,372,432
10304.44,372,432
10304.64,358,425
10304.84,348,420
10305.04,348,420
10305.24,348,422
10305.44,350,423
10305.64,351,424
10305.84,352,424
10306.04,355,424
10306.24,358,426
10306.44,360,427
10306.64,363,428
10306.84,366,428
10307.04,370,430
10307.24,374,431
10307.44,378,432
10307.64,382,434
10307.84,386,435
10308.04,389,436
10308.24,391,437
10308.44,389,436
10308.64,384,434
10308.84,376,430
10309.04,367,427
10309.24,361,425
10309.44,354,421
10309.64,349,420
10309.84,349,420
10310.04,352,421
10310.24,357,423
10310.44,362,426
10310.64,368,428
10310.84,375,431
10311.04,381,433
10311.24,386,434
10311.44,389,436
10311.64,392,438
10311.84,375,429
10312.04,358,429
10312.24,349,423
10312.44,351,423
10312.64,354,426
10312.84,358,427
10313.04,362,428
10313.24,364,429
10313.44,367,430
10313.64,370,432
10313.84,372,433
10314.04,375,435
10314.24,377,435
10314.44,377,436
10314.64,368,429
10314.84,364,429
10315.04,355,424
10315.24,355,424
10315.44,356,425
10315.64,359,426
10315.84,362,428
10316.04,366,429
10316.24,370,431
10316.44,376,433
10316.64,382,436
10316.84,382,437
10317.04,378,435
10317.24,371,431
10317.44,364,428
10317.64,359,425
10317.84,353,422
10318.04,352,421
10318.24,353,421
10318.44,358,424
10318.64,364,427
10318.84,369,429
10319.04,372,430
10319.24,375,432
10319.44,379,434
10319.64,385,437
10319.84,364,437
10320.04,339,432
10320.24,325,422
10320.44,306,397
10320.64,294,379
10320.84,304,392
10321.04,336,429
10321.24,353,445
10321.44,352,430
10321.64,364,428
10321.84,368,432
10322.04,368,431
10322.24,362,427
10322.44,351,422
10322.64,346,420
10322.84,345,417
10323.04,348,420
10323.24,351,422
10323.44,355,424
10323.64,357,424
10323.84,359,425
10324.04,362,426
10324.24,365,427
10324.44,367,428
10324.64,370,430
10324.84,374,431
10325.04,375,431
10325.24,376,431
10325.44,374,431
10325.64,361,424
10325.84,346,421
10326.04,346,420
10326.24,350,423
10326.44,355,425
10326.64,359,427
10326.84,363,429
10327.04,366,430
10327.24,370,431
10327.44,372,433
10327.64,373,433
10327.84,366,426
10328.04,355,426
10328.24,349,422
10328.44,345,419
10328.64,347,420
10328.84,354,424
10329.04,364,428
10329.24,371,431
10329.44,375,433
10329.64,378,434
10329.84,380,435
10330.04,383,436
10330.24,380,434
10330.44,369,428
10330.64,355,422
10330.84,348,419
10331.04,352,422
10331.24,358,423
10331.44,364,424
10331.64,370,426
10331.84,375,429
10332.04,379,430
10332.24,383,432
10332.44,387,433
10332.64,390,434
10332.84,384,439
10333.04,355,433
10333.24,330,423
10333.44,309,402
10333.64,295,391
10333.84,289,377
10334.04,306,392
10334.24,344,423
10334.44,364,434
10334.64,364,431
10334.84,363,428
10335.04,358,426
10335.24,350,419
10335.44,355,420
10335.64,359,420
10335.84,366,421
10336.04,372,424
10336.24,376,427
10336.44,381,429
10336.64,385,431
10336.84,384,432
10337.04,374,430
10337.24,367,426
10337.44,360,423
10337.64,356,420
10337.84,357,419
10338.04,362,421
10338.24,366,423
10338.44,369,425
10338.64,374,427
10338.84,378,430
10339.04,383,432
10339.24,386,434
10339.44,376,427
10339.64,361,427
10339.84,353,420
10340.04,351,416
10340.24,354,417
10340.44,357,419
10340.64,361,421
10340.84,365,422
10341.04,369,424
10341.24,372,427
10341.44,376,429
10341.64,379,430
10341.84,382,432
10342.04,382,431
10342.24,368,424
10342.44,362,421
10342.64,354,418
10342.84,355,417
10343.04,358,419
10343.24,362,421
10343.44,366,422
10343.64,372,424
10343.84,375,427
10344.04,379,428
10344.24,383,430
10344.44,384,429
10344.64,374,426
10344.84,371,426
10345.04,355,419
10345.24,352,415
10345.44,356,418
10345.64,362,420
10345.84,368,421
10346.04,374,423
10346.24,379,426
10346.44,382,429
10346.64,386,431
10346.84,391,432
10347.04,391,433
10347.24,388,432
10347.44,377,427
10347.64,365,421
10347.84,358,418
10348.04,354,415
10348.24,351,412
10348.44,350,408
10348.64,350,413
10348.84,355,416
10349.04,361,418
10349.24,367,422
10349.44,371,424
10349.64,375,427
10349.84,376,428
10350.04,371,432
10350.24,372,432
10350.44,372,432
10350.64,358,425
10350.84,348,420
10351.04,348,420
10351.24,348,422
10351.44,350,423
10351.64,351,424
10351.84,352,424
10352.04,355,424
10352.24,358,426
10352.44,360,427
10352.64,363,428
10352.84,366,428
10353.04,370,430
10353.24,374,431
10353.44,378,432
10353.64,382,434
10353.84,386,435
10354.04,389,436
10354.24,391,437
10354.44,389,436
10354.64,384,434
10354.84,376,430
10355.04,367,427
10355.24,361,425
10355.44,354,421
10355.64,349,420
10355.84,349,420
10356.04,352,421
10356.24,357,423
10356.44,362,426
10356.64,368,428
10356.84,375,431
10357.04,381,433
10357.24,386,434
10357.44,389,436
10357.64,392,438
10357.84,375,429
10358.04,358,429
10358.24,349,423
10358.44,351,423
10358.64,354,426
10358.84,358,427
10359.04,362,428
10359.24,364,429
10359.44,367,430
10359.64,370,432
10359.84,372,433
10360.04,375,435
10360.24,377,435
10360.44,377,436
10360.64,368,429
10360.84,364,429
10361.04,355,424
10361.24,355,424
10361.44,356,425
10361.64,359,426
10361.84,362,428
10362.04,366,429
10362.24,370,431
10362.44,376,433
10362.64,382,436
10362.84,382,437
10363.04,378,435
10363.24,371,431
10363.44,364,428
10363.64,359,425
10363.84,353,422
10364.04,352,421
10364.24,353,421
10364.44,358,424
10364.64,364,427
10364.84,369,429
10365.04,372,430
10365.24,375,432
10365.44,379,434
10365.64,385,437
10365.84,364,437
10366.04,339,432
10366.24,325,422
10366.44,306,397
10366.64,294,379
10366.84,304,392
10367.04,336,429
10367.24,353,445
10367.44,352,430
10367.64,364,428
10367.84,368,432
10368.04,368,431
10368.24,362,427
10368.44,351,422
10368.64,346,420
10368.84,345,417
10369.04,348,420
10369.24,351,422
10369.44,355,424
10369.64,357,424
10369.84,359,425
10370.04,362,426
10370.24,365,427
10370.44,367,428
10370.64,370,430
10370.84,374,431
10371.04,375,431
10371.24,376,431
10371.44,374,431
10371.64,361,424
10371.84,346,421
10372.04,346,420
10372.24,350,423
10372.44,355,425
10372.64,359,427
10372.84,363,429
10373.04,366,430
10373.24,370,431
10373.44,372,433
10373.64,373,433
10373.84,366,426
10374.04,355,426
10374.24,349,422
10374.44,345,419
10374.64,347,420
10374.84,354,424
10375.04,364,428
10375.24,371,431
10375.44,375,433
10375.64,378,434
10375.84,380,435
10376.04,383,436
10376.24,380,434
10376.44,369,428
10376.64,355,422
10376.84,348,419
10377.04,352,422
10377.24,358,423
10377.44,364,424
10377.64,370,426
10377.84,375,429
10378.04,379,430
10378.24,383,432
10378.44,387,433
10378.64,390,434
10378.84,384,439
10379.04,355,433
10379.24,330,423
10379.44,309,402
10379.64,295,391
10379.84,289,377
10380.04,306,392
10380.24,344,423
10380.44,364,434
10380.64,364,431
10380.84,363,428
10381.04,358,426
10381.24,350,419
10381.44,355,420
10381.64,359,420
10381.84,366,421
10382.04,372,424
10382.24,376,427
10382.44,381,429
10382.64,385,431
10382.84,384,432
10383.04,374,430
10383.24,367,426
10383.44,360,423
10383.64,356,420
10383.84,357,419
10384.04,362,421
10384.24,366,423
10384.44,369,425
10384.64,374,427
10384.84,378,430
10385.04,383,432
10385.24,386,434
10385.44,376,427
10385.64,361,427
10385.84,353,420
10386.04,351,416
10386.24,354,417
10386.44,357,419
10386.64,361,421
10386.84,365,422
10387.04,369,424
10387.24,372,427
10387.44,376,429
10387.64,379,430
10387.84,382,432
10388.04,382,431
10388.24,368,424
10388.44,362,421
10388.64,354,418
10388.84,355,417
10389.04,358,419
10389.24,362,421
10389.44,366,422
10389.64,372,424
10389.84,375,427
10390.04,379,428
10390.24,383,430
10390.44,384,429
10390.64,374,426
10390.84,371,426
10391.04,355,419
10391.24,352,415
10391.44,356,418
10391.64,362,420
10391.84,368,421
10392.04,374,423
10392.24,379,426
10392.44,382,429
10392.64,386,431
10392.84,391,432
10393.04,391,433
10393.24,388,432
10393.44,377,427
10393.64,365,421
10393.84,358,418
10394.04,354,415
10394.24,351,412
10394.44,350,408
10394.64,350,413
10394.84,355,416
10395.04,361,418
10395.24,367,422
10395.44,371,424
10395.64,375,427
10395.84,376,428
10396.04,371,432
10396.24,372,432
10396.44,372,432
10396.64,358,425
10396.84,348,420
10397.04,348,420
10397.24,348,422
10397.44,350,423
10397.64,351,424
10397.84,352,424
10398.04,355,424
10398.24,358,426
10398.44,360,427
10398.64,363,428
10398.84,366,428
10399.04,370,430
10399.24,374,431
10399.44,378,432
10399.64,382,434
10399.84,386,435
10400.04,389,436
10400.24,391,437
10400.44,389,436
10400.64,384,434
10400.84,376,430
10401.04,367,427
10401.24,361,425
10401.44,354,421
10401.64,349,420
10401.84,349,420
10402.04,352,421
10402.24,357,423
10402.44,362,426
10402.64,368,428
10402.84,375,431
10403.04,381,433
10403.24,386,434
10403.44,389,436
10403.64,392,438
10403.84,375,429
10404.04,358,429
10404.24,349,423
10404.44,351,423
10404.64,354,426
10404.84,358,427
10405.04,362,428
10405.24,364,429
10405.44,367,430
10405.64,370,432
10405.84,372,433
10406.04,375,435
10406.24,377,435
10406.44,377,436
10406.64,368,429
10406.84,364,429
10407.04,355,424
10407.24,355,424
10407.44,356,425
10407.64,359,426
10407.84,362,428
10408.04,366,429
10408.24,370,431
10408.44,376,433
10408.64,382,436
10408.84,382,437
10409.04,378,435
10409.24,371,431
10409.44,364,428
10409.64,359,425
10409.84,353,422
10410.04,352,421
10410.24,353,421
10410.44,358,424
10410.64,364,427
10410.84,369,429
10411.04,372,430
10411.24,375,432
10411.44,379,434
10411.64,385,437
10411.84,364,437
10412.04,339,432
10412.24,325,422
10412.44,306,397
10412.64,294,379
10412.84,304,392
10413.04,336,429
10413.24,353,445
10413.44,352,430
10413.64,364,428
10413.84,368,432
10414.04,368,431
10414.24,362,427
10414.44,351,422
10414.64,346,420
10414.84,345,417
10415.04,348,420
10415.24,351,422
10415.44,355,424
10415.64,357,424
10415.84,359,425
10416.04,362,426
10416.24,365,427
10416.44,367,428
10416.64,370,430
10416.84,374,431
10417.04,375,431
10417.24,376,431
10417.44,374,431
10417.64,361,424
10417.84,346,421
10418.04,346,420
10418.24,350,423
10418.44,355,425
10418.64,359,427
10418.84,363,429
10419.04,366,430
10419.24,370,431
10419.44,372,433
10419.64,373,433
10419.84,366,426
10420.04,355,426
10420.24,349,422
10420.44,345,419
10420.64,347,420
10420.84,354,424
10421.04,364,428
10421.24,371,431
10421.44,375,433
10421.64,378,434
10421.84,380,435
10422.04,383,436
10422.24,380,434
10422.44,369,428
10422.64,355,422
10422.84,348,419
10423.04,352,422
10423.24,358,423
10423.44,364,424
10423.64,370,426
10423.84,375,429
10424.04,379,430
10424.24,383,432
10424.44,387,433
10424.64,390,434
10424.84,384,439
10425.04,355,433
10425.24,330,423
10425.44,309,402
10425.64,295,391
10425.84,289,377
10426.04,306,392
10426.24,344,423
10426.44,364,434
10426.64,364,431
10426.84,363,428
10427.04,358,426
10427.24,350,419
10427.44,355,420
10427.64,359,420
10427.84,366,421
10428.04,372,424
10428.24,376,427
10428.44,381,429
10428.64,385,431
10428.84,384,432
10429.04,374,430
10429.24,367,426
10429.44,360,423
10429.64,356,420
10429.84,357,419
10430.04,362,421
10430.24,366,423
10430.44,369,425
10430.64,374,427
10430.84,378,430
10431.04,383,432
10431.24,386,434
10431.44,376,427
10431.64,361,427
10431.84,353,420
10432.04,351,416
10432.24,354,417
10432.44,357,419
10432.64,361,421
10432.84,365,422
10433.04,369,424
10433.24,372,427
10433.44,376,429
10433.64,379,430
10433.84,382,432
10434.04,382,431
10434.24,368,424
10434.44,362,421
10434.64,354,418
10434.84,355,417
10435.04,358,419
10435.24,362,421
10435.44,366,422
10435.64,372,424
10435.84,375,427
10436.04,379,428
10436.24,383,430
10436.44,384,429
10436.64,374,426
10436.84,371,426
10437.04,355,419
10437.24,352,415
10437.44,356,418
10437.64,362,420
10437.84,368,421
10438.04,374,423
10438.24,379,426
10438.44,382,429
10438.64,386,431
10438.84,391,432
10439.04,391,433
10439.24,388,432
10439.44,377,427
10439.64,365,421
10439.84,358,418
10440.04,354,415
10440.24,351,412
10440.44,350,408
10440.64,350,413
10440.84,355,416
10441.04,361,418
10441.24,367,422
10441.44,371,424
10441.64,375,427
10441.84,376,428
10442.04,371,432
10442.24,372,432
10442.44,372,432
10442.64,358,425
10442.84,348,420
10443.04,348,420
10443.24,348,422
10443.44,350,423
10443.64,351,424
10443.84,352,424
10444.04,355,424
10444.24,358,426
10444.44,360,427
10444.64,363,428
10444.84,366,428
10445.04,370,430
10445.24,374,431
10445.44,378,432
10445.64,382,434
10445.84,386,435
10446.04,389,436
10446.24,391,437
10446.44,389,436
10446.64,384,434
10446.84,376,430
10447.04,367,427
10447.24,361,425
10447.44,354,421
10447.64,349,420
10447.84,349,420
10448.04,352,421
10448.24,357,423
10448.44,362,426
10448.64,368,428
10448.84,375,431
10449.04,381,433
10449.24,386,434
10449.44,389,436
10449.64,392,438
10449.84,375,429
10450.04,358,429
10450.24,349,423
10450.44,351,423
10450.64,354,426
10450.84,358,427
10451.04,362,428
10451.24,364,429
10451.44,367,430
10451.64,370,432
10451.84,372,433
10452.04,375,435
10452.24,377,435
10452.44,377,436
10452.64,368,429
10452.84,364,429
10453.04,355,424
10453.24,355,424
10453.44,356,425
10453.64,359,426
10453.84,362,428
10454.04,366,429
10454.24,370,431
10454.44,376,433
10454.64,382,436
10454.84,382,437
10455.04,378,435
10455.24,371,431
10455.44,364,428
10455.64,359,425
10455.84,353,422
10456.04,352,421
10456.24,353,421
10456.44,358,424
10456.64,364,427
10456.84,369,429
10457.04,372,430
10457.24,375,432
10457.44,379,434
10457.64,385,437
10457.84,364,437
10458.04,339,432
10458.24,325,422
10458.44,306,397
10458.64,294,379
10458.84,304,392
10459.04,336,429
10459.24,353,445
10459.44,352,430
10459.64,364,428
10459.84,368,432
10460.04,368,431
10460.24,362,427
10460.44,351,422
10460.64,346,420
10460.84,345,417
10461.04,348,420
10461.24,351,422
10461.44,355,424
10461.64,357,424
10461.84,359,425
10462.04,362,426
10462.24,365,427
10462.44,367,428
10462.64,370,430
10462.84,374,431
10463.04,375,431
10463.24,376,431
10463.44,374,431
10463.64,361,424
10463.84,346,421
10464.04,346,420
10464.24,350,423
10464.44,355,425
10464.64,359,427
10464.84,363,429
10465.04,366,430
10465.24,370,431
10465.44,372,433
10465.64,373,433
10465.84,366,426
10466.04,355,426
10466.24,349,422
10466.44,345,419
10466.64,347,420
10466.84,354,424
10467.04,364,428
10467.24,371,431
10467.44,375,433
10467.64,378,434
10467.84,380,435
10468.04,383,436
10468.24,380,434
10468.44,369,428
10468.64,355,422
10468.84,348,419
10469.04,352,422
10469.24,358,423
10469.44,364,424
10469.64,370,426
10469.84,375,429
10470.04,379,430
10470.24,383,432
10470.44,387,433
10470.64,390,434
10470.84,384,439
10471.04,355,433
10471.24,330,423
10471.44,309,402
10471.64,295,391
10471.84,289,377
10472.04,306,392
10472.24,344,423
10472.44,364,434
10472.64,364,431
10472.84,363,428
10473.04,358,426
10473.24,350,419
10473.44,355,420
10473.64,359,420
10473.84,366,421
10474.04,372,424
10474.24,376,427
10474.44,381,429
10474.64,385,431
10474.84,384,432
10475.04,374,430
10475.24,367,426
10475.44,360,423
10475.64,356,420
10475.84,357,419
10476.04,362,421
10476.24,366,423
10476.44,369,425
10476.64,374,427
10476.84,378,430
10477.04,383,432
10477.24,386,434
10477.44,376,427
10477.64,361,427
10477.84,353,420
10478.04,351,416
10478.24,354,417
10478.44,357,419
10478.64,361,421
10478.84,365,422
10479.04,369,424
10479.24,372,427
10479.44,376,429
10479.64,379,430
10479.84,382,432
10480.04,382,431
10480.24,368,424
10480.44,362,421
10480.64,354,418
10480.84,355,417
10481.04,358,419
10481.24,362,421
10481.44,366,422
10481.64,372,424
10481.84,375,427
10482.04,379,428
10482.24,383,430
10482.44,384,429
10482.64,374,426
10482.84,371,426
10483.04,355,419
10483.24,352,415
10483.44,356,418
10483.64,362,420
10483.84,368,421
10484.04,374,423
10484.24,379,426
10484.44,382,429
10484.64,386,431
10484.84,391,432
10485.04,391,433
10485.24,388,432
10485.44,377,427
10485.64,365,421
10485.84,358,418
10486.04,354,415
10486.24,351,412
10486.44,350,408
10486.64,350,413
10486.84,355,416
10487.04,361,418
10487.24,367,422
10487.44,371,424
10487.64,375,427
10487.84,376,428
10488.04,371,432
10488.24,372,432
10488.44,372,432
10488.64,358,425
10488.84,348,420
10489.04,348,420
10489.24,348,422
10489.44,350,423
10489.64,351,424
10489.84,352,424
10490.04,355,424
10490.24,358,426
10490.44,360,427
10490.64,363,428
10490.84,366,428
10491.04,370,430
10491.24,374,431
10491.44,378,432
10491.64,382,434
10491.84,386,435
10492.04,389,436
10492.24,391,437
10492.44,389,436
10492.64,384,434
10492.84,376,430
10493.04,367,427
10493.24,361,425
10493.44,354,421
10493.64,349,420
10493.84,349,420
10494.04,352,421
10494.24,357,423
10494.44,362,426
10494.64,368,428
10494.84,375,431
10495.04,381,433
10495.24,386,434
10495.44,389,436
10495.64,392,438
10495.84,375,429
10496.04,358,429
10496.24,349,423
10496.44,351,423
10496.64,354,426
10496.84,358,427
10497.04,362,428
10497.24,364,429
10497.44,367,430
10497.64,370,432
10497.84,372,433
10498.04,375,435
10498.24,377,435
10498.44,377,436
10498.64,368,429
10498.84,364,429
10499.04,355,424
10499.24,355,424
10499.44,356,425
10499.64,359,426
10499.84,362,428
10500.04,366,429
10500.24,370,431
10500.44,376,433
10500.64,382,436
10500.84,382,437
10501.04,378,435
10501.24,371,431
10501.44,364,428
10501.64,359,425
10501.84,353,422
10502.04,352,421
10502.24,353,421
10502.44,358,424
10502.64,364,427
10502.84,369,429
10503.04,372,430
10503.24,375,432
10503.44,379,434
10503.64,385,437
10503.84,364,437
10504.04,339,432
10504.24,325,422
10504.44,306,397
10504.64,294,379
10504.84,304,392
10505.04,336,429
10505.24,353,445
10505.44,352,430
10505.64,364,428
10505.84,368,432
10506.04,368,431
10506.24,362,427
10506.44,351,422
10506.64,346,420
10506.84,345,417
10507.04,348,420
10507.24,351,422
10507.44,355,424
10507.64,357,424
10507.84,359,425
10508.04,362,426
10508.24,365,427
10508.44,367,428
10508.64,370,430
10508.84,374,431
10509.04,375,431
10509.24,376,431
10509.44,374,431
10509.64,361,424
10509.84,346,421
10510.04,346,420
10510.24,350,423
10510.44,355,425
10510.64,359,427
10510.84,363,429
10511.04,366,430
10511.24,370,431
10511.44,372,433
10511.64,373,433
10511.84,366,426
10512.04,355,426
10512.24,349,422
10512.44,345,419
10512.64,347,420
10512.84,354,424
10513.04,364,428
10513.24,371,431
10513.44,375,433
10513.64,378,434
10513.84,380,435
10514.04,383,436
10514.24,380,434
10514.44,369,428
10514.64,355,422
10514.84,348,419
10515.04,352,422
10515.24,358,423
10515.44,364,424
10515.64,370,426
10515.84,375,429
10516.04,379,430
10516.24,383,432
10516.44,387,433
10516.64,390,434
10516.84,384,439
10517.04,355,433
10517.24,330,423
10517.44,309,402
10517.64,295,391
10517.84,289,377
10518.04,306,392
10518.24,344,423
10518.44,364,434
10518.64,364,431
10518.84,363,428
10519.04,358,426
10519.24,350,419
10519.44,355,420
10519.64,359,420
10519.84,366,421
10520.04,372,424
10520.24,376,427
10520.44,381,429
10520.64,385,431
10520.84,384,432
10521.04,374,430
10521.24,367,426
10521.44,360,423
10521.64,356,420
10521.84,357,419
10522.04,362,421
10522.24,366,423
10522.44,369,425
10522.64,374,427
10522.84,378,430
10523.04,383,432
10523.24,386,434
10523.44,376,427
10523.64,361,427
10523.84,353,420
10524.04,351,416
10524.24,354,417
10524.44,357,419
10524.64,361,421
10524.84,365,422
10525.04,369,424
10525.24,372,427
10525.44,376,429
10525.64,379,430
10525.84,382,432
10526.04,382,431
10526.24,368,424
10526.44,362,421
10526.64,354,418
10526.84,355,417
10527.04,358,419
10527.24,362,421
10527.44,366,422
10527.64,372,424
10527.84,375,427
10528.04,379,428
10528.24,383,430
10528.44,384,429
10528.64,374,426
10528.84,371,426
10529.04,355,419
10529.24,352,415
10529.44,356,418
10529.64,362,420
10529.84,368,421
10530.04,374,423
10530.24,379,426
10530.44,382,429
10530.64,386,431
10530.84,391,432
10531.04,391,433
10531.24,388,432
10531.44,377,427
10531.64,365,421
10531.84,358,418
10532.04,354,415
10532.24,351,412
10532.44,350,408
10532.64,350,413
10532.84,355,416
10533.04,361,418
10533.24,367,422
10533.44,371,424
10533.64,375,427
10533.84,376,428
10534.04,371,432
10534.24,372,432
10534.44,372,432
10534.64,358,425
10534.84,348,420
10535.04,348,420
10535.24,348,422
10535.44,350,423
10535.64,351,424
10535.84,352,424
10536.04,355,424
10536.24,358,426
10536.44,360,427
10536.64,363,428
10536.84,366,428
10537.04,370,430
10537.24,374,431
10537.44,378,432
10537.64,382,434
10537.84,386,435
10538.04,389,436
10538.24,391,437
10538.44,389,436
10538.64,384,434
10538.84,376,430
10539.04,367,427
10539.24,361,425
10539.44,354,421
10539.64,349,420
10539.84,349,420
10540.04,352,421
10540.24,357,423
10540.44,362,426
10540.64,368,428
10540.84,375,431
10541.04,381,433
10541.24,386,434
10541.44,389,436
10541.64,392,438
10541.84,375,429
10542.04,358,429
10542.24,349,423
10542.44,351,423
10542.64,354,426
10542.84,358,427
10543.04,362,428
10543.24,364,429
10543.44,367,430
10543.64,370,432
10543.84,372,433
10544.04,375,435
10544.24,377,435
10544.44,377,436
10544.64,368,429
10544.84,364,429
10545.04,355,424
10545.24,355,424
10545.44,356,425
10545.64,359,426
10545.84,362,428
10546.04,366,429
10546.24,370,431
10546.44,376,433
10546.64,382,436
10546.84,382,437
10547.04,378,435
10547.24,371,431
10547.44,364,428
10547.64,359,425
10547.84,353,422
10548.04,352,421
10548.24,353,421
10548.44,358,424
10548.64,364,427
10548.84,369,429
10549.04,372,430
10549.24,375,432
10549.44,379,434
10549.64,385,437
10549.84,364,437
10550.04,339,432
10550.24,325,422
10550.44,306,397
10550.64,294,379
10550.84,304,392
10551.04,336,429
10551.24,353,445
10551.44,352,430
10551.64,364,428
10551.84,368,432
10552.04,368,431
10552.24,362,427
10552.44,351,422
10552.64,346,420
10552.84,345,417
10553.04,348,420
10553.24,351,422
10553.44,355,424
10553.64,357,424
10553.84,359,425
10554.04,362,426
10554.24,365,427
10554.44,367,428
10554.64,370,430
10554.84,374,431
10555.04,375,431
10555.24,376,431
10555.44,374,431
10555.64,361,424
10555.84,346,421
10556.04,346,420
10556.24,350,423
10556.44,355,425
10556.64,359,427
10556.84,363,429
10557.04,366,430
10557.24,370,431
10557.44,372,433
10557.64,373,433
10557.84,366,426
10558.04,355,426
10558.24,349,422
10558.44,345,419
10558.64,347,420
10558.84,354,424
10559.04,364,428
10559.24,371,431
10559.44,375,433
10559.64,378,434
10559.84,380,435
10560.04,383,436
10560.24,380,434
10560.44,369,428
10560.64,355,422
10560.84,348,419
10561.04,352,422
10561.24,358,423
10561.44,364,424
10561.64,370,426
10561.84,375,429
10562.04,379,430
10562.24,383,432
10562.44,387,433
10562.64,390,434
10562.84,384,439
10563.04,355,433
10563.24,330,423
10563.44,309,402
10563.64,295,391
10563.84,289,377
10564.04,306,392
10564.24,344,423
10564.44,364,434
10564.64,364,431
10564.84,363,428
10565.04,358,426
10565.24,350,419
10565.44,355,420
10565.64,359,420
10565.84,366,421
10566.04,372,424
10566.24,376,427
10566.44,381,429
10566.64,385,431
10566.84,384,432
10567.04,374,430
10567.24,367,426
10567.44,360,423
10567.64,356,420
10567.84,357,419
10568.04,362,421
10568.24,366,423
10568.44,369,425
10568.64,374,427
10568.84,378,430
10569.04,383,432
10569.24,386,434
10569.44,376,427
10569.64,361,427
10569.84,353,420
10570.04,351,416
10570.24,354,417
10570.44,357,419
10570.64,361,421
10570.84,365,422
10571.04,369,424
10571.24,372,427
10571.44,376,429
10571.64,379,430
10571.84,382,432
10572.04,382,431
10572.24,368,424
10572.44,362,421
10572.64,354,418
10572.84,355,417
10573.04,358,419
10573.24,362,421
10573.44,366,422
10573.64,372,424
10573.84,375,427
10574.04,379,428
10574.24,383,430
10574.44,384,429
10574.64,374,426
10574.84,371,426
10575.04,355,419
10575.24,352,415
10575.44,356,418
10575.64,362,420
10575.84,368,421
10576.04,374,423
10576.24,379,426
10576.44,382,429
10576.64,386,431
10576.84,391,432
10577.04,391,433
10577.24,388,432
10577.44,377,427
10577.64,365,421
10577.84,358,418
10578.04,354,415
10578.24,351,412
10578.44,350,408
10578.64,350,413
10578.84,355,416
10579.04,361,418
10579.24,367,422
10579.44,371,424
10579.64,375,427
10579.84,376,428
10580.04,371,432
10580.24,372,432
10580.44,372,432
10580.64,358,425
10580.84,348,420
10581.04,348,420
10581.24,348,422
10581.44,350,423
10581.64,351,424
10581.84,352,424
10582.04,355,424
10582.24,358,426
10582.44,360,427
10582.64,363,428
10582.84,366,428
10583.04,370,430
10583.24,374,431
10583.44,378,432
10583.64,382,434
10583.84,386,435
10584.04,389,436
10584.24,391,437
10584.44,389,436
10584.64,384,434
10584.84,376,430
10585.04,367,427
10585.24,361,425
10585.44,354,421
10585.64,349,420
10585.84,349,420
10586.04,352,421
10586.24,357,423
10586.44,362,426
10586.64,368,428
10586.84,375,431
10587.04,381,433
10587.24,386,434
10587.44,389,436
10587.64,392,438
10587.84,375,429
10588.04,358,429
10588.24,349,423
10588.44,351,423
10588.64,354,426
10588.84,358,427
10589.04,362,428
10589.24,364,429
10589.44,367,430
10589.64,370,432
10589.84,372,433
10590.04,375,435
10590.24,377,435
10590.44,377,436
10590.64,368,429
10590.84,364,429
10591.04,355,424
10591.24,355,424
10591.44,356,425
10591.64,359,426
10591.84,362,428
10592.04,366,429
10592.24,370,431
10592.44,376,433
10592.64,382,436
10592.84,382,437
10593.04,378,435
10593.24,371,431
10593.44,364,428
10593.64,359,425
10593.84,353,422
10594.04,352,421
10594.24,353,421
10594.44,358,424
10594.64,364,427
10594.84,369,429
10595.04,372,430
10595.24,375,432
10595.44,379,434
10595.64,385,437
10595.84,364,437
10596.04,339,432
10596.24,325,422
10596.44,306,397
10596.64,294,379
10596.84,304,392
10597.04,336,429
10597.24,353,445
10597.44,352,430
10597.64,364,428
10597.84,368,432
10598.04,368,431
10598.24,362,427
10598.44,351,422
10598.64,346,420
10598.84,345,417
10599.04,348,420
10599.24,351,422
10599.44,355,424
10599.64,357,424
10599.84,359,425
10600.04,362,426
10600.24,365,427
10600.44,367,428
10600.64,370,430
10600.84,374,431
10601.04,375,431
10601.24,376,431
10601.44,374,431
10601.64,361,424
10601.84,346,421
10602.04,346,420
10602.24,350,423
10602.44,355,425
10602.64,359,427
10602.84,363,429
10603.04,366,430
10603.24,370,431
10603.44,372,433
10603.64,373,433
10603.84,366,426
10604.04,355,426
10604.24,349,422
10604.44,345,419
10604.64,347,420
10604.84,354,424
10605.04,364,428
10605.24,371,431
10605.44,375,433
10605.64,378,434
10605.84,380,435
10606.04,383,436
10606.24,380,434
10606.44,369,428
10606.64,355,422
10606.84,348,419
10607.04,352,422
10607.24,358,423
10607.44,364,424
10607.64,370,426
10607.84,375,429
10608.04,379,430
10608.24,383,432
10608.44,387,433
10608.64,390,434
10608.84,384,439
10609.04,355,433
10609.24,330,423
10609.44,309,402
10609.64,295,391
10609.84,289,377
10610.04,306,392
10610.24,344,423
10610.44,364,434
10610.64,364,431
10610.84,363,428
10611.04,358,426
10611.24,350,419
10611.44,355,420
10611.64,359,420
10611.84,366,421
10612.04,372,424
10612.24,376,427
10612.44,381,429
10612.64,385,431
10612.84,384,432
10613.04,374,430
10613.24,367,426
10613.44,360,423
10613.64,356,420
10613.84,357,419
10614.04,362,421
10614.24,366,423
10614.44,369,425
10614.64,374,427
10614.84,378,430
10615.04,383,432
10615.24,386,434
10615.44,376,427
10615.64,361,427
10615.84,353,420
10616.04,351,416
10616.24,354,417
10616.44,357,419
10616.64,361,421
10616.84,365,422
10617.04,369,424
10617.24,372,427
10617.44,376,429
10617.64,379,430
10617.84,382,432
10618.04,382,431
10618.24,368,424
10618.44,362,421
10618.64,354,418
10618.84,355,417
10619.04,358,419
10619.24,362,421
10619.44,366,422
10619.64,372,424
10619.84,375,427
10620.04,379,428
10620.24,383,430
10620.44,384,429
10620.64,374,426
10620.84,371,426
10621.04,355,419
10621.24,352,415
10621.44,356,418
10621.64,362,420
10621.84,368,421
10622.04,374,423
10622.24,379,426
10622.44,382,429
10622.64,386,431
10622.84,391,432
10623.04,391,433
10623.24,388,432
10623.44,377,427
10623.64,365,421
10623.84,358,418
10624.04,354,415
10624.24,351,412
10624.44,350,408
10624.64,350,413
10624.84,355,416
10625.04,361,418
10625.24,367,422
10625.44,371,424
10625.64,375,427
10625.84,376,428
10626.04,371,432
10626.24,372,432
10626.44,372,432
10626.64,358,425
10626.84,348,420
10627.04,348,420
10627.24,348,422
10627.44,350,423
10627.64,351,424
10627.84,352,424
10628.04,355,424
10628.24,358,426
10628.44,360,427
10628.64,363,428
10628.84,366,428
10629.04,370,430
10629.24,374,431
10629.44,378,432
10629.64,382,434
10629.84,386,435
10630.04,389,436
10630.24,391,437
10630.44,389,436
10630.64,384,434
10630.84,376,430
10631.04,367,427
10631.24,361,425
10631.44,354,421
10631.64,349,420
10631.84,349,420
10632.04,352,421
10632.24,357,423
10632.44,362,426
10632.64,368,428
10632.84,375,431
10633.04,381,433
10633.24,386,434
10633.44,389,436
10633.64,392,438
10633.84,375,429
10634.04,358,429
10634.24,349,423
10634.44,351,423
10634.64,354,426
10634.84,358,427
10635.04,362,428
10635.24,364,429
10635.44,367,430
10635.64,370,432
10635.84,372,433
10636.04,375,435
10636.24,377,435
10636.44,377,436
10636.64,368,429
10636.84,364,429
10637.04,355,424
10637.24,355,424
10637.44,356,425
10637.64,359,426
10637.84,362,428
10638.04,366,429
10638.24,370,431
10638.44,376,433
10638.64,382,436
10638.84,382,437
10639.04,378,435
10639.24,371,431
10639.44,364,428
10639.64,359,425
10639.84,353,422
10640.04,352,421
10640.24,353,421
10640.44,358,424
10640.64,364,427
10640.84,369,429
10641.04,372,430
10641.24,375,432
10641.44,379,434
10641.64,385,437
10641.84,364,437
10642.04,339,432
10642.24,325,422
10642.44,306,397
10642.64,294,379
10642.84,304,392
10643.04,336,429
10643.24,353,445
10643.44,352,430
10643.64,364,428
10643.84,368,432
10644.04,368,431
10644.24,362,427
10644.44,351,422
10644.64,346,420
10644.84,345,417
10645.04,348,420
10645.24,351,422
10645.44,355,424
10645.64,357,424
10645.84,359,425
10646.04,362,426
10646.24,365,427
10646.44,367,428
10646.64,370,430
10646.84,374,431
10647.04,375,431
10647.24,376,431
10647.44,374,431
10647.64,361,424
10647.84,346,421
10648.04,346,420
10648.24,350,423
10648.44,355,425
10648.64,359,427
10648.84,363,429
10649.04,366,430
10649.24,370,431
10649.44,372,433
10649.64,373,433
10649.84,366,426
10650.04,355,426
10650.24,349,422
10650.44,345,419
10650.64,347,420
10650.84,354,424
10651.04,364,428
10651.24,371,431
10651.44,375,433
10651.64,378,434
10651.84,380,435
10652.04,383,436
10652.24,380,434
10652.44,369,428
10652.64,355,422
10652.84,348,419
10653.04,352,422
10653.24,358,423
10653.44,364,424
10653.64,370,426
10653.84,375,429
10654.04,379,430
10654.24,383,432
10654.44,387,433
10654.64,390,434
10654.84,384,439
10655.04,355,433
10655.24,330,423
10655.44,309,402
10655.64,295,391
10655.84,289,377
10656.04,306,392
10656.24,344,423
10656.44,364,434
10656.64,364,431
10656.84,363,428
10657.04,358,426
10657.24,350,419
10657.44,355,420
10657.64,359,420
10657.84,366,421
10658.04,372,424
10658.24,376,427
10658.44,381,429
10658.64,385,431
10658.84,384,432
10659.04,374,430
10659.24,367,426
10659.44,360,423
10659.64,356,420
10659.84,357,419
10660.04,362,421
10660.24,366,423
10660.44,369,425
10660.64,374,427
10660.84,378,430
10661.04,383,432
10661.24,386,434
10661.44,376,427
10661.64,361,427
10661.84,353,420
10662.04,351,416
10662.24,354,417
10662.44,357,419
10662.64,361,421
10662.84,365,422
10663.04,369,424
10663.24,372,427
10663.44,376,429
10663.64,379,430
10663.84,382,432
10664.04,382,431
10664.24,368,424
10664.44,362,421
10664.64,354,418
10664.84,355,417
10665.04,358,419
10665.24,362,421
10665.44,366,422
10665.64,372,424
10665.84,375,427
10666.04,379,428
10666.24,383,430
10666.44,384,429
10666.64,374,426
10666.84,371,426
10667.04,355,419
10667.24,352,415
10667.44,356,418
10667.64,362,420
10667.84,368,421
10668.04,374,423
10668.24,379,426
10668.44,382,429
10668.64,386,431
10668.84,391,432
10669.04,391,433
10669.24,388,432
10669.44,377,427
10669.64,365,421
10669.84,358,418
10670.04,354,415
10670.24,351,412
10670.44,350,408
10670.64,350,413
10670.84,355,416
10671.04,361,418
10671.24,367,422
10671.44,371,424
10671.64,375,427
10671.84,376,428
10672.04,371,432
10672.24,372,432
10672.44,372,432
10672.64,358,425
10672.84,348,420
10673.04,348,420
10673.24,348,422
10673.44,350,423
10673.64,351,424
10673.84,352,424
10674.04,355,424
10674.24,358,426
10674.44,360,427
10674.64,363,428
10674.84,366,428
10675.04,370,430
10675.24,374,431
10675.44,378,432
10675.64,382,434
10675.84,386,435
10676.04,389,436
10676.24,391,437
10676.44,389,436
10676.64,384,434
10676.84,376,430
10677.04,367,427
10677.24,361,425
10677.44,354,421
10677.64,349,420
10677.84,349,420
10678.04,352,421
10678.24,357,423
10678.44,362,426
10678.64,368,428
10678.84,375,431
10679.04,381,433
10679.24,386,434
10679.44,389,436
10679.64,392,438
10679.84,375,429
10680.04,358,429
10680.24,349,423
10680.44,351,423
10680.64,354,426
10680.84,358,427
10681.04,362,428
10681.24,364,429
10681.44,367,430
10681.64,370,432
10681.84,372,433
10682.04,375,435
10682.24,377,435
10682.44,377,436
10682.64,368,429
10682.84,364,429
10683.04,355,424
10683.24,355,424
10683.44,356,425
10683.64,359,426
10683.84,362,428
10684.04,366,429
10684.24,370,431
10684.44,376,433
10684.64,382,436
10684.84,382,437
10685.04,378,435
10685.24,371,431
10685.44,364,428
10685.64,359,425
10685.84,353,422
10686.04,352,421
10686.24,353,421
10686.44,358,424
10686.64,364,427
10686.84,369,429
10687.04,372,430
10687.24,375,432
10687.44,379,434
10687.64,385,437
10687.84,364,437
10688.04,339,432
10688.24,325,422
10688.44,306,397
10688.64,294,379
10688.84,304,392
10689.04,336,429
10689.24,353,445
10689.44,352,430
10689.64,364,428
10689.84,368,432
10690.04,368,431
10690.24,362,427
10690.44,351,422
10690.64,346,420
10690.84,345,417
10691.04,348,420
10691.24,351,422
10691.44,355,424
10691.64,357,424
10691.84,359,425
10692.04,362,426
10692.24,365,427
10692.44,367,428
10692.64,370,430
10692.84,374,431
10693.04,375,431
10693.24,376,431
10693.44,374,431
10693.64,361,424
10693.84,346,421
10694.04,346,420
10694.24,350,423
10694.44,355,425
10694.64,359,427
10694.84,363,429
10695.04,366,430
10695.24,370,431
10695.44,372,433
10695.64,373,433
10695.84,366,426
10696.04,355,426
10696.24,349,422
10696.44,345,419
10696.64,347,420
10696.84,354,424
10697.04,364,428
10697.24,371,431
10697.44,375,433
10697.64,378,434
10697.84,380,435
10698.04,383,436
10698.24,380,434
10698.44,369,428
10698.64,355,422
10698.84,348,419
10699.04,352,422
10699.24,358,423
10699.44,364,424
10699.64,370,426
10699.84,375,429
10700.04,379,430
10700.24,383,432
10700.44,387,433
10700.64,390,434
10700.84,384,439
10701.04,355,433
10701.24,330,423
10701.44,309,402
10701.64,295,391
10701.84,289,377
10702.04,306,392
10702.24,344,423
10702.44,364,434
10702.64,364,431
10702.84,363,428
10703.04,358,426
10703.24,350,419
10703.44,355,420
10703.64,359,420
10703.84,366,421
10704.04,372,424
10704.24,376,427
10704.44,381,429
10704.64,385,431
10704.84,384,432
10705.04,374,430
10705.24,367,426
10705.44,360,423
10705.64,356,420
10705.84,357,419
10706.04,362,421
10706.24,366,423
10706.44,369,425
10706.64,374,427
10706.84,378,430
10707.04,383,432
10707.24,386,434
10707.44,376,427
10707.64,361,427
10707.84,353,420
10708.04,351,416
10708.24,354,417
10708.44,357,419
10708.64,361,421
10708.84,365,422
10709.04,369,424
10709.24,372,427
10709.44,376,429
10709.64,379,430
10709.84,382,432
10710.04,382,431
10710.24,368,424
10710.44,362,421
10710.64,354,418
10710.84,355,417
10711.04,358,419
10711.24,362,421
10711.44,366,422
10711.64,372,424
10711.84,375,427
10712.04,379,428
10712.24,383,430
10712.44,384,429
10712.64,374,426
10712.84,371,426
10713.04,355,419
10713.24,352,415
10713.44,356,418
10713.64,362,420
10713.84,368,421
10714.04,374,423
10714.24,379,426
10714.44,382,429
10714.64,386,431
10714.84,391,432
10715.04,391,433
10715.24,388,432
10715.44,377,427
10715.64,365,421
10715.84,358,418
10716.04,354,415
10716.24,351,412
10716.44,350,408
10716.64,350,413
10716.84,355,416
10717.04,361,418
10717.24,367,422
10717.44,371,424
10717.64,375,427
10717.84,376,428
10718.04,371,432
10718.24,372,432
10718.44,372,432
10718.64,358,425
10718.84,348,420
10719.04,348,420
10719.24,348,422
10719.44,350,423
10719.64,351,424
10719.84,352,424
10720.04,355,424
10720.24,358,426
10720.44,360,427
10720.64,363,428
10720.84,366,428
10721.04,370,430
10721.24,374,431
10721.44,378,432
10721.64,382,434
10721.84,386,435
10722.04,389,436
10722.24,391,437
10722.44,389,436
10722.64,384,434
10722.84,376,430
10723.04,367,427
10723.24,361,425
10723.44,354,421
10723.64,349,420
10723.84,349,420
10724.04,352,421
10724.24,357,423
10724.44,362,426
10724.64,368,428
10724.84,375,431
10725.04,381,433
10725.24,386,434
10725.44,389,436
10725.64,392,438
10725.84,375,429
10726.04,358,429
10726.24,349,423
10726.44,351,423
10726.64,354,426
10726.84,358,427
10727.04,362,428
10727.24,364,429
10727.44,367,430
10727.64,370,432
10727.84,372,433
10728.04,375,435
10728.24,377,435
10728.44,377,436
10728.64,368,429
10728.84,364,429
10729.04,355,424
10729.24,355,424
10729.44,356,425
10729.64,359,426
10729.84,362,428
10730.04,366,429
10730.24,370,431
10730.44,376,433
10730.64,382,436
10730.84,382,437
10731.04,378,435
10731.24,371,431
10731.44,364,428
10731.64,359,425
10731.84,353,422
10732.04,352,421
10732.24,353,421
10732.44,358,424
10732.64,364,427
10732.84,369,429
10733.04,372,430
10733.24,375,432
10733.44,379,434
10733.64,385,437
10733.84,364,437
10734.04,339,432
10734.24,325,422
10734.44,306,397
10734.64,294,379
10734.84,304,392
10735.04,336,429
10735.24,353,445
10735.44,352,430
10735.64,364,428
10735.84,368,432
10736.04,368,431
10736.24,362,427
10736.44,351,422
10736.64,346,420
10736.84,345,417
10737.04,348,420
10737.24,351,422
10737.44,355,424
10737.64,357,424
10737.84,359,425
10738.04,362,426
10738.24,365,427
10738.44,367,428
10738.64,370,430
10738.84,374,431
10739.04,375,431
10739.24,376,431
10739.44,374,431
10739.64,361,424
10739.84,346,421
10740.04,346,420
10740.24,350,423
10740.44,355,425
10740.64,359,427
10740.84,363,429
10741.04,366,430
10741.24,370,431
10741.44,372,433
10741.64,373,433
10741.84,366,426
10742.04,355,426
10742.24,349,422
10742.44,345,419
10742.64,347,420
10742.84,354,424
10743.04,364,428
10743.24,371,431
10743.44,375,433
10743.64,378,434
10743.84,380,435
10744.04,383,436
10744.24,380,434
10744.44,369,428
10744.64,355,422
10744.84,348,419
10745.04,352,422
10745.24,358,423
10745.44,364,424
10745.64,370,426
10745.84,375,429
10746.04,379,430
10746.24,383,432
10746.44,387,433
10746.64,390,434
10746.84,384,439
10747.04,355,433
10747.24,330,423
10747.44,309,402
10747.64,295,391
10747.84,289,377
10748.04,306,392
10748.24,344,423
10748.44,364,434
10748.64,364,431
10748.84,363,428
10749.04,358,426
10749.24,350,419
10749.44,355,420
10749.64,359,420
10749.84,366,421
10750.04,372,424
10750.24,376,427
10750.44,381,429
10750.64,385,431
10750.84,384,432
10751.04,374,430
10751.24,367,426
10751.44,360,423
10751.64,356,420
10751.84,357,419
10752.04,362,421
10752.24,366,423
10752.44,369,425
10752.64,374,427
10752.84,378,430
10753.04,383,432
10753.24,386,434
10753.44,376,427
10753.64,361,427
10753.84,353,420
10754.04,351,416
10754.24,354,417
10754.44,357,419
10754.64,361,421
10754.84,365,422
10755.04,369,424
10755.24,372,427
10755.44,376,429
10755.64,379,430
10755.84,382,432
10756.04,382,431
10756.24,368,424
10756.44,362,421
10756.64,354,418
10756.84,355,417
10757.04,358,419
10757.24,362,421
10757.44,366,422
10757.64,372,424
10757.84,375,427
10758.04,379,428
10758.24,383,430
10758.44,384,429
10758.64,374,426
10758.84,371,426
10759.04,355,419
10759.24,352,415
10759.44,356,418
10759.64,362,420
10759.84,368,421
10760.04,374,423
10760.24,379,426
10760.44,382,429
10760.64,386,431
10760.84,391,432
10761.04,391,433
10761.24,388,432
10761.44,377,427
10761.64,365,421
10761.84,358,418
10762.04,354,415
10762.24,351,412
10762.44,350,408
10762.64,350,413
10762.84,355,416
10763.04,361,418
10763.24,367,422
10763.44,371,424
10763.64,375,427
10763.84,376,428
10764.04,371,432
10764.24,372,432
10764.44,372,432
10764.64,358,425
10764.84,348,420
10765.04,348,420
10765.24,348,422
10765.44,350,423
10765.64,351,424
10765.84,352,424
10766.04,355,424
10766.24,358,426
10766.44,360,427
10766.64,363,428
10766.84,366,428
10767.04,370,430
10767.24,374,431
10767.44,378,432
10767.64,382,434
10767.84,386,435
10768.04,389,436
10768.24,391,437
10768.44,389,436
10768.64,384,434
10768.84,376,430
10769.04,367,427
10769.24,361,425
10769.44,354,421
10769.64,349,420
10769.84,349,420
10770.04,352,421
10770.24,357,423
10770.44,362,426
10770.64,368,428
10770.84,375,431
10771.04,381,433
10771.24,386,434
10771.44,389,436
10771.64,392,438
10771.84,375,429
10772.04,358,429
10772.24,349,423
10772.44,351,423
10772.64,354,426
10772.84,358,427
10773.04,362,428
10773.24,364,429
10773.44,367,430
10773.64,370,432
10773.84,372,433
10774.04,375,435
10774.24,377,435
10774.44,377,436
10774.64,368,429
10774.84,364,429
10775.04,355,424
10775.24,355,424
10775.44,356,425
10775.64,359,426
10775.84,362,428
10776.04,366,429
10776.24,370,431
10776.44,376,433
10776.64,382,436
10776.84,382,437
10777.04,378,435
10777.24,371,431
10777.44,364,428
10777.64,359,425
10777.84,353,422
10778.04,352,421
10778.24,353,421
10778.44,358,424
10778.64,364,427
10778.84,369,429
10779.04,372,430
10779.24,375,432
10779.44,379,434
10779.64,385,437
10779.84,364,437
10780.04,339,432
10780.24,325,422
10780.44,306,397
10780.64,294,379
10780.84,304,392
10781.04,336,429
10781.24,353,445
10781.44,352,430
10781.64,364,428
10781.84,368,432
10782.04,368,431
10782.24,362,427
10782.44,351,422
10782.64,346,420
10782.84,345,417
10783.04,348,420
10783.24,351,422
10783.44,355,424
10783.64,357,424
10783.84,359,425
10784.04,362,426
10784.24,365,427
10784.44,367,428
10784.64,370,430
10784.84,374,431
10785.04,375,431
10785.24,376,431
10785.44,374,431
10785.64,361,424
10785.84,346,421
10786.04,346,420
10786.24,350,423
10786.44,355,425
10786.64,359,427
10786.84,363,429
10787.04,366,430
10787.24,370,431
10787.44,372,433
10787.64,373,433
10787.84,366,426
10788.04,355,426
10788.24,349,422
10788.44,345,419
10788.64,347,420
10788.84,354,424
10789.04,364,428
10789.24,371,431
10789.44,375,433
10789.64,378,434
10789.84,380,435
10790.04,383,436
10790.24,380,434
10790.44,369,428
10790.64,355,422
10790.84,348,419
10791.04,352,422
10791.24,358,423
10791.44,364,424
10791.64,370,426
10791.84,375,429
10792.04,379,430
10792.24,383,432
10792.44,387,433
10792.64,390,434
10792.84,384,439
10793.04,355,433
10793.24,330,423
10793.44,309,402
10793.64,295,391
10793.84,289,377
10794.04,306,392
10794.24,344,423
10794.44,364,434
10794.64,364,431
10794.84,363,428
10795.04,358,426
10795.24,350,419
10795.44,355,420
10795.64,359,420
10795.84,366,421
10796.04,372,424
10796.24,376,427
10796.44,381,429
10796.64,385,431
10796.84,384,432
10797.04,374,430
10797.24,367,426
10797.44,360,423
10797.64,356,420
10797.84,357,419
10798.04,362,421
10798.24,366,423
10798.44,369,425
10798.64,374,427
10798.84,378,430
10799.04,383,432
10799.24,386,434
10799.44,376,427
10799.64,361,427
10799.84,353,420
10800.04,351,416
10800.24,354,417
10800.44,357,419
10800.64,361,421
10800.84,365,422
10801.04,369,424
10801.24,372,427
10801.44,376,429
10801.64,379,430
10801.84,382,432
10802.04,382,431
10802.24,368,424
10802.44,362,421
10802.64,354,418
10802.84,355,417
10803.04,358,419
10803.24,362,421
10803.44,366,422
10803.64,372,424
10803.84,375,427
10804.04,379,428
10804.24,383,430
10804.44,384,429
10804.64,374,426
10804.84,371,426
10805.04,355,419
10805.24,352,415
10805.44,356,418
10805.64,362,420
10805.84,368,421
10806.04,374,423
10806.24,379,426
10806.44,382,429
10806.64,386,431
10806.84,391,432
10807.04,391,433
10807.24,388,432
10807.44,377,427
10807.64,365,421
10807.84,358,418
10808.04,354,415
10808.24,351,412
10808.44,350,408
10808.64,350,413
10808.84,355,416
10809.04,361,418
10809.24,367,422
10809.44,371,424
10809.64,375,427
10809.84,376,428
10810.04,371,432
10810.24,372,432
10810.44,372,432
10810.64,358,425
10810.84,348,420
10811.04,348,420
10811.24,348,422
10811.44,350,423
10811.64,351,424
10811.84,352,424
10812.04,355,424
10812.24,358,426
10812.44,360,427
10812.64,363,428
10812.84,366,428
10813.04,370,430
10813.24,374,431
10813.44,378,432
10813.64,382,434
10813.84,386,435
10814.04,389,436
10814.24,391,437
10814.44,389,436
10814.64,384,434
10814.84,376,430
10815.04,367,427
10815.24,361,425
10815.44,354,421
10815.64,349,420
10815.84,349,420
10816.04,352,421
10816.24,357,423
10816.44,362,426
10816.64,368,428
10816.84,375,431
10817.04,381,433
10817.24,386,434
10817.44,389,436
10817.64,392,438
10817.84,375,429
10818.04,358,429
10818.24,349,423
10818.44,351,423
10818.64,354,426
10818.84,358,427
10819.04,362,428
10819.24,364,429
10819.44,367,430
10819.64,370,432
10819.84,372,433
10820.04,375,435
10820.24,377,435
10820.44,377,436
10820.64,368,429
10820.84,364,429
10821.04,355,424
10821.24,355,424
10821.44,356,425
10821.64,359,426
10821.84,362,428
10822.04,366,429
10822.24,370,431
10822.44,376,433
10822.64,382,436
10822.84,382,437
10823.04,378,435
10823.24,371,431
10823.44,364,428
10823.64,359,425
10823.84,353,422
10824.04,352,421
10824.24,353,421
10824.44,358,424
10824.64,364,427
10824.84,369,429
10825.04,372,430
10825.24,375,432
10825.44,379,434
10825.64,385,437
10825.84,364,437
10826.04,339,432
10826.24,325,422
10826.44,306,397
10826.64,294,379
10826.84,304,392
10827.04,336,429
10827.24,353,445
10827.44,352,430
10827.64,364,428
10827.84,368,432
10828.04,368,431
10828.24,362,427
10828.44,351,422
10828.64,346,420
10828.84,345,417
10829.04,348,420
10829.24,351,422
10829.44,355,424
10829.64,357,424
10829.84,359,425
10830.04,362,426
10830.24,365,427
10830.44,367,428
10830.64,370,430
10830.84,374,431
10831.04,375,431
10831.24,376,431
10831.44,374,431
10831.64,361,424
10831.84,346,421
10832.04,346,420
10832.24,350,423
10832.44,355,425
10832.64,359,427
10832.84,363,429
10833.04,366,430
10833.24,370,431
10833.44,372,433
10833.64,373,433
10833.84,366,426
10834.04,355,426
10834.24,349,422
10834.44,345,419
10834.64,347,420
10834.84,354,424
10835.04,364,428
10835.24,371,431
10835.44,375,433
10835.64,378,434
10835.84,380,435
10836.04,383,436
10836.24,380,434
10836.44,369,428
10836.64,355,422
10836.84,348,419
10837.04,352,422
10837.24,358,423
10837.44,364,424
10837.64,370,426
10837.84,375,429
10838.04,379,430
10838.24,383,432
10838.44,387,433
10838.64,390,434
10838.84,384,439
10839.04,355,433
10839.24,330,423
10839.44,309,402
10839.64,295,391
10839.84,289,377
10840.04,306,392
10840.24,344,423
10840.44,364,434
10840.64,364,431
10840.84,363,428
10841.04,358,426
10841.24,350,419
10841.44,355,420
10841.64,359,420
10841.84,366,421
10842.04,372,424
10842.24,376,427
10842.44,381,429
10842.64,385,431
10842.84,384,432
10843.04,374,430
10843.24,367,426
10843.44,360,423
10843.64,356,420
10843.84,357,419
10844.04,362,421
10844.24,366,423
10844.44,369,425
10844.64,374,427
10844.84,378,430
10845.04,383,432
10845.24,386,434
10845.44,376,427
10845.64,361,427
10845.84,353,420
10846.04,351,416
10846.24,354,417
10846.44,357,419
10846.64,361,421
10846.84,365,422
10847.04,369,424
10847.24,372,427
10847.44,376,429
10847.64,379,430
10847.84,382,432
10848.04,382,431
10848.24,368,424
10848.44,362,421
10848.64,354,418
10848.84,355,417
10849.04,358,419
10849.24,362,421
10849.44,366,422
10849.64,372,424
10849.84,375,427
10850.04,379,428
10850.24,383,430
10850.44,384,429
10850.64,374,426
10850.84,371,426
10851.04,355,419
10851.24,352,415
10851.44,356,418
10851.64,362,420
10851.84,368,421
10852.04,374,423
10852.24,379,426
10852.44,382,429
10852.64,386,431
10852.84,391,432
10853.04,391,433
10853.24,388,432
10853.44,377,427
10853.64,365,421
10853.84,358,418
10854.04,354,415
10854.24,351,412
10854.44,350,408
10854.64,350,413
10854.84,355,416
10855.04,361,418
10855.24,367,422
10855.44,371,424
10855.64,375,427
10855.84,376,428
10856.04,371,432
10856.24,372,432
10856.44,372,432
10856.64,358,425
10856.84,348,420
10857.04,348,420
10857.24,348,422
10857.44,350,423
10857.64,351,424
10857.84,352,424
10858.04,355,424
10858.24,358,426
10858.44,360,427
10858.64,363,428
10858.84,366,428
10859.04,370,430
10859.24,374,431
10859.44,378,432
10859.64,382,434
10859.84,386,435
10860.04,389,436
10860.24,391,437
10860.44,389,436
10860.64,384,434
10860.84,376,430
10861.04,367,427
10861.24,361,425
10861.44,354,421
10861.64,349,420
10861.84,349,420
10862.04,352,421
10862.24,357,423
10862.44,362,426
10862.64,368,428
10862.84,375,431
10863.04,381,433
10863.24,386,434
10863.44,389,436
10863.64,392,438
10863.84,375,429
10864.04,358,429
10864.24,349,423
10864.44,351,423
10864.64,354,426
10864.84,358,427
10865.04,362,428
10865.24,364,429
10865.44,367,430
10865.64,370,432
10865.84,372,433
10866.04,375,435
10866.24,377,435
10866.44,377,436
10866.64,368,429
10866.84,364,429
10867.04,355,424
10867.24,355,424
10867.44,356,425
10867.64,359,426
10867.84,362,428
10868.04,366,429
10868.24,370,431
10868.44,376,433
10868.64,382,436
10868.84,382,437
10869.04,378,435
10869.24,371,431
10869.44,364,428
10869.64,359,425
10869.84,353,422
10870.04,352,421
10870.24,353,421
10870.44,358,424
10870.64,364,427
10870.84,369,429
10871.04,372,430
10871.24,375,432
10871.44,379,434
10871.64,385,437
10871.84,364,437
10872.04,339,432
10872.24,325,422
10872.44,306,397
10872.64,294,379
10872.84,304,392
10873.04,336,429
10873.24,353,445
10873.44,352,430
10873.64,364,428
10873.84,368,432
10874.04,368,431
10874.24,362,427
10874.44,351,422
10874.64,346,420
10874.84,345,417
10875.04,348,420
10875.24,351,422
10875.44,355,424
10875.64,357,424
10875.84,359,425
10876.04,362,426
10876.24,365,427
10876.44,367,428
10876.64,370,430
10876.84,374,431
10877.04,375,431
10877.24,376,431
10877.44,374,431
10877.64,361,424
10877.84,346,421
10878.04,346,420
10878.24,350,423
10878.44,355,425
10878.64,359,427
10878.84,363,429
10879.04,366,430
10879.24,370,431
10879.44,372,433
10879.64,373,433
10879.84,366,426
10880.04,355,426
10880.24,349,422
10880.44,345,419
10880.64,347,420
10880.84,354,424
10881.04,364,428
10881.24,371,431
10881.44,375,433
10881.64,378,434
10881.84,380,435
10882.04,383,436
10882.24,380,434
10882.44,369,428
10882.64,355,422
10882.84,348,419
10883.04,352,422
10883.24,358,423
10883.44,364,424
10883.64,370,426
10883.84,375,429
10884.04,379,430
10884.24,383,432
10884.44,387,433
10884.64,390,434
10884.84,384,439
10885.04,355,433
10885.24,330,423
10885.44,309,402
10885.64,295,391
10885.84,289,377
10886.04,306,392
10886.24,344,423
10886.44,364,434
10886.64,364,431
10886.84,363,428
10887.04,358,426
10887.24,350,419
10887.44,355,420
10887.64,359,420
10887.84,366,421
10888.04,372,424
10888.24,376,427
10888.44,381,429
10888.64,385,431
10888.84,384,432
10889.04,374,430
10889.24,367,426
10889.44,360,423
10889.64,356,420
10889.84,357,419
10890.04,362,421
10890.24,366,423
10890.44,369,425
10890.64,374,427
10890.84,378,430
10891.04,383,432
10891.24,386,434
10891.44,376,427
10891.64,361,427
10891.84,353,420
10892.04,351,416
10892.24,354,417
10892.44,357,419
10892.64,361,421
10892.84,365,422
10893.04,369,424
10893.24,372,427
10893.44,376,429
10893.64,379,430
10893.84,382,432
10894.04,382,431
10894.24,368,424
10894.44,362,421
10894.64,354,418
10894.84,355,417
10895.04,358,419
10895.24,362,421
10895.44,366,422
10895.64,372,424
10895.84,375,427
10896.04,379,428
10896.24,383,430
10896.44,384,429
10896.64,374,426
10896.84,371,426
10897.04,355,419
10897.24,352,415
10897.44,356,418
10897.64,362,420
10897.84,368,421
10898.04,374,423
10898.24,379,426
10898.44,382,429
10898.64,386,431
10898.84,391,432
10899.04,391,433
10899.24,388,432
10899.44,377,427
10899.64,365,421
10899.84,358,418
10900.04,354,415
10900.24,351,412
10900.44,350,408
10900.64,350,413
10900.84,355,416
10901.04,361,418
10901.24,367,422
10901.44,371,424
10901.64,375,427
10901.84,376,428
10902.04,371,432
10902.24,372,432
10902.44,372,432
10902.64,358,425
10902.84,348,420
10903.04,348,420
10903.24,348,422
10903.44,350,423
10903.64,351,424
10903.84,352,424
10904.04,355,424
10904.24,358,426
10904.44,360,427
10904.64,363,428
10904.84,366,428
10905.04,370,430
10905.24,374,431
10905.44,378,432
10905.64,382,434
10905.84,386,435
10906.04,389,436
10906.24,391,437
10906.44,389,436
10906.64,384,434
10906.84,376,430
10907.04,367,427
10907.24,361,425
10907.44,354,421
10907.64,349,420
10907.84,349,420
10908.04,352,421
10908.24,357,423
10908.44,362,426
10908.64,368,428
10908.84,375,431
10909.04,381,433
10909.24,386,434
10909.44,389,436
10909.64,392,438
10909.84,375,429
10910.04,358,429
10910.24,349,423
10910.44,351,423
10910.64,354,426
10910.84,358,427
10911.04,362,428
10911.24,364,429
10911.44,367,430
10911.64,370,432
10911.84,372,433
10912.04,375,435
10912.24,377,435
10912.44,377,436
10912.64,368,429
10912.84,364,429
10913.04,355,424
10913.24,355,424
10913.44,356,425
10913.64,359,426
10913.84,362,428
10914.04,366,429
10914.24,370,431
10914.44,376,433
10914.64,382,436
10914.84,382,437
10915.04,378,435
10915.24,371,431
10915.44,364,428
10915.64,359,425
10915.84,353,422
10916.04,352,421
10916.24,353,421
10916.44,358,424
10916.64,364,427
10916.84,369,429
10917.04,372,430
10917.24,375,432
10917.44,379,434
10917.64,385,437
10917.84,364,437
10918.04,339,432
10918.24,325,422
10918.44,306,397
10918.64,294,379
10918.84,304,392
10919.04,336,429
10919.24,353,445
10919.44,352,430
10919.64,364,428
10919.84,368,432
10920.04,368,431
10920.24,362,427
10920.44,351,422
10920.64,346,420
10920.84,345,417
10921.04,348,420
10921.24,351,422
10921.44,355,424
10921.64,357,424
10921.84,359,425
10922.04,362,426
10922.24,365,427
10922.44,367,428
10922.64,370,430
10922.84,374,431
10923.04,375,431
10923.24,376,431
10923.44,374,431
10923.64,361,424
10923.84,346,421
10924.04,346,420
10924.24,350,423
10924.44,355,425
10924.64,359,427
10924.84,363,429
10925.04,366,430
10925.24,370,431
10925.44,372,433
10925.64,373,433
10925.84,366,426
10926.04,355,426
10926.24,349,422
10926.44,345,419
10926.64,347,420
10926.84,354,424
10927.04,364,428
10927.24,371,431
10927.44,375,433
10927.64,378,434
10927.84,380,435
10928.04,383,436
10928.24,380,434
10928.44,369,428
10928.64,355,422
10928.84,348,419
10929.04,352,422
10929.24,358,423
10929.44,364,424
10929.64,370,426
10929.84,375,429
10930.04,379,430
10930.24,383,432
10930.44,387,433
10930.64,390,434
10930.84,384,439
10931.04,355,433
10931.24,330,423
10931.44,309,402
10931.64,295,391
10931.84,289,377
10932.04,306,392
10932.24,344,423
10932.44,364,434
10932.64,364,431
10932.84,363,428
10933.04,358,426
10933.24,350,419
10933.44,355,420
10933.64,359,420
10933.84,366,421
10934.04,372,424
10934.24,376,427
10934.44,381,429
10934.64,385,431
10934.84,384,432
10935.04,374,430
10935.24,367,426
10935.44,360,423
10935.64,356,420
10935.84,357,419
10936.04,362,421
10936.24,366,423
10936.44,369,425
10936.64,374,427
10936.84,378,430
10937.04,383,432
10937.24,386,434
10937.44,376,427
10937.64,361,427
10937.84,353,420
10938.04,351,416
10938.24,354,417
10938.44,357,419
10938.64,361,421
10938.84,365,422
10939.04,369,424
10939.24,372,427
10939.44,376,429
10939.64,379,430
10939.84,382,432
10940.04,382,431
10940.24,368,424
10940.44,362,421
10940.64,354,418
10940.84,355,417
10941.04,358,419
10941.24,362,421
10941.44,366,422
10941.64,372,424
10941.84,375,427
10942.04,379,428
10942.24,383,430
10942.44,384,429
10942.64,374,426
10942.84,371,426
10943.04,355,419
10943.24,352,415
10943.44,356,418
10943.64,362,420
10943.84,368,421
10944.04,374,423
10944.24,379,426
10944.44,382,429
10944.64,386,431
10944.84,391,432
10945.04,391,433
10945.24,388,432
10945.44,377,427
10945.64,365,421
10945.84,358,418
10946.04,354,415
10946.24,351,412
10946.44,350,408
10946.64,350,413
10946.84,355,416
10947.04,361,418
10947.24,367,422
10947.44,371,424
10947.64,375,427
10947.84,376,428
10948.04,371,432
10948.24,372,432
10948.44,372,432
10948.64,358,425
10948.84,348,420
10949.04,348,420
10949.24,348,422
10949.44,350,423
10949.64,351,424
10949.84,352,424
10950.04,355,424
10950.24,358,426
10950.44,360,427
10950.64,363,428
10950.84,366,428
10951.04,370,430
10951.24,374,431
10951.44,378,432
10951.64,382,434
10951.84,386,435
10952.04,389,436
10952.24,391,437
10952.44,389,436
10952.64,384,434
10952.84,376,430
10953.04,367,427
10953.24,361,425
10953.44,354,421
10953.64,349,420
10953.84,349,420
10954.04,352,421
10954.24,357,423
10954.44,362,426
10954.64,368,428
10954.84,375,431
10955.04,381,433
10955.24,386,434
10955.44,389,436
10955.64,392,438
10955.84,375,429
10956.04,358,429
10956.24,349,423
10956.44,351,423
10956.64,354,426
10956.84,358,427
10957.04,362,428
10957.24,364,429
10957.44,367,430
10957.64,370,432
10957.84,372,433
10958.04,375,435
10958.24,377,435
10958.44,377,436
10958.64,368,429
10958.84,364,429
10959.04,355,424
10959.24,355,424
10959.44,356,425
10959.64,359,426
10959.84,362,428
10960.04,366,429
10960.24,370,431
10960.44,376,433
10960.64,382,436
10960.84,382,437
10961.04,378,435
10961.24,371,431
10961.44,364,428
10961.64,359,425
10961.84,353,422
10962.04,352,421
10962.24,353,421
10962.44,358,424
10962.64,364,427
10962.84,369,429
10963.04,372,430
10963.24,375,432
10963.44,379,434
10963.64,385,437
10963.84,364,437
10964.04,339,432
10964.24,325,422
10964.44,306,397
10964.64,294,379
10964.84,304,392
10965.04,336,429
10965.24,353,445
10965.44,352,430
10965.64,364,428
10965.84,368,432
10966.04,368,431
10966.24,362,427
10966.44,351,422
10966.64,346,420
10966.84,345,417
10967.04,348,420
10967.24,351,422
10967.44,355,424
10967.64,357,424
10967.84,359,425
10968.04,362,426
10968.24,365,427
10968.44,367,428
10968.64,370,430
10968.84,374,431
10969.04,375,431
10969.24,376,431
10969.44,374,431
10969.64,361,424
10969.84,346,421
10970.04,346,420
10970.24,350,423
10970.44,355,425
10970.64,359,427
10970.84,363,429
10971.04,366,430
10971.24,370,431
10971.44,372,433
10971.64,373,433
10971.84,366,426
10972.04,355,426
10972.24,349,422
10972.44,345,419
10972.64,347,420
10972.84,354,424
10973.04,364,428
10973.24,371,431
10973.44,375,433
10973.64,378,434
10973.84,380,435
10974.04,383,436
10974.24,380,434
10974.44,369,428
10974.64,355,422
10974.84,348,419
10975.04,352,422
10975.24,358,423
10975.44,364,424
10975.64,370,426
10975.84,375,429
10976.04,379,430
10976.24,383,432
10976.44,387,433
10976.64,390,434
10976.84,384,439
10977.04,355,433
10977.24,330,423
10977.44,309,402
10977.64,295,391
10977.84,289,377
10978.04,306,392
10978.24,344,423
10978.44,364,434
10978.64,364,431
10978.84,363,428
10979.04,358,426
10979.24,350,419
10979.44,355,420
10979.64,359,420
10979.84,366,421
10980.04,372,424
10980.24,376,427
10980.44,381,429
10980.64,385,431
10980.84,384,432
10981.04,374,430
10981.24,367,426
10981.44,360,423
10981.64,356,420
10981.84,357,419
10982.04,362,421
10982.24,366,423
10982.44,369,425
10982.64,374,427
10982.84,378,430
10983.04,383,432
10983.24,386,434
10983.44,376,427
10983.64,361,427
10983.84,353,420
10984.04,351,416
10984.24,354,417
10984.44,357,419
10984.64,361,421
10984.84,365,422
10985.04,369,424
10985.24,372,427
10985.44,376,429
10985.64,379,430
10985.84,382,432
10986.04,382,431
10986.24,368,424
10986.44,362,421
10986.64,354,418
10986.84,355,417
10987.04,358,419
10987.24,362,421
10987.44,366,422
10987.64,372,424
10987.84,375,427
10988.04,379,428
10988.24,383,430
10988.44,384,429
10988.64,374,426
10988.84,371,426
10989.04,355,419
10989.24,352,415
10989.44,356,418
10989.64,362,420
10989.84,368,421
10990.04,374,423
10990.24,379,426
10990.44,382,429
10990.64,386,431
10990.84,391,432
10991.04,391,433
10991.24,388,432
10991.44,377,427
10991.64,365,421
10991.84,358,418
10992.04,354,415
10992.24,351,412
10992.44,350,408
10992.64,350,413
10992.84,355,416
10993.04,361,418
10993.24,367,422
10993.44,371,424
10993.64,375,427
10993.84,376,428
10994.04,371,432
10994.24,372,432
10994.44,372,432
10994.64,358,425
10994.84,348,420
10995.04,348,420
10995.24,348,422
10995.44,350,423
10995.64,351,424
10995.84,352,424
10996.04,355,424
10996.24,358,426
10996.44,360,427
10996.64,363,428
10996.84,366,428
10997.04,370,430
10997.24,374,431
10997.44,378,432
10997.64,382,434
10997.84,386,435
10998.04,389,436
10998.24,391,437
10998.44,389,436
10998.64,384,434
10998.84,376,430
10999.04,367,427
10999.24,361,425
10999.44,354,421
10999.64,349,420
10999.84,349,420
11000.04,352,421
11000.24,357,423
11000.44,362,426
11000.64,368,428
11000.84,375,431
11001.04,381,433
11001.24,386,434
11001.44,389,436
11001.64,392,438
11001.84,375,429
11002.04,358,429
11002.24,349,423
11002.44,351,423
11002.64,354,426
11002.84,358,427
11003.04,362,428
11003.24,364,429
11003.44,367,430
11003.64,370,432
11003.84,372,433
11004.04,375,435
11004.24,377,435
11004.44,377,436
11004.64,368,429
11004.84,364,429
11005.04,355,424
11005.24,355,424
11005.44,356,425
11005.64,359,426
11005.84,362,428
11006.04,366,429
11006.24,370,431
11006.44,376,433
11006.64,382,436
11006.84,382,437
11007.04,378,435
11007.24,371,431
11007.44,364,428
11007.64,359,425
11007.84,353,422
11008.04,352,421
11008.24,353,421
11008.44,358,424
11008.64,364,427
11008.84,369,429
11009.04,372,430
11009.24,375,432
11009.44,379,434
11009.64,385,437
11009.84,364,437
11010.04,339,432
11010.24,325,422
11010.44,306,397
11010.64,294,379
11010.84,304,392
11011.04,336,429
11011.24,353,445
11011.44,352,430
11011.64,364,428
11011.84,368,432
11012.04,368,431
11012.24,362,427
11012.44,351,422
11012.64,346,420
11012.84,345,417
11013.04,348,420
11013.24,351,422
11013.44,355,424
11013.64,357,424
11013.84,359,425
11014.04,362,426
11014.24,365,427
11014.44,367,428
11014.64,370,430
11014.84,374,431
11015.04,375,431
11015.24,376,431
11015.44,374,431
11015.64,361,424
11015.84,346,421
11016.04,346,420
11016.24,350,423
11016.44,355,425
11016.64,359,427
11016.84,363,429
11017.04,366,430
11017.24,370,431
11017.44,372,433
11017.64,373,433
11017.84,366,426
11018.04,355,426
11018.24,349,422
11018.44,345,419
11018.64,347,420
11018.84,354,424
11019.04,364,428
11019.24,371,431
11019.44,375,433
11019.64,378,434
11019.84,380,435
11020.04,383,436
11020.24,380,434
11020.44,369,428
11020.64,355,422
11020.84,348,419
11021.04,352,422
11021.24,358,423
11021.44,364,424
11021.64,370,426
11021.84,375,429
11022.04,379,430
11022.24,383,432
11022.44,387,433
11022.64,390,434
11022.84,384,439
11023.04,355,433
11023.24,330,423
11023.44,309,402
11023.64,295,391
11023.84,289,377
11024.04,306,392
11024.24,344,423
11024.44,364,434
11024.64,364,431
11024.84,363,428
11025.04,358,426
11025.24,350,419
11025.44,355,420
11025.64,359,420
11025.84,366,421
11026.04,372,424
11026.24,376,427
11026.44,381,429
11026.64,385,431
11026.84,384,432
11027.04,374,430
11027.24,367,426
11027.44,360,423
11027.64,356,420
11027.84,357,419
11028.04,362,421
11028.24,366,423
11028.44,369,425
11028.64,374,427
11028.84,378,430
11029.04,383,432
11029.24,386,434
11029.44,376,427
11029.64,361,427
11029.84,353,420
11030.04,351,416
11030.24,354,417
11030.44,357,419
11030.64,361,421
11030.84,365,422
11031.04,369,424
11031.24,372,427
11031.44,376,429
11031.64,379,430
11031.84,382,432
11032.04,382,431
11032.24,368,424
11032.44,362,421
11032.64,354,418
11032.84,355,417
11033.04,358,419
11033.24,362,421
11033.44,366,422
11033.64,372,424
11033.84,375,427
11034.04,379,428
11034.24,383,430
11034.44,384,429
11034.64,374,426
11034.84,371,426
11035.04,355,419
11035.24,352,415
11035.44,356,418
11035.64,362,420
11035.84,368,421
11036.04,374,423
11036.24,379,426
11036.44,382,429
11036.64,386,431
11036.84,391,432
11037.04,391,433
11037.24,388,432
11037.44,377,427
11037.64,365,421
11037.84,358,418
11038.04,354,415
11038.24,351,412
11038.44,350,408
11038.64,350,413
11038.84,355,416
11039.04,361,418
11039.24,367,422
11039.44,371,424
11039.64,375,427
11039.84,376,428
11040.04,371,432
11040.24,372,432
11040.44,372,432
11040.64,358,425
11040.84,348,420
11041.04,348,420
11041.24,348,422
11041.44,350,423
11041.64,351,424
11041.84,352,424
11042.04,355,424
11042.24,358,426
11042.44,360,427
11042.64,363,428
11042.84,366,428
11043.04,370,430
11043.24,374,431
11043.44,378,432
11043.64,382,434
11043.84,386,435
11044.04,389,436
11044.24,391,437
11044.44,389,436
11044.64,384,434
11044.84,376,430
11045.04,367,427
11045.24,361,425
11045.44,354,421
11045.64,349,420
11045.84,349,420
11046.04,352,421
11046.24,357,423
11046.44,362,426
11046.64,368,428
11046.84,375,431
11047.04,381,433
11047.24,386,434
11047.44,389,436
11047.64,392,438
11047.84,375,429
11048.04,358,429
11048.24,349,423
11048.44,351,423
11048.64,354,426
11048.84,358,427
11049.04,362,428
11049.24,364,429
11049.44,367,430
11049.64,370,432
11049.84,372,433
11050.04,375,435
11050.24,377,435
11050.44,377,436
11050.64,368,429
11050.84,364,429
11051.04,355,424
11051.24,355,424
11051.44,356,425
11051.64,359,426
11051.84,362,428
11052.04,366,429
11052.24,370,431
11052.44,376,433
11052.64,382,436
11052.84,382,437
11053.04,378,435
11053.24,371,431
11053.44,364,428
11053.64,359,425
11053.84,353,422
11054.04,352,421
11054.24,353,421
11054.44,358,424
11054.64,364,427
11054.84,369,429
11055.04,372,430
11055.24,375,432
11055.44,379,434
11055.64,385,437
11055.84,364,437
11056.04,339,432
11056.24,325,422
11056.44,306,397
11056.64,294,379
11056.84,304,392
11057.04,336,429
11057.24,353,445
11057.44,352,430
11057.64,364,428
11057.84,368,432
11058.04,368,431
11058.24,362,427
11058.44,351,422
11058.64,346,420
11058.84,345,417
11059.04,348,420
11059.24,351,422
11059.44,355,424
11059.64,357,424
11059.84,359,425
11060.04,362,426
11060.24,365,427
11060.44,367,428
11060.64,370,430
11060.84,374,431
11061.04,375,431
11061.24,376,431
11061.44,374,431
11061.64,361,424
11061.84,346,421
11062.04,346,420
11062.24,350,423
11062.44,355,425
11062.64,359,427
11062.84,363,429
11063.04,366,430
11063.24,370,431
11063.44,372,433
11063.64,373,433
11063.84,366,426
11064.04,355,426
11064.24,349,422
11064.44,345,419
11064.64,347,420
11064.84,354,424
11065.04,364,428
11065.24,371,431
11065.44,375,433
11065.64,378,434
11065.84,380,435
11066.04,383,436
11066.24,380,434
11066.44,369,428
11066.64,355,422
11066.84,348,419
11067.04,352,422
11067.24,358,423
11067.44,364,424
11067.64,370,426
11067.84,375,429
11068.04,379,430
11068.24,383,432
11068.44,387,433
11068.64,390,434
11068.84,384,439
11069.04,355,433
11069.24,330,423
11069.44,309,402
11069.64,295,391
11069.84,289,377
11070.04,306,392
11070.24,344,423
11070.44,364,434
11070.64,364,431
11070.84,363,428
11071.04,358,426
11071.24,350,419
11071.44,355,420
11071.64,359,420
11071.84,366,421
11072.04,372,424
11072.24,376,427
11072.44,381,429
11072.64,385,431
11072.84,384,432
11073.04,374,430
11073.24,367,426
11073.44,360,423
11073.64,356,420
11073.84,357,419
11074.04,362,421
11074.24,366,423
11074.44,369,425
11074.64,374,427
11074.84,378,430
11075.04,383,432
11075.24,386,434
11075.44,376,427
11075.64,361,427
11075.84,353,420
11076.04,351,416
11076.24,354,417
11076.44,357,419
11076.64,361,421
11076.84,365,422
11077.04,369,424
11077.24,372,427
11077.44,376,429
11077.64,379,430
11077.84,382,432
11078.04,382,431
11078.24,368,424
11078.44,362,421
11078.64,354,418
11078.84,355,417
11079.04,358,419
11079.24,362,421
11079.44,366,422
11079.64,372,424
11079.84,375,427
11080.04,379,428
11080.24,383,430
11080.44,384,429
11080.64,374,426
11080.84,371,426
11081.04,355,419
11081.24,352,415
11081.44,356,418
11081.64,362,420
11081.84,368,421
11082.04,374,423
11082.24,379,426
11082.44,382,429
11082.64,386,431
11082.84,391,432
11083.04,391,433
11083.24,388,432
11083.44,377,427
11083.64,365,421
11083.84,358,418
11084.04,354,415
11084.24,351,412
11084.44,350,408
11084.64,350,413
11084.84,355,416
11085.04,361,418
11085.24,367,422
11085.44,371,424
11085.64,375,427
11085.84,376,428
11086.04,371,432
11086.24,372,432
11086.44,372,432
11086.64,358,425
11086.84,348,420
11087.04,348,420
11087.24,348,422
11087.44,350,423
11087.64,351,424
11087.84,352,424
11088.04,355,424
11088.24,358,426
11088.44,360,427
11088.64,363,428
11088.84,366,428
11089.04,370,430
11089.24,374,431
11089.44,378,432
11089.64,382,434
11089.84,386,435
11090.04,389,436
11090.24,391,437
11090.44,389,436
11090.64,384,434
11090.84,376,430
11091.04,367,427
11091.24,361,425
11091.44,354,421
11091.64,349,420
11091.84,349,420
11092.04,352,421
11092.24,357,423
11092.44,362,426
11092.64,368,428
11092.84,375,431
11093.04,381,433
11093.24,386,434
11093.44,389,436
11093.64,392,438
11093.84,375,429
11094.04,358,429
11094.24,349,423
11094.44,351,423
11094.64,354,426
11094.84,358,427
11095.04,362,428
11095.24,364,429
11095.44,367,430
11095.64,370,432
11095.84,372,433
11096.04,375,435
11096.24,377,435
11096.44,377,436
11096.64,368,429
11096.84,364,429
11097.04,355,424
11097.24,355,424
11097.44,356,425
11097.64,359,426
11097.84,362,428
11098.04,366,429
11098.24,370,431
11098.44,376,433
11098.64,382,436
11098.84,382,437
11099.04,378,435
11099.24,371,431
11099.44,364,428
11099.64,359,425
11099.84,353,422
11100.04,352,421
11100.24,353,421
11100.44,358,424
11100.64,364,427
11100.84,369,429
11101.04,372,430
11101.24,375,432
11101.44,379,434
11101.64,385,437
11101.84,364,437
11102.04,339,432
11102.24,325,422
11102.44,306,397
11102.64,294,379
11102.84,304,392
11103.04,336,429
11103.24,353,445
11103.44,352,430
11103.64,364,428
11103.84,368,432
11104.04,368,431
11104.24,362,427
11104.44,351,422
11104.64,346,420
11104.84,345,417
11105.04,348,420
11105.24,351,422
11105.44,355,424
11105.64,357,424
11105.84,359,425
11106.04,362,426
11106.24,365,427
11106.44,367,428
11106.64,370,430
11106.84,374,431
11107.04,375,431
11107.24,376,431
11107.44,374,431
11107.64,361,424
11107.84,346,421
11108.04,346,420
11108.24,350,423
11108.44,355,425
11108.64,359,427
11108.84,363,429
11109.04,366,430
11109.24,370,431
11109.44,372,433
11109.64,373,433
11109.84,366,426
11110.04,355,426
11110.24,349,422
11110.44,345,419
11110.64,347,420
11110.84,354,424
11111.04,364,428
11111.24,371,431
11111.44,375,433
11111.64,378,434
11111.84,380,435
11112.04,383,436
11112.24,380,434
11112.44,369,428
11112.64,355,422
11112.84,348,419
11113.04,352,422
11113.24,358,423
11113.44,364,424
11113.64,370,426
11113.84,375,429
11114.04,379,430
11114.24,383,432
11114.44,387,433
11114.64,390,434
11114.84,384,439
11115.04,355,433
11115.24,330,423
11115.44,309,402
11115.64,295,391
11115.84,289,377
11116.04,306,392
11116.24,344,423
11116.44,364,434
11116.64,364,431
11116.84,363,428
11117.04,358,426
11117.24,350,419
11117.44,355,420
11117.64,359,420
11117.84,366,421
11118.04,372,424
11118.24,376,427
11118.44,381,429
11118.64,385,431
11118.84,384,432
11119.04,374,430
11119.24,367,426
11119.44,360,423
11119.64,356,420
11119.84,357,419
11120.04,362,421
11120.24,366,423
11120.44,369,425
11120.64,374,427
11120.84,378,430
11121.04,383,432
11121.24,386,434
11121.44,376,427
11121.64,361,427
11121.84,353,420
11122.04,351,416
11122.24,354,417
11122.44,357,419
11122.64,361,421
11122.84,365,422
11123.04,369,424
11123.24,372,427
11123.44,376,429
11123.64,379,430
11123.84,382,432
11124.04,382,431
11124.24,368,424
11124.44,362,421
11124.64,354,418
11124.84,355,417
11125.04,358,419
11125.24,362,421
11125.44,366,422
11125.64,372,424
11125.84,375,427
11126.04,379,428
11126.24,383,430
11126.44,384,429
11126.64,374,426
11126.84,371,426
11127.04,355,419
11127.24,352,415
11127.44,356,418
11127.64,362,420
11127.84,368,421
11128.04,374,423
11128.24,379,426
11128.44,382,429
11128.64,386,431
11128.84,391,432
11129.04,391,433
11129.24,388,432
11129.44,377,427
11129.64,365,421
11129.84,358,418
11130.04,354,415
11130.24,351,412
11130.44,350,408
11130.64,350,413
11130.84,355,416
11131.04,361,418
11131.24,367,422
11131.44,371,424
11131.64,375,427
11131.84,376,428
11132.04,371,432
11132.24,372,432
11132.44,372,432
11132.64,358,425
11132.84,348,420
11133.04,348,420
11133.24,348,422
11133.44,350,423
11133.64,351,424
11133.84,352,424
11134.04,355,424
11134.24,358,426
11134.44,360,427
11134.64,363,428
11134.84,366,428
11135.04,370,430
11135.24,374,431
11135.44,378,432
11135.64,382,434
11135.84,386,435
11136.04,389,436
11136.24,391,437
11136.44,389,436
11136.64,384,434
11136.84,376,430
11137.04,367,427
11137.24,361,425
11137.44,354,421
11137.64,349,420
11137.84,349,420
11138.04,352,421
11138.24,357,423
11138.44,362,426
11138.64,368,428
11138.84,375,431
11139.04,381,433
11139.24,386,434
11139.44,389,436
11139.64,392,438
11139.84,375,429
11140.04,358,429
11140.24,349,423
11140.44,351,423
11140.64,354,426
11140.84,358,427
11141.04,362,428
11141.24,364,429
11141.44,367,430
11141.64,370,432
11141.84,372,433
11142.04,375,435
11142.24,377,435
11142.44,377,436
11142.64,368,429
11142.84,364,429
11143.04,355,424
11143.24,355,424
11143.44,356,425
11143.64,359,426
11143.84,362,428
11144.04,366,429
11144.24,370,431
11144.44,376,433
11144.64,382,436
11144.84,382,437
11145.04,378,435
11145.24,371,431
11145.44,364,428
11145.64,359,425
11145.84,353,422
11146.04,352,421
11146.24,353,421
11146.44,358,424
11146.64,364,427
11146.84,369,429
11147.04,372,430
11147.24,375,432
11147.44,379,434
11147.64,385,437
11147.84,364,437
11148.04,339,432
11148.24,325,422
11148.44,306,397
11148.64,294,379
11148.84,304,392
11149.04,336,429
11149.24,353,445
11149.44,352,430
11149.64,364,428
11149.84,368,432
11150.04,368,431
11150.24,362,427
11150.44,351,422
11150.64,346,420
11150.84,345,417
11151.04,348,420
11151.24,351,422
11151.44,355,424
11151.64,357,424
11151.84,359,425
11152.04,362,426
11152.24,365,427
11152.44,367,428
11152.64,370,430
11152.84,374,431
11153.04,375,431
11153.24,376,431
11153.44,374,431
11153.64,361,424
11153.84,346,421
11154.04,346,420
11154.24,350,423
11154.44,355,425
11154.64,359,427
11154.84,363,429
11155.04,366,430
11155.24,370,431
11155.44,372,433
11155.64,373,433
11155.84,366,426
11156.04,355,426
11156.24,349,422
11156.44,345,419
11156.64,347,420
11156.84,354,424
11157.04,364,428
11157.24,371,431
11157.44,375,433
11157.64,378,434
11157.84,380,435
11158.04,383,436
11158.24,380,434
11158.44,369,428
11158.64,355,422
11158.84,348,419
11159.04,352,422
11159.24,358,423
11159.44,364,424
11159.64,370,426
11159.84,375,429
11160.04,379,430
11160.24,383,432
11160.44,387,433
11160.64,390,434
11160.84,384,439
11161.04,355,433
11161.24,330,423
11161.44,309,402
11161.64,295,391
11161.84,289,377
11162.04,306,392
11162.24,344,423
11162.44,364,434
11162.64,364,431
11162.84,363,428
11163.04,358,426
11163.24,350,419
11163.44,355,420
11163.64,359,420
11163.84,366,421
11164.04,372,424
11164.24,376,427
11164.44,381,429
11164.64,385,431
11164.84,384,432
11165.04,374,430
11165.24,367,426
11165.44,360,423
11165.64,356,420
11165.84,357,419
11166.04,362,421
11166.24,366,423
11166.44,369,425
11166.64,374,427
11166.84,378,430
11167.04,383,432
11167.24,386,434
11167.44,376,427
11167.64,361,427
11167.84,353,420
11168.04,351,416
11168.24,354,417
11168.44,357,419
11168.64,361,421
11168.84,365,422
11169.04,369,424
11169.24,372,427
11169.44,376,429
11169.64,379,430
11169.84,382,432
11170.04,382,431
11170.24,368,424
11170.44,362,421
11170.64,354,418
11170.84,355,417
11171.04,358,419
11171.24,362,421
11171.44,366,422
11171.64,372,424
11171.84,375,427
11172.04,379,428
11172.24,383,430
11172.44,384,429
11172.64,374,426
11172.84,371,426
11173.04,355,419
11173.24,352,415
11173.44,356,418
11173.64,362,420
11173.84,368,421
11174.04,374,423
11174.24,379,426
11174.44,382,429
11174.64,386,431
11174.84,391,432
11175.04,391,433
11175.24,388,432
11175.44,377,427
11175.64,365,421
11175.84,358,418
11176.04,354,415
11176.24,351,412
11176.44,350,408
11176.64,350,413
11176.84,355,416
11177.04,361,418
11177.24,367,422
11177.44,371,424
11177.64,375,427
11177.84,376,428
11178.04,371,432
11178.24,372,432
11178.44,372,432
11178.64,358,425
11178.84,348,420
11179.04,348,420
11179.24,348,422
11179.44,350,423
11179.64,351,424
11179.84,352,424
11180.04,355,424
11180.24,358,426
11180.44,360,427
11180.64,363,428
11180.84,366,428
11181.04,370,430
11181.24,374,431
11181.44,378,432
11181.64,382,434
11181.84,386,435
11182.04,389,436
11182.24,391,437
11182.44,389,436
11182.64,384,434
11182.84,376,430
11183.04,367,427
11183.24,361,425
11183.44,354,421
11183.64,349,420
11183.84,349,420
11184.04,352,421
11184.24,357,423
11184.44,362,426
11184.64,368,428
11184.84,375,431
11185.04,381,433
11185.24,386,434
11185.44,389,436
11185.64,392,438
11185.84,375,429
11186.04,358,429
11186.24,349,423
11186.44,351,423
11186.64,354,426
11186.84,358,427
11187.04,362,428
11187.24,364,429
11187.44,367,430
11187.64,370,432
11187.84,372,433
11188.04,375,435
11188.24,377,435
11188.44,377,436
11188.64,368,429
11188.84,364,429
11189.04,355,424
11189.24,355,424
11189.44,356,425
11189.64,359,426
11189.84,362,428
11190.04,366,429
11190.24,370,431
11190.44,376,433
11190.64,382,436
11190.84,382,437
11191.04,378,435
11191.24,371,431
11191.44,364,428
11191.64,359,425
11191.84,353,422
11192.04,352,421
11192.24,353,421
11192.44,358,424
11192.64,364,427
11192.84,369,429
11193.04,372,430
11193.24,375,432
11193.44,379,434
11193.64,385,437
11193.84,364,437
11194.04,339,432
11194.24,325,422
11194.44,306,397
11194.64,294,379
11194.84,304,392
11195.04,336,429
11195.24,353,445
11195.44,352,430
11195.64,364,428
11195.84,368,432
11196.04,368,431
11196.24,362,427
11196.44,351,422
11196.64,346,420
11196.84,345,417
11197.04,348,420
11197.24,351,422
11197.44,355,424
11197.64,357,424
11197.84,359,425
11198.04,362,426
11198.24,365,427
11198.44,367,428
11198.64,370,430
11198.84,374,431
11199.04,375,431
11199.24,376,431
11199.44,374,431
11199.64,361,424
11199.84,346,421
11200.04,346,420
11200.24,350,423
11200.44,355,425
11200.64,359,427
11200.84,363,429
11201.04,366,430
11201.24,370,431
11201.44,372,433
11201.64,373,433
11201.84,366,426
11202.04,355,426
11202.24,349,422
11202.44,345,419
11202.64,347,420
11202.84,354,424
11203.04,364,428
11203.24,371,431
11203.44,375,433
11203.64,378,434
11203.84,380,435
11204.04,383,436
11204.24,380,434
11204.44,369,428
11204.64,355,422
11204.84,348,419
11205.04,352,422
11205.24,358,423
11205.44,364,424
11205.64,370,426
11205.84,375,429
11206.04,379,430
11206.24,383,432
11206.44,387,433
11206.64,390,434
11206.84,384,439
11207.04,355,433
11207.24,330,423
11207.44,309,402
11207.64,295,391
11207.84,289,377
11208.04,306,392
11208.24,344,423
11208.44,364,434
11208.64,364,431
11208.84,363,428
11209.04,358,426
11209.24,350,419
11209.44,355,420
11209.64,359,420
11209.84,366,421
11210.04,372,424
11210.24,376,427
11210.44,381,429
11210.64,385,431
11210.84,384,432
11211.04,374,430
11211.24,367,426
11211.44,360,423
11211.64,356,420
11211.84,357,419
11212.04,362,421
11212.24,366,423
11212.44,369,425
11212.64,374,427
11212.84,378,430
11213.04,383,432
11213.24,386,434
11213.44,376,427
11213.64,361,427
11213.84,353,420
11214.04,351,416
11214.24,354,417
11214.44,357,419
11214.64,361,421
11214.84,365,422
11215.04,369,424
11215.24,372,427
11215.44,376,429
11215.64,379,430
11215.84,382,432
11216.04,382,431
11216.24,368,424
11216.44,362,421
11216.64,354,418
11216.84,355,417
11217.04,358,419
11217.24,362,421
11217.44,366,422
11217.64,372,424
11217.84,375,427
11218.04,379,428
11218.24,383,430
11218.44,384,429
11218.64,374,426
11218.84,371,426
11219.04,355,419
11219.24,352,415
11219.44,356,418
11219.64,362,420
11219.84,368,421
11220.04,374,423
11220.24,379,426
11220.44,382,429
11220.64,386,431
11220.84,391,432
11221.04,391,433
11221.24,388,432
11221.44,377,427
11221.64,365,421
11221.84,358,418
11222.04,354,415
11222.24,351,412
11222.44,350,408
11222.64,350,413
11222.84,355,416
11223.04,361,418
11223.24,367,422
11223.44,371,424
11223.64,375,427
11223.84,376,428
11224.04,371,432
11224.24,372,432
11224.44,372,432
11224.64,358,425
11224.84,348,420
11225.04,348,420
11225.24,348,422
11225.44,350,423
11225.64,351,424
11225.84,352,424
11226.04,355,424
11226.24,358,426
11226.44,360,427
11226.64,363,428
11226.84,366,428
11227.04,370,430
11227.24,374,431
11227.44,378,432
11227.64,382,434
11227.84,386,435
11228.04,389,436
11228.24,391,437
11228.44,389,436
11228.64,384,434
11228.84,376,430
11229.04,367,427
11229.24,361,425
11229.44,354,421
11229.64,349,420
11229.84,349,420
11230.04,352,421
11230.24,357,423
11230.44,362,426
11230.64,368,428
11230.84,375,431
11231.04,381,433
11231.24,386,434
11231.44,389,436
11231.64,392,438
11231.84,375,429
11232.04,358,429
11232.24,349,423
11232.44,351,423
11232.64,354,426
11232.84,358,427
11233.04,362,428
11233.24,364,429
11233.44,367,430
11233.64,370,432
11233.84,372,433
11234.04,375,435
11234.24,377,435
11234.44,377,436
11234.64,368,429
11234.84,364,429
11235.04,355,424
11235.24,355,424
11235.44,356,425
11235.64,359,426
11235.84,362,428
11236.04,366,429
11236.24,370,431
11236.44,376,433
11236.64,382,436
11236.84,382,437
11237.04,378,435
11237.24,371,431
11237.44,364,428
11237.64,359,425
11237.84,353,422
11238.04,352,421
11238.24,353,421
11238.44,358,424
11238.64,364,427
11238.84,369,429
11239.04,372,430
11239.24,375,432
11239.44,379,434
11239.64,385,437
11239.84,364,437
11240.04,339,432
11240.24,325,422
11240.44,306,397
11240.64,294,379
11240.84,304,392
11241.04,336,429
11241.24,353,445
11241.44,352,430
11241.64,364,428
11241.84,368,432
11242.04,368,431
11242.24,362,427
11242.44,351,422
11242.64,346,420
11242.84,345,417
11243.04,348,420
11243.24,351,422
11243.44,355,424
11243.64,357,424
11243.84,359,425
11244.04,362,426
11244.24,365,427
11244.44,367,428
11244.64,370,430
11244.84,374,431
11245.04,375,431
11245.24,376,431
11245.44,374,431
11245.64,361,424
11245.84,346,421
11246.04,346,420
11246.24,350,423
11246.44,355,425
11246.64,359,427
11246.84,363,429
11247.04,366,430
11247.24,370,431
11247.44,372,433
11247.64,373,433
11247.84,366,426
11248.04,355,426
11248.24,349,422
11248.44,345,419
11248.64,347,420
11248.84,354,424
11249.04,364,428
11249.24,371,431
11249.44,375,433
11249.64,378,434
11249.84,380,435
11250.04,383,436
11250.24,380,434
11250.44,369,428
11250.64,355,422
11250.84,348,419
11251.04,352,422
11251.24,358,423
11251.44,364,424
11251.64,370,426
11251.84,375,429
11252.04,379,430
11252.24,383,432
11252.44,387,433
11252.64,390,434
11252.84,384,439
11253.04,355,433
11253.24,330,423
11253.44,309,402
11253.64,295,391
11253.84,289,377
11254.04,306,392
11254.24,344,423
11254.44,364,434
11254.64,364,431
11254.84,363,428
11255.04,358,426
11255.24,350,419
11255.44,355,420
11255.64,359,420
11255.84,366,421
11256.04,372,424
11256.24,376,427
11256.44,381,429
11256.64,385,431
11256.84,384,432
11257.04,374,430
11257.24,367,426
11257.44,360,423
11257.64,356,420
11257.84,357,419
11258.04,362,421
11258.24,366,423
11258.44,369,425
11258.64,374,427
11258.84,378,430
11259.04,383,432
11259.24,386,434
11259.44,376,427
11259.64,361,427
11259.84,353,420
11260.04,351,416
11260.24,354,417
11260.44,357,419
11260.64,361,421
11260.84,365,422
11261.04,369,424
11261.24,372,427
11261.44,376,429
11261.64,379,430
11261.84,382,432
11262.04,382,431
11262.24,368,424
11262.44,362,421
11262.64,354,418
11262.84,355,417
11263.04,358,419
11263.24,362,421
11263.44,366,422
11263.64,372,424
11263.84,375,427
11264.04,379,428
11264.24,383,430
11264.44,384,429
11264.64,374,426
11264.84,371,426
11265.04,355,419
11265.24,352,415
11265.44,356,418
11265.64,362,420
11265.84,368,421
11266.04,374,423
11266.24,379,426
11266.44,382,429
11266.64,386,431
11266.84,391,432
11267.04,391,433
11267.24,388,432
11267.44,377,427
11267.64,365,421
11267.84,358,418
11268.04,354,415
11268.24,351,412
11268.44,350,408
11268.64,350,413
11268.84,355,416
11269.04,361,418
11269.24,367,422
11269.44,371,424
11269.64,375,427
11269.84,376,428
11270.04,371,432
11270.24,372,432
11270.44,372,432
11270.64,358,425
11270.84,348,420
11271.04,348,420
11271.24,348,422
11271.44,350,423
11271.64,351,424
11271.84,352,424
11272.04,355,424
11272.24,358,426
11272.44,360,427
11272.64,363,428
11272.84,366,428
11273.04,370,430
11273.24,374,431
11273.44,378,432
11273.64,382,434
11273.84,386,435
11274.04,389,436
11274.24,391,437
11274.44,389,436
11274.64,384,434
11274.84,376,430
11275.04,367,427
11275.24,361,425
11275.44,354,421
11275.64,349,420
11275.84,349,420
11276.04,352,421
11276.24,357,423
11276.44,362,426
11276.64,368,428
11276.84,375,431
11277.04,381,433
11277.24,386,434
11277.44,389,436
11277.64,392,438
11277.84,375,429
11278.04,358,429
11278.24,349,423
11278.44,351,423
11278.64,354,426
11278.84,358,427
11279.04,362,428
11279.24,364,429
11279.44,367,430
11279.64,370,432
11279.84,372,433
11280.04,375,435
11280.24,377,435
11280.44,377,436
11280.64,368,429
11280.84,364,429
11281.04,355,424
11281.24,355,424
11281.44,356,425
11281.64,359,426
11281.84,362,428
11282.04,366,429
11282.24,370,431
11282.44,376,433
11282.64,382,436
11282.84,382,437
11283.04,378,435
11283.24,371,431
11283.44,364,428
11283.64,359,425
11283.84,353,422
11284.04,352,421
11284.24,353,421
11284.44,358,424
11284.64,364,427
11284.84,369,429
11285.04,372,430
11285.24,375,432
11285.44,379,434
11285.64,385,437
11285.84,364,437
11286.04,339,432
11286.24,325,422
11286.44,306,397
11286.64,294,379
11286.84,304,392
11287.04,336,429
11287.24,353,445
11287.44,352,430
11287.64,364,428
11287.84,368,432
11288.04,368,431
11288.24,362,427
11288.44,351,422
11288.64,346,420
11288.84,345,417
11289.04,348,420
11289.24,351,422
11289.44,355,424
11289.64,357,424
11289.84,359,425
11290.04,362,426
11290.24,365,427
11290.44,367,428
11290.64,370,430
11290.84,374,431
11291.04,375,431
11291.24,376,431
11291.44,374,431
11291.64,361,424
11291.84,346,421
11292.04,346,420
11292.24,350,423
11292.44,355,425
11292.64,359,427
11292.84,363,429
11293.04,366,430
11293.24,370,431
11293.44,372,433
11293.64,373,433
11293.84,366,426
11294.04,355,426
11294.24,349,422
11294.44,345,419
11294.64,347,420
11294.84,354,424
11295.04,364,428
11295.24,371,431
11295.44,375,433
11295.64,378,434
11295.84,380,435
11296.04,383,436
11296.24,380,434
11296.44,369,428
11296.64,355,422
11296.84,348,419
11297.04,352,422
11297.24,358,423
11297.44,364,424
11297.64,370,426
11297.84,375,429
11298.04,379,430
11298.24,383,432
11298.44,387,433
11298.64,390,434
11298.84,384,439
11299.04,355,433
11299.24,330,423
11299.44,309,402
11299.64,295,391
11299.84,289,377
11300.04,306,392
11300.24,344,423
11300.44,364,434
11300.64,364,431
11300.84,363,428
11301.04,358,426
11301.24,350,419
11301.44,355,420
11301.64,359,420
11301.84,366,421
11302.04,372,424
11302.24,376,427
11302.44,381,429
11302.64,385,431
11302.84,384,432
11303.04,374,430
11303.24,367,426
11303.44,360,423
11303.64,356,420
11303.84,357,419
11304.04,362,421
11304.24,366,423
11304.44,369,425
11304.64,374,427
11304.84,378,430
11305.04,383,432
11305.24,386,434
11305.44,376,427
11305.64,361,427
11305.84,353,420
11306.04,351,416
11306.24,354,417
11306.44,357,419
11306.64,361,421
11306.84,365,422
11307.04,369,424
11307.24,372,427
11307.44,376,429
11307.64,379,430
11307.84,382,432
11308.04,382,431
11308.24,368,424
11308.44,362,421
11308.64,354,418
11308.84,355,417
11309.04,358,419
11309.24,362,421
11309.44,366,422
11309.64,372,424
11309.84,375,427
11310.04,379,428
11310.24,383,430
11310.44,384,429
11310.64,374,426
11310.84,371,426
11311.04,355,419
11311.24,352,415
11311.44,356,418
11311.64,362,420
11311.84,368,421
11312.04,374,423
11312.24,379,426
11312.44,382,429
11312.64,386,431
11312.84,391,432
11313.04,391,433
11313.24,388,432
11313.44,377,427
11313.64,365,421
11313.84,358,418
11314.04,354,415
11314.24,351,412
11314.44,350,408
11314.64,350,413
11314.84,355,416
11315.04,361,418
11315.24,367,422
11315.44,371,424
11315.64,375,427
11315.84,376,428
11316.04,371,432
11316.24,372,432
11316.44,372,432
11316.64,358,425
11316.84,348,420
11317.04,348,420
11317.24,348,422
11317.44,350,423
11317.64,351,424
11317.84,352,424
11318.04,355,424
11318.24,358,426
11318.44,360,427
11318.64,363,428
11318.84,366,428
11319.04,370,430
11319.24,374,431
11319.44,378,432
11319.64,382,434
11319.84,386,435
11320.04,389,436
11320.24,391,437
11320.44,389,436
11320.64,384,434
11320.84,376,430
11321.04,367,427
11321.24,361,425
11321.44,354,421
11321.64,349,420
11321.84,349,420
11322.04,352,421
11322.24,357,423
11322.44,362,426
11322.64,368,428
11322.84,375,431
11323.04,381,433
11323.24,386,434
11323.44,389,436
11323.64,392,438
11323.84,375,429
11324.04,358,429
11324.24,349,423
11324.44,351,423
11324.64,354,426
11324.84,358,427
11325.04,362,428
11325.24,364,429
11325.44,367,430
11325.64,370,432
11325.84,372,433
11326.04,375,435
11326.24,377,435
11326.44,377,436
11326.64,368,429
11326.84,364,429
11327.04,355,424
11327.24,355,424
11327.44,356,425
11327.64,359,426
11327.84,362,428
11328.04,366,429
11328.24,370,431
11328.44,376,433
11328.64,382,436
11328.84,382,437
11329.04,378,435
11329.24,371,431
11329.44,364,428
11329.64,359,425
11329.84,353,422
11330.04,352,421
11330.24,353,421
11330.44,358,424
11330.64,364,427
11330.84,369,429
11331.04,372,430
11331.24,375,432
11331.44,379,434
11331.64,385,437
11331.84,364,437
11332.04,339,432
11332.24,325,422
11332.44,306,397
11332.64,294,379
11332.84,304,392
11333.04,336,429
11333.24,353,445
11333.44,352,430
11333.64,364,428
11333.84,368,432
11334.04,368,431
11334.24,362,427
11334.44,351,422
11334.64,346,420
11334.84,345,417
11335.04,348,420
11335.24,351,422
11335.44,355,424
11335.64,357,424
11335.84,359,425
11336.04,362,426
11336.24,365,427
11336.44,367,428
11336.64,370,430
11336.84,374,431
11337.04,375,431
11337.24,376,431
11337.44,374,431
11337.64,361,424
11337.84,346,421
11338.04,346,420
11338.24,350,423
11338.44,355,425
11338.64,359,427
11338.84,363,429
11339.04,366,430
11339.24,370,431
11339.44,372,433
11339.64,373,433
11339.84,366,426
11340.04,355,426
11340.24,349,422
11340.44,345,419
11340.64,347,420
11340.84,354,424
11341.04,364,428
11341.24,371,431
11341.44,375,433
11341.64,378,434
11341.84,380,435
11342.04,383,436
11342.24,380,434
11342.44,369,428
11342.64,355,422
11342.84,348,419
11343.04,352,422
11343.24,358,423
11343.44,364,424
11343.64,370,426
11343.84,375,429
11344.04,379,430
11344.24,383,432
11344.44,387,433
11344.64,390,434
11344.84,384,439
11345.04,355,433
11345.24,330,423
11345.44,309,402
11345.64,295,391
11345.84,289,377
11346.04,306,392
11346.24,344,423
11346.44,364,434
11346.64,364,431
11346.84,363,428
11347.04,358,426
11347.24,350,419
11347.44,355,420
11347.64,359,420
11347.84,366,421
11348.04,372,424
11348.24,376,427
11348.44,381,429
11348.64,385,431
11348.84,384,432
11349.04,374,430
11349.24,367,426
11349.44,360,423
11349.64,356,420
11349.84,357,419
11350.04,362,421
11350.24,366,423
11350.44,369,425
11350.64,374,427
11350.84,378,430
11351.04,383,432
11351.24,386,434
11351.44,376,427
11351.64,361,427
11351.84,353,420
11352.04,351,416
11352.24,354,417
11352.44,357,419
11352.64,361,421
11352.84,365,422
11353.04,369,424
11353.24,372,427
11353.44,376,429
11353.64,379,430
11353.84,382,432
11354.04,382,431
11354.24,368,424
11354.44,362,421
11354.64,354,418
11354.84,355,417
11355.04,358,419
11355.24,362,421
11355.44,366,422
11355.64,372,424
11355.84,375,427
11356.04,379,428
11356.24,383,430
11356.44,384,429
11356.64,374,426
11356.84,371,426
11357.04,355,419
11357.24,352,415
11357.44,356,418
11357.64,362,420
11357.84,368,421
11358.04,374,423
11358.24,379,426
11358.44,382,429
11358.64,386,431
11358.84,391,432
11359.04,391,433
11359.24,388,432
11359.44,377,427
11359.64,365,421
11359.84,358,418
11360.04,354,415
11360.24,351,412
11360.44,350,408
11360.64,350,413
11360.84,355,416
11361.04,361,418
11361.24,367,422
11361.44,371,424
11361.64,375,427
11361.84,376,428
11362.04,371,432
11362.24,372,432
11362.44,372,432
11362.64,358,425
11362.84,348,420
11363.04,348,420
11363.24,348,422
11363.44,350,423
11363.64,351,424
11363.84,352,424
11364.04,355,424
11364.24,358,426
11364.44,360,427
11364.64,363,428
11364.84,366,428
11365.04,370,430
11365.24,374,431
11365.44,378,432
11365.64,382,434
11365.84,386,435
11366.04,389,436
11366.24,391,437
11366.44,389,436
11366.64,384,434
11366.84,376,430
11367.04,367,427
11367.24,361,425
11367.44,354,421
11367.64,349,420
11367.84,349,420
11368.04,352,421
11368.24,357,423
11368.44,362,426
11368.64,368,428
11368.84,375,431
11369.04,381,433
11369.24,386,434
11369.44,389,436
11369.64,392,438
11369.84,375,429
11370.04,358,429
11370.24,349,423
11370.44,351,423
11370.64,354,426
11370.84,358,427
11371.04,362,428
11371.24,364,429
11371.44,367,430
11371.64,370,432
11371.84,372,433
11372.04,375,435
11372.24,377,435
11372.44,377,436
11372.64,368,429
11372.84,364,429
11373.04,355,424
11373.24,355,424
11373.44,356,425
11373.64,359,426
11373.84,362,428
11374.04,366,429
11374.24,370,431
11374.44,376,433
11374.64,382,436
11374.84,382,437
11375.04,378,435
11375.24,371,431
11375.44,364,428
11375.64,359,425
11375.84,353,422
11376.04,352,421
11376.24,353,421
11376.44,358,424
11376.64,364,427
11376.84,369,429
11377.04,372,430
11377.24,375,432
11377.44,379,434
11377.64,385,437
11377.84,364,437
11378.04,339,432
11378.24,325,422
11378.44,306,397
11378.64,294,379
11378.84,304,392
11379.04,336,429
11379.24,353,445
11379.44,352,430
11379.64,364,428
11379.84,368,432
11380.04,368,431
11380.24,362,427
11380.44,351,422
11380.64,346,420
11380.84,345,417
11381.04,348,420
11381.24,351,422
11381.44,355,424
11381.64,357,424
11381.84,359,425
11382.04,362,426
11382.24,365,427
11382.44,367,428
11382.64,370,430
11382.84,374,431
11383.04,375,431
11383.24,376,431
11383.44,374,431
11383.64,361,424
11383.84,346,421
11384.04,346,420
11384.24,350,423
11384.44,355,425
11384.64,359,427
11384.84,363,429
11385.04,366,430
11385.24,370,431
11385.44,372,433
11385.64,373,433
11385.84,366,426
11386.04,355,426
11386.24,349,422
11386.44,345,419
11386.64,347,420
11386.84,354,424
11387.04,364,428
11387.24,371,431
11387.44,375,433
11387.64,378,434
11387.84,380,435
11388.04,383,436
11388.24,380,434
11388.44,369,428
11388.64,355,422
11388.84,348,419
11389.04,352,422
11389.24,358,423
11389.44,364,424
11389.64,370,426
11389.84,375,429
11390.04,379,430
11390.24,383,432
11390.44,387,433
11390.64,390,434
11390.84,384,439
11391.04,355,433
11391.24,330,423
11391.44,309,402
11391.64,295,391
11391.84,289,377
11392.04,306,392
11392.24,344,423
11392.44,364,434
11392.64,364,431
11392.84,363,428
11393.04,358,426
11393.24,350,419
11393.44,355,420
11393.64,359,420
11393.84,366,421
11394.04,372,424
11394.24,376,427
11394.44,381,429
11394.64,385,431
11394.84,384,432
11395.04,374,430
11395.24,367,426
11395.44,360,423
11395.64,356,420
11395.84,357,419
11396.04,362,421
11396.24,366,423
11396.44,369,425
11396.64,374,427
11396.84,378,430
11397.04,383,432
11397.24,386,434
11397.44,376,427
11397.64,361,427
11397.84,353,420
11398.04,351,416
11398.24,354,417
11398.44,357,419
11398.64,361,421
11398.84,365,422
11399.04,369,424
11399.24,372,427
11399.44,376,429
11399.64,379,430
11399.84,382,432
11400.04,382,431
11400.24,368,424
11400.44,362,421
11400.64,354,418
11400.84,355,417
11401.04,358,419
11401.24,362,421
11401.44,366,422
11401.64,372,424
11401.84,375,427
11402.04,379,428
11402.24,383,430
11402.44,384,429
11402.64,374,426
11402.84,371,426
11403.04,355,419
11403.24,352,415
11403.44,356,418
11403.64,362,420
11403.84,368,421
11404.04,374,423
11404.24,379,426
11404.44,382,429
11404.64,386,431
11404.84,391,432
11405.04,391,433
11405.24,388,432
11405.44,377,427
11405.64,365,421
11405.84,358,418
11406.04,354,415
11406.24,351,412
11406.44,350,408
11406.64,350,413
11406.84,355,416
11407.04,361,418
11407.24,367,422
11407.44,371,424
11407.64,375,427
11407.84,376,428
11408.04,371,432
11408.24,372,432
11408.44,372,432
11408.64,358,425
11408.84,348,420
11409.04,348,420
11409.24,348,422
11409.44,350,423
11409.64,351,424
11409.84,352,424
11410.04,355,424
11410.24,358,426
11410.44,360,427
11410.64,363,428
11410.84,366,428
11411.04,370,430
11411.24,374,431
11411.44,378,432
11411.64,382,434
11411.84,386,435
11412.04,389,436
11412.24,391,437
11412.44,389,436
11412.64,384,434
11412.84,376,430
11413.04,367,427
11413.24,361,425
11413.44,354,421
11413.64,349,420
11413.84,349,420
11414.04,352,421
11414.24,357,423
11414.44,362,426
11414.64,368,428
11414.84,375,431
11415.04,381,433
11415.24,386,434
11415.44,389,436
11415.64,392,438
11415.84,375,429
11416.04,358,429
11416.24,349,423
11416.44,351,423
11416.64,354,426
11416.84,358,427
11417.04,362,428
11417.24,364,429
11417.44,367,430
11417.64,370,432
11417.84,372,433
11418.04,375,435
11418.24,377,435
11418.44,377,436
11418.64,368,429
11418.84,364,429
11419.04,355,424
11419.24,355,424
11419.44,356,425
11419.64,359,426
11419.84,362,428
11420.04,366,429
11420.24,370,431
11420.44,376,433
11420.64,382,436
11420.84,382,437
11421.04,378,435
11421.24,371,431
11421.44,364,428
11421.64,359,425
11421.84,353,422
11422.04,352,421
11422.24,353,421
11422.44,358,424
11422.64,364,427
11422.84,369,429
11423.04,372,430
11423.24,375,432
11423.44,379,434
11423.64,385,437
11423.84,364,437
11424.04,339,432
11424.24,325,422
11424.44,306,397
11424.64,294,379
11424.84,304,392
11425.04,336,429
11425.24,353,445
11425.44,352,430
11425.64,364,428
11425.84,368,432
11426.04,368,431
11426.24,362,427
11426.44,351,422
11426.64,346,420
11426.84,345,417
11427.04,348,420
11427.24,351,422
11427.44,355,424
11427.64,357,424
11427.84,359,425
11428.04,362,426
11428.24,365,427
11428.44,367,428
11428.64,370,430
11428.84,374,431
11429.04,375,431
11429.24,376,431
11429.44,374,431
11429.64,361,424
11429.84,346,421
11430.04,346,420
11430.24,350,423
11430.44,355,425
11430.64,359,427
11430.84,363,429
11431.04,366,430
11431.24,370,431
11431.44,372,433
11431.64,373,433
11431.84,366,426
11432.04,355,426
11432.24,349,422
11432.44,345,419
11432.64,347,420
11432.84,354,424
11433.04,364,428
11433.24,371,431
11433.44,375,433
11433.64,378,434
11433.84,380,435
11434.04,383,436
11434.24,380,434
11434.44,369,428
11434.64,355,422
11434.84,348,419
11435.04,352,422
11435.24,358,423
11435.44,364,424
11435.64,370,426
11435.84,375,429
11436.04,379,430
11436.24,383,432
11436.44,387,433
11436.64,390,434
11436.84,384,439
11437.04,355,433
11437.24,330,423
11437.44,309,402
11437.64,295,391
11437.84,289,377
11438.04,306,392
11438.24,344,423
11438.44,364,434
11438.64,364,431
11438.84,363,428
11439.04,358,426
11439.24,350,419
11439.44,355,420
11439.64,359,420
11439.84,366,421
11440.04,372,424
11440.24,376,427
11440.44,381,429
11440.64,385,431
11440.84,384,432
11441.04,374,430
11441.24,367,426
11441.44,360,423
11441.64,356,420
11441.84,357,419
11442.04,362,421
11442.24,366,423
11442.44,369,425
11442.64,374,427
11442.84,378,430
11443.04,383,432
11443.24,386,434
11443.44,376,427
11443.64,361,427
11443.84,353,420
11444.04,351,416
11444.24,354,417
11444.44,357,419
11444.64,361,421
11444.84,365,422
11445.04,369,424
11445.24,372,427
11445.44,376,429
11445.64,379,430
11445.84,382,432
11446.04,382,431
11446.24,368,424
11446.44,362,421
11446.64,354,418
11446.84,355,417
11447.04,358,419
11447.24,362,421
11447.44,366,422
11447.64,372,424
11447.84,375,427
11448.04,379,428
11448.24,383,430
11448.44,384,429
11448.64,374,426
11448.84,371,426
11449.04,355,419
11449.24,352,415
11449.44,356,418
11449.64,362,420
11449.84,368,421
11450.04,374,423
11450.24,379,426
11450.44,382,429
11450.64,386,431
11450.84,391,432
11451.04,391,433
11451.24,388,432
11451.44,377,427
11451.64,365,421
11451.84,358,418
11452.04,354,415
11452.24,351,412
11452.44,350,408
11452.64,350,413
11452.84,355,416
11453.04,361,418
11453.24,367,422
11453.44,371,424
11453.64,375,427
11453.84,376,428
11454.04,371,432
11454.24,372,432
11454.44,372,432
11454.64,358,425
11454.84,348,420
11455.04,348,420
11455.24,348,422
11455.44,350,423
11455.64,351,424
11455.84,352,424
11456.04,355,424
11456.24,358,426
11456.44,360,427
11456.64,363,428
11456.84,366,428
11457.04,370,430
11457.24,374,431
11457.44,378,432
11457.64,382,434
11457.84,386,435
11458.04,389,436
11458.24,391,437
11458.44,389,436
11458.64,384,434
11458.84,376,430
11459.04,367,427
11459.24,361,425
11459.44,354,421
11459.64,349,420
11459.84,349,420
11460.04,352,421
11460.24,357,423
11460.44,362,426
11460.64,368,428
11460.84,375,431
11461.04,381,433
11461.24,386,434
11461.44,389,436
11461.64,392,438
11461.84,375,429
11462.04,358,429
11462.24,349,423
11462.44,351,423
11462.64,354,426
11462.84,358,427
11463.04,362,428
11463.24,364,429
11463.44,367,430
11463.64,370,432
11463.84,372,433
11464.04,375,435
11464.24,377,435
11464.44,377,436
11464.64,368,429
11464.84,364,429
11465.04,355,424
11465.24,355,424
11465.44,356,425
11465.64,359,426
11465.84,362,428
11466.04,366,429
11466.24,370,431
11466.44,376,433
11466.64,382,436
11466.84,382,437
11467.04,378,435
11467.24,371,431
11467.44,364,428
11467.64,359,425
11467.84,353,422
11468.04,352,421
11468.24,353,421
11468.44,358,424
11468.64,364,427
11468.84,369,429
11469.04,372,430
11469.24,375,432
11469.44,379,434
11469.64,385,437
11469.84,364,437
11470.04,339,432
11470.24,325,422
11470.44,306,397
11470.64,294,379
11470.84,304,392
11471.04,336,429
11471.24,353,445
11471.44,352,430
11471.64,364,428
11471.84,368,432
11472.04,368,431
11472.24,362,427
11472.44,351,422
11472.64,346,420
11472.84,345,417
11473.04,348,420
11473.24,351,422
11473.44,355,424
11473.64,357,424
11473.84,359,425
11474.04,362,426
11474.24,365,427
11474.44,367,428
11474.64,370,430
11474.84,374,431
11475.04,375,431
11475.24,376,431
11475.44,374,431
11475.64,361,424
11475.84,346,421
11476.04,346,420
11476.24,350,423
11476.44,355,425
11476.64,359,427
11476.84,363,429
11477.04,366,430
11477.24,370,431
11477.44,372,433
11477.64,373,433
11477.84,366,426
11478.04,355,426
11478.24,349,422
11478.44,345,419
11478.64,347,420
11478.84,354,424
11479.04,364,428
11479.24,371,431
11479.44,375,433
11479.64,378,434
11479.84,380,435
11480.04,383,436
11480.24,380,434
11480.44,369,428
11480.64,355,422
11480.84,348,419
11481.04,352,422
11481.24,358,423
11481.44,364,424
11481.64,370,426
11481.84,375,429
11482.04,379,430
11482.24,383,432
11482.44,387,433
11482.64,390,434
11482.84,384,439
11483.04,355,433
11483.24,330,423
11483.44,309,402
11483.64,295,391
11483.84,289,377
11484.04,306,392
11484.24,344,423
11484.44,364,434
11484.64,364,431
11484.84,363,428
11485.04,358,426
11485.24,350,419
11485.44,355,420
11485.64,359,420
11485.84,366,421
11486.04,372,424
11486.24,376,427
11486.44,381,429
11486.64,385,431
11486.84,384,432
11487.04,374,430
11487.24,367,426
11487.44,360,423
11487.64,356,420
11487.84,357,419
11488.04,362,421
11488.24,366,423
11488.44,369,425
11488.64,374,427
11488.84,378,430
11489.04,383,432
11489.24,386,434
11489.44,376,427
11489.64,361,427
11489.84,353,420
11490.04,351,416
11490.24,354,417
11490.44,357,419
11490.64,361,421
11490.84,365,422
11491.04,369,424
11491.24,372,427
11491.44,376,429
11491.64,379,430
11491.84,382,432
11492.04,382,431
11492.24,368,424
11492.44,362,421
11492.64,354,418
11492.84,355,417
11493.04,358,419
11493.24,362,421
11493.44,366,422
11493.64,372,424
11493.84,375,427
11494.04,379,428
11494.24,383,430
11494.44,384,429
11494.64,374,426
11494.84,371,426
11495.04,355,419
11495.24,352,415
11495.44,356,418
11495.64,362,420
11495.84,368,421
11496.04,374,423
11496.24,379,426
11496.44,382,429
11496.64,386,431
11496.84,391,432
11497.04,391,433
11497.24,388,432
11497.44,377,427
11497.64,365,421
11497.84,358,418
11498.04,354,415
11498.24,351,412
11498.44,350,408
11498.64,350,413
11498.84,355,416
11499.04,361,418
11499.24,367,422
11499.44,371,424
11499.64,375,427
11499.84,376,428
11500.04,371,432
11500.24,372,432
11500.44,372,432
11500.64,358,425
11500.84,348,420
11501.04,348,420
11501.24,348,422
11501.44,350,423
11501.64,351,424
11501.84,352,424
11502.04,355,424
11502.24,358,426
11502.44,360,427
11502.64,363,428
11502.84,366,428
11503.04,370,430
11503.24,374,431
11503.44,378,432
11503.64,382,434
11503.84,386,435
11504.04,389,436
11504.24,391,437
11504.44,389,436
11504.64,384,434
11504.84,376,430
11505.04,367,427
11505.24,361,425
11505.44,354,421
11505.64,349,420
11505.84,349,420
11506.04,352,421
11506.24,357,423
11506.44,362,426
11506.64,368,428
11506.84,375,431
11507.04,381,433
11507.24,386,434
11507.44,389,436
11507.64,392,438
11507.84,375,429
11508.04,358,429
11508.24,349,423
11508.44,351,423
11508.64,354,426
11508.84,358,427
11509.04,362,428
11509.24,364,429
11509.44,367,430
11509.64,370,432
11509.84,372,433
11510.04,375,435
11510.24,377,435
11510.44,377,436
11510.64,368,429
11510.84,364,429
11511.04,355,424
11511.24,355,424
11511.44,356,425
11511.64,359,426
11511.84,362,428
11512.04,366,429
11512.24,370,431
11512.44,376,433
11512.64,382,436
11512.84,382,437
11513.04,378,435
11513.24,371,431
11513.44,364,428
11513.64,359,425
11513.84,353,422
11514.04,352,421
11514.24,353,421
11514.44,358,424
11514.64,364,427
11514.84,369,429
11515.04,372,430
11515.24,375,432
11515.44,379,434
11515.64,385,437
11515.84,364,437
11516.04,339,432
11516.24,325,422
11516.44,306,397
11516.64,294,379
11516.84,304,392
11517.04,336,429
11517.24,353,445
11517.44,352,430
11517.64,364,428
11517.84,368,432
11518.04,368,431
11518.24,362,427
11518.44,351,422
11518.64,346,420
11518.84,345,417
11519.04,348,420
11519.24,351,422
11519.44,355,424
11519.64,357,424
11519.84,359,425
11520.04,362,426
11520.24,365,427
11520.44,367,428
11520.64,370,430
11520.84,374,431
11521.04,375,431
11521.24,376,431
11521.44,374,431
11521.64,361,424
11521.84,346,421
11522.04,346,420
11522.24,350,423
11522.44,355,425
11522.64,359,427
11522.84,363,429
11523.04,366,430
11523.24,370,431
11523.44,372,433
11523.64,373,433
11523.84,366,426
11524.04,355,426
11524.24,349,422
11524.44,345,419
11524.64,347,420
11524.84,354,424
11525.04,364,428
11525.24,371,431
11525.44,375,433
11525.64,378,434
11525.84,380,435
11526.04,383,436
11526.24,380,434
11526.44,369,428
11526.64,355,422
11526.84,348,419
11527.04,352,422
11527.24,358,423
11527.44,364,424
11527.64,370,426
11527.84,375,429
11528.04,379,430
11528.24,383,432
11528.44,387,433
11528.64,390,434
11528.84,384,439
11529.04,355,433
11529.24,330,423
11529.44,309,402
11529.64,295,391
11529.84,289,377
11530.04,306,392
11530.24,344,423
11530.44,364,434
11530.64,364,431
11530.84,363,428
11531.04,358,426
11531.24,350,419
11531.44,355,420
11531.64,359,420
11531.84,366,421
11532.04,372,424
11532.24,376,427
11532.44,381,429
11532.64,385,431
11532.84,384,432
11533.04,374,430
11533.24,367,426
11533.44,360,423
11533.64,356,420
11533.84,357,419
11534.04,362,421
11534.24,366,423
11534.44,369,425
11534.64,374,427
11534.84,378,430
11535.04,383,432
11535.24,386,434
11535.44,376,427
11535.64,361,427
11535.84,353,420
11536.04,351,416
11536.24,354,417
11536.44,357,419
11536.64,361,421
11536.84,365,422
11537.04,369,424
11537.24,372,427
11537.44,376,429
11537.64,379,430
11537.84,382,432
11538.04,382,431
11538.24,368,424
11538.44,362,421
11538.64,354,418
11538.84,355,417
11539.04,358,419
11539.24,362,421
11539.44,366,422
11539.64,372,424
11539.84,375,427
11540.04,379,428
11540.24,383,430
11540.44,384,429
11540.64,374,426
11540.84,371,426
11541.04,355,419
11541.24,352,415
11541.44,356,418
11541.64,362,420
11541.84,368,421
11542.04,374,423
11542.24,379,426
11542.44,382,429
11542.64,386,431
11542.84,391,432
11543.04,391,433
11543.24,388,432
11543.44,377,427
11543.64,365,421
11543.84,358,418
11544.04,354,415
11544.24,351,412
11544.44,350,408
11544.64,350,413
11544.84,355,416
11545.04,361,418
11545.24,367,422
11545.44,371,424
11545.64,375,427
11545.84,376,428
11546.04,371,432
11546.24,372,432
11546.44,372,432
11546.64,358,425
11546.84,348,420
11547.04,348,420
11547.24,348,422
11547.44,350,423
11547.64,351,424
11547.84,352,424
11548.04,355,424
11548.24,358,426
11548.44,360,427
11548.64,363,428
11548.84,366,428
11549.04,370,430
11549.24,374,431
11549.44,378,432
11549.64,382,434
11549.84,386,435
11550.04,389,436
11550.24,391,437
11550.44,389,436
11550.64,384,434
11550.84,376,430
11551.04,367,427
11551.24,361,425
11551.44,354,421
11551.64,349,420
11551.84,349,420
11552.04,352,421
11552.24,357,423
11552.44,362,426
11552.64,368,428
11552.84,375,431
11553.04,381,433
11553.24,386,434
11553.44,389,436
11553.64,392,438
11553.84,375,429
11554.04,358,429
11554.24,349,423
11554.44,351,423
11554.64,354,426
11554.84,358,427
11555.04,362,428
11555.24,364,429
11555.44,367,430
11555.64,370,432
11555.84,372,433
11556.04,375,435
11556.24,377,435
11556.44,377,436
11556.64,368,429
11556.84,364,429
11557.04,355,424
11557.24,355,424
11557.44,356,425
11557.64,359,426
11557.84,362,428
11558.04,366,429
11558.24,370,431
11558.44,376,433
11558.64,382,436
11558.84,382,437
11559.04,378,435
11559.24,371,431
11559.44,364,428
11559.64,359,425
11559.84,353,422
11560.04,352,421
11560.24,353,421
11560.44,358,424
11560.64,364,427
11560.84,369,429
11561.04,372,430
11561.24,375,432
11561.44,379,434
11561.64,385,437
11561.84,364,437
11562.04,339,432
11562.24,325,422
11562.44,306,397
11562.64,294,379
11562.84,304,392
11563.04,336,429
11563.24,353,445
11563.44,352,430
11563.64,364,428
11563.84,368,432
11564.04,368,431
11564.24,362,427
11564.44,351,422
11564.64,346,420
11564.84,345,417
11565.04,348,420
11565.24,351,422
11565.44,355,424
11565.64,357,424
11565.84,359,425
11566.04,362,426
11566.24,365,427
11566.44,367,428
11566.64,370,430
11566.84,374,431
11567.04,375,431
11567.24,376,431
11567.44,374,431
11567.64,361,424
11567.84,346,421
11568.04,346,420
11568.24,350,423
11568.44,355,425
11568.64,359,427
11568.84,363,429
11569.04,366,430
11569.24,370,431
11569.44,372,433
11569.64,373,433
11569.84,366,426
11570.04,355,426
11570.24,349,422
11570.44,345,419
11570.64,347,420
11570.84,354,424
11571.04,364,428
11571.24,371,431
11571.44,375,433
11571.64,378,434
11571.84,380,435
11572.04,383,436
11572.24,380,434
11572.44,369,428
11572.64,355,422
11572.84,348,419
11573.04,352,422
11573.24,358,423
11573.44,364,424
11573.64,370,426
11573.84,375,429
11574.04,379,430
11574.24,383,432
11574.44,387,433
11574.64,390,434
11574.84,384,439
11575.04,355,433
11575.24,330,423
11575.44,309,402
11575.64,295,391
11575.84,289,377
11576.04,306,392
11576.24,344,423
11576.44,364,434
11576.64,364,431
11576.84,363,428
11577.04,358,426
11577.24,350,419
11577.44,355,420
11577.64,359,420
11577.84,366,421
11578.04,372,424
11578.24,376,427
11578.44,381,429
11578.64,385,431
11578.84,384,432
11579.04,374,430
11579.24,367,426
11579.44,360,423
11579.64,356,420
11579.84,357,419
11580.04,362,421
11580.24,366,423
11580.44,369,425
11580.64,374,427
11580.84,378,430
11581.04,383,432
11581.24,386,434
11581.44,376,427
11581.64,361,427
11581.84,353,420
11582.04,351,416
11582.24,354,417
11582.44,357,419
11582.64,361,421
11582.84,365,422
11583.04,369,424
11583.24,372,427
11583.44,376,429
11583.64,379,430
11583.84,382,432
11584.04,382,431
11584.24,368,424
11584.44,362,421
11584.64,354,418
11584.84,355,417
11585.04,358,419
11585.24,362,421
11585.44,366,422
11585.64,372,424
11585.84,375,427
11586.04,379,428
11586.24,383,430
11586.44,384,429
11586.64,374,426
11586.84,371,426
11587.04,355,419
11587.24,352,415
11587.44,356,418
11587.64,362,420
11587.84,368,421
11588.04,374,423
11588.24,379,426
11588.44,382,429
11588.64,386,431
11588.84,391,432
11589.04,391,433
11589.24,388,432
11589.44,377,427
11589.64,365,421
11589.84,358,418
11590.04,354,415
11590.24,351,412
11590.44,350,408
11590.64,350,413
11590.84,355,416
11591.04,361,418
11591.24,367,422
11591.44,371,424
11591.64,375,427
11591.84,376,428
11592.04,371,432
11592.24,372,432
11592.44,372,432
11592.64,358,425
11592.84,348,420
11593.04,348,420
11593.24,348,422
11593.44,350,423
11593.64,351,424
11593.84,352,424
11594.04,355,424
11594.24,358,426
11594.44,360,427
11594.64,363,428
11594.84,366,428
11595.04,370,430
11595.24,374,431
11595.44,378,432
11595.64,382,434
11595.84,386,435
11596.04,389,436
11596.24,391,437
11596.44,389,436
11596.64,384,434
11596.84,376,430
11597.04,367,427
11597.24,361,425
11597.44,354,421
11597.64,349,420
11597.84,349,420
11598.04,352,421
11598.24,357,423
11598.44,362,426
11598.64,368,428
11598.84,375,431
11599.04,381,433
11599.24,386,434
11599.44,389,436
11599.64,392,438
11599.84,375,429
11600.04,358,429
11600.24,349,423
11600.44,351,423
11600.64,354,426
11600.84,358,427
11601.04,362,428
11601.24,364,429
11601.44,367,430
11601.64,370,432
11601.84,372,433
11602.04,375,435
11602.24,377,435
11602.44,377,436
11602.64,368,429
11602.84,364,429
11603.04,355,424
11603.24,355,424
11603.44,356,425
11603.64,359,426
11603.84,362,428
11604.04,366,429
11604.24,370,431
11604.44,376,433
11604.64,382,436
11604.84,382,437
11605.04,378,435
11605.24,371,431
11605.44,364,428
11605.64,359,425
11605.84,353,422
11606.04,352,421
11606.24,353,421
11606.44,358,424
11606.64,364,427
11606.84,369,429
11607.04,372,430
11607.24,375,432
11607.44,379,434
11607.64,385,437
11607.84,364,437
11608.04,339,432
11608.24,325,422
11608.44,306,397
11608.64,294,379
11608.84,304,392
11609.04,336,429
11609.24,353,445
11609.44,352,430
11609.64,364,428
11609.84,368,432
11610.04,368,431
11610.24,362,427
11610.44,351,422
11610.64,346,420
11610.84,345,417
11611.04,348,420
11611.24,351,422
11611.44,355,424
11611.64,357,424
11611.84,359,425
11612.04,362,426
11612.24,365,427
11612.44,367,428
11612.64,370,430
11612.84,374,431
11613.04,375,431
11613.24,376,431
11613.44,374,431
11613.64,361,424
11613.84,346,421
11614.04,346,420
11614.24,350,423
11614.44,355,425
11614.64,359,427
11614.84,363,429
11615.04,366,430
11615.24,370,431
11615.44,372,433
11615.64,373,433
11615.84,366,426
11616.04,355,426
11616.24,349,422
11616.44,345,419
11616.64,347,420
11616.84,354,424
11617.04,364,428
11617.24,371,431
11617.44,375,433
11617.64,378,434
11617.84,380,435
11618.04,383,436
11618.24,380,434
11618.44,369,428
11618.64,355,422
11618.84,348,419
11619.04,352,422
11619.24,358,423
11619.44,364,424
11619.64,370,426
11619.84,375,429
11620.04,379,430
11620.24,383,432
11620.44,387,433
11620.64,390,434
11620.84,384,439
11621.04,355,433
11621.24,330,423
11621.44,309,402
11621.64,295,391
11621.84,289,377
11622.04,306,392
11622.24,344,423
11622.44,364,434
11622.64,364,431
11622.84,363,428
11623.04,358,426
11623.24,350,419
11623.44,355,420
11623.64,359,420
11623.84,366,421
11624.04,372,424
11624.24,376,427
11624.44,381,429
11624.64,385,431
11624.84,384,432
11625.04,374,430
11625.24,367,426
11625.44,360,423
11625.64,356,420
11625.84,357,419
11626.04,362,421
11626.24,366,423
11626.44,369,425
11626.64,374,427
11626.84,378,430
11627.04,383,432
11627.24,386,434
11627.44,376,427
11627.64,361,427
11627.84,353,420
11628.04,351,416
11628.24,354,417
11628.44,357,419
11628.64,361,421
11628.84,365,422
11629.04,369,424
11629.24,372,427
11629.44,376,429
11629.64,379,430
11629.84,382,432
11630.04,382,431
11630.24,368,424
11630.44,362,421
11630.64,354,418
11630.84,355,417
11631.04,358,419
11631.24,362,421
11631.44,366,422
11631.64,372,424
11631.84,375,427
11632.04,379,428
11632.24,383,430
11632.44,384,429
11632.64,374,426
11632.84,371,426
11633.04,355,419
11633.24,352,415
11633.44,356,418
11633.64,362,420
11633.84,368,421
11634.04,374,423
11634.24,379,426
11634.44,382,429
11634.64,386,431
11634.84,391,432
11635.04,391,433
11635.24,388,432
11635.44,377,427
11635.64,365,421
11635.84,358,418
11636.04,354,415
11636.24,351,412
11636.44,350,408
11636.64,350,413
11636.84,355,416
11637.04,361,418
11637.24,367,422
11637.44,371,424
11637.64,375,427
11637.84,376,428
11638.04,371,432
11638.24,372,432
11638.44,372,432
11638.64,358,425
11638.84,348,420
11639.04,348,420
11639.24,348,422
11639.44,350,423
11639.64,351,424
11639.84,352,424
11640.04,355,424
11640.24,358,426
11640.44,360,427
11640.64,363,428
11640.84,366,428
11641.04,370,430
11641.24,374,431
11641.44,378,432
11641.64,382,434
11641.84,386,435
11642.04,389,436
11642.24,391,437
11642.44,389,436
11642.64,384,434
11642.84,376,430
11643.04,367,427
11643.24,361,425
11643.44,354,421
11643.64,349,420
11643.84,349,420
11644.04,352,421
11644.24,357,423
11644.44,362,426
11644.64,368,428
11644.84,375,431
11645.04,381,433
11645.24,386,434
11645.44,389,436
11645.64,392,438
11645.84,375,429
11646.04,358,429
11646.24,349,423
11646.44,351,423
11646.64,354,426
11646.84,358,427
11647.04,362,428
11647.24,364,429
11647.44,367,430
11647.64,370,432
11647.84,372,433
11648.04,375,435
11648.24,377,435
11648.44,377,436
11648.64,368,429
11648.84,364,429
11649.04,355,424
11649.24,355,424
11649.44,356,425
11649.64,359,426
11649.84,362,428
11650.04,366,429
11650.24,370,431
11650.44,376,433
11650.64,382,436
11650.84,382,437
11651.04,378,435
11651.24,371,431
11651.44,364,428
11651.64,359,425
11651.84,353,422
11652.04,352,421
11652.24,353,421
11652.44,358,424
11652.64,364,427
11652.84,369,429
11653.04,372,430
11653.24,375,432
11653.44,379,434
11653.64,385,437
11653.84,364,437
11654.04,339,432
11654.24,325,422
11654.44,306,397
11654.64,294,379
11654.84,304,392
11655.04,336,429
11655.24,353,445
11655.44,352,430
11655.64,364,428
11655.84,368,432
11656.04,368,431
11656.24,362,427
11656.44,351,422
11656.64,346,420
11656.84,345,417
11657.04,348,420
11657.24,351,422
11657.44,355,424
11657.64,357,424
11657.84,359,425
11658.04,362,426
11658.24,365,427
11658.44,367,428
11658.64,370,430
11658.84,374,431
11659.04,375,431
11659.24,376,431
11659.44,374,431
11659.64,361,424
11659.84,346,421
11660.04,346,420
11660.24,350,423
11660.44,355,425
11660.64,359,427
11660.84,363,429
11661.04,366,430
11661.24,370,431
11661.44,372,433
11661.64,373,433
11661.84,366,426
11662.04,355,426
11662.24,349,422
11662.44,345,419
11662.64,347,420
11662.84,354,424
11663.04,364,428
11663.24,371,431
11663.44,375,433
11663.64,378,434
11663.84,380,435
11664.04,383,436
11664.24,380,434
11664.44,369,428
11664.64,355,422
11664.84,348,419
11665.04,352,422
11665.24,358,423
11665.44,364,424
11665.64,370,426
11665.84,375,429
11666.04,379,430
11666.24,383,432
11666.44,387,433
11666.64,390,434
11666.84,384,439
11667.04,355,433
11667.24,330,423
11667.44,309,402
11667.64,295,391
11667.84,289,377
11668.04,306,392
11668.24,344,423
11668.44,364,434
11668.64,364,431
11668.84,363,428
11669.04,358,426
11669.24,350,419
11669.44,355,420
11669.64,359,420
11669.84,366,421
11670.04,372,424
11670.24,376,427
11670.44,381,429
11670.64,385,431
11670.84,384,432
11671.04,374,430
11671.24,367,426
11671.44,360,423
11671.64,356,420
11671.84,357,419
11672.04,362,421
11672.24,366,423
11672.44,369,425
11672.64,374,427
11672.84,378,430
11673.04,383,432
11673.24,386,434
11673.44,376,427
11673.64,361,427
11673.84,353,420
11674.04,351,416
11674.24,354,417
11674.44,357,419
11674.64,361,421
11674.84,365,422
11675.04,369,424
11675.24,372,427
11675.44,376,429
11675.64,379,430
11675.84,382,432
11676.04,382,431
11676.24,368,424
11676.44,362,421
11676.64,354,418
11676.84,355,417
11677.04,358,419
11677.24,362,421
11677.44,366,422
11677.64,372,424
11677.84,375,427
11678.04,379,428
11678.24,383,430
11678.44,384,429
11678.64,374,426
11678.84,371,426
11679.04,355,419
11679.24,352,415
11679.44,356,418
11679.64,362,420
11679.84,368,421
11680.04,374,423
11680.24,379,426
11680.44,382,429
11680.64,386,431
11680.84,391,432
11681.04,391,433
11681.24,388,432
11681.44,377,427
11681.64,365,421
11681.84,358,418
11682.04,354,415
11682.24,351,412
11682.44,350,408
11682.64,350,413
11682.84,355,416
11683.04,361,418
11683.24,367,422
11683.44,371,424
11683.64,375,427
11683.84,376,428
11684.04,371,432
11684.24,372,432
11684.44,372,432
11684.64,358,425
11684.84,348,420
11685.04,348,420
11685.24,348,422
11685.44,350,423
11685.64,351,424
11685.84,352,424
11686.04,355,424
11686.24,358,426
11686.44,360,427
11686.64,363,428
11686.84,366,428
11687.04,370,430
11687.24,374,431
11687.44,378,432
11687.64,382,434
11687.84,386,435
11688.04,389,436
11688.24,391,437
11688.44,389,436
11688.64,384,434
11688.84,376,430
11689.04,367,427
11689.24,361,425
11689.44,354,421
11689.64,349,420
11689.84,349,420
11690.04,352,421
11690.24,357,423
11690.44,362,426
11690.64,368,428
11690.84,375,431
11691.04,381,433
11691.24,386,434
11691.44,389,436
11691.64,392,438
11691.84,375,429
11692.04,358,429
11692.24,349,423
11692.44,351,423
11692.64,354,426
11692.84,358,427
11693.04,362,428
11693.24,364,429
11693.44,367,430
11693.64,370,432
11693.84,372,433
11694.04,375,435
11694.24,377,435
11694.44,377,436
11694.64,368,429
11694.84,364,429
11695.04,355,424
11695.24,355,424
11695.44,356,425
11695.64,359,426
11695.84,362,428
11696.04,366,429
11696.24,370,431
11696.44,376,433
11696.64,382,436
11696.84,382,437
11697.04,378,435
11697.24,371,431
11697.44,364,428
11697.64,359,425
11697.84,353,422
11698.04,352,421
11698.24,353,421
11698.44,358,424
11698.64,364,427
11698.84,369,429
11699.04,372,430
11699.24,375,432
11699.44,379,434
11699.64,385,437
11699.84,364,437
11700.04,339,432
11700.24,325,422
11700.44,306,397
11700.64,294,379
11700.84,304,392
11701.04,336,429
11701.24,353,445
11701.44,352,430
11701.64,364,428
11701.84,368,432
11702.04,368,431
11702.24,362,427
11702.44,351,422
11702.64,346,420
11702.84,345,417
11703.04,348,420
11703.24,351,422
11703.44,355,424
11703.64,357,424
11703.84,359,425
11704.04,362,426
11704.24,365,427
11704.44,367,428
11704.64,370,430
11704.84,374,431
11705.04,375,431
11705.24,376,431
11705.44,374,431
11705.64,361,424
11705.84,346,421
11706.04,346,420
11706.24,350,423
11706.44,355,425
11706.64,359,427
11706.84,363,429
11707.04,366,430
11707.24,370,431
11707.44,372,433
11707.64,373,433
11707.84,366,426
11708.04,355,426
11708.24,349,422
11708.44,345,419
11708.64,347,420
11708.84,354,424
11709.04,364,428
11709.24,371,431
11709.44,375,433
11709.64,378,434
11709.84,380,435
11710.04,383,436
11710.24,380,434
11710.44,369,428
11710.64,355,422
11710.84,348,419
11711.04,352,422
11711.24,358,423
11711.44,364,424
11711.64,370,426
11711.84,375,429
11712.04,379,430
11712.24,383,432
11712.44,387,433
11712.64,390,434
11712.84,384,439
11713.04,355,433
11713.24,330,423
11713.44,309,402
11713.64,295,391
11713.84,289,377
11714.04,306,392
11714.24,344,423
11714.44,364,434
11714.64,364,431
11714.84,363,428
11715.04,358,426
11715.24,350,419
11715.44,355,420
11715.64,359,420
11715.84,366,421
11716.04,372,424
11716.24,376,427
11716.44,381,429
11716.64,385,431
11716.84,384,432
11717.04,374,430
11717.24,367,426
11717.44,360,423
11717.64,356,420
11717.84,357,419
11718.04,362,421
11718.24,366,423
11718.44,369,425
11718.64,374,427
11718.84,378,430
11719.04,383,432
11719.24,386,434
11719.44,376,427
11719.64,361,427
11719.84,353,420
11720.04,351,416
11720.24,354,417
11720.44,357,419
11720.64,361,421
11720.84,365,422
11721.04,369,424
11721.24,372,427
11721.44,376,429
11721.64,379,430
11721.84,382,432
11722.04,382,431
11722.24,368,424
11722.44,362,421
11722.64,354,418
11722.84,355,417
11723.04,358,419
11723.24,362,421
11723.44,366,422
11723.64,372,424
11723.84,375,427
11724.04,379,428
11724.24,383,430
11724.44,384,429
11724.64,374,426
11724.84,371,426
11725.04,355,419
11725.24,352,415
11725.44,356,418
11725.64,362,420
11725.84,368,421
11726.04,374,423
11726.24,379,426
11726.44,382,429
11726.64,386,431
11726.84,391,432
11727.04,391,433
11727.24,388,432
11727.44,377,427
11727.64,365,421
11727.84,358,418
11728.04,354,415
11728.24,351,412
11728.44,350,408
11728.64,350,413
11728.84,355,416
11729.04,361,418
11729.24,367,422
11729.44,371,424
11729.64,375,427
11729.84,376,428
11730.04,371,432
11730.24,372,432
11730.44,372,432
11730.64,358,425
11730.84,348,420
11731.04,348,420
11731.24,348,422
11731.44,350,423
11731.64,351,424
11731.84,352,424
11732.04,355,424
11732.24,358,426
11732.44,360,427
11732.64,363,428
11732.84,366,428
11733.04,370,430
11733.24,374,431
11733.44,378,432
11733.64,382,434
11733.84,386,435
11734.04,389,436
11734.24,391,437
11734.44,389,436
11734.64,384,434
11734.84,376,430
11735.04,367,427
11735.24,361,425
11735.44,354,421
11735.64,349,420
11735.84,349,420
11736.04,352,421
11736.24,357,423
11736.44,362,426
11736.64,368,428
11736.84,375,431
11737.04,381,433
11737.24,386,434
11737.44,389,436
11737.64,392,438
11737.84,375,429
11738.04,358,429
11738.24,349,423
11738.44,351,423
11738.64,354,426
11738.84,358,427
11739.04,362,428
11739.24,364,429
11739.44,367,430
11739.64,370,432
11739.84,372,433
11740.04,375,435
11740.24,377,435
11740.44,377,436
11740.64,368,429
11740.84,364,429
11741.04,355,424
11741.24,355,424
11741.44,356,425
11741.64,359,426
11741.84,362,428
11742.04,366,429
11742.24,370,431
11742.44,376,433
11742.64,382,436
11742.84,382,437
11743.04,378,435
11743.24,371,431
11743.44,364,428
11743.64,359,425
11743.84,353,422
11744.04,352,421
11744.24,353,421
11744.44,358,424
11744.64,364,427
11744.84,369,429
11745.04,372,430
11745.24,375,432
11745.44,379,434
11745.64,385,437
11745.84,364,437
11746.04,339,432
11746.24,325,422
11746.44,306,397
11746.64,294,379
11746.84,304,392
11747.04,336,429
11747.24,353,445
11747.44,352,430
11747.64,364,428
11747.84,368,432
11748.04,368,431
11748.24,362,427
11748.44,351,422
11748.64,346,420
11748.84,345,417
11749.04,348,420
11749.24,351,422
11749.44,355,424
11749.64,357,424
11749.84,359,425
11750.04,362,426
11750.24,365,427
11750.44,367,428
11750.64,370,430
11750.84,374,431
11751.04,375,431
11751.24,376,431
11751.44,374,431
11751.64,361,424
11751.84,346,421
11752.04,346,420
11752.24,350,423
11752.44,355,425
11752.64,359,427
11752.84,363,429
11753.04,366,430
11753.24,370,431
11753.44,372,433
11753.64,373,433
11753.84,366,426
11754.04,355,426
11754.24,349,422
11754.44,345,419
11754.64,347,420
11754.84,354,424
11755.04,364,428
11755.24,371,431
11755.44,375,433
11755.64,378,434
11755.84,380,435
11756.04,383,436
11756.24,380,434
11756.44,369,428
11756.64,355,422
11756.84,348,419
11757.04,352,422
11757.24,358,423
11757.44,364,424
11757.64,370,426
11757.84,375,429
11758.04,379,430
11758.24,383,432
11758.44,387,433
11758.64,390,434
11758.84,384,439
11759.04,355,433
11759.24,330,423
11759.44,309,402
11759.64,295,391
11759.84,289,377
11760.04,306,392
11760.24,344,423
11760.44,364,434
11760.64,364,431
11760.84,363,428
11761.04,358,426
11761.24,350,419
11761.44,355,420
11761.64,359,420
11761.84,366,421
11762.04,372,424
11762.24,376,427
11762.44,381,429
11762.64,385,431
11762.84,384,432
11763.04,374,430
11763.24,367,426
11763.44,360,423
11763.64,356,420
11763.84,357,419
11764.04,362,421
11764.24,366,423
11764.44,369,425
11764.64,374,427
11764.84,378,430
11765.04,383,432
11765.24,386,434
11765.44,376,427
11765.64,361,427
11765.84,353,420
11766.04,351,416
11766.24,354,417
11766.44,357,419
11766.64,361,421
11766.84,365,422
11767.04,369,424
11767.24,372,427
11767.44,376,429
11767.64,379,430
11767.84,382,432
11768.04,382,431
11768.24,368,424
11768.44,362,421
11768.64,354,418
11768.84,355,417
11769.04,358,419
11769.24,362,421
11769.44,366,422
11769.64,372,424
11769.84,375,427
11770.04,379,428
11770.24,383,430
11770.44,384,429
11770.64,374,426
11770.84,371,426
11771.04,355,419
11771.24,352,415
11771.44,356,418
11771.64,362,420
11771.84,368,421
11772.04,374,423
11772.24,379,426
11772.44,382,429
11772.64,386,431
11772.84,391,432
11773.04,391,433
11773.24,388,432
11773.44,377,427
11773.64,365,421
11773.84,358,418
11774.04,354,415
11774.24,351,412
11774.44,350,408
11774.64,350,413
11774.84,355,416
11775.04,361,418
11775.24,367,422
11775.44,371,424
11775.64,375,427
11775.84,376,428
