time,x,y
0.04,371,432
0.08,371,432
0.12,371,432
0.16,371,432
0.2,371,432
0.24,372,432
0.28,372,433
0.32,372,433
0.36,372,433
0.4,372,433
0.44,372,432
0.48,370,431
0.52,368,430
0.56,365,429
0.6,361,427
0.64,358,425
0.68,355,424
0.72,352,423
0.76,350,422
0.8,348,421
0.84,348,420
0.88,348,420
0.92,348,420
0.96,348,420
1.0,348,420
1.04,348,420
1.08,348,421
1.12,348,421
1.16,347,421
1.2,348,422
1.24,348,422
1.28,348,423
1.32,349,422
1.36,349,422
1.4,350,423
1.44,350,423
1.48,350,424
1.52,350,424
1.56,351,424
1.6,351,424
1.64,351,424
1.68,351,424
1.72,352,423
1.76,352,423
1.8,353,423
1.84,352,424
1.88,353,423
1.92,354,423
1.96,354,424
2.0,354,424
2.04,355,424
2.08,355,424
2.12,356,425
2.16,356,425
2.2,357,426
2.24,358,426
2.28,359,427
2.32,359,426
2.36,360,426
2.4,360,427
2.44,360,427
2.48,361,427
2.52,362,427
2.56,362,427
2.6,363,428
2.64,363,428
2.68,364,427
2.72,364,428
2.76,365,428
2.8,366,428
2.84,366,428
2.88,367,429
2.92,368,429
2.96,368,429
3.0,369,430
3.04,370,430
3.08,370,430
3.12,371,430
3.16,372,431
3.2,373,431
3.24,374,431
3.28,375,431
3.32,375,431
3.36,376,432
3.4,377,432
3.44,378,432
3.48,379,433
3.52,380,433
3.56,380,433
3.6,382,433
3.64,382,434
3.68,383,434
3.72,384,434
3.76,384,434
3.8,385,435
3.84,386,435
3.88,386,435
3.92,387,435
3.96,388,436
4.0,388,436
4.04,389,436
4.08,390,436
4.12,390,437
4.16,390,436
4.2,391,437
4.24,391,437
4.28,390,437
4.32,390,437
4.36,390,437
4.4,390,437
4.44,389,436
4.48,389,436
4.52,388,436
4.56,387,435
4.6,386,435
4.64,384,434
4.68,382,433
4.72,381,432
4.76,379,432
4.8,378,431
4.84,376,430
4.88,374,429
4.92,372,429
4.96,371,428
5.0,369,427
5.04,367,427
5.08,366,426
5.12,365,426
5.16,363,426
5.2,362,425
5.24,361,425
5.28,360,424
5.32,358,424
5.36,357,423
5.4,356,422
5.44,354,421
5.48,353,421
5.52,351,421
5.56,350,420
5.6,349,420
5.64,349,420
5.68,349,420
5.72,349,420
5.76,349,419
5.8,349,419
5.84,349,420
5.88,350,420
5.92,350,420
5.96,351,420
6.0,352,420
6.04,352,421
6.08,353,421
6.12,354,421
6.16,355,422
6.2,356,422
6.24,357,423
6.28,358,423
6.32,359,424
6.36,360,425
6.4,361,425
6.44,362,426
6.48,364,426
6.52,364,427
6.56,366,427
6.6,367,428
6.64,368,428
6.68,369,429
6.72,371,429
6.76,372,430
6.8,374,430
6.84,375,431
6.88,376,431
6.92,377,432
6.96,379,432
7.0,380,432
7.04,381,433
7.08,382,433
7.12,383,433
7.16,384,434
7.2,385,434
7.24,386,434
7.28,386,435
7.32,387,435
7.36,388,435
7.4,389,435
7.44,389,436
7.48,390,436
7.52,390,436
7.56,391,437
7.6,392,438
7.64,392,438
7.68,392,438
7.72,390,437
7.76,386,435
7.8,380,432
7.84,375,429
7.88,370,427
7.92,366,427
7.96,363,428
8.0,360,430
8.04,358,429
8.08,355,427
8.12,353,427
8.16,351,426
8.2,349,425
8.24,349,423
8.28,349,423
8.32,349,424
8.36,349,423
8.4,350,423
8.44,351,423
8.48,351,424
8.52,352,424
8.56,353,425
8.6,353,425
8.64,354,426
8.68,355,426
8.72,356,426
8.76,357,426
8.8,357,427
8.84,358,427
8.88,359,427
8.92,359,428
8.96,360,428
9.0,361,428
9.04,362,428
9.08,362,429
9.12,363,429
9.16,363,429
9.2,364,429
9.24,364,429
9.28,365,430
9.32,365,430
9.36,366,430
9.4,366,431
9.44,367,430
9.48,367,431
9.52,368,431
9.56,369,431
9.6,369,432
9.64,370,432
9.68,370,432
9.72,371,432
9.76,371,433
9.8,371,433
9.84,372,433
9.88,372,434
9.92,373,434
9.96,374,434
10.0,374,434
10.04,375,435
10.08,375,435
10.12,375,435
10.16,376,435
10.2,376,435
10.24,377,435
10.28,377,435
10.32,377,436
10.36,378,436
10.4,378,436
10.44,377,436
10.48,375,434
10.52,372,432
10.56,370,430
10.6,368,428
10.64,368,429
10.68,368,430
10.72,368,432
10.76,367,431
10.8,366,430
10.84,364,429
10.88,362,428
10.92,360,427
10.96,358,426
11.0,356,425
11.04,355,424
11.08,354,424
11.12,354,424
11.16,354,424
11.2,355,423
11.24,355,424
11.28,355,424
11.32,355,424
11.36,355,424
11.4,356,424
11.44,356,425
11.48,357,425
11.52,357,425
11.56,358,425
11.6,358,426
11.64,359,426
11.68,359,426
11.72,360,426
11.76,361,427
11.8,362,427
11.84,362,428
11.88,363,428
11.92,364,428
11.96,365,429
12.0,366,429
12.04,366,429
12.08,367,430
12.12,368,430
12.16,369,430
12.2,370,431
12.24,370,431
12.28,371,431
12.32,373,431
12.36,374,432
12.4,375,433
12.44,376,433
12.48,377,434
12.52,378,435
12.56,380,435
12.6,381,436
12.64,382,436
12.68,382,436
12.72,382,436
12.76,382,436
12.8,382,436
12.84,382,437
12.88,381,436
12.92,380,436
12.96,380,435
13.0,379,435
13.04,378,435
13.08,377,434
13.12,376,434
13.16,374,433
13.2,373,432
13.24,371,431
13.28,369,431
13.32,368,430
13.36,367,429
13.4,366,428
13.44,364,428
13.48,363,427
13.52,362,426
13.56,361,426
13.6,360,426
13.64,359,425
13.68,357,424
13.72,356,424
13.76,355,423
13.8,354,422
13.84,353,422
13.88,352,421
13.92,351,421
13.96,351,421
14.0,351,421
14.04,352,421
14.08,352,421
14.12,352,421
14.16,352,421
14.2,353,421
14.24,353,421
14.28,354,422
14.32,355,422
14.36,356,423
14.4,357,423
14.44,358,424
14.48,359,424
14.52,360,425
14.56,361,426
14.6,362,426
14.64,364,427
14.68,364,427
14.72,366,427
14.76,367,428
14.8,368,428
14.84,369,429
14.88,369,429
14.92,370,430
14.96,371,430
15.0,372,430
15.04,372,430
15.08,373,431
15.12,374,431
15.16,375,432
15.2,375,432
15.24,375,432
15.28,376,433
15.32,376,433
15.36,377,433
15.4,378,433
15.44,379,434
15.48,380,434
15.52,382,435
15.56,383,436
15.6,384,437
15.64,385,437
15.68,384,438
15.72,381,438
15.76,376,438
15.8,371,437
15.84,364,437
15.88,358,437
15.92,353,437
15.96,347,436
16.0,343,434
16.04,339,432
16.08,336,430
16.12,334,429
16.16,331,428
16.2,328,426
16.24,325,422
16.28,321,418
16.32,317,413
16.36,313,408
16.4,309,402
16.44,306,397
16.48,301,392
16.52,299,387
16.56,297,382
16.6,295,378
16.64,294,379
16.68,294,379
16.72,295,382
16.76,297,385
16.8,299,388
16.84,304,392
16.88,309,401
16.92,315,408
16.96,323,414
17.0,330,422
17.04,336,429
17.08,340,435
17.12,345,440
17.16,349,443
17.2,352,445
17.24,353,445
17.28,354,443
17.32,353,440
17.36,352,436
17.4,352,432
17.44,352,430
17.48,354,428
17.52,356,427
17.56,359,428
17.6,361,428
17.64,364,428
17.68,366,429
17.72,368,430
17.76,369,431
17.8,369,432
17.84,368,432
17.88,368,432
17.92,368,432
17.96,368,432
18.0,368,432
18.04,368,431
18.08,367,431
18.12,367,430
18.16,366,429
18.2,364,427
18.24,362,427
18.28,360,425
18.32,357,425
18.36,355,423
18.4,352,423
18.44,351,422
18.48,349,422
18.52,349,422
18.56,347,421
18.6,347,420
18.64,346,420
18.68,345,419
18.72,344,419
18.76,344,419
18.8,344,419
18.84,345,417
18.88,345,418
18.92,346,418
18.96,347,418
19.0,347,419
19.04,348,420
19.08,348,420
19.12,349,421
19.16,349,421
19.2,350,421
19.24,351,422
19.28,351,422
19.32,352,423
19.36,354,425
19.4,354,424
19.44,355,424
19.48,355,424
19.52,356,426
19.56,356,424
19.6,356,424
19.64,357,424
19.68,357,424
19.72,358,424
19.76,358,425
19.8,358,425
19.84,359,425
19.88,360,425
19.92,361,426
19.96,362,426
20.0,362,426
20.04,362,426
20.08,363,426
20.12,364,427
20.16,364,427
20.2,365,427
20.24,365,427
20.28,365,427
20.32,366,427
20.36,366,428
20.4,367,428
20.44,367,428
20.48,368,429
20.52,369,429
20.56,369,429
20.6,370,429
20.64,370,430
20.68,371,430
20.72,372,430
20.76,372,430
20.8,373,430
20.84,374,431
20.88,374,431
20.92,374,431
20.96,375,431
21.0,375,431
21.04,375,431
21.08,375,431
21.12,375,431
21.16,376,431
21.2,375,431
21.24,376,431
21.28,375,431
21.32,375,431
21.36,375,431
21.4,374,432
21.44,374,431
21.48,372,430
21.52,369,428
21.56,366,426
21.6,363,424
21.64,361,424
21.68,358,423
21.72,355,424
21.76,352,424
21.8,348,423
21.84,346,421
21.88,345,420
21.92,344,421
21.96,345,420
22.0,345,420
22.04,346,420
22.08,346,420
22.12,347,421
22.16,348,421
22.2,349,422
22.24,350,423
22.28,351,423
22.32,351,424
22.36,352,424
22.4,354,424
22.44,355,425
22.48,356,425
22.52,356,426
22.56,357,427
22.6,358,427
22.64,359,427
22.68,360,428
22.72,360,428
22.76,361,428
22.8,362,429
22.84,363,429
22.88,364,429
22.92,364,430
22.96,365,430
23.0,366,430
23.04,366,430
23.08,367,430
23.12,368,431
23.16,369,430
23.2,369,431
23.24,370,431
23.28,371,432
23.32,371,432
23.36,372,432
23.4,372,433
23.44,372,433
23.48,373,433
23.52,373,433
23.56,373,433
23.6,373,433
23.64,373,433
23.68,373,433
23.72,372,432
23.76,371,430
23.8,369,428
23.84,366,426
23.88,364,425
23.92,361,424
23.96,359,425
24.0,357,426
24.04,355,426
24.08,354,424
24.12,352,424
24.16,351,423
24.2,350,423
24.24,349,422
24.28,348,421
24.32,347,420
24.36,346,420
24.4,345,419
24.44,345,419
24.48,345,419
24.52,345,419
24.56,346,419
24.6,347,420
24.64,347,420
24.68,348,421
24.72,350,422
24.76,351,422
24.8,352,423
24.84,354,424
24.88,356,425
24.92,358,426
24.96,360,427
25.0,361,428
25.04,364,428
25.08,365,429
25.12,367,430
25.16,369,430
25.2,370,431
25.24,371,431
25.28,372,432
25.32,373,432
25.36,374,432
25.4,375,433
25.44,375,433
25.48,376,433
25.52,376,434
25.56,377,434
25.6,377,434
25.64,378,434
25.68,378,435
25.72,379,435
25.76,379,435
25.8,380,435
25.84,380,435
25.88,381,435
25.92,382,436
25.96,382,436
26.0,383,436
26.04,383,436
26.08,383,437
26.12,384,437
26.16,384,437
26.2,382,436
26.24,380,434
26.28,377,431
26.32,374,429
26.36,372,427
26.4,370,427
26.44,369,428
26.48,367,428
26.52,364,426
26.56,361,424
26.6,358,423
26.64,355,422
26.68,352,420
26.72,350,419
26.76,349,418
26.8,348,419
26.84,348,419
26.88,349,419
26.92,349,420
26.96,350,420
27.0,351,421
27.04,352,422
27.08,353,422
27.12,355,422
27.16,355,422
27.2,357,423
27.24,358,423
27.28,359,423
27.32,360,424
27.36,362,424
27.4,363,424
27.44,364,424
27.48,365,424
27.52,366,425
27.56,367,425
27.6,369,426
27.64,370,426
27.68,371,427
27.72,372,427
27.76,373,427
27.8,374,428
27.84,375,429
27.88,376,429
27.92,377,430
27.96,378,430
28.0,379,431
28.04,379,430
28.08,380,431
28.12,381,431
28.16,381,431
28.2,382,432
28.24,383,432
28.28,384,432
28.32,385,432
28.36,385,433
28.4,386,433
28.44,387,433
28.48,388,433
28.52,388,434
28.56,389,434
28.6,389,434
28.64,390,434
28.68,390,434
28.72,389,435
28.76,388,436
28.8,387,437
28.84,384,439
28.88,380,438
28.92,375,438
28.96,368,437
29.0,361,435
29.04,355,433
29.08,349,431
29.12,344,429
29.16,340,427
29.2,335,426
29.24,330,423
29.28,326,420
29.32,321,414
29.36,316,411
29.4,312,406
29.44,309,402
29.48,306,400
29.52,303,398
29.56,300,396
29.6,298,396
29.64,295,391
29.68,292,390
29.72,291,385
29.76,290,380
29.8,288,378
29.84,289,377
29.88,290,379
29.92,292,381
29.96,295,384
30.0,299,388
30.04,306,392
30.08,313,397
30.12,321,403
30.16,329,411
30.2,337,417
30.24,344,423
30.28,350,428
30.32,355,430
30.36,359,432
30.4,362,434
30.44,364,434
30.48,364,434
30.52,365,434
30.56,365,433
30.6,365,432
30.64,364,431
30.68,364,430
30.72,363,428
30.76,362,427
30.8,363,427
30.84,363,428
30.88,364,428
30.92,363,427
30.96,362,427
31.0,360,427
31.04,358,426
31.08,356,425
31.12,354,423
31.16,352,421
31.2,351,419
31.24,350,419
31.28,351,419
31.32,352,419
31.36,353,419
31.4,354,419
31.44,355,420
31.48,356,420
31.52,357,420
31.56,357,420
31.6,359,420
31.64,359,420
31.68,361,419
31.72,363,420
31.76,364,420
31.8,365,421
31.84,366,421
31.88,368,422
31.92,369,422
31.96,370,423
32.0,371,423
32.04,372,424
32.08,373,424
32.12,374,425
32.16,375,425
32.2,376,426
32.24,376,427
32.28,377,427
32.32,378,427
32.36,379,428
32.4,380,428
32.44,381,429
32.48,382,430
32.52,383,430
32.56,383,430
32.6,384,430
32.64,385,431
32.68,385,431
32.72,385,432
32.76,386,432
32.8,385,432
32.84,384,432
32.88,382,431
32.92,379,429
32.96,377,428
33.0,375,429
33.04,374,430
33.08,373,430
33.12,372,429
33.16,371,428
33.2,369,427
33.24,367,426
33.28,365,425
33.32,364,425
33.36,362,424
33.4,361,424
33.44,360,423
33.48,359,422
33.52,358,421
33.56,357,421
33.6,356,420
33.64,356,420
33.68,356,419
33.72,356,419
33.76,356,419
33.8,357,419
33.84,357,419
33.88,358,420
33.92,359,420
33.96,360,421
34.0,361,421
34.04,362,421
34.08,363,421
34.12,363,422
34.16,364,422
34.2,365,422
34.24,366,423
34.28,366,423
34.32,367,423
34.36,368,424
34.4,369,425
34.44,369,425
34.48,370,426
34.52,371,426
34.56,372,427
34.6,373,427
34.64,374,427
34.68,375,428
34.72,376,428
34.76,377,429
34.8,378,430
34.84,378,430
34.88,379,430
34.92,380,431
34.96,381,431
35.0,382,432
35.04,383,432
35.08,383,433
35.12,384,433
35.16,385,434
35.2,385,433
35.24,386,434
35.28,386,433
35.32,385,432
35.36,383,430
35.4,380,429
35.44,376,427
35.48,372,426
35.52,369,424
35.56,366,426
35.6,364,427
35.64,361,427
35.68,360,425
35.72,357,424
35.76,356,423
35.8,354,422
35.84,353,420
35.88,352,420
35.92,351,418
35.96,350,417
36.0,350,416
36.04,351,416
36.08,351,416
36.12,351,415
36.16,352,416
36.2,353,416
36.24,354,417
36.28,354,417
36.32,354,418
36.36,355,418
36.4,356,419
36.44,357,419
36.48,357,419
36.52,358,420
36.56,359,420
36.6,360,421
36.64,361,421
36.68,362,421
36.72,363,421
36.76,364,422
36.8,365,422
36.84,365,422
36.88,366,423
36.92,367,423
36.96,367,424
37.0,368,424
37.04,369,424
37.08,370,424
37.12,370,425
37.16,371,426
37.2,372,427
37.24,372,427
37.28,373,428
37.32,374,428
37.36,374,428
37.4,376,429
37.44,376,429
37.48,376,429
37.52,377,430
37.56,378,430
37.6,378,430
37.64,379,430
37.68,380,431
37.72,380,431
37.76,381,431
37.8,381,432
37.84,382,432
37.88,382,432
37.92,383,432
37.96,383,432
38.0,383,431
38.04,382,431
38.08,380,429
38.12,377,427
38.16,374,425
38.2,371,424
38.24,368,424
38.28,367,426
38.32,365,425
38.36,365,424
38.4,364,422
38.44,362,421
38.48,359,420
38.52,357,420
38.56,356,419
38.6,354,418
38.64,354,418
38.68,354,417
38.72,354,417
38.76,354,417
38.8,354,417
38.84,355,417
38.88,355,418
38.92,356,418
38.96,356,418
39.0,357,419
39.04,358,419
39.08,359,419
39.12,360,420
39.16,360,420
39.2,361,421
39.24,362,421
39.28,363,422
39.32,364,422
39.36,364,422
39.4,365,422
39.44,366,422
39.48,367,423
39.52,368,423
39.56,369,423
39.6,370,424
39.64,372,424
39.68,372,425
39.72,372,425
39.76,374,425
39.8,374,427
39.84,375,427
39.88,376,427
39.92,377,427
39.96,378,428
40.0,378,428
40.04,379,428
40.08,380,429
40.12,380,429
40.16,381,430
40.2,382,430
40.24,383,430
40.28,384,430
40.32,385,430
40.36,386,430
40.4,386,430
40.44,384,429
40.48,381,427
40.52,378,425
40.56,375,424
40.6,374,424
40.64,374,426
40.68,375,428
40.72,375,429
40.76,374,427
40.8,373,427
40.84,371,426
40.88,368,424
40.92,364,422
40.96,361,421
41.0,358,419
41.04,355,419
41.08,354,417
41.12,352,416
41.16,352,416
41.2,352,416
41.24,352,415
41.28,352,415
41.32,353,416
41.36,354,417
41.4,355,417
41.44,356,418
41.48,356,418
41.52,357,419
41.56,359,419
41.6,360,420
41.64,362,420
41.68,363,420
41.72,365,420
41.76,366,420
41.8,367,421
41.84,368,421
41.88,369,421
41.92,370,422
41.96,371,422
42.0,373,422
42.04,374,423
42.08,375,424
42.12,376,424
42.16,377,424
42.2,378,425
42.24,379,426
42.28,379,427
42.32,380,427
42.36,381,428
42.4,382,428
42.44,382,429
42.48,383,430
42.52,384,430
42.56,385,431
42.6,385,431
42.64,386,431
42.68,387,431
42.72,388,432
42.76,389,432
42.8,390,432
42.84,391,432
42.88,391,432
42.92,392,432
42.96,392,433
43.0,392,433
43.04,391,433
43.08,391,433
43.12,391,433
43.16,390,433
43.2,389,433
43.24,388,432
43.28,386,432
43.32,384,431
43.36,382,430
43.4,379,429
43.44,377,427
43.48,374,426
43.52,371,425
43.56,369,423
43.6,367,422
43.64,365,421
43.68,364,420
43.72,362,420
43.76,360,418
43.8,359,418
43.84,358,418
43.88,357,418
43.92,356,417
43.96,355,416
44.0,355,416
44.04,354,415
44.08,353,414
44.12,352,414
44.16,352,413
44.2,351,413
44.24,351,412
44.28,351,412
44.32,351,411
44.36,350,410
44.4,349,409
44.44,350,408
44.48,349,408
44.52,349,409
44.56,348,410
44.6,349,411
44.64,350,413
44.68,352,413
44.72,352,414
44.76,352,415
44.8,354,415
44.84,355,416
44.88,356,416
44.92,358,417
44.96,359,418
45.0,360,418
45.04,361,418
45.08,362,419
45.12,363,419
45.16,365,420
45.2,366,421
45.24,367,422
45.28,368,422
45.32,369,422
45.36,370,423
45.4,371,423
45.44,371,424
45.48,372,424
45.52,373,425
45.56,374,425
45.6,374,426
45.64,375,427
45.68,376,427
45.72,377,427
45.76,377,427
45.8,377,427
45.84,376,428
45.88,375,428
45.92,373,427
45.96,371,426
46.0,368,424
46.04,364,423
46.08,361,422
46.12,357,421
46.16,354,421
46.2,351,421
46.24,348,422
46.28,346,421
46.32,345,421
46.36,343,420
46.4,342,418
46.44,340,416
46.48,339,414
46.52,338,412
46.56,337,410
46.6,336,408
46.64,334,407
46.68,332,406
46.72,329,404
46.76,326,403
46.8,323,400
46.84,318,397
46.88,316,393
46.92,316,393
46.96,316,393
47.0,311,385
47.04,311,385
47.08,316,382
47.12,316,387
47.16,322,392
47.2,321,396
47.24,321,396
47.28,329,405
47.32,337,408
47.36,342,415
47.4,347,421
47.44,350,427
47.48,352,431
47.52,356,434
47.56,358,437
47.6,361,438
47.64,362,436
47.68,364,434
47.72,366,432
47.76,367,430
47.8,368,427
47.84,370,424
47.88,371,423
47.92,373,423
47.96,374,425
48.0,374,429
48.04,373,429
48.08,371,428
48.12,369,428
48.16,366,427
48.2,363,427
48.24,361,427
48.28,360,427
48.32,359,427
48.36,360,427
48.4,361,427
48.44,361,426
48.48,362,425
48.52,363,426
48.56,364,426
48.6,366,427
48.64,367,427
48.68,368,429
48.72,368,430
48.76,367,430
48.8,367,430
48.84,367,430
48.88,367,430
48.92,367,430
48.96,367,430
49.0,367,430
49.04,367,429
49.08,367,430
49.12,367,430
49.16,367,430
49.2,367,430
49.24,367,430
49.28,367,430
49.32,367,430
49.36,367,430
49.4,367,430
49.44,367,430
49.48,367,430
49.52,367,430
49.56,367,430
49.6,367,430
49.64,367,430
49.68,367,430
49.72,367,430
49.76,367,430
49.8,367,430
49.84,367,430
49.88,367,430
49.92,367,430
49.96,367,430
50.0,367,430
50.04,367,430
50.08,367,430
50.12,367,430
50.16,367,430
50.2,367,430
50.24,367,430
50.28,367,430
50.32,367,430
50.36,367,430
50.4,367,430
50.44,367,430
50.48,367,430
50.52,367,430
50.56,367,430
50.6,367,430
50.64,367,430
50.68,367,430
50.72,367,430
50.76,367,430
50.8,367,430
50.84,367,430
50.88,367,430
50.92,367,430
50.96,367,430
51.0,367,430
51.04,367,430
51.08,367,430
51.12,367,430
51.16,367,430
51.2,367,430
51.24,367,430
51.28,367,430
51.32,367,430
51.36,367,430
51.4,368,430
51.44,368,429
51.48,367,428
51.52,367,427
51.56,366,426
51.6,366,425
51.64,366,425
51.68,366,427
51.72,366,427
51.76,366,426
51.8,365,426
51.84,364,426
51.88,362,425
51.92,361,425
51.96,360,424
52.0,359,424
52.04,359,423
52.08,360,423
52.12,361,423
52.16,362,423
52.2,364,424
52.24,365,424
52.28,366,425
52.32,366,426
52.36,365,426
52.4,365,426
52.44,364,426
52.48,364,426
52.52,363,425
52.56,362,425
52.6,362,425
52.64,361,424
52.68,361,425
52.72,361,424
52.76,361,424
52.8,361,424
52.84,361,424
52.88,361,425
52.92,361,425
52.96,361,425
53.0,361,425
53.04,361,425
53.08,361,425
53.12,361,425
53.16,360,424
53.2,360,423
53.24,360,423
53.28,360,422
53.32,361,422
53.36,362,422
53.4,362,423
53.44,363,424
53.48,363,425
53.52,362,426
53.56,362,425
53.6,361,426
53.64,361,425
53.68,360,425
53.72,359,425
53.76,358,424
53.8,358,424
53.84,357,424
53.88,357,423
53.92,357,423
53.96,358,422
54.0,358,422
54.04,358,420
54.08,359,419
54.12,359,419
54.16,360,419
54.2,360,420
54.24,361,421
54.28,361,422
54.32,360,423
54.36,360,424
54.4,360,424
54.44,359,424
54.48,359,423
54.52,358,422
54.56,357,422
54.6,356,422
54.64,355,422
54.68,354,422
54.72,353,422
54.76,353,422
54.8,352,422
54.84,352,422
54.88,352,422
54.92,352,422
54.96,352,422
55.0,352,421
55.04,352,421
55.08,353,421
55.12,354,421
55.16,355,422
55.2,357,422
55.24,358,421
55.28,359,422
55.32,359,422
55.36,360,422
55.4,361,423
55.44,362,423
55.48,363,423
55.52,364,424
55.56,365,424
55.6,366,424
55.64,366,425
55.68,367,425
55.72,368,426
55.76,368,425
55.8,369,426
55.84,370,426
55.88,370,427
55.92,371,427
55.96,372,427
56.0,373,428
56.04,374,428
56.08,374,428
56.12,375,429
56.16,375,429
56.2,376,429
56.24,376,430
56.28,377,430
56.32,378,430
56.36,379,430
56.4,379,431
56.44,380,431
56.48,381,431
56.52,382,432
56.56,382,432
56.6,383,432
56.64,384,433
56.68,384,433
56.72,385,433
56.76,386,433
56.8,386,433
56.84,387,433
56.88,387,433
56.92,388,433
56.96,389,434
57.0,389,434
57.04,389,434
57.08,389,434
57.12,389,434
57.16,389,434
57.2,388,434
57.24,386,433
57.28,384,431
57.32,381,429
57.36,379,427
57.4,376,425
57.44,374,425
57.48,371,427
57.52,368,428
57.56,365,426
57.6,362,425
57.64,360,424
57.68,357,423
57.72,355,422
57.76,354,421
57.8,353,421
57.84,352,420
57.88,352,419
57.92,353,419
57.96,353,419
58.0,354,420
58.04,355,421
58.08,355,422
58.12,357,421
58.16,358,422
58.2,359,422
58.24,359,423
58.28,360,423
58.32,361,423
58.36,362,424
58.4,363,424
58.44,364,424
58.48,365,424
58.52,365,424
58.56,366,425
58.6,367,425
58.64,367,425
58.68,368,425
58.72,369,426
58.76,369,426
58.8,370,426
58.84,371,427
58.88,371,427
58.92,372,427
58.96,373,428
59.0,373,428
59.04,374,428
59.08,375,429
59.12,376,429
59.16,377,429
59.2,378,430
59.24,378,430
59.28,379,430
59.32,380,431
59.36,380,431
59.4,381,431
59.44,381,431
59.48,382,431
59.52,382,432
59.56,382,432
59.6,382,431
59.64,381,429
59.68,378,428
59.72,375,425
59.76,371,422
59.8,369,421
59.84,367,422
59.88,365,424
59.92,364,426
59.96,362,424
60.0,361,423
60.04,359,422
60.08,357,422
60.12,355,421
60.16,354,420
60.2,352,420
60.24,351,419
60.28,351,419
60.32,350,419
60.36,351,419
60.4,351,419
60.44,351,419
60.48,352,419
60.52,352,420
60.56,354,420
60.6,354,421
60.64,355,421
60.68,356,421
60.72,357,421
60.76,357,421
60.8,358,421
60.84,359,422
60.88,359,422
60.92,360,423
60.96,361,423
61.0,362,423
61.04,362,424
61.08,363,424
61.12,364,424
61.16,364,425
61.2,365,425
61.24,366,426
61.28,367,426
61.32,367,426
61.36,368,427
61.4,369,427
61.44,369,427
61.48,370,428
61.52,370,428
61.56,371,428
61.6,371,428
61.64,372,429
61.68,372,429
61.72,373,429
61.76,374,429
61.8,374,429
61.84,375,430
61.88,375,430
61.92,376,430
61.96,376,430
62.0,377,430
62.04,378,431
62.08,378,431
62.12,379,431
62.16,380,432
62.2,380,432
62.24,381,432
62.28,381,432
62.32,382,432
62.36,383,433
62.4,383,433
62.44,383,433
62.48,381,431
62.52,378,430
62.56,375,428
62.6,373,427
62.64,370,427
62.68,368,428
62.72,365,426
62.76,362,424
62.8,359,423
62.84,357,422
62.88,354,421
62.92,352,420
62.96,350,420
63.0,349,420
63.04,349,420
63.08,349,420
63.12,350,420
63.16,350,419
63.2,350,420
63.24,351,420
63.28,351,420
63.32,352,421
63.36,352,421
63.4,353,422
63.44,354,422
63.48,355,422
63.52,355,422
63.56,356,422
63.6,357,423
63.64,358,423
63.68,359,424
63.72,361,425
63.76,362,425
63.8,363,426
63.84,364,426
63.88,366,426
63.92,366,427
63.96,367,427
64.0,368,428
64.04,369,428
64.08,370,428
64.12,371,429
64.16,372,429
64.2,373,429
64.24,373,430
64.28,374,430
64.32,375,430
64.36,375,430
64.4,376,431
64.44,376,431
64.48,377,431
64.52,377,431
64.56,378,431
64.6,378,431
64.64,379,432
64.68,379,432
64.72,380,432
64.76,381,432
64.8,381,432
64.84,381,432
64.88,382,432
64.92,382,433
64.96,383,433
65.0,384,433
65.04,384,433
65.08,385,433
65.12,385,434
65.16,386,434
65.2,387,434
65.24,387,435
65.28,388,435
65.32,388,435
65.36,388,435
65.4,387,435
65.44,385,434
65.48,383,432
65.52,380,429
65.56,377,427
65.6,375,425
65.64,373,424
65.68,372,424
65.72,369,425
65.76,366,424
65.8,362,421
65.84,359,419
65.88,356,418
65.92,354,417
65.96,352,416
66.0,351,416
66.04,352,416
66.08,352,416
66.12,352,417
66.16,353,418
66.2,354,419
66.24,355,420
66.28,356,420
66.32,357,422
66.36,358,422
66.4,359,422
66.44,361,423
66.48,362,423
66.52,363,423
66.56,364,424
66.6,366,424
66.64,366,424
66.68,367,425
66.72,369,425
66.76,369,425
66.8,371,426
66.84,372,426
66.88,373,427
66.92,374,427
66.96,375,427
67.0,376,428
67.04,378,428
67.08,379,428
67.12,380,428
67.16,381,429
67.2,382,429
67.24,383,430
67.28,384,430
67.32,385,430
67.36,386,431
67.4,387,431
67.44,388,432
67.48,389,432
67.52,390,433
67.56,391,433
67.6,393,433
67.64,395,432
67.68,397,432
67.72,398,432
67.76,399,432
67.8,401,432
67.84,401,432
67.88,402,432
67.92,402,432
67.96,402,432
68.0,401,433
68.04,398,434
68.08,394,435
68.12,388,436
68.16,381,437
68.2,374,438
68.24,366,439
68.28,359,439
68.32,351,438
68.36,345,436
68.4,339,433
68.44,334,430
68.48,331,429
68.52,328,427
68.56,325,424
68.6,322,420
68.64,320,417
68.68,317,412
68.72,313,407
68.76,309,399
68.8,306,393
68.84,302,388
68.88,299,383
68.92,297,381
68.96,297,380
69.0,298,380
69.04,301,378
69.08,304,381
69.12,311,384
69.16,317,386
69.2,322,387
69.24,328,383
69.28,333,389
69.32,342,397
69.36,349,403
69.4,356,409
69.44,362,416
69.48,367,422
69.52,372,426
69.56,375,429
69.6,377,431
69.64,379,431
69.68,380,431
69.72,380,429
69.76,381,427
69.8,381,425
69.84,381,423
69.88,381,423
69.92,381,424
69.96,382,427
70.0,382,431
70.04,384,437
70.08,384,438
70.12,384,438
70.16,384,438
70.2,384,438
70.24,384,438
70.28,384,438
70.32,384,438
70.36,384,438
70.4,384,438
70.44,384,439
70.48,384,439
70.52,384,439
70.56,384,439
70.6,384,439
70.64,384,439
70.68,384,439
70.72,383,439
70.76,382,440
70.8,380,440
70.84,375,438
70.88,367,436
70.92,359,434
70.96,350,432
71.0,342,430
71.04,334,428
71.08,329,428
71.12,325,430
71.16,323,430
71.2,324,435
71.24,324,437
71.28,325,440
71.32,327,443
71.36,327,443
71.4,329,444
71.44,330,445
71.48,329,442
71.52,328,441
71.56,325,439
71.6,322,436
71.64,318,432
71.68,315,429
71.72,313,426
71.76,311,423
71.8,311,421
71.84,311,418
71.88,311,412
71.92,315,406
71.96,321,399
72.0,328,389
72.04,336,380
72.08,344,374
72.12,353,367
72.16,360,362
72.2,369,368
72.24,377,369
72.28,381,375
72.32,388,382
72.36,389,390
72.4,389,396
72.44,390,399
72.48,388,401
72.52,386,402
72.56,383,404
72.6,382,404
72.64,379,405
72.68,378,405
72.72,377,405
72.76,376,405
72.8,377,406
72.84,378,408
72.88,380,410
72.92,382,411
72.96,384,413
73.0,386,414
73.04,388,415
73.08,388,416
73.12,388,417
73.16,386,419
73.2,384,420
73.24,381,423
73.28,379,425
73.32,376,427
73.36,373,429
73.4,370,431
73.44,367,432
73.48,364,432
73.52,362,433
73.56,359,432
73.6,357,430
73.64,355,429
73.68,354,426
73.72,352,425
73.76,351,423
73.8,350,422
73.84,349,421
73.88,349,420
73.92,350,420
73.96,351,421
74.0,353,421
74.04,355,423
74.08,359,425
74.12,362,426
74.16,365,428
74.2,367,430
74.24,369,432
74.28,369,433
74.32,367,433
74.36,366,433
74.4,366,433
74.44,365,433
74.48,365,433
74.52,365,433
74.56,365,433
74.6,365,433
74.64,365,433
74.68,365,433
74.72,365,433
74.76,365,433
74.8,365,433
74.84,365,434
74.88,365,434
74.92,364,435
74.96,365,436
75.0,366,438
75.04,368,439
75.08,369,441
75.12,371,441
75.16,372,441
75.2,372,440
75.24,371,438
75.28,370,434
75.32,368,430
75.36,367,427
75.4,367,426
75.44,368,428
75.48,369,430
75.52,369,432
75.56,369,433
75.6,368,437
75.64,367,440
75.68,367,442
75.72,367,442
75.76,366,442
75.8,365,440
75.84,363,437
75.88,362,434
75.92,362,432
75.96,362,431
76.0,364,432
76.04,364,431
76.08,365,430
76.12,365,428
76.16,364,425
76.2,363,423
76.24,362,422
76.28,362,422
76.32,362,423
76.36,364,425
76.4,365,426
76.44,367,427
76.48,369,428
76.52,369,430
76.56,368,430
76.6,367,429
76.64,365,428
76.68,363,427
76.72,361,425
76.76,359,424
76.8,356,423
76.84,355,422
76.88,354,421
76.92,353,421
76.96,353,421
77.0,354,421
77.04,354,421
77.08,355,421
77.12,356,421
77.16,357,421
77.2,358,422
77.24,359,422
77.28,361,422
77.32,361,423
77.36,362,424
77.4,363,424
77.44,363,424
77.48,364,425
77.52,365,425
77.56,365,426
77.6,365,426
77.64,366,426
77.68,366,426
77.72,366,426
77.76,367,426
77.8,367,427
77.84,368,427
77.88,369,427
77.92,369,428
77.96,370,428
78.0,371,429
78.04,371,429
78.08,372,430
78.12,373,430
78.16,374,430
78.2,374,431
78.24,375,431
78.28,376,432
78.32,376,432
78.36,377,432
78.4,378,432
78.44,378,434
78.48,379,434
78.52,379,434
78.56,380,434
78.6,381,435
78.64,381,435
78.68,382,435
78.72,382,435
78.76,383,436
78.8,383,436
78.84,384,436
78.88,385,436
78.92,385,437
78.96,386,437
79.0,386,438
79.04,387,438
79.08,388,438
79.12,388,439
79.16,389,439
79.2,389,439
79.24,390,439
79.28,390,439
79.32,390,439
79.36,391,440
79.4,391,439
79.44,390,439
79.48,388,438
79.52,385,436
79.56,381,433
79.6,377,430
79.64,372,428
79.68,368,427
79.72,364,426
79.76,359,427
79.8,356,426
79.84,353,423
79.88,351,422
79.92,350,422
79.96,350,422
80.0,351,421
80.04,351,421
80.08,352,422
80.12,352,422
80.16,353,423
80.2,354,422
80.24,355,423
80.28,357,423
80.32,357,424
80.36,358,425
80.4,359,425
80.44,360,425
80.48,361,426
80.52,361,426
80.56,362,426
80.6,362,426
80.64,362,426
80.68,363,426
80.72,364,426
80.76,363,427
80.8,364,427
80.84,364,427
80.88,364,427
80.92,365,427
80.96,365,427
81.0,366,428
81.04,366,428
81.08,367,428
81.12,367,428
81.16,367,429
81.2,368,429
81.24,369,429
81.28,369,429
81.32,370,429
81.36,370,430
81.4,371,430
81.44,372,431
81.48,372,431
81.52,373,431
81.56,374,431
81.6,375,432
81.64,376,433
81.68,376,433
81.72,377,433
81.76,378,434
81.8,379,434
81.84,379,434
81.88,380,435
81.92,380,435
81.96,381,435
82.0,382,436
82.04,382,436
82.08,383,436
82.12,383,436
82.16,384,437
82.2,384,437
82.24,385,437
82.28,385,438
82.32,385,438
82.36,386,438
82.4,386,438
82.44,386,438
82.48,387,438
82.52,387,439
82.56,388,439
82.6,388,439
82.64,388,439
82.68,389,439
82.72,390,439
82.76,391,440
82.8,392,440
82.84,393,440
82.88,394,440
82.92,395,440
82.96,396,440
83.0,396,440
83.04,397,440
83.08,397,441
83.12,398,441
83.16,399,441
83.2,399,441
83.24,399,441
83.28,398,441
83.32,396,441
83.36,393,440
83.4,388,438
83.44,383,435
83.48,378,432
83.52,373,430
83.56,369,429
83.6,364,428
83.64,360,427
83.68,355,425
83.72,351,423
83.76,347,421
83.8,345,420
83.84,344,418
83.88,343,417
83.92,344,417
83.96,344,416
84.0,344,416
84.04,345,417
84.08,345,418
84.12,346,419
84.16,348,420
84.2,349,421
84.24,350,421
84.28,350,421
84.32,351,421
84.36,352,421
84.4,352,421
84.44,352,421
84.48,353,421
84.52,354,422
84.56,355,422
84.6,355,422
84.64,356,423
84.68,357,423
84.72,358,423
84.76,359,424
84.8,360,424
84.84,361,425
84.88,362,425
84.92,363,425
84.96,364,426
85.0,365,426
85.04,366,426
85.08,367,426
85.12,368,427
85.16,369,427
85.2,370,428
85.24,371,429
85.28,372,429
85.32,373,429
85.36,374,429
85.4,375,430
85.44,376,430
85.48,377,431
85.52,378,431
85.56,380,432
85.6,381,432
85.64,382,433
85.68,383,433
85.72,384,433
85.76,385,434
85.8,387,435
85.84,388,435
85.88,389,435
85.92,391,435
85.96,391,436
86.0,391,437
86.04,390,438
86.08,388,439
86.12,385,440
86.16,380,440
86.2,374,439
86.24,368,439
86.28,360,439
86.32,353,441
86.36,345,443
86.4,338,444
86.44,332,443
86.48,326,440
86.52,322,434
86.56,319,426
86.6,319,418
86.64,319,409
86.68,322,398
86.72,326,387
86.76,331,377
86.8,338,368
86.84,346,363
86.88,353,361
86.92,360,363
86.96,369,364
87.0,375,368
87.04,375,368
87.08,381,394
87.12,387,397
87.16,386,407
87.2,385,410
87.24,382,411
87.28,379,412
87.32,375,411
87.36,370,410
87.4,364,411
87.44,358,412
87.48,352,414
87.52,347,416
87.56,343,420
87.6,340,423
87.64,338,425
87.68,335,425
87.72,334,425
87.76,332,423
87.8,330,420
87.84,329,415
87.88,327,410
87.92,326,405
87.96,326,403
88.0,328,403
88.04,329,408
88.08,333,415
88.12,336,421
88.16,337,424
88.2,339,423
88.24,340,423
88.28,343,422
88.32,346,422
88.36,349,422
88.4,352,423
88.44,356,422
88.48,358,422
88.52,359,421
88.56,359,420
88.6,358,420
88.64,356,419
88.68,355,419
88.72,353,419
88.76,351,420
88.8,349,421
88.84,346,422
88.88,343,423
88.92,342,423
88.96,341,423
89.0,342,423
89.04,343,422
89.08,347,419
89.12,351,413
89.16,355,404
89.2,359,395
89.24,362,387
89.28,363,376
89.32,362,368
89.36,360,363
89.4,359,360
89.44,358,360
89.48,357,362
89.52,357,366
89.56,358,372
89.6,358,380
89.64,358,388
89.68,359,397
89.72,358,404
89.76,357,411
89.8,356,417
89.84,355,422
89.88,354,426
89.92,352,429
89.96,351,432
90.0,350,434
90.04,349,435
90.08,348,435
90.12,347,436
90.16,345,435
90.2,343,434
90.24,341,432
90.28,338,431
90.32,337,430
90.36,335,429
90.4,334,427
90.44,333,425
90.48,332,423
90.52,331,421
90.56,328,420
90.6,327,419
90.64,326,418
90.68,326,418
90.72,328,419
90.76,327,425
90.8,328,425
90.84,331,427
90.88,334,426
90.92,339,424
90.96,338,426
91.0,338,427
91.04,337,427
91.08,335,425
91.12,335,423
91.16,334,423
91.2,334,422
91.24,334,421
91.28,333,421
91.32,332,421
91.36,331,421
91.4,330,420
91.44,329,417
91.48,329,414
91.52,330,407
91.56,332,398
91.6,334,388
91.64,337,380
91.68,343,371
91.72,349,366
91.76,355,361
91.8,361,360
91.84,367,361
91.88,372,364
91.92,377,369
91.96,381,375
92.0,384,381
92.04,385,387
92.08,388,391
92.12,388,396
92.16,387,399
92.2,385,401
92.24,384,402
92.28,381,403
92.32,378,403
92.36,375,404
92.4,371,405
92.44,367,405
92.48,362,407
92.52,358,409
92.56,353,411
92.6,349,412
92.64,347,415
92.68,345,416
92.72,345,419
92.76,346,422
92.8,347,424
92.84,350,425
92.88,352,427
92.92,355,428
92.96,358,429
93.0,361,431
93.04,364,433
93.08,366,434
93.12,369,434
93.16,371,434
93.2,373,433
93.24,374,432
93.28,375,432
93.32,376,432
93.36,376,432
93.4,377,433
93.44,377,433
93.48,379,434
93.52,379,435
93.56,379,435
93.6,379,435
93.64,378,435
93.68,376,433
93.72,373,432
93.76,369,429
93.8,365,427
93.84,361,424
93.88,359,422
93.92,360,422
93.96,362,422
94.0,365,423
94.04,368,426
94.08,371,429
94.12,372,429
94.16,371,429
94.2,370,429
94.24,369,428
94.28,367,427
94.32,365,426
94.36,362,424
94.4,359,422
94.44,357,420
94.48,354,419
94.52,353,418
94.56,352,416
94.6,352,415
94.64,353,415
94.68,354,415
94.72,355,415
94.76,356,416
94.8,356,418
94.84,356,419
94.88,356,419
94.92,354,419
94.96,352,419
95.0,351,418
95.04,351,418
95.08,351,418
95.12,352,418
95.16,352,418
95.2,354,418
95.24,354,419
95.28,355,419
95.32,356,420
95.36,357,420
95.4,358,420
95.44,358,421
95.48,359,421
95.52,360,421
95.56,360,421
95.6,361,422
95.64,362,422
95.68,362,423
95.72,363,423
95.76,364,423
95.8,364,424
95.84,365,424
95.88,365,424
95.92,366,424
95.96,366,425
96.0,367,425
96.04,367,425
96.08,368,426
96.12,368,426
96.16,369,426
96.2,369,426
96.24,369,427
96.28,370,427
96.32,371,427
96.36,371,428
96.4,372,428
96.44,372,428
96.48,373,428
96.52,373,429
96.56,374,429
96.6,374,430
96.64,375,430
96.68,376,430
96.72,376,430
96.76,377,431
96.8,378,431
96.84,378,431
96.88,379,432
96.92,380,432
96.96,380,432
97.0,381,432
97.04,381,432
97.08,382,433
97.12,382,433
97.16,383,433
97.2,384,433
97.24,384,433
97.28,385,434
97.32,385,434
97.36,386,434
97.4,387,434
97.44,387,435
97.48,388,435
97.52,389,435
97.56,390,436
97.6,390,436
97.64,391,436
97.68,392,437
97.72,393,437
97.76,393,437
97.8,393,436
97.84,391,436
97.88,389,434
97.92,385,431
97.96,380,428
98.0,375,426
98.04,371,424
98.08,367,424
98.12,362,426
98.16,359,427
98.2,356,424
98.24,354,422
98.28,353,422
98.32,353,422
98.36,353,422
98.4,353,422
98.44,354,422
98.48,354,422
98.52,355,422
98.56,355,423
98.6,356,423
98.64,357,423
98.68,358,424
98.72,358,424
98.76,360,424
98.8,361,425
98.84,361,425
98.88,362,425
98.92,362,426
98.96,363,426
99.0,364,426
99.04,364,426
99.08,364,426
99.12,364,426
99.16,365,426
99.2,365,426
99.24,365,426
99.28,365,427
99.32,366,427
99.36,366,427
99.4,366,427
99.44,366,427
99.48,366,427
99.52,366,427
99.56,367,427
99.6,367,427
99.64,367,427
99.68,367,428
99.72,368,428
99.76,368,428
99.8,368,428
99.84,369,428
99.88,369,428
99.92,369,429
99.96,369,429
100.0,370,429
100.04,370,429
100.08,370,429
100.12,371,429
100.16,371,430
100.2,371,430
100.24,372,430
100.28,372,430
100.32,373,430
100.36,373,431
100.4,373,431
100.44,374,431
100.48,374,431
100.52,375,432
100.56,375,432
100.6,376,432
100.64,376,432
100.68,376,432
100.72,376,433
100.76,377,433
100.8,377,433
100.84,378,433
100.88,378,433
100.92,379,433
100.96,379,434
101.0,379,434
101.04,380,434
101.08,380,434
101.12,380,434
101.16,381,435
101.2,382,435
101.24,382,435
101.28,382,435
101.32,383,435
101.36,383,436
101.4,384,436
101.44,384,436
101.48,385,436
101.52,385,436
101.56,386,437
101.6,387,437
101.64,387,437
101.68,387,437
101.72,388,437
101.76,388,438
101.8,389,438
101.84,390,438
101.88,390,438
101.92,391,438
101.96,391,438
102.0,390,437
102.04,388,436
102.08,385,435
102.12,381,433
102.16,378,432
102.2,376,432
102.24,373,431
102.28,371,432
102.32,367,431
102.36,364,428
102.4,361,425
102.44,357,423
102.48,354,421
102.52,351,420
102.56,350,419
102.6,349,418
102.64,350,419
102.68,350,419
102.72,350,419
102.76,351,420
102.8,351,420
102.84,352,420
102.88,353,420
102.92,354,420
102.96,354,421
103.0,355,421
103.04,356,421
103.08,356,422
103.12,357,422
103.16,358,423
103.2,359,423
103.24,359,423
103.28,360,423
103.32,361,424
103.36,362,424
103.4,363,424
103.44,363,424
103.48,364,425
103.52,364,425
103.56,365,425
103.6,366,425
103.64,366,426
103.68,367,426
103.72,368,426
103.76,369,427
103.8,370,427
103.84,371,428
103.88,371,428
103.92,372,428
103.96,373,429
104.0,374,429
104.04,374,430
104.08,375,430
104.12,376,430
104.16,377,431
104.2,378,431
104.24,378,432
104.28,379,432
104.32,380,433
104.36,381,433
104.4,382,433
104.44,382,433
104.48,383,434
104.52,384,434
104.56,384,434
104.6,385,435
104.64,385,435
104.68,386,436
104.72,386,436
104.76,387,436
104.8,387,437
104.84,387,437
104.88,387,437
104.92,388,437
104.96,388,437
105.0,388,437
105.04,389,437
105.08,389,437
105.12,389,437
105.16,389,437
105.2,390,437
105.24,390,438
105.28,391,438
105.32,392,438
105.36,393,438
105.4,394,439
105.44,395,439
105.48,396,440
105.52,397,440
105.56,398,440
105.6,399,440
105.64,400,440
105.68,401,441
105.72,402,442
105.76,403,442
105.8,404,442
105.84,405,442
105.88,407,443
105.92,408,443
105.96,408,443
106.0,409,443
106.04,410,443
106.08,410,443
106.12,410,443
106.16,409,444
106.2,409,444
106.24,408,445
106.28,406,444
106.32,404,444
106.36,401,443
106.4,397,442
106.44,391,441
106.48,385,439
106.52,379,437
106.56,373,434
106.6,367,432
106.64,361,429
106.68,357,427
106.72,354,425
106.76,351,423
106.8,349,422
106.84,346,422
106.88,344,422
106.92,341,423
106.96,339,424
107.0,337,426
107.04,334,429
107.08,332,431
107.12,331,433
107.16,330,434
107.2,330,436
107.24,329,437
107.28,328,439
107.32,328,440
107.36,328,442
107.4,327,443
107.44,327,445
107.48,327,445
107.52,327,446
107.56,327,446
107.6,327,447
107.64,327,447
107.68,328,449
107.72,328,451
107.76,329,454
107.8,329,456
107.84,329,457
107.88,329,456
107.92,328,455
107.96,327,452
108.0,325,448
108.04,324,444
108.08,321,438
108.12,318,433
108.16,314,427
108.2,312,419
108.24,308,415
108.28,305,407
108.32,303,400
108.36,300,396
108.4,300,393
108.44,300,390
108.48,299,388
108.52,300,389
108.56,303,391
108.6,306,394
108.64,309,397
108.68,312,400
108.72,317,404
108.76,323,410
108.8,329,420
108.84,334,424
108.88,339,432
108.92,344,437
108.96,348,440
109.0,349,443
109.04,351,445
109.08,351,446
109.12,350,447
109.16,349,448
109.2,348,448
109.24,347,449
109.28,346,448
109.32,346,448
109.36,346,447
109.4,347,444
109.44,348,441
109.48,350,439
109.52,351,436
109.56,352,434
109.6,354,433
109.64,355,433
109.68,356,433
109.72,356,430
109.76,357,429
109.8,358,428
109.84,359,428
109.88,361,427
109.92,361,426
109.96,362,425
110.0,363,426
110.04,362,426
110.08,362,426
110.12,362,426
110.16,363,426
110.2,363,425
110.24,364,424
110.28,364,423
110.32,366,423
110.36,367,424
110.4,368,425
110.44,369,427
110.48,369,428
110.52,367,428
110.56,366,428
110.6,364,426
110.64,363,425
110.68,362,425
110.72,363,425
110.76,363,425
110.8,364,424
110.84,365,424
110.88,365,425
110.92,366,424
110.96,365,424
111.0,364,423
111.04,363,423
111.08,361,422
111.12,361,424
111.16,360,422
111.2,359,422
111.24,359,420
111.28,360,420
111.32,358,419
111.36,362,419
111.4,360,420
111.44,360,420
111.48,360,421
111.52,361,419
111.56,363,420
111.6,361,422
111.64,363,422
111.68,363,421
111.72,363,421
111.76,364,422
111.8,364,422
111.84,365,423
111.88,366,425
111.92,367,425
111.96,368,425
112.0,367,424
112.04,369,424
112.08,369,424
112.12,370,424
112.16,370,425
112.2,370,425
112.24,371,424
112.28,370,425
112.32,371,425
112.36,372,425
112.4,372,426
112.44,372,425
112.48,372,426
112.52,372,426
112.56,373,426
112.6,373,426
112.64,374,427
112.68,374,427
112.72,374,428
112.76,374,428
112.8,375,428
112.84,376,429
112.88,376,429
112.92,376,430
112.96,377,430
113.0,378,430
113.04,378,431
113.08,378,431
113.12,379,431
113.16,379,431
113.2,380,432
113.24,380,432
113.28,381,432
113.32,381,432
113.36,382,433
113.4,382,433
113.44,383,433
113.48,383,433
113.52,384,433
113.56,384,434
113.6,385,434
113.64,385,435
113.68,386,435
113.72,386,435
113.76,386,435
113.8,386,436
113.84,387,436
113.88,388,436
113.92,388,436
113.96,389,436
114.0,390,437
114.04,391,437
114.08,391,437
114.12,392,437
114.16,392,438
114.2,392,438
114.24,393,438
114.28,393,438
114.32,393,438
114.36,393,438
114.4,393,438
114.44,391,437
114.48,387,435
114.52,384,433
114.56,380,431
114.6,377,428
114.64,374,427
114.68,372,427
114.72,368,426
114.76,365,425
114.8,362,423
114.84,360,421
114.88,358,421
114.92,357,419
114.96,357,419
115.0,357,419
115.04,357,419
115.08,357,419
115.12,357,419
115.16,358,420
115.2,359,420
115.24,361,420
115.28,361,421
115.32,361,421
115.36,362,421
115.4,363,422
115.44,364,421
115.48,364,421
115.52,365,422
115.56,365,422
115.6,366,421
115.64,366,422
115.68,367,421
115.72,368,423
115.76,369,423
115.8,369,424
115.84,370,423
115.88,371,424
115.92,371,425
115.96,372,425
116.0,372,425
116.04,373,425
116.08,373,426
116.12,374,426
116.16,374,427
116.2,374,427
116.24,375,427
116.28,376,428
116.32,376,428
116.36,376,428
116.4,377,429
116.44,377,429
116.48,377,429
116.52,378,429
116.56,378,429
116.6,379,430
116.64,380,430
116.68,380,430
116.72,381,430
116.76,381,431
116.8,382,431
116.84,382,431
116.88,383,431
116.92,383,432
116.96,384,432
117.0,384,432
117.04,385,432
117.08,385,433
117.12,386,433
117.16,386,433
117.2,387,433
117.24,388,434
117.28,388,434
117.32,389,434
117.36,389,435
117.4,389,435
117.44,390,435
117.48,391,435
117.52,391,435
117.56,392,436
117.6,393,436
117.64,394,436
117.68,394,436
117.72,395,436
117.76,396,437
117.8,396,437
117.84,397,437
117.88,398,437
117.92,398,437
117.96,399,437
118.0,399,438
118.04,399,437
118.08,399,437
118.12,399,437
118.16,399,437
118.2,398,437
118.24,395,436
118.28,392,435
118.32,387,433
118.36,382,431
118.4,378,430
118.44,374,430
118.48,369,429
118.52,364,428
118.56,359,426
118.6,355,424
118.64,352,422
118.68,351,422
118.72,351,421
118.76,352,421
118.8,352,420
118.84,352,420
118.88,352,420
118.92,353,420
118.96,352,420
119.0,353,420
119.04,353,420
119.08,353,420
119.12,354,420
119.16,354,421
119.2,355,421
119.24,355,421
119.28,355,421
119.32,356,421
119.36,356,421
119.4,357,421
119.44,358,421
119.48,358,421
119.52,359,421
119.56,359,422
119.6,360,422
119.64,361,423
119.68,361,422
119.72,362,422
119.76,362,422
119.8,363,423
119.84,363,423
119.88,364,423
119.92,364,424
119.96,365,424
120.0,365,424
120.04,366,424
120.08,367,425
120.12,367,425
120.16,367,425
120.2,368,425
120.24,368,426
120.28,369,426
120.32,370,426
120.36,371,427
120.4,371,427
120.44,372,427
120.48,373,428
120.52,374,428
120.56,374,428
120.6,375,428
120.64,376,428
120.68,377,428
120.72,377,428
120.76,378,429
120.8,379,429
120.84,380,429
120.88,381,430
120.92,381,430
120.96,382,430
121.0,383,431
121.04,384,431
121.08,384,431
121.12,385,432
121.16,386,432
121.2,387,432
121.24,387,432
121.28,388,433
121.32,389,433
121.36,390,434
121.4,391,434
121.44,391,434
121.48,393,434
121.52,394,434
121.56,395,435
121.6,396,436
121.64,398,436
121.68,400,436
121.72,402,436
121.76,403,436
121.8,405,435
121.84,405,435
121.88,405,435
121.92,405,436
121.96,404,436
122.0,404,436
122.04,403,436
122.08,402,435
122.12,400,434
122.16,395,434
122.2,388,433
122.24,380,432
122.28,372,432
122.32,363,431
122.36,356,430
122.4,349,430
122.44,344,428
122.48,339,428
122.52,336,427
122.56,332,426
122.6,330,425
122.64,328,421
122.68,323,416
122.72,320,410
122.76,316,405
122.8,316,405
122.84,313,388
122.88,310,390
122.92,310,387
122.96,310,385
123.0,309,386
123.04,312,386
123.08,313,384
123.12,320,379
123.16,318,386
123.2,319,387
123.24,324,390
123.28,330,395
123.32,337,405
123.36,343,417
123.4,346,425
123.44,347,427
123.48,348,427
123.52,349,427
123.56,350,427
123.6,351,427
123.64,352,428
123.68,353,428
123.72,355,429
123.76,356,429
123.8,357,428
123.84,359,429
123.88,359,428
123.92,360,428
123.96,361,428
124.0,361,428
124.04,361,428
124.08,361,428
124.12,361,428
124.16,361,428
124.2,361,429
124.24,361,429
124.28,361,428
124.32,361,428
124.36,362,427
124.4,362,427
124.44,362,426
124.48,361,425
124.52,360,424
124.56,360,422
124.6,359,422
124.64,359,422
124.68,360,422
124.72,360,422
124.76,361,422
124.8,361,422
124.84,361,422
124.88,361,422
124.92,361,422
124.96,361,422
125.0,360,422
125.04,359,421
125.08,357,421
125.12,356,420
125.16,353,420
125.2,352,419
125.24,351,419
125.28,351,420
125.32,351,420
125.36,350,421
125.4,352,419
125.44,352,419
125.48,353,419
125.52,354,419
125.56,354,419
125.6,355,419
125.64,355,419
125.68,357,420
125.72,357,420
125.76,357,420
125.8,358,420
125.84,358,421
125.88,359,421
125.92,359,421
125.96,360,421
126.0,360,421
126.04,361,421
126.08,362,422
126.12,362,423
126.16,363,423
126.2,363,423
126.24,363,423
126.28,364,423
126.32,364,423
126.36,364,424
126.4,365,424
126.44,365,424
126.48,366,424
126.52,366,424
126.56,366,424
126.6,366,424
126.64,367,425
126.68,367,425
126.72,368,425
126.76,368,425
126.8,369,426
126.84,369,426
126.88,370,426
126.92,370,427
126.96,371,427
127.0,371,427
127.04,372,427
127.08,372,428
127.12,373,428
127.16,373,428
127.2,374,429
127.24,374,429
127.28,375,429
127.32,376,430
127.36,376,430
127.4,376,431
127.44,377,431
127.48,377,431
127.52,378,431
127.56,378,431
127.6,378,432
127.64,379,432
127.68,379,432
127.72,380,432
127.76,380,432
127.8,381,432
127.84,381,433
127.88,382,433
127.92,382,433
127.96,383,433
128.0,384,433
128.04,384,433
128.08,385,434
128.12,385,434
128.16,386,434
128.2,386,434
128.24,387,434
128.28,387,435
128.32,388,435
128.36,388,435
128.4,389,435
128.44,389,435
128.48,390,435
128.52,390,436
128.56,391,436
128.6,391,436
128.64,392,436
128.68,392,436
128.72,393,437
128.76,393,437
128.8,393,436
128.84,391,436
128.88,389,434
128.92,385,432
128.96,380,429
129.0,376,428
129.04,372,428
129.08,369,429
129.12,365,428
129.16,361,426
129.2,358,425
129.24,355,423
129.28,353,421
129.32,352,420
129.36,350,419
129.4,350,419
129.44,349,418
129.48,349,419
129.52,350,419
129.56,350,419
129.6,351,419
129.64,351,420
129.68,352,419
129.72,352,419
129.76,352,419
129.8,353,420
129.84,354,420
129.88,354,420
129.92,355,421
129.96,356,421
130.0,356,421
130.04,357,421
130.08,357,422
130.12,358,422
130.16,358,422
130.2,359,422
130.24,359,422
130.28,360,422
130.32,360,422
130.36,360,422
130.4,361,422
130.44,361,423
130.48,362,423
130.52,362,423
130.56,362,423
130.6,363,424
130.64,363,424
130.68,363,424
130.72,363,423
130.76,364,423
130.8,364,424
130.84,365,424
130.88,366,424
130.92,366,424
130.96,366,424
131.0,367,424
131.04,367,425
131.08,368,425
131.12,368,425
131.16,369,425
131.2,369,425
131.24,370,426
131.28,370,426
131.32,371,427
131.36,371,426
131.4,372,427
131.44,372,427
131.48,372,427
131.52,373,428
131.56,373,428
131.6,374,429
131.64,375,429
131.68,375,430
131.72,376,430
131.76,376,429
131.8,377,430
131.84,377,430
131.88,377,431
131.92,378,431
131.96,378,431
132.0,378,431
132.04,379,431
132.08,379,431
132.12,380,432
132.16,380,432
132.2,381,432
132.24,381,433
132.28,381,433
132.32,382,433
132.36,382,433
132.4,382,433
132.44,383,433
132.48,383,434
132.52,384,433
132.56,384,433
132.6,385,432
132.64,385,432
132.68,385,431
132.72,383,431
132.76,381,430
132.8,378,428
132.84,374,426
132.88,370,425
132.92,367,424
132.96,363,424
133.0,359,424
133.04,356,423
133.08,353,421
133.12,352,419
133.16,350,418
133.2,350,418
133.24,350,418
133.28,350,418
133.32,350,418
133.36,350,418
133.4,350,418
133.44,350,419
133.48,351,418
133.52,351,418
133.56,351,418
133.6,352,418
133.64,352,419
133.68,352,420
133.72,353,420
133.76,354,419
133.8,354,420
133.84,355,421
133.88,356,420
133.92,356,421
133.96,357,421
134.0,357,421
134.04,358,422
134.08,358,422
134.12,359,423
134.16,359,422
134.2,360,423
134.24,360,423
134.28,361,423
134.32,361,423
134.36,362,424
134.4,362,423
134.44,362,423
134.48,363,424
134.52,363,423
134.56,363,423
134.6,364,424
134.64,364,424
134.68,365,424
134.72,365,424
134.76,366,424
134.8,366,424
134.84,367,425
134.88,367,425
134.92,367,425
134.96,368,425
135.0,369,425
135.04,369,426
135.08,370,426
135.12,370,426
135.16,371,427
135.2,371,427
135.24,372,427
135.28,372,427
135.32,372,428
135.36,373,428
135.4,374,428
135.44,374,429
135.48,375,429
135.52,375,429
135.56,376,430
135.6,376,430
135.64,376,431
135.68,377,430
135.72,377,431
135.76,378,431
135.8,378,432
135.84,379,432
135.88,379,432
135.92,380,433
135.96,380,433
136.0,381,433
136.04,381,434
136.08,382,434
136.12,382,434
136.16,383,434
136.2,384,434
136.24,385,435
136.28,385,435
136.32,386,435
136.36,387,436
136.4,387,436
136.44,388,436
136.48,388,436
136.52,389,436
136.56,389,436
136.6,390,437
136.64,390,437
136.68,391,437
136.72,391,437
136.76,392,437
136.8,392,437
136.84,392,437
136.88,392,437
136.92,393,437
136.96,393,437
137.0,393,437
137.04,393,437
137.08,393,437
137.12,393,438
137.16,392,438
137.2,392,438
137.24,392,438
137.28,392,438
137.32,392,438
137.36,392,438
137.4,392,437
137.44,391,437
137.48,390,437
137.52,390,436
137.56,389,436
137.6,388,436
137.64,387,435
137.68,386,435
137.72,385,434
137.76,384,434
137.8,383,434
137.84,382,433
137.88,381,433
137.92,379,432
137.96,377,431
138.0,376,430
138.04,373,429
138.08,372,428
138.12,369,427
138.16,367,426
138.2,364,425
138.24,362,423
138.28,360,423
138.32,358,422
138.36,355,421
138.4,353,420
138.44,352,419
138.48,350,418
138.52,349,418
138.56,348,418
138.6,348,418
138.64,347,418
138.68,348,417
138.72,348,417
138.76,348,417
138.8,348,416
138.84,348,416
138.88,349,416
138.92,349,416
138.96,349,416
139.0,349,416
139.04,350,417
139.08,351,417
139.12,351,417
139.16,351,417
139.2,351,417
139.24,351,417
139.28,351,417
139.32,351,417
139.36,351,417
139.4,352,418
139.44,351,417
139.48,351,418
139.52,352,417
139.56,352,418
139.6,353,419
139.64,353,419
139.68,354,419
139.72,355,419
139.76,355,420
139.8,356,420
139.84,356,420
139.88,356,421
139.92,357,421
139.96,358,422
140.0,359,422
140.04,359,422
140.08,360,423
140.12,361,423
140.16,362,424
140.2,362,424
140.24,363,424
140.28,364,424
140.32,364,424
140.36,365,425
140.4,365,425
140.44,365,425
140.48,366,425
140.52,366,426
140.56,366,426
140.6,367,426
140.64,367,426
140.68,368,427
140.72,369,427
140.76,369,428
140.8,370,428
140.84,370,429
140.88,371,429
140.92,372,429
140.96,373,430
141.0,373,430
141.04,374,430
141.08,375,431
141.12,376,432
141.16,376,432
141.2,377,432
141.24,378,432
141.28,378,433
141.32,379,433
141.36,379,433
141.4,380,433
141.44,380,433
141.48,381,434
141.52,382,434
141.56,382,434
141.6,382,434
141.64,383,435
141.68,383,435
141.72,384,435
141.76,384,435
141.8,385,435
141.84,385,435
141.88,385,435
141.92,386,436
141.96,386,436
142.0,387,436
142.04,387,436
142.08,388,436
142.12,389,436
142.16,390,437
142.2,391,438
142.24,393,438
142.28,395,438
142.32,397,438
142.36,398,438
142.4,397,438
142.44,394,437
142.48,389,436
142.52,382,432
142.56,375,430
142.6,368,427
142.64,364,427
142.68,360,427
142.72,357,428
142.76,355,428
142.8,354,428
142.84,355,428
142.88,357,428
142.92,359,428
142.96,361,428
143.0,363,428
143.04,365,427
143.08,365,426
143.12,366,425
143.16,366,423
143.2,366,422
143.24,366,422
143.28,367,422
143.32,367,424
143.36,367,426
143.4,367,428
143.44,366,427
143.48,366,426
143.52,366,426
143.56,365,425
143.6,363,425
143.64,362,424
143.68,361,424
143.72,360,424
143.76,360,424
143.8,361,424
143.84,362,424
143.88,362,424
143.92,363,424
143.96,364,425
144.0,365,425
144.04,366,426
144.08,367,426
144.12,367,427
144.16,367,427
144.2,367,427
144.24,367,427
144.28,367,427
144.32,366,427
144.36,365,427
144.4,365,426
144.44,364,426
144.48,363,425
144.52,361,424
144.56,360,424
144.6,360,424
144.64,360,424
144.68,360,423
144.72,361,423
144.76,362,423
144.8,362,423
144.84,362,424
144.88,362,425
144.92,362,426
144.96,362,426
145.0,362,426
145.04,361,426
145.08,362,426
145.12,361,426
145.16,361,425
145.2,359,424
145.24,358,424
145.28,357,423
145.32,355,422
145.36,354,421
145.4,353,420
145.44,352,420
145.48,352,420
145.52,352,420
145.56,352,420
145.6,352,420
145.64,352,420
145.68,352,420
145.72,353,420
145.76,354,420
145.8,355,420
145.84,355,421
145.88,355,421
145.92,356,421
145.96,356,421
146.0,357,421
146.04,357,422
146.08,358,421
146.12,358,422
146.16,359,422
146.2,360,423
146.24,360,423
146.28,361,424
146.32,362,424
146.36,362,424
146.4,363,424
146.44,363,424
146.48,364,425
146.52,364,425
146.56,365,425
146.6,365,425
146.64,366,425
146.68,367,425
146.72,367,426
146.76,368,426
146.8,368,426
146.84,369,427
146.88,369,427
146.92,370,427
146.96,370,427
147.0,371,427
147.04,371,428
147.08,371,428
147.12,371,428
147.16,372,428
147.2,372,429
147.24,373,429
147.28,373,430
147.32,374,430
147.36,374,430
147.4,375,430
147.44,375,430
147.48,376,431
147.52,376,431
147.56,377,431
147.6,377,431
147.64,378,431
147.68,378,432
147.72,379,432
147.76,379,432
147.8,380,433
147.84,380,434
147.88,380,434
147.92,380,434
147.96,381,434
148.0,381,435
148.04,382,435
148.08,382,435
148.12,383,435
148.16,383,435
148.2,384,435
148.24,384,436
148.28,385,436
148.32,386,436
148.36,386,437
148.4,387,437
148.44,388,437
148.48,388,437
148.52,388,438
148.56,389,438
148.6,389,438
148.64,389,438
148.68,389,438
148.72,388,438
148.76,388,438
148.8,388,437
148.84,387,437
148.88,387,437
148.92,386,437
148.96,385,436
149.0,384,436
149.04,384,436
149.08,383,435
149.12,382,435
149.16,381,434
149.2,381,434
149.24,380,434
149.28,379,434
149.32,379,433
149.36,378,433
149.4,377,433
149.44,376,433
149.48,376,433
149.52,375,432
149.56,375,432
149.6,374,431
149.64,373,431
149.68,373,430
149.72,372,430
149.76,371,430
149.8,370,430
149.84,369,429
149.88,368,429
149.92,367,429
149.96,367,428
150.0,366,428
150.04,365,427
150.08,365,427
150.12,364,427
150.16,364,427
150.2,363,427
150.24,362,427
150.28,361,426
150.32,360,426
150.36,359,426
150.4,359,426
150.44,357,425
150.48,357,425
150.52,356,424
150.56,355,424
150.6,355,423
150.64,354,422
150.68,353,422
150.72,353,422
150.76,352,422
150.8,351,421
150.84,352,421
150.88,351,421
150.92,351,421
150.96,351,420
151.0,350,420
151.04,350,420
151.08,349,419
151.12,349,418
151.16,348,418
151.2,347,418
151.24,346,417
151.28,346,417
151.32,346,417
151.36,345,415
151.4,346,416
151.44,345,416
151.48,346,416
151.52,345,415
151.56,346,415
151.6,346,415
151.64,346,415
151.68,346,415
151.72,347,416
151.76,346,416
151.8,347,417
151.84,348,417
151.88,348,417
151.92,348,417
151.96,348,416
152.0,348,417
152.04,349,418
152.08,349,418
152.12,349,419
152.16,349,418
152.2,349,418
152.24,349,419
152.28,349,419
152.32,350,419
152.36,349,420
152.4,350,420
152.44,350,419
152.48,350,421
152.52,351,421
152.56,351,420
152.6,352,420
152.64,352,421
152.68,352,421
152.72,353,422
152.76,353,422
152.8,353,422
152.84,354,422
152.88,354,423
152.92,354,423
152.96,354,423
153.0,355,423
153.04,355,424
153.08,356,425
153.12,356,425
153.16,357,425
153.2,358,425
153.24,358,426
153.28,359,425
153.32,360,425
153.36,360,425
153.4,360,426
153.44,360,426
153.48,361,426
153.52,361,426
153.56,361,426
153.6,362,427
153.64,362,426
153.68,363,427
153.72,363,427
153.76,364,428
153.8,364,428
153.84,364,428
153.88,365,428
153.92,366,428
153.96,366,428
154.0,367,429
154.04,367,429
154.08,368,429
154.12,369,428
154.16,369,429
154.2,369,430
154.24,369,431
154.28,369,431
154.32,370,431
154.36,371,431
154.4,371,431
154.44,371,432
154.48,372,431
154.52,372,433
154.56,372,433
154.6,373,433
154.64,374,433
154.68,374,433
154.72,374,434
154.76,375,434
154.8,375,434
154.84,376,435
154.88,377,435
154.92,378,435
154.96,379,436
155.0,379,436
155.04,380,437
155.08,381,437
155.12,381,436
155.16,380,435
155.2,378,434
155.24,375,432
155.28,371,429
155.32,367,426
155.36,363,425
155.4,359,424
155.44,355,426
155.48,352,426
155.52,350,424
155.56,349,422
155.6,348,422
155.64,347,423
155.68,348,422
155.72,348,422
155.76,348,422
155.8,349,421
155.84,349,422
155.88,349,421
155.92,350,421
155.96,350,422
156.0,350,422
156.04,350,422
156.08,351,422
156.12,351,423
156.16,351,422
156.2,352,422
156.24,352,422
156.28,352,422
156.32,353,423
156.36,353,423
156.4,353,423
156.44,353,423
156.48,353,423
156.52,354,423
156.56,354,424
156.6,354,424
156.64,354,424
156.68,355,424
156.72,355,424
156.76,356,424
156.8,356,424
156.84,356,424
156.88,356,424
156.92,357,424
156.96,357,425
157.0,357,425
157.04,357,425
157.08,358,425
157.12,358,425
157.16,358,425
157.2,358,425
157.24,358,425
157.28,359,425
157.32,359,424
157.36,359,425
157.4,360,424
157.44,360,425
157.48,361,425
157.52,361,425
157.56,361,425
157.6,361,425
157.64,361,425
157.68,361,425
157.72,362,425
157.76,362,425
157.8,362,425
157.84,362,425
157.88,363,425
157.92,363,425
157.96,363,425
158.0,364,426
158.04,365,426
158.08,365,426
158.12,365,426
158.16,366,426
158.2,367,427
158.24,366,427
158.28,367,427
158.32,367,427
158.36,368,427
158.4,369,427
158.44,369,427
158.48,369,428
158.52,370,428
158.56,371,428
158.6,371,429
158.64,371,429
158.68,372,429
158.72,372,429
158.76,372,429
158.8,373,430
158.84,373,430
158.88,374,430
158.92,374,431
158.96,374,431
159.0,375,431
159.04,375,431
159.08,375,431
159.12,376,432
159.16,376,432
159.2,376,432
159.24,376,432
159.28,377,433
159.32,377,433
159.36,377,433
159.4,377,433
159.44,377,433
159.48,377,432
159.52,378,431
159.56,378,430
159.6,378,428
159.64,376,426
159.68,374,423
159.72,371,422
159.76,369,421
159.8,367,421
159.84,366,424
159.88,365,425
159.92,362,425
159.96,360,423
160.0,357,422
160.04,355,421
160.08,352,419
160.12,349,418
160.16,348,416
160.2,347,416
160.24,346,416
160.28,346,416
160.32,347,416
160.36,347,416
160.4,348,416
160.44,349,417
160.48,350,417
160.52,351,418
160.56,351,418
160.6,352,418
160.64,352,419
160.68,353,419
160.72,354,419
160.76,355,420
160.8,355,420
160.84,356,421
160.88,357,421
160.92,358,421
160.96,359,422
161.0,359,422
161.04,360,423
161.08,361,423
161.12,361,423
161.16,362,424
161.2,362,423
161.24,363,424
161.28,363,424
161.32,364,424
161.36,364,424
161.4,364,425
161.44,365,425
161.48,365,425
161.52,366,425
161.56,367,425
161.6,367,426
161.64,367,426
161.68,368,425
161.72,368,426
161.76,368,426
161.8,369,426
161.84,369,427
161.88,370,427
161.92,370,427
161.96,370,427
162.0,371,427
162.04,371,428
162.08,371,428
162.12,372,428
162.16,372,428
162.2,372,428
162.24,373,429
162.28,373,429
162.32,373,429
162.36,374,429
162.4,374,429
162.44,374,429
162.48,375,430
162.52,375,430
162.56,376,430
162.6,376,431
162.64,377,431
162.68,377,431
162.72,378,432
162.76,378,432
162.8,378,432
162.84,378,432
162.88,378,432
162.92,378,433
162.96,378,433
163.0,378,433
163.04,378,433
163.08,378,433
163.12,378,432
163.16,377,431
163.2,376,431
163.24,373,430
163.28,371,429
163.32,368,427
163.36,364,426
163.4,360,425
163.44,356,424
163.48,352,423
163.52,349,421
163.56,347,420
163.6,346,419
163.64,346,419
163.68,346,419
163.72,346,419
163.76,347,418
163.8,349,419
163.84,350,419
163.88,351,420
163.92,351,420
163.96,352,420
164.0,353,420
164.04,354,421
164.08,354,420
164.12,355,421
164.16,356,421
164.2,356,422
164.24,357,422
164.28,358,422
164.32,358,422
164.36,359,422
164.4,359,423
164.44,359,423
164.48,360,423
164.52,360,423
164.56,361,423
164.6,362,423
164.64,362,423
164.68,363,423
164.72,363,424
164.76,364,424
164.8,364,425
164.84,365,425
164.88,365,425
164.92,366,426
164.96,366,426
165.0,367,426
165.04,367,426
165.08,368,426
165.12,368,427
165.16,369,427
165.2,369,427
165.24,370,427
165.28,371,428
165.32,371,428
165.36,372,429
165.4,372,429
165.44,373,429
165.48,373,429
165.52,373,429
165.56,373,430
165.6,374,430
165.64,374,430
165.68,374,430
165.72,374,430
165.76,375,430
165.8,375,431
165.84,375,431
165.88,376,431
165.92,376,431
165.96,376,431
166.0,377,431
166.04,377,431
166.08,377,432
166.12,377,432
166.16,377,432
166.2,377,432
166.24,378,432
166.28,378,432
166.32,378,432
166.36,378,432
166.4,379,433
166.44,380,433
166.48,380,433
166.52,381,433
166.56,382,433
166.6,382,433
166.64,382,434
166.68,382,434
166.72,382,434
166.76,382,434
166.8,382,434
166.84,382,434
166.88,381,434
166.92,381,434
166.96,381,434
167.0,381,434
167.04,381,434
167.08,380,434
167.12,380,434
167.16,379,434
167.2,379,434
167.24,379,434
167.28,378,434
167.32,377,433
167.36,376,433
167.4,374,432
167.44,371,430
167.48,369,429
167.52,366,427
167.56,364,425
167.6,361,422
167.64,359,421
167.68,357,419
167.72,354,418
167.76,352,417
167.8,350,417
167.84,349,417
167.88,346,417
167.92,344,417
167.96,342,417
168.0,340,417
168.04,338,417
168.08,336,416
168.12,335,415
168.16,333,414
168.2,331,415
168.24,329,414
168.28,329,414
168.32,328,413
168.36,327,414
168.4,325,412
168.44,323,410
168.48,320,408
168.52,316,405
168.56,313,404
168.6,310,400
168.64,308,394
168.68,305,390
168.72,304,386
168.76,303,383
168.8,302,379
168.84,301,379
168.88,303,375
168.92,299,378
168.96,300,379
169.0,298,385
169.04,302,384
169.08,305,386
169.12,310,391
169.16,315,397
169.2,323,408
169.24,329,416
169.28,336,422
169.32,341,427
169.36,347,430
169.4,350,430
169.44,353,429
169.48,355,426
169.52,356,423
169.56,356,420
169.6,356,418
169.64,356,418
169.68,357,419
169.72,358,420
169.76,359,422
169.8,360,422
169.84,360,423
169.88,361,423
169.92,362,424
169.96,363,424
170.0,364,424
170.04,365,425
170.08,366,427
170.12,367,429
170.16,367,431
170.2,367,431
170.24,367,432
170.28,368,433
170.32,368,434
170.36,369,434
170.4,369,435
170.44,369,435
170.48,369,434
170.52,369,434
170.56,369,433
170.6,370,431
170.64,371,429
170.68,373,429
170.72,375,429
170.76,377,431
170.8,378,434
170.84,378,433
170.88,378,433
170.92,377,433
170.96,375,431
171.0,373,430
171.04,371,429
171.08,367,428
171.12,364,427
171.16,361,425
171.2,359,425
171.24,357,423
171.28,355,423
171.32,355,423
171.36,355,423
171.4,355,423
171.44,356,423
171.48,356,424
171.52,357,424
171.56,358,425
171.6,358,425
171.64,358,425
171.68,358,425
171.72,357,425
171.76,357,425
171.8,357,424
171.84,357,424
171.88,357,423
171.92,358,421
171.96,359,420
172.0,361,420
172.04,362,420
172.08,363,421
172.12,364,423
172.16,364,426
172.2,364,426
172.24,364,426
172.28,364,426
172.32,364,426
172.36,364,426
172.4,363,426
172.44,362,427
172.48,362,426
172.52,360,427
172.56,359,426
172.6,358,426
172.64,358,426
172.68,357,426
172.72,357,425
172.76,357,425
172.8,356,424
172.84,356,424
172.88,356,424
172.92,357,423
172.96,357,423
173.0,357,424
173.04,358,424
173.08,359,424
173.12,359,424
173.16,360,424
173.2,360,424
173.24,361,425
173.28,361,425
173.32,362,425
173.36,362,425
173.4,362,426
173.44,363,426
173.48,363,426
173.52,364,426
173.56,364,426
173.6,364,426
173.64,365,426
173.68,365,426
173.72,366,427
173.76,366,427
173.8,366,427
173.84,367,427
173.88,367,427
173.92,367,427
173.96,367,428
174.0,368,427
174.04,368,428
174.08,369,428
174.12,369,428
174.16,370,428
174.2,371,429
174.24,371,429
174.28,372,429
174.32,373,429
174.36,374,430
174.4,374,430
174.44,375,431
174.48,376,431
174.52,376,432
174.56,377,432
174.6,377,432
174.64,377,432
174.68,378,432
174.72,378,433
174.76,378,433
174.8,378,433
174.84,378,433
174.88,378,433
174.92,379,433
174.96,379,433
175.0,379,433
175.04,379,434
175.08,380,434
175.12,380,434
175.16,380,434
175.2,381,434
175.24,382,434
175.28,382,434
175.32,382,434
175.36,382,435
175.4,383,435
175.44,383,435
175.48,383,435
175.52,384,435
175.56,384,435
175.6,384,435
175.64,385,435
175.68,385,436
175.72,385,436
175.76,386,436
175.8,387,436
175.84,387,436
175.88,387,436
175.92,387,436
175.96,387,436
176.0,387,436
176.04,386,436
176.08,386,436
176.12,386,436
176.16,386,436
176.2,385,436
176.24,384,436
176.28,384,436
176.32,383,436
176.36,382,435
176.4,381,435
176.44,380,434
176.48,379,434
176.52,378,434
176.56,377,434
176.6,376,434
176.64,376,433
176.68,375,433
176.72,374,432
176.76,373,432
176.8,372,432
176.84,371,431
176.88,370,431
176.92,369,430
176.96,368,430
177.0,368,429
177.04,367,429
177.08,366,429
177.12,365,428
177.16,364,428
177.2,363,427
177.24,362,427
177.28,360,427
177.32,359,427
177.36,358,426
177.4,357,426
177.44,356,426
177.48,354,425
177.52,353,425
177.56,352,425
177.6,351,424
177.64,349,424
177.68,349,424
177.72,348,424
177.76,348,424
177.8,348,424
177.84,348,424
177.88,348,423
177.92,348,424
177.96,348,423
178.0,349,424
178.04,349,424
178.08,349,424
178.12,351,423
178.16,351,423
178.2,352,423
178.24,352,423
178.28,352,423
178.32,353,423
178.36,353,424
178.4,354,424
178.44,355,424
178.48,356,425
178.52,357,425
178.56,359,426
178.6,360,426
178.64,361,427
178.68,361,427
178.72,362,428
178.76,363,428
178.8,364,428
178.84,365,429
178.88,366,429
178.92,367,429
178.96,368,430
179.0,368,430
179.04,369,431
179.08,370,431
179.12,371,432
179.16,372,432
179.2,373,432
179.24,374,432
179.28,375,433
179.32,376,434
179.36,377,434
179.4,378,434
179.44,379,434
179.48,380,435
179.52,380,435
179.56,381,435
179.6,382,436
179.64,383,436
179.68,384,437
179.72,385,437
179.76,386,437
179.8,388,438
179.84,389,438
179.88,391,439
179.92,391,438
179.96,390,438
180.0,387,435
180.04,383,433
180.08,378,429
180.12,371,426
180.16,365,424
180.2,361,422
180.24,357,422
180.28,355,422
180.32,354,424
180.36,354,426
180.4,354,426
180.44,355,426
180.48,355,426
180.52,355,426
180.56,355,426
180.6,355,426
180.64,355,426
180.68,355,426
180.72,355,426
180.76,355,426
180.8,356,426
180.84,356,426
180.88,357,426
180.92,357,426
180.96,358,426
181.0,358,426
181.04,358,426
181.08,359,426
181.12,359,426
181.16,359,426
181.2,359,426
181.24,359,426
181.28,359,426
181.32,360,426
181.36,360,426
181.4,360,426
181.44,361,426
181.48,361,426
181.52,362,427
181.56,362,427
181.6,363,427
181.64,364,427
181.68,364,427
181.72,364,427
181.76,365,427
181.8,366,427
181.84,366,427
181.88,367,428
181.92,367,428
181.96,367,428
182.0,368,428
182.04,368,428
182.08,369,428
182.12,369,428
182.16,370,429
182.2,371,429
182.24,371,429
182.28,372,429
182.32,372,429
182.36,372,429
182.4,372,429
182.44,373,429
182.48,373,430
182.52,374,430
182.56,374,430
182.6,375,431
182.64,376,431
182.68,376,431
182.72,377,431
182.76,378,432
182.8,379,432
182.84,380,433
182.88,381,432
182.92,381,433
182.96,381,433
183.0,381,433
183.04,382,433
183.08,382,433
183.12,382,433
183.16,383,434
183.2,384,434
183.24,385,434
183.28,385,435
183.32,386,435
183.36,386,435
183.4,387,435
183.44,387,435
183.48,388,436
183.52,389,436
183.56,390,436
183.6,390,436
183.64,388,434
183.68,385,432
183.72,380,430
183.76,375,427
183.8,371,427
183.84,367,428
183.88,363,430
183.92,359,426
183.96,356,423
184.0,353,422
184.04,351,421
184.08,350,420
184.12,350,420
184.16,351,420
184.2,351,420
184.24,353,420
184.28,354,420
184.32,355,421
184.36,356,422
184.4,357,423
184.44,359,423
184.48,360,424
184.52,361,425
184.56,362,425
184.6,364,426
184.64,365,426
184.68,366,426
184.72,366,427
184.76,367,427
184.8,368,427
184.84,369,427
184.88,370,428
184.92,371,429
184.96,372,430
185.0,374,430
185.04,375,431
185.08,376,432
185.12,377,432
185.16,378,432
185.2,378,432
185.24,379,433
185.28,379,433
185.32,380,433
185.36,381,433
185.4,382,434
185.44,383,434
185.48,384,434
185.52,385,434
185.56,385,435
185.6,386,435
185.64,387,435
185.68,387,436
185.72,388,436
185.76,389,437
185.8,388,437
185.84,386,437
185.88,382,437
185.92,376,436
185.96,369,436
186.0,362,435
186.04,354,435
186.08,347,435
186.12,341,433
186.16,337,430
186.2,332,429
186.24,329,428
186.28,327,426
186.32,324,423
186.36,321,417
186.4,318,411
186.44,314,404
186.48,311,396
186.52,307,390
186.56,305,386
186.6,305,383
186.64,306,382
186.68,309,382
186.72,313,382
186.76,318,384
186.8,322,386
186.84,326,387
186.88,330,387
186.92,333,388
186.96,336,389
187.0,339,390
187.04,341,392
187.08,343,394
187.12,343,399
187.16,342,399
187.2,341,402
187.24,338,400
187.28,336,403
187.32,334,406
187.36,333,410
187.4,330,411
187.44,328,414
187.48,326,415
187.52,324,415
187.56,324,416
187.6,323,416
187.64,322,415
187.68,322,412
187.72,324,411
187.76,327,411
187.8,330,413
187.84,336,416
187.88,342,420
187.92,348,423
187.96,352,425
188.0,357,424
188.04,358,423
188.08,358,422
188.12,359,420
188.16,356,419
188.2,355,420
188.24,352,419
188.28,352,420
188.32,351,420
188.36,352,420
188.4,353,420
188.44,354,421
188.48,355,421
188.52,357,422
188.56,358,422
188.6,358,421
188.64,359,421
188.68,360,421
188.72,361,421
188.76,362,422
188.8,363,422
188.84,363,422
188.88,364,422
188.92,364,422
188.96,364,423
189.0,365,423
189.04,366,423
189.08,366,423
189.12,367,423
189.16,368,424
189.2,368,424
189.24,369,424
189.28,370,425
189.32,370,425
189.36,371,425
189.4,371,425
189.44,371,425
189.48,372,426
189.52,372,426
189.56,373,426
189.6,373,426
189.64,374,426
189.68,374,426
189.72,374,426
189.76,375,427
189.8,375,427
189.84,376,427
189.88,376,427
189.92,377,427
189.96,377,427
190.0,377,427
190.04,378,428
190.08,378,429
190.12,379,429
190.16,379,428
190.2,380,429
190.24,381,429
190.28,381,429
190.32,382,429
190.36,382,430
190.4,383,430
190.44,383,430
190.48,384,430
190.52,384,431
190.56,385,431
190.6,386,431
190.64,386,432
190.68,387,432
190.72,388,432
190.76,388,433
190.8,389,433
190.84,390,433
190.88,390,433
190.92,391,433
190.96,391,433
191.0,391,434
191.04,390,433
191.08,387,433
191.12,383,431
191.16,378,429
191.2,372,426
191.24,366,424
191.28,361,423
191.32,357,422
191.36,354,423
191.4,352,424
191.44,350,423
191.48,350,421
191.52,351,421
191.56,351,420
191.6,351,420
191.64,351,420
191.68,352,421
191.72,352,421
191.76,353,421
191.8,354,422
191.84,354,422
191.88,355,422
191.92,355,422
191.96,356,423
192.0,357,423
192.04,358,423
192.08,359,423
192.12,361,423
192.16,361,423
192.2,362,424
192.24,363,424
192.28,363,424
192.32,364,424
192.36,364,424
192.4,365,424
192.44,366,424
192.48,366,424
192.52,367,424
192.56,368,424
192.6,369,424
192.64,369,424
192.68,370,425
192.72,370,425
192.76,371,425
192.8,371,425
192.84,372,425
192.88,372,425
192.92,373,425
192.96,373,425
193.0,374,425
193.04,375,425
193.08,376,426
193.12,376,426
193.16,377,426
193.2,377,426
193.24,378,426
193.28,378,427
193.32,379,427
193.36,379,427
193.4,379,428
193.44,380,428
193.48,380,428
193.52,380,428
193.56,381,428
193.6,381,428
193.64,382,428
193.68,382,428
193.72,382,429
193.76,382,429
193.8,382,429
193.84,382,430
193.88,381,430
193.92,378,428
193.96,375,427
194.0,371,424
194.04,368,422
194.08,364,420
194.12,360,420
194.16,357,419
194.2,355,420
194.24,354,421
194.28,353,422
194.32,353,421
194.36,353,420
194.4,354,420
194.44,355,419
194.48,354,418
194.52,355,418
194.56,356,419
194.6,356,419
194.64,357,419
194.68,357,419
194.72,359,419
194.76,359,419
194.8,361,419
194.84,362,420
194.88,363,421
194.92,364,421
194.96,365,421
195.0,366,421
195.04,367,422
195.08,369,422
195.12,369,423
195.16,370,423
195.2,371,423
195.24,372,423
195.28,373,423
195.32,374,424
195.36,375,424
195.4,376,424
195.44,377,424
195.48,377,425
195.52,378,425
195.56,379,425
195.6,379,426
195.64,380,426
195.68,381,426
195.72,382,426
195.76,382,427
195.8,383,427
195.84,384,427
195.88,385,427
195.92,386,427
195.96,386,428
196.0,387,428
196.04,388,428
196.08,388,429
196.12,388,429
196.16,387,430
196.2,386,431
196.24,386,432
196.28,385,433
196.32,385,433
196.36,385,433
196.4,385,434
196.44,384,434
196.48,384,434
196.52,385,435
196.56,385,435
196.6,385,436
196.64,385,436
196.68,386,435
196.72,386,435
196.76,384,434
196.8,383,431
196.84,380,428
196.88,378,425
196.92,375,423
196.96,373,421
197.0,370,420
197.04,368,419
197.08,366,419
197.12,364,419
197.16,360,418
197.2,357,418
197.24,353,417
197.28,349,417
197.32,345,417
197.36,343,415
197.4,343,415
197.44,345,415
197.48,348,416
197.52,352,418
197.56,356,421
197.6,361,423
197.64,364,425
197.68,366,425
197.72,367,425
197.76,366,425
197.8,363,425
197.84,359,424
197.88,356,422
197.92,353,421
197.96,351,421
198.0,352,421
198.04,354,422
198.08,356,423
198.12,359,423
198.16,361,424
198.2,362,424
198.24,361,424
198.28,361,424
198.32,360,424
198.36,358,423
198.4,357,421
198.44,356,421
198.48,356,421
198.52,356,421
198.56,357,421
198.6,358,421
198.64,358,421
198.68,358,421
198.72,357,421
198.76,357,421
198.8,355,420
198.84,354,420
198.88,352,419
198.92,350,419
198.96,350,419
199.0,350,420
199.04,350,420
199.08,350,419
199.12,351,419
199.16,352,419
199.2,352,420
199.24,354,419
199.28,355,419
199.32,355,419
199.36,355,420
199.4,356,420
199.44,357,420
199.48,358,420
199.52,359,420
199.56,359,421
199.6,361,421
199.64,361,421
199.68,362,421
199.72,363,421
199.76,364,421
199.8,364,422
199.84,364,422
199.88,365,422
199.92,366,422
199.96,366,422
200.0,367,422
200.04,367,423
200.08,368,422
200.12,369,423
200.16,369,424
200.2,371,424
200.24,372,424
200.28,372,425
200.32,372,424
200.36,373,425
200.4,374,425
200.44,374,426
200.48,375,426
200.52,376,427
200.56,376,427
200.6,376,425
200.64,377,428
200.68,378,428
200.72,379,428
200.76,380,429
200.8,381,429
200.84,381,429
200.88,382,429
200.92,382,430
200.96,383,430
201.0,383,430
201.04,384,430
201.08,385,430
201.12,386,431
201.16,386,431
201.2,387,431
201.24,388,431
201.28,388,431
201.32,389,431
201.36,390,432
201.4,389,433
201.44,388,433
201.48,386,433
201.52,382,431
201.56,378,429
201.6,374,426
201.64,370,425
201.68,367,424
201.72,364,424
201.76,361,424
201.8,359,424
201.84,357,423
201.88,356,422
201.92,355,421
201.96,356,421
202.0,356,421
202.04,357,421
202.08,357,420
202.12,358,421
202.16,359,421
202.2,359,421
202.24,360,421
202.28,360,421
202.32,361,422
202.36,362,422
202.4,362,422
202.44,363,422
202.48,364,423
202.52,364,422
202.56,364,423
202.6,365,423
202.64,366,423
202.68,366,423
202.72,367,423
202.76,367,424
202.8,367,424
202.84,368,424
202.88,369,424
202.92,369,424
202.96,370,424
203.0,371,425
203.04,371,425
203.08,373,425
203.12,373,426
203.16,374,426
203.2,374,426
203.24,375,426
203.28,376,426
203.32,377,427
203.36,377,427
203.4,378,427
203.44,379,428
203.48,380,428
203.52,381,428
203.56,381,429
203.6,382,429
203.64,382,429
203.68,383,429
203.72,383,429
203.76,384,430
203.8,384,430
203.84,385,430
203.88,386,430
203.92,387,430
203.96,388,431
204.0,389,431
204.04,390,431
204.08,390,432
204.12,390,432
204.16,389,432
204.2,386,431
204.24,382,429
204.28,378,427
204.32,373,425
204.36,368,424
204.4,364,423
204.44,359,423
204.48,355,422
204.52,353,422
204.56,351,421
204.6,351,420
204.64,352,420
204.68,352,420
204.72,353,420
204.76,354,420
204.8,354,420
204.84,354,420
204.88,355,420
204.92,356,420
204.96,356,421
205.0,357,421
205.04,358,420
205.08,358,420
205.12,358,421
205.16,359,421
205.2,360,422
205.24,360,422
205.28,361,422
205.32,362,422
205.36,362,422
205.4,362,422
205.44,363,423
205.48,363,423
205.52,364,422
205.56,364,423
205.6,365,424
205.64,366,424
205.68,366,424
205.72,367,424
205.76,367,424
205.8,368,425
205.84,369,425
205.88,369,425
205.92,370,425
205.96,370,425
206.0,371,426
206.04,371,426
206.08,372,426
206.12,372,427
206.16,373,427
206.2,374,427
206.24,374,428
206.28,375,428
206.32,375,428
206.36,376,428
206.4,377,428
206.44,377,429
206.48,378,429
206.52,378,429
206.56,379,429
206.6,379,430
206.64,380,430
206.68,381,430
206.72,381,430
206.76,382,430
206.8,382,430
206.84,383,430
206.88,384,430
206.92,384,430
206.96,385,431
207.0,385,431
207.04,386,431
207.08,387,431
207.12,387,432
207.16,388,432
207.2,388,433
207.24,387,434
207.28,385,433
207.32,382,431
207.36,377,428
207.4,372,425
207.44,368,423
207.48,363,421
207.52,360,420
207.56,356,421
207.6,353,421
207.64,351,421
207.68,349,420
207.72,349,419
207.76,349,420
207.8,349,419
207.84,350,420
207.88,351,420
207.92,351,420
207.96,352,420
208.0,353,420
208.04,354,420
208.08,354,420
208.12,355,420
208.16,356,420
208.2,356,420
208.24,357,421
208.28,358,421
208.32,359,421
208.36,359,421
208.4,360,422
208.44,361,423
208.48,362,423
208.52,362,423
208.56,363,423
208.6,363,424
208.64,363,423
208.68,364,424
208.72,365,424
208.76,367,424
208.8,367,424
208.84,367,425
208.88,368,425
208.92,369,425
208.96,369,425
209.0,371,426
209.04,371,426
209.08,372,427
209.12,372,427
209.16,373,427
209.2,374,427
209.24,374,428
209.28,375,428
209.32,376,428
209.36,376,429
209.4,377,429
209.44,377,429
209.48,378,429
209.52,379,429
209.56,379,430
209.6,380,430
209.64,381,430
209.68,381,430
209.72,382,430
209.76,383,430
209.8,384,431
209.84,385,431
209.88,386,432
209.92,387,432
209.96,388,432
210.0,389,432
210.04,390,432
210.08,391,432
210.12,392,433
210.16,393,433
210.2,394,434
210.24,395,434
210.28,397,434
210.32,398,435
210.36,399,435
210.4,399,435
210.44,399,435
210.48,398,435
210.52,397,435
210.56,393,434
210.6,389,432
210.64,384,430
210.68,380,428
210.72,376,427
210.76,373,427
210.8,369,428
210.84,366,429
210.88,363,431
210.92,361,432
210.96,360,433
211.0,361,433
211.04,361,433
211.08,361,431
211.12,361,430
211.16,361,428
211.2,361,426
211.24,361,425
211.28,361,425
211.32,362,428
211.36,364,431
211.4,364,433
211.44,364,435
211.48,364,435
211.52,363,435
211.56,363,435
211.6,362,436
211.64,362,436
211.68,362,437
211.72,362,437
211.76,363,437
211.8,365,437
211.84,367,437
211.88,369,436
211.92,370,435
211.96,371,432
212.0,371,430
212.04,371,430
212.08,371,429
212.12,371,430
212.16,371,431
212.2,371,431
212.24,370,431
212.28,370,430
212.32,369,430
212.36,368,429
212.4,366,429
212.44,365,428
212.48,364,427
212.52,364,426
212.56,364,426
212.6,366,426
212.64,367,427
212.68,367,427
212.72,368,428
212.76,368,429
212.8,367,428
212.84,367,428
212.88,366,427
212.92,366,426
212.96,365,425
213.0,365,425
213.04,364,425
213.08,363,424
213.12,362,423
213.16,361,423
213.2,360,422
213.24,359,421
213.28,359,421
213.32,359,420
213.36,359,420
213.4,359,420
213.44,359,420
213.48,360,420
213.52,360,420
213.56,361,420
213.6,361,420
213.64,362,421
213.68,362,421
213.72,363,421
213.76,364,421
213.8,364,420
213.84,365,420
213.88,366,420
213.92,367,420
213.96,368,421
214.0,368,421
214.04,368,422
214.08,369,422
214.12,369,423
214.16,370,423
214.2,371,423
214.24,371,423
214.28,372,424
214.32,373,425
214.36,374,425
214.4,375,426
214.44,375,426
214.48,376,426
214.52,377,427
214.56,377,427
214.6,378,427
214.64,378,428
214.68,379,429
214.72,379,430
214.76,380,430
214.8,381,431
214.84,381,431
214.88,382,432
214.92,382,432
214.96,383,432
215.0,384,433
215.04,384,433
215.08,385,433
215.12,386,434
215.16,386,434
215.2,386,434
215.24,386,434
215.28,386,435
215.32,386,435
215.36,386,435
215.4,385,434
215.44,383,433
215.48,380,431
215.52,376,429
215.56,372,426
215.6,368,424
215.64,364,424
215.68,360,425
215.72,357,425
215.76,356,423
215.8,356,422
215.84,356,422
215.88,357,421
215.92,357,421
215.96,357,420
216.0,357,420
216.04,358,420
216.08,359,421
216.12,359,421
216.16,360,421
216.2,360,422
216.24,361,422
216.28,361,422
216.32,362,422
216.36,362,422
216.4,362,422
216.44,363,422
216.48,364,422
216.52,365,422
216.56,365,422
216.6,366,423
216.64,366,422
216.68,367,423
216.72,367,423
216.76,368,423
216.8,369,423
216.84,369,423
216.88,370,424
216.92,370,424
216.96,371,424
217.0,371,424
217.04,371,424
217.08,372,425
217.12,372,425
217.16,373,425
217.2,374,426
217.24,374,426
217.28,375,426
217.32,376,426
217.36,376,427
217.4,377,427
217.44,377,428
217.48,378,428
217.52,378,428
217.56,379,428
217.6,379,428
217.64,380,429
217.68,380,429
217.72,381,429
217.76,382,429
217.8,383,430
217.84,384,430
217.88,385,430
217.92,385,431
217.96,386,431
218.0,386,431
218.04,385,430
218.08,382,429
218.12,379,427
218.16,375,425
218.2,372,423
218.24,368,423
218.28,364,423
218.32,361,424
218.36,358,424
218.4,356,424
218.44,356,424
218.48,356,424
218.52,356,424
218.56,356,423
218.6,357,423
218.64,357,424
218.68,357,424
218.72,357,423
218.76,358,423
218.8,359,423
218.84,359,423
218.88,359,423
218.92,360,423
218.96,361,423
219.0,362,423
219.04,362,423
219.08,363,422
219.12,364,423
219.16,364,423
219.2,364,423
219.24,365,423
219.28,366,423
219.32,366,423
219.36,366,424
219.4,367,424
219.44,367,424
219.48,367,424
219.52,368,424
219.56,369,424
219.6,369,424
219.64,370,424
219.68,370,424
219.72,371,424
219.76,372,424
219.8,372,424
219.84,373,425
219.88,374,425
219.92,374,426
219.96,375,426
220.0,376,426
220.04,376,426
220.08,377,427
220.12,378,427
220.16,379,427
220.2,380,427
220.24,380,427
220.28,381,428
220.32,381,428
220.36,382,428
220.4,382,429
220.44,383,429
220.48,385,430
220.52,386,430
220.56,388,431
220.6,390,431
220.64,391,432
220.68,392,432
220.72,392,432
220.76,391,432
220.8,390,432
220.84,388,431
220.88,386,431
220.92,384,430
220.96,381,430
221.0,377,429
221.04,373,428
221.08,369,426
221.12,364,423
221.16,359,422
221.2,354,420
221.24,351,419
221.28,349,418
221.32,347,418
221.36,347,417
221.4,347,417
221.44,348,417
221.48,350,418
221.52,352,418
221.56,355,420
221.6,357,420
221.64,359,421
221.68,359,421
221.72,358,421
221.76,356,422
221.8,355,421
221.84,354,420
221.88,354,420
221.92,353,420
221.96,354,420
222.0,355,419
222.04,356,419
222.08,356,420
222.12,357,420
222.16,359,420
222.2,359,421
222.24,360,421
222.28,361,421
222.32,362,421
222.36,362,421
222.4,362,422
222.44,363,422
222.48,364,422
222.52,365,423
222.56,366,423
222.6,366,423
222.64,367,423
222.68,368,423
222.72,369,423
222.76,370,424
222.8,370,424
222.84,371,424
222.88,372,424
222.92,373,425
222.96,374,425
223.0,375,425
223.04,376,426
223.08,376,427
223.12,377,427
223.16,378,427
223.2,379,426
223.24,379,427
223.28,380,427
223.32,381,427
223.36,382,427
223.4,382,427
223.44,383,427
223.48,384,428
223.52,384,428
223.56,385,428
223.6,386,428
223.64,386,428
223.68,387,428
223.72,387,428
223.76,386,428
223.8,385,429
223.84,383,429
223.88,381,429
223.92,379,428
223.96,376,426
224.0,375,426
224.04,373,425
224.08,373,425
224.12,373,425
224.16,374,424
224.2,377,423
224.24,381,421
224.28,385,419
224.32,388,417
224.36,389,415
224.4,389,413
224.44,388,412
224.48,386,413
224.52,384,414
224.56,380,416
224.6,377,416
224.64,374,416
224.68,373,416
224.72,372,415
224.76,373,415
224.8,374,416
224.84,375,418
224.88,376,420
224.92,376,421
224.96,376,422
225.0,377,423
225.04,377,424
225.08,377,426
225.12,377,427
225.16,377,427
225.2,378,428
225.24,377,429
225.28,377,430
225.32,376,430
225.36,375,430
225.4,375,431
225.44,375,431
225.48,375,430
225.52,374,430
225.56,374,429
225.6,373,428
225.64,373,428
225.68,374,428
225.72,375,428
225.76,376,429
225.8,377,429
225.84,377,430
225.88,376,430
225.92,375,431
225.96,374,431
226.0,372,430
226.04,372,429
226.08,371,428
226.12,371,427
226.16,370,426
226.2,370,425
226.24,369,424
226.28,367,424
226.32,366,423
226.36,364,423
226.4,362,422
226.44,360,421
226.48,359,421
226.52,358,421
226.56,359,421
226.6,360,422
226.64,362,423
226.68,363,424
226.72,364,424
226.76,364,423
226.8,363,423
226.84,362,423
226.88,360,424
226.92,359,424
226.96,358,424
227.0,357,424
227.04,357,425
227.08,357,424
227.12,358,424
227.16,358,424
227.2,358,424
227.24,358,424
227.28,357,424
227.32,357,424
227.36,357,423
227.4,357,423
227.44,357,423
227.48,355,422
227.52,354,421
227.56,353,421
227.6,353,420
227.64,352,419
227.68,353,419
227.72,353,417
227.76,355,416
227.8,355,416
227.84,355,417
227.88,356,418
227.92,357,419
227.96,357,420
228.0,357,420
228.04,358,421
228.08,359,421
228.12,360,422
228.16,361,423
228.2,362,423
228.24,362,423
228.28,363,423
228.32,363,423
228.36,364,423
228.4,364,423
228.44,364,423
228.48,364,423
228.52,365,423
228.56,365,423
228.6,366,423
228.64,366,423
228.68,366,424
228.72,367,424
228.76,368,423
228.8,369,424
228.84,369,424
228.88,370,425
228.92,371,425
228.96,371,425
229.0,372,425
229.04,372,425
229.08,373,426
229.12,373,426
229.16,374,426
229.2,374,426
229.24,375,426
229.28,375,427
229.32,376,427
229.36,376,427
229.4,376,427
229.44,377,427
229.48,378,428
229.52,378,428
229.56,379,428
229.6,379,428
229.64,380,428
229.68,380,429
229.72,381,429
229.76,382,430
229.8,382,430
229.84,383,430
229.88,384,431
229.92,385,431
229.96,386,432
230.0,386,432
230.04,387,432
230.08,388,432
230.12,388,433
230.16,389,433
230.2,389,433
230.24,390,433
230.28,390,433
230.32,390,434
230.36,389,434
230.4,388,435
230.44,386,434
230.48,383,433
230.52,379,431
230.56,375,429
230.6,371,426
230.64,367,425
230.68,364,423
230.72,362,423
230.76,360,425
230.8,359,426
230.84,359,426
230.88,359,426
230.92,359,426
230.96,359,426
231.0,359,426
231.04,359,426
231.08,359,426
231.12,360,426
231.16,360,425
231.2,360,425
231.24,361,425
231.28,361,425
231.32,361,425
231.36,362,425
231.4,362,424
231.44,363,424
231.48,364,424
231.52,364,424
231.56,365,424
231.6,365,424
231.64,366,425
231.68,366,425
231.72,366,425
231.76,367,425
231.8,367,425
231.84,368,425
231.88,369,426
231.92,369,426
231.96,371,426
232.0,371,426
232.04,371,425
232.08,372,426
232.12,373,426
232.16,373,427
232.2,374,427
232.24,375,427
232.28,375,427
232.32,375,427
232.36,376,428
232.4,376,427
232.44,377,428
232.48,378,428
232.52,378,429
232.56,379,429
232.6,379,429
232.64,380,429
232.68,380,429
232.72,381,429
232.76,381,430
232.8,382,430
232.84,382,431
232.88,383,431
232.92,383,431
232.96,384,431
233.0,385,431
233.04,385,432
233.08,386,433
233.12,388,433
233.16,389,433
233.2,390,434
233.24,391,434
233.28,392,434
233.32,392,434
233.36,393,435
233.4,394,435
233.44,395,435
233.48,396,435
233.52,396,435
233.56,396,435
233.6,396,436
233.64,395,437
233.68,393,436
233.72,389,435
233.76,383,432
233.8,377,428
233.84,370,425
233.88,364,423
233.92,359,422
233.96,356,423
234.0,354,426
234.04,354,425
234.08,355,424
234.12,356,424
234.16,356,424
234.2,355,424
234.24,356,424
234.28,355,424
234.32,355,425
234.36,355,425
234.4,355,425
234.44,355,425
234.48,355,424
234.52,356,424
234.56,356,424
234.6,356,424
234.64,356,423
234.68,356,423
234.72,356,423
234.76,356,422
234.8,357,422
234.84,357,422
234.88,357,422
234.92,358,422
234.96,358,422
235.0,359,422
235.04,359,423
235.08,359,423
235.12,360,423
235.16,361,423
235.2,361,423
235.24,362,423
235.28,362,423
235.32,362,423
235.36,363,423
235.4,363,423
235.44,363,423
235.48,363,423
235.52,364,423
235.56,364,424
235.6,365,423
235.64,365,424
235.68,366,423
235.72,367,423
235.76,367,423
235.8,367,424
235.84,368,424
235.88,368,424
235.92,369,424
235.96,369,424
236.0,370,425
236.04,371,424
236.08,371,425
236.12,371,425
236.16,372,424
236.2,372,425
236.24,373,425
236.28,373,425
236.32,374,426
236.36,374,426
236.4,375,426
236.44,376,426
236.48,376,426
236.52,376,426
236.56,377,427
236.6,377,427
236.64,378,428
236.68,378,428
236.72,379,428
236.76,380,428
236.8,380,429
236.84,381,429
236.88,382,429
236.92,382,429
236.96,383,430
237.0,384,430
237.04,384,430
237.08,384,430
237.12,385,430
237.16,386,431
237.2,386,431
237.24,386,431
237.28,386,431
237.32,387,431
237.36,387,431
237.4,388,431
237.44,388,431
237.48,388,432
237.52,388,433
237.56,387,433
237.6,386,433
237.64,384,432
237.68,380,430
237.72,377,428
237.76,373,427
237.8,370,426
237.84,367,425
237.88,365,425
237.92,363,425
237.96,362,426
238.0,362,426
238.04,362,425
238.08,362,425
238.12,363,425
238.16,362,425
238.2,363,425
238.24,363,425
238.28,363,424
238.32,364,423
238.36,365,424
238.4,366,424
238.44,367,424
238.48,367,424
238.52,369,424
238.56,370,424
238.6,371,424
238.64,372,424
238.68,373,424
238.72,374,424
238.76,375,425
238.8,375,425
238.84,377,425
238.88,377,425
238.92,378,426
238.96,379,426
239.0,380,426
239.04,380,426
239.08,381,427
239.12,381,427
239.16,382,427
239.2,383,428
239.24,384,428
239.28,385,428
239.32,385,429
239.36,386,429
239.4,387,429
239.44,387,430
239.48,388,430
239.52,389,431
239.56,389,431
239.6,389,431
239.64,389,431
239.68,389,431
239.72,389,431
239.76,389,432
239.8,389,432
239.84,388,433
239.88,388,433
239.92,388,433
239.96,387,434
240.0,387,434
240.04,388,434
240.08,388,434
240.12,388,434
240.16,388,434
240.2,388,434
240.24,387,434
240.28,387,435
240.32,387,436
240.36,386,438
240.4,385,439
240.44,385,439
240.48,384,439
240.52,384,439
240.56,384,439
240.6,384,439
240.64,384,439
240.68,384,439
240.72,384,439
240.76,384,439
240.8,384,439
240.84,384,439
240.88,385,439
240.92,385,439
240.96,384,440
241.0,384,441
241.04,384,442
241.08,383,443
241.12,382,444
241.16,382,445
241.2,382,445
241.24,382,446
241.28,382,447
241.32,382,447
241.36,383,447
241.4,383,448
241.44,383,448
241.48,383,448
241.52,383,448
241.56,383,448
241.6,383,448
241.64,383,448
241.68,383,448
241.72,384,448
241.76,384,448
241.8,384,447
241.84,385,446
241.88,385,446
241.92,385,446
241.96,384,446
242.0,384,446
242.04,384,445
242.08,384,445
242.12,384,445
242.16,384,446
242.2,384,446
242.24,384,446
242.28,384,446
242.32,384,447
242.36,384,447
242.4,383,447
242.44,383,447
242.48,383,447
242.52,383,447
242.56,383,448
242.6,383,447
242.64,383,447
242.68,383,447
242.72,383,447
242.76,383,447
242.8,383,446
242.84,383,446
242.88,383,446
242.92,383,445
242.96,383,445
243.0,382,445
243.04,382,444
243.08,382,444
243.12,382,444
243.16,382,444
243.2,382,444
243.24,382,444
243.28,382,443
243.32,381,441
243.36,380,438
243.4,378,435
243.44,377,432
243.48,375,430
243.52,374,427
243.56,371,425
243.6,368,422
243.64,365,422
243.68,364,421
243.72,364,420
243.76,365,419
243.8,366,419
243.84,367,418
243.88,369,419
243.92,369,420
243.96,369,422
244.0,368,424
244.04,367,424
244.08,367,424
244.12,368,424
244.16,367,424
244.2,367,423
244.24,365,422
244.28,364,421
244.32,361,419
244.36,360,418
244.4,358,418
244.44,358,418
244.48,358,418
244.52,358,417
244.56,359,416
244.6,359,416
244.64,359,416
244.68,360,416
244.72,360,416
244.76,360,417
244.8,361,417
244.84,362,417
244.88,362,417
244.92,363,418
244.96,364,418
245.0,364,419
245.04,365,419
245.08,366,420
245.12,367,420
245.16,367,420
245.2,368,420
245.24,369,420
245.28,369,420
245.32,370,421
245.36,370,421
245.4,370,421
245.44,371,421
245.48,371,422
245.52,372,422
245.56,372,422
245.6,372,423
245.64,373,423
245.68,374,423
245.72,375,423
245.76,375,423
245.8,376,424
245.84,377,424
245.88,377,425
245.92,378,425
245.96,379,425
246.0,380,426
246.04,380,426
246.08,381,426
246.12,382,427
246.16,383,427
246.2,383,428
246.24,384,428
246.28,385,428
246.32,385,429
246.36,386,429
246.4,387,429
246.44,388,429
246.48,388,430
246.52,389,430
246.56,390,430
246.6,391,430
246.64,392,430
246.68,393,431
246.72,394,431
246.76,394,431
246.8,395,431
246.84,396,431
246.88,397,430
246.92,398,430
246.96,398,430
247.0,398,430
247.04,398,431
247.08,397,432
247.12,395,433
247.16,392,431
247.2,389,430
247.24,385,428
247.28,381,427
247.32,377,425
247.36,373,423
247.4,369,421
247.44,365,420
247.48,362,419
247.52,359,418
247.56,358,417
247.6,357,418
247.64,356,418
247.68,355,418
247.72,356,418
247.76,356,418
247.8,357,418
247.84,357,417
247.88,358,418
247.92,358,417
247.96,359,417
248.0,359,418
248.04,360,417
248.08,360,418
248.12,361,418
248.16,361,418
248.2,361,418
248.24,362,419
248.28,362,419
248.32,362,419
248.36,362,419
248.4,363,419
248.44,363,420
248.48,363,420
248.52,364,419
248.56,364,420
248.6,365,420
248.64,366,420
248.68,366,421
248.72,367,421
248.76,368,421
248.8,369,421
248.84,370,422
248.88,370,421
248.92,371,422
248.96,372,422
249.0,372,423
249.04,373,423
249.08,374,423
249.12,375,424
249.16,375,424
249.2,376,424
249.24,377,425
249.28,377,425
249.32,378,426
249.36,379,426
249.4,380,426
249.44,380,427
249.48,381,427
249.52,382,428
249.56,383,428
249.6,384,428
249.64,384,428
249.68,385,428
249.72,386,429
249.76,387,429
249.8,387,429
249.84,388,430
249.88,389,430
249.92,390,430
249.96,391,430
250.0,391,431
250.04,392,431
250.08,393,431
250.12,394,431
250.16,394,432
250.2,395,432
250.24,396,432
250.28,396,432
250.32,396,432
250.36,396,432
250.4,396,432
250.44,396,432
250.48,395,433
250.52,394,432
250.56,391,432
250.6,388,431
250.64,384,430
250.68,380,428
250.72,376,427
250.76,372,426
250.8,368,425
250.84,365,424
250.88,362,424
250.92,360,423
250.96,358,421
251.0,356,420
251.04,354,420
251.08,353,420
251.12,353,420
251.16,353,419
251.2,353,419
251.24,354,420
251.28,354,420
251.32,354,420
251.36,355,420
251.4,355,420
251.44,356,420
251.48,356,420
251.52,357,419
251.56,357,419
251.6,358,419
251.64,358,420
251.68,359,419
251.72,359,420
251.76,360,419
251.8,360,420
251.84,361,420
251.88,362,420
251.92,362,420
251.96,363,420
252.0,364,420
252.04,364,420
252.08,365,420
252.12,366,420
252.16,367,420
252.2,367,420
252.24,367,421
252.28,368,421
252.32,369,421
252.36,370,422
252.4,370,422
252.44,371,422
252.48,371,423
252.52,372,423
252.56,373,423
252.6,373,424
252.64,374,424
252.68,375,424
252.72,376,425
252.76,376,425
252.8,377,426
252.84,378,426
252.88,379,427
252.92,380,427
252.96,381,427
253.0,382,428
253.04,383,428
253.08,384,429
253.12,385,429
253.16,386,429
253.2,387,429
253.24,388,429
253.28,389,429
253.32,390,429
253.36,391,429
253.4,393,429
253.44,394,429
253.48,395,429
253.52,395,430
253.56,396,430
253.6,397,430
253.64,398,430
253.68,398,430
253.72,399,431
253.76,399,431
253.8,398,432
253.84,397,433
253.88,396,434
253.92,395,435
253.96,394,436
254.0,392,436
254.04,390,436
254.08,388,435
254.12,386,433
254.16,384,432
254.2,383,431
254.24,382,430
254.28,381,430
254.32,381,430
254.36,382,431
254.4,382,431
254.44,383,431
254.48,383,431
254.52,383,431
254.56,381,430
254.6,380,430
254.64,378,428
254.68,377,427
254.72,375,427
254.76,374,426
254.8,373,427
254.84,372,428
254.88,371,429
254.92,371,430
254.96,371,431
255.0,372,430
255.04,372,429
255.08,371,427
255.12,369,425
255.16,367,424
255.2,365,424
255.24,363,424
255.28,362,424
255.32,361,422
255.36,360,420
255.4,360,418
255.44,359,417
255.48,358,416
255.52,358,415
255.56,358,414
255.6,359,414
255.64,360,416
255.68,362,418
255.72,364,420
255.76,366,422
255.8,367,423
255.84,367,422
255.88,367,422
255.92,367,422
255.96,367,422
256.0,366,421
256.04,365,421
256.08,364,421
256.12,363,420
256.16,362,420
256.2,361,420
256.24,361,420
256.28,360,420
256.32,360,420
256.36,360,420
256.4,360,420
256.44,360,420
256.48,360,420
256.52,359,420
256.56,358,420
256.6,356,421
256.64,356,420
256.68,356,419
256.72,356,418
256.76,357,418
256.8,357,418
256.84,358,418
256.88,359,418
256.92,360,418
256.96,361,418
257.0,361,419
257.04,362,419
257.08,363,418
257.12,363,419
257.16,364,419
257.2,365,419
257.24,366,420
257.28,367,420
257.32,367,421
257.36,368,421
257.4,368,421
257.44,369,421
257.48,370,422
257.52,370,422
257.56,371,422
257.6,372,422
257.64,373,423
257.68,373,423
257.72,374,423
257.76,374,423
257.8,375,424
257.84,375,424
257.88,376,425
257.92,377,425
257.96,378,425
258.0,378,426
258.04,379,426
258.08,380,426
258.12,380,426
258.16,381,427
258.2,381,427
258.24,382,427
258.28,382,427
258.32,383,427
258.36,384,427
258.4,384,428
258.44,385,428
258.48,386,428
258.52,386,428
258.56,386,429
258.6,387,429
258.64,387,429
258.68,388,429
258.72,388,429
258.76,389,429
258.8,390,429
258.84,390,430
258.88,391,430
258.92,392,430
258.96,393,430
259.0,394,431
259.04,394,431
259.08,395,432
259.12,396,432
259.16,397,432
259.2,398,432
259.24,398,432
259.28,399,432
259.32,400,433
259.36,400,433
259.4,400,433
259.44,400,433
259.48,401,433
259.52,402,433
259.56,404,432
259.6,404,432
259.64,405,433
259.68,405,433
259.72,405,433
259.76,404,433
259.8,403,434
259.84,401,435
259.88,397,435
259.92,393,434
259.96,388,432
260.0,382,430
260.04,378,429
260.08,373,428
260.12,369,427
260.16,364,425
260.2,361,422
260.24,358,421
260.28,356,418
260.32,355,417
260.36,354,417
260.4,354,417
260.44,354,417
260.48,354,417
260.52,355,417
260.56,355,416
260.6,355,417
260.64,356,417
260.68,357,417
260.72,357,418
260.76,359,418
260.8,359,419
260.84,361,419
260.88,361,419
260.92,362,419
260.96,362,420
261.0,363,420
261.04,364,420
261.08,364,420
261.12,365,420
261.16,365,420
261.2,365,420
261.24,366,421
261.28,366,421
261.32,367,421
261.36,367,421
261.4,367,421
261.44,368,421
261.48,369,421
261.52,369,422
261.56,370,422
261.6,370,422
261.64,371,422
261.68,371,423
261.72,371,423
261.76,372,423
261.8,372,423
261.84,373,423
261.88,374,423
261.92,374,424
261.96,374,424
262.0,375,424
262.04,376,424
262.08,377,424
262.12,377,425
262.16,378,425
262.2,379,425
262.24,379,426
262.28,380,426
262.32,381,426
262.36,381,426
262.4,382,426
262.44,382,426
262.48,383,427
262.52,384,427
262.56,384,427
262.6,385,427
262.64,386,428
262.68,386,428
262.72,387,428
262.76,388,428
262.8,388,428
262.84,388,428
262.88,388,428
262.92,388,428
262.96,388,428
263.0,388,428
263.04,389,428
263.08,390,428
263.12,390,428
263.16,391,428
263.2,392,428
263.24,392,428
263.28,393,429
263.32,393,429
263.36,393,429
263.4,392,430
263.44,391,430
263.48,388,429
263.52,384,428
263.56,379,425
263.6,373,423
263.64,368,421
263.68,363,420
263.72,359,419
263.76,355,418
263.8,352,417
263.84,350,417
263.88,350,417
263.92,350,417
263.96,350,416
264.0,351,416
264.04,352,416
264.08,352,417
264.12,354,417
264.16,355,417
264.2,356,417
264.24,357,417
264.28,358,417
264.32,359,417
264.36,359,418
264.4,360,418
264.44,361,418
264.48,361,418
264.52,363,418
264.56,363,419
264.6,364,419
264.64,364,419
264.68,365,419
264.72,365,419
264.76,366,419
264.8,367,419
264.84,367,420
264.88,368,419
264.92,369,419
264.96,369,419
265.0,370,420
265.04,371,421
265.08,371,421
265.12,372,421
265.16,372,421
265.2,373,421
265.24,374,422
265.28,374,422
265.32,375,422
265.36,376,422
265.4,376,423
265.44,377,423
265.48,377,423
265.52,378,424
265.56,379,423
265.6,379,424
265.64,380,424
265.68,381,424
265.72,381,424
265.76,382,425
265.8,383,425
265.84,383,425
265.88,384,425
265.92,385,425
265.96,385,426
266.0,386,426
266.04,387,426
266.08,388,427
266.12,390,427
266.16,391,427
266.2,391,427
266.24,392,428
266.28,392,428
266.32,392,428
266.36,392,428
266.4,392,429
266.44,392,429
266.48,391,429
266.52,390,430
266.56,388,429
266.6,384,428
266.64,380,426
266.68,375,424
266.72,370,422
266.76,365,420
266.8,361,419
266.84,357,419
266.88,354,420
266.92,352,420
266.96,352,420
267.0,353,419
267.04,353,418
267.08,354,418
267.12,355,418
267.16,356,418
267.2,357,418
267.24,357,418
267.28,358,418
267.32,358,417
267.36,359,416
267.4,359,415
267.44,360,415
267.48,361,415
267.52,362,416
267.56,362,416
267.6,364,416
267.64,364,417
267.68,364,418
267.72,365,418
267.76,366,418
267.8,366,419
267.84,367,419
267.88,368,420
267.92,369,420
267.96,370,421
268.0,370,421
268.04,371,421
268.08,371,422
268.12,372,422
268.16,373,422
268.2,374,422
268.24,375,423
268.28,376,423
268.32,376,424
268.36,377,424
268.4,378,424
268.44,379,424
268.48,379,424
268.52,380,425
268.56,380,425
268.6,381,425
268.64,381,425
268.68,382,425
268.72,382,425
268.76,383,425
268.8,383,425
268.84,383,425
268.88,383,425
268.92,383,425
268.96,384,425
269.0,385,425
269.04,385,425
269.08,386,425
269.12,387,425
269.16,388,425
269.2,388,425
269.24,389,425
269.28,389,425
269.32,389,426
269.36,389,426
269.4,389,426
269.44,389,426
269.48,389,426
269.52,389,427
269.56,387,426
269.6,385,426
269.64,382,424
269.68,378,422
269.72,373,420
269.76,368,419
269.8,364,417
269.84,360,417
269.88,357,417
269.92,354,418
269.96,351,417
270.0,349,417
270.04,348,416
270.08,349,416
270.12,349,416
270.16,349,416
270.2,350,416
270.24,351,416
270.28,351,416
270.32,352,416
270.36,353,416
270.4,354,416
270.44,355,417
270.48,356,416
270.52,356,417
270.56,357,417
270.6,358,417
270.64,359,417
270.68,359,417
270.72,360,418
270.76,361,418
270.8,362,418
270.84,362,418
270.88,363,419
270.92,363,419
270.96,364,419
271.0,365,419
271.04,366,419
271.08,366,420
271.12,367,420
271.16,367,420
271.2,368,420
271.24,369,420
271.28,369,421
271.32,370,421
271.36,370,421
271.4,371,422
271.44,371,422
271.48,372,423
271.52,373,423
271.56,374,423
271.6,374,424
271.64,375,424
271.68,375,424
271.72,376,424
271.76,377,424
271.8,377,425
271.84,378,425
271.88,378,425
271.92,378,425
271.96,378,426
272.0,377,427
272.04,376,427
272.08,375,427
272.12,374,427
272.16,371,428
272.2,369,428
272.24,366,428
272.28,363,428
272.32,360,427
272.36,356,427
272.4,352,426
272.44,349,424
272.48,346,422
272.52,342,419
272.56,339,416
272.6,335,411
272.64,331,406
272.68,326,400
272.72,322,393
272.76,316,385
272.8,311,377
272.84,306,372
272.88,302,365
272.92,298,364
272.96,296,363
273.0,296,364
273.04,299,367
273.08,303,369
273.12,309,372
273.16,315,377
273.2,322,382
273.24,331,388
273.28,339,398
273.32,346,408
273.36,352,417
273.4,356,424
273.44,358,428
273.48,361,432
273.52,362,433
273.56,364,433
273.6,365,434
273.64,368,433
273.68,370,433
273.72,373,432
273.76,375,432
273.8,376,431
273.84,377,430
273.88,376,428
273.92,375,427
273.96,374,426
274.0,372,424
274.04,370,424
274.08,369,425
274.12,368,426
274.16,368,427
274.2,368,427
274.24,369,427
274.28,370,426
274.32,370,426
274.36,370,426
274.4,370,426
274.44,369,426
274.48,369,427
274.52,369,426
274.56,369,427
274.6,369,426
274.64,369,427
274.68,369,427
274.72,369,427
274.76,368,427
274.8,368,427
274.84,368,428
274.88,368,427
274.92,369,427
274.96,369,427
275.0,370,427
275.04,370,427
275.08,370,428
275.12,370,428
275.16,370,428
275.2,369,428
275.24,369,428
275.28,369,427
275.32,369,427
275.36,369,426
275.4,368,424
275.44,366,423
275.48,363,422
275.52,361,421
275.56,358,419
275.6,357,417
275.64,356,416
275.68,356,416
275.72,357,415
275.76,357,416
275.8,359,416
275.84,359,416
275.88,360,416
275.92,362,417
275.96,362,417
276.0,364,418
276.04,364,418
276.08,365,419
276.12,366,419
276.16,367,419
276.2,368,419
276.24,369,420
276.28,370,420
276.32,371,421
276.36,371,421
276.4,372,421
276.44,373,422
276.48,374,422
276.52,375,423
276.56,375,423
276.6,376,423
276.64,376,424
276.68,377,424
276.72,377,424
276.76,378,424
276.8,378,425
276.84,379,425
276.88,379,425
276.92,380,426
276.96,380,426
277.0,381,427
277.04,382,428
277.08,383,428
277.12,383,428
277.16,384,428
277.2,384,428
277.24,385,429
277.28,385,429
277.32,386,429
277.36,386,429
277.4,387,429
277.44,388,430
277.48,388,430
277.52,389,431
277.56,390,431
277.6,391,431
277.64,392,432
277.68,392,432
277.72,393,432
277.76,393,433
277.8,393,433
277.84,394,433
277.88,394,434
277.92,395,434
277.96,395,434
278.0,396,435
278.04,397,436
278.08,398,436
278.12,398,437
278.16,398,437
278.2,397,437
278.24,393,436
278.28,388,434
278.32,383,431
278.36,377,428
278.4,373,426
278.44,367,424
278.48,364,422
278.52,361,422
278.56,361,423
278.6,361,423
278.64,362,423
278.68,363,423
278.72,363,423
278.76,363,423
278.8,363,423
278.84,363,423
278.88,363,422
278.92,363,422
278.96,364,422
279.0,364,422
279.04,365,422
279.08,365,422
279.12,365,422
279.16,366,422
279.2,367,423
279.24,367,423
279.28,367,424
279.32,367,424
279.36,369,423
279.4,369,424
279.44,370,424
279.48,369,424
279.52,370,424
279.56,372,424
279.6,372,425
279.64,372,425
279.68,372,425
279.72,373,426
279.76,374,425
279.8,374,426
279.84,375,426
279.88,375,426
279.92,376,426
279.96,376,426
280.0,377,426
280.04,377,426
280.08,378,427
280.12,377,427
280.16,378,427
280.2,379,427
280.24,379,427
280.28,380,428
280.32,381,428
280.36,381,428
280.4,382,429
280.44,382,429
280.48,383,430
280.52,384,430
280.56,384,430
280.6,385,430
280.64,386,431
280.68,386,431
280.72,387,431
280.76,387,432
280.8,388,432
280.84,389,432
280.88,389,433
280.92,391,433
280.96,392,433
281.0,393,433
281.04,394,433
281.08,394,434
281.12,393,434
281.16,392,433
281.2,388,430
281.24,384,428
281.28,378,425
281.32,373,422
281.36,367,420
281.4,364,420
281.44,361,421
281.48,360,423
281.52,360,424
281.56,360,423
281.6,361,422
281.64,361,423
281.68,362,423
281.72,362,423
281.76,362,423
281.8,362,423
281.84,362,423
281.88,362,422
281.92,362,422
281.96,362,422
282.0,362,422
282.04,363,423
282.08,363,423
282.12,363,422
282.16,364,423
282.2,364,423
282.24,365,423
282.28,365,423
282.32,366,424
282.36,366,423
282.4,367,424
282.44,367,424
282.48,367,424
282.52,368,424
282.56,369,425
282.6,369,425
282.64,370,425
282.68,371,426
282.72,371,426
282.76,372,426
282.8,373,426
282.84,374,427
282.88,374,427
282.92,375,427
282.96,376,428
283.0,377,428
283.04,378,429
283.08,378,429
283.12,379,430
283.16,380,430
283.2,381,430
283.24,382,430
283.28,382,431
283.32,382,431
283.36,383,431
283.4,384,432
283.44,384,432
283.48,385,432
283.52,386,433
283.56,387,433
283.6,387,434
283.64,389,435
283.68,390,436
283.72,391,437
283.76,392,438
283.8,393,438
283.84,393,438
283.88,392,437
283.92,390,436
283.96,388,435
284.0,387,433
284.04,386,432
284.08,386,430
284.12,386,429
284.16,385,429
284.2,384,429
284.24,382,429
284.28,379,430
284.32,375,431
284.36,369,434
284.4,361,438
284.44,355,439
284.48,348,438
284.52,343,436
284.56,340,429
284.6,337,421
284.64,339,412
284.68,341,401
284.72,343,386
284.76,349,378
284.8,356,372
284.84,362,369
284.88,368,372
284.92,373,376
284.96,376,382
285.0,377,387
285.04,377,391
285.08,376,393
285.12,374,397
285.16,370,399
285.2,365,402
285.24,360,404
285.28,354,405
285.32,348,406
285.36,342,409
285.4,338,409
285.44,334,411
285.48,331,412
285.52,329,413
285.56,327,414
285.6,326,417
285.64,326,418
285.68,325,416
285.72,326,415
285.76,325,413
285.8,328,409
285.84,331,403
285.88,340,397
285.92,353,393
285.96,368,390
286.0,379,389
286.04,387,389
286.08,390,389
286.12,386,390
286.16,382,393
286.2,376,397
286.24,371,402
286.28,365,408
286.32,361,414
286.36,358,418
286.4,356,422
286.44,356,424
286.48,356,425
286.52,357,426
286.56,358,426
286.6,360,426
286.64,362,425
286.68,364,425
286.72,367,425
286.76,371,427
286.8,375,429
286.84,379,431
286.88,381,433
286.92,382,434
286.96,380,434
287.0,377,432
287.04,371,430
287.08,365,429
287.12,359,426
287.16,354,423
287.2,351,420
287.24,351,419
287.28,352,420
287.32,355,422
287.36,358,426
287.4,363,428
287.44,365,431
287.48,365,431
287.52,365,430
287.56,363,429
287.6,361,428
287.64,358,425
287.68,356,424
287.72,353,424
287.76,352,423
287.8,351,423
287.84,352,423
287.88,353,423
287.92,354,423
287.96,355,424
288.0,356,425
288.04,357,426
288.08,357,426
288.12,358,426
288.16,359,426
288.2,359,426
288.24,359,426
288.28,360,426
288.32,360,426
288.36,361,426
288.4,361,427
288.44,361,427
288.48,362,427
288.52,363,427
288.56,364,427
288.6,364,428
288.64,364,428
288.68,365,428
288.72,365,428
288.76,365,428
288.8,366,428
288.84,366,428
288.88,366,428
288.92,367,428
288.96,367,428
289.0,367,428
289.04,368,429
289.08,368,429
289.12,369,428
289.16,369,429
289.2,370,430
289.24,370,430
289.28,371,430
289.32,371,430
289.36,372,430
289.4,372,430
289.44,372,430
289.48,372,431
289.52,373,430
289.56,374,430
289.6,374,431
289.64,374,431
289.68,375,431
289.72,375,431
289.76,376,431
289.8,376,432
289.84,377,432
289.88,377,432
289.92,378,432
289.96,378,433
290.0,379,433
290.04,379,433
290.08,379,433
290.12,380,434
290.16,380,434
290.2,381,434
290.24,381,435
290.28,382,435
290.32,382,435
290.36,383,435
290.4,383,435
290.44,384,436
290.48,384,436
290.52,385,436
290.56,386,436
290.6,387,437
290.64,388,437
290.68,389,437
290.72,389,437
290.76,390,437
290.8,390,438
290.84,389,437
290.88,386,434
290.92,383,431
290.96,379,428
291.0,374,426
291.04,370,426
291.08,366,427
291.12,362,428
291.16,359,429
291.2,357,427
291.24,356,426
291.28,357,426
291.32,357,426
291.36,357,426
291.4,359,427
291.44,359,428
291.48,360,428
291.52,361,428
291.56,361,429
291.6,362,429
291.64,363,429
291.68,363,429
291.72,364,430
291.76,364,430
291.8,364,430
291.84,364,430
291.88,365,431
291.92,365,431
291.96,366,431
292.0,366,431
292.04,367,431
292.08,367,432
292.12,367,432
292.16,367,432
292.2,367,432
292.24,368,432
292.28,368,433
292.32,369,433
292.36,369,433
292.4,369,433
292.44,370,433
292.48,370,433
292.52,370,433
292.56,371,433
292.6,371,434
292.64,371,434
292.68,372,434
292.72,372,434
292.76,373,434
292.8,373,434
292.84,374,434
292.88,374,434
292.92,374,434
292.96,374,434
293.0,375,435
293.04,375,434
293.08,376,435
293.12,377,435
293.16,378,435
293.2,378,435
293.24,379,435
293.28,380,435
293.32,381,435
293.36,382,435
293.4,383,434
293.44,385,434
293.48,384,433
293.52,382,430
293.56,378,428
293.6,375,425
293.64,370,423
293.68,365,421
293.72,361,420
293.76,358,420
293.8,356,422
293.84,356,426
293.88,355,427
293.92,356,426
293.96,357,425
294.0,357,425
294.04,357,425
294.08,357,425
294.12,357,425
294.16,357,425
294.2,357,425
294.24,358,425
294.28,358,425
294.32,359,425
294.36,359,425
294.4,359,425
294.44,360,424
294.48,361,424
294.52,362,424
294.56,362,424
294.6,363,424
294.64,363,424
294.68,364,424
294.72,364,424
294.76,364,425
294.8,365,425
294.84,365,425
294.88,366,425
294.92,366,425
294.96,366,425
295.0,366,424
295.04,366,425
295.08,366,425
295.12,366,425
295.16,367,424
295.2,367,424
295.24,367,424
295.28,368,424
295.32,369,424
295.36,369,424
295.4,370,424
295.44,371,424
295.48,372,425
295.52,373,425
295.56,373,425
295.6,374,425
295.64,375,426
295.68,375,426
295.72,376,426
295.76,376,426
295.8,377,426
295.84,378,426
295.88,378,426
295.92,379,426
295.96,380,426
296.0,380,427
296.04,380,427
296.08,381,427
296.12,381,427
296.16,381,427
296.2,382,427
296.24,382,427
296.28,382,427
296.32,383,428
296.36,383,428
296.4,384,428
296.44,384,428
296.48,385,428
296.52,385,428
296.56,386,429
296.6,386,429
296.64,386,429
296.68,387,429
296.72,387,429
296.76,388,430
296.8,388,430
296.84,389,430
296.88,389,430
296.92,390,431
296.96,390,431
297.0,390,431
297.04,391,431
297.08,391,431
297.12,391,431
297.16,392,431
297.2,392,432
297.24,393,432
297.28,394,432
297.32,394,432
297.36,394,432
297.4,394,432
297.44,394,433
297.48,394,433
297.52,394,433
297.56,393,433
297.6,392,435
297.64,390,436
297.68,385,435
297.72,380,434
297.76,374,431
297.8,368,429
297.84,362,427
297.88,357,425
297.92,353,425
297.96,351,425
298.0,351,426
298.04,351,425
298.08,352,424
298.12,353,423
298.16,353,423
298.2,354,422
298.24,354,423
298.28,354,423
298.32,354,423
298.36,355,423
298.4,356,422
298.44,357,423
298.48,359,423
298.52,360,424
298.56,362,424
298.6,364,425
298.64,365,425
298.68,366,426
298.72,367,426
298.76,368,426
298.8,369,426
298.84,370,427
298.88,370,427
298.92,371,428
298.96,372,428
299.0,373,428
299.04,373,429
299.08,374,429
299.12,375,429
299.16,375,429
299.2,376,429
299.24,377,430
299.28,377,430
299.32,378,430
299.36,378,430
299.4,379,430
299.44,380,430
299.48,380,431
299.52,381,431
299.56,381,431
299.6,382,431
299.64,382,431
299.68,383,431
299.72,384,432
299.76,385,432
299.8,386,432
299.84,387,432
299.88,388,433
299.92,388,433
299.96,388,433
300.0,388,434
300.04,386,436
300.08,384,436
300.12,381,436
300.16,378,436
300.2,374,436
300.24,371,436
300.28,367,436
300.32,363,436
300.36,358,435
300.4,353,433
300.44,348,431
300.48,343,430
300.52,338,429
300.56,334,427
300.6,330,425
300.64,327,422
300.68,325,416
300.72,322,410
300.76,317,400
300.8,312,390
300.84,308,379
300.88,304,370
300.92,299,362
300.96,296,357
301.0,295,353
301.04,295,352
301.08,297,351
301.12,299,352
301.16,303,354
301.2,307,356
301.24,312,360
301.28,317,365
301.32,322,369
301.36,327,377
301.4,333,387
301.44,340,402
301.48,345,411
301.52,349,420
301.56,353,430
301.6,355,438
301.64,356,443
301.68,356,445
301.72,356,446
301.76,357,445
301.8,357,444
301.84,357,444
301.88,357,444
301.92,358,444
301.96,359,444
302.0,360,444
302.04,361,441
302.08,361,437
302.12,360,431
302.16,360,425
302.2,360,420
302.24,360,416
302.28,361,415
302.32,363,417
302.36,366,422
302.4,366,427
302.44,365,426
302.48,363,424
302.52,362,423
302.56,359,422
302.6,356,421
302.64,353,420
302.68,351,419
302.72,349,418
302.76,348,418
302.8,348,417
302.84,348,417
302.88,349,417
302.92,350,417
302.96,350,417
303.0,352,418
303.04,353,418
303.08,354,418
303.12,355,419
303.16,356,419
303.2,357,420
303.24,357,420
303.28,357,420
303.32,358,421
303.36,358,421
303.4,359,421
303.44,359,421
303.48,360,422
303.52,361,422
303.56,361,422
303.6,362,422
303.64,363,423
303.68,363,423
303.72,364,423
303.76,365,423
303.8,366,424
303.84,367,424
303.88,367,425
303.92,368,425
303.96,369,425
304.0,370,426
304.04,370,426
304.08,371,426
304.12,372,426
304.16,372,426
304.2,373,427
304.24,373,427
304.28,374,428
304.32,375,428
304.36,376,429
304.4,377,429
304.44,377,429
304.48,378,429
304.52,379,430
304.56,379,430
304.6,380,430
304.64,380,430
304.68,381,430
304.72,381,431
304.76,381,431
304.8,382,431
304.84,382,431
304.88,383,431
304.92,383,432
304.96,383,432
305.0,384,432
305.04,384,432
305.08,385,432
305.12,385,433
305.16,386,433
305.2,386,433
305.24,387,433
305.28,387,433
305.32,387,434
305.36,387,434
305.4,388,434
305.44,388,434
305.48,388,434
305.52,388,434
305.56,388,434
305.6,388,435
305.64,388,435
305.68,386,435
305.72,383,434
305.76,379,431
305.8,373,428
305.84,368,425
305.88,363,423
305.92,359,423
305.96,356,425
306.0,355,428
306.04,355,429
306.08,356,427
306.12,357,427
306.16,359,427
306.2,359,427
306.24,360,427
306.28,361,427
306.32,360,427
306.36,361,427
306.4,361,427
306.44,361,427
306.48,362,427
306.52,362,427
306.56,362,427
306.6,363,427
306.64,363,427
306.68,364,427
306.72,364,428
306.76,365,428
306.8,365,428
306.84,366,428
306.88,366,428
306.92,367,428
306.96,367,428
307.0,368,428
307.04,369,428
307.08,369,429
307.12,370,429
307.16,371,429
307.2,371,429
307.24,372,430
307.28,373,430
307.32,373,430
307.36,374,430
307.4,374,430
307.44,375,430
307.48,375,430
307.52,376,430
307.56,376,431
307.6,377,431
307.64,377,431
307.68,378,432
307.72,379,432
307.76,380,432
307.8,380,432
307.84,381,433
307.88,381,433
307.92,382,433
307.96,382,433
308.0,383,433
308.04,383,434
308.08,384,434
308.12,384,434
308.16,385,434
308.2,385,435
308.24,386,435
308.28,386,435
308.32,387,435
308.36,386,434
308.4,384,433
308.44,381,430
308.48,377,427
308.52,371,423
308.56,367,420
308.6,362,417
308.64,358,417
308.68,356,418
308.72,354,420
308.76,353,423
308.8,353,424
308.84,354,423
308.88,355,423
308.92,356,423
308.96,357,423
309.0,358,423
309.04,359,423
309.08,359,423
309.12,359,424
309.16,360,424
309.2,360,424
309.24,361,424
309.28,361,424
309.32,362,424
309.36,362,425
309.4,363,425
309.44,364,425
309.48,364,425
309.52,365,425
309.56,366,425
309.6,367,426
309.64,367,426
309.68,368,426
309.72,369,426
309.76,370,427
309.8,371,427
309.84,371,427
309.88,372,427
309.92,373,427
309.96,374,428
310.0,375,428
310.04,376,429
310.08,376,429
310.12,377,429
310.16,378,429
310.2,378,429
310.24,379,430
310.28,379,430
310.32,378,430
310.36,377,431
310.4,374,430
310.44,370,430
310.48,365,430
310.52,361,430
310.56,357,429
310.6,352,428
310.64,349,427
310.68,346,426
310.72,344,426
310.76,341,426
310.8,338,426
310.84,336,427
310.88,334,426
310.92,333,425
310.96,333,423
311.0,333,420
311.04,333,418
311.08,336,415
311.12,339,412
311.16,344,407
311.2,349,402
311.24,355,397
311.28,360,392
311.32,365,387
311.36,367,384
311.4,369,379
311.44,370,379
311.48,368,380
311.52,367,382
311.56,364,385
311.6,360,389
311.64,357,392
311.68,353,395
311.72,351,397
311.76,347,399
311.8,345,402
311.84,340,405
311.88,337,407
311.92,334,407
311.96,332,410
312.0,330,412
312.04,330,412
312.08,331,412
312.12,327,408
312.16,325,408
312.2,325,406
312.24,328,406
312.28,331,404
312.32,337,405
312.36,345,407
312.4,355,410
312.44,365,414
312.48,374,420
312.52,379,424
312.56,382,427
312.6,381,430
312.64,379,430
312.68,376,428
312.72,374,428
312.76,373,426
312.8,371,425
312.84,369,424
312.88,369,424
312.92,370,424
312.96,372,424
313.0,373,425
313.04,374,425
313.08,374,424
313.12,373,425
313.16,371,425
313.2,369,423
313.24,366,422
313.28,363,422
313.32,360,421
313.36,356,420
313.4,353,419
313.44,351,417
313.48,350,416
313.52,350,415
313.56,350,415
313.6,350,414
313.64,351,415
313.68,352,415
313.72,353,416
313.76,354,416
313.8,356,417
313.84,358,417
313.88,359,418
313.92,360,418
313.96,361,419
314.0,361,420
314.04,362,420
314.08,362,420
314.12,362,421
314.16,363,421
314.2,364,421
314.24,365,421
314.28,365,422
314.32,366,421
314.36,366,421
314.4,368,422
314.44,368,422
314.48,369,423
314.52,370,424
314.56,370,424
314.6,371,424
314.64,372,425
314.68,372,425
314.72,372,425
314.76,373,426
314.8,373,426
314.84,374,426
314.88,374,426
314.92,374,427
314.96,375,427
315.0,375,427
315.04,376,428
315.08,376,428
315.12,377,428
315.16,377,429
315.2,378,429
315.24,379,429
315.28,379,430
315.32,379,430
315.36,380,431
315.4,380,431
315.44,380,431
315.48,381,431
315.52,381,431
315.56,381,431
315.6,382,432
315.64,383,432
315.68,383,432
315.72,384,433
315.76,384,434
315.8,385,434
315.84,385,434
315.88,386,435
315.92,387,435
315.96,388,435
316.0,389,435
316.04,389,435
316.08,390,436
316.12,391,436
316.16,391,436
316.2,392,436
316.24,393,436
316.28,393,437
316.32,393,437
316.36,394,437
316.4,394,437
316.44,394,437
316.48,394,437
316.52,393,437
316.56,391,436
316.6,387,433
316.64,383,429
316.68,377,425
316.72,371,422
316.76,368,421
316.8,364,422
316.84,362,424
316.88,360,427
316.92,359,426
316.96,360,425
317.0,360,425
317.04,361,425
317.08,361,424
317.12,361,424
317.16,361,424
317.2,362,424
317.24,362,424
317.28,364,423
317.32,364,424
317.36,364,424
317.4,365,424
317.44,366,423
317.48,366,424
317.52,367,424
317.56,367,424
317.6,368,425
317.64,369,425
317.68,369,426
317.72,370,426
317.76,371,426
317.8,371,427
317.84,372,427
317.88,372,428
317.92,372,427
317.96,373,427
318.0,373,428
318.04,373,428
318.08,373,428
318.12,374,429
318.16,374,429
318.2,375,429
318.24,376,430
318.28,376,430
318.32,377,430
318.36,377,430
318.4,378,430
318.44,378,431
318.48,379,431
318.52,379,431
318.56,380,431
318.6,380,432
318.64,381,432
318.68,381,432
318.72,382,432
318.76,382,432
318.8,382,432
318.84,383,432
318.88,383,432
318.92,383,433
318.96,383,433
319.0,384,433
319.04,385,433
319.08,386,433
319.12,386,433
319.16,387,433
319.2,387,433
319.24,387,433
319.28,387,434
319.32,386,434
319.36,386,434
319.4,384,433
319.44,381,430
319.48,377,427
319.52,373,422
319.56,369,420
319.6,366,418
319.64,363,417
319.68,361,418
319.72,359,421
319.76,358,425
319.8,357,425
319.84,357,424
319.88,358,423
319.92,359,423
319.96,359,423
320.0,358,423
320.04,358,423
320.08,359,423
320.12,359,424
320.16,360,424
320.2,361,424
320.24,363,423
320.28,364,423
320.32,365,424
320.36,366,424
320.4,367,424
320.44,368,424
320.48,369,425
320.52,370,425
320.56,371,426
320.6,372,426
320.64,373,426
320.68,374,427
320.72,375,427
320.76,376,427
320.8,377,428
320.84,377,428
320.88,378,428
320.92,379,429
320.96,380,428
321.0,380,429
321.04,381,430
321.08,382,429
321.12,382,429
321.16,384,430
321.2,384,430
321.24,385,430
321.28,386,431
321.32,386,431
321.36,387,431
321.4,388,431
321.44,387,431
321.48,387,431
321.52,386,432
321.56,385,432
321.6,383,432
321.64,380,432
321.68,377,432
321.72,374,431
321.76,370,430
321.8,366,428
321.84,363,426
321.88,359,424
321.92,357,422
321.96,355,421
322.0,354,420
322.04,354,418
322.08,355,417
322.12,357,417
322.16,359,417
322.2,361,415
322.24,364,412
322.28,367,408
322.32,370,404
322.36,373,399
322.4,376,394
322.44,378,389
322.48,378,384
322.52,379,380
322.56,378,377
322.6,377,376
322.64,375,377
322.68,373,378
322.72,370,380
322.76,367,383
322.8,363,386
322.84,359,390
322.88,355,394
322.92,351,398
322.96,346,401
323.0,342,404
323.04,338,407
323.08,335,407
323.12,332,407
323.16,330,409
323.2,327,411
323.24,325,411
323.28,324,410
323.32,321,413
323.36,327,409
323.4,325,411
323.44,328,406
323.48,338,404
323.52,343,409
323.56,353,412
323.6,364,415
323.64,374,420
323.68,379,424
323.72,382,426
323.76,382,427
323.8,380,426
323.84,377,424
323.88,373,422
323.92,370,420
323.96,366,419
324.0,363,418
324.04,362,417
324.08,362,416
324.12,365,416
324.16,369,418
324.2,373,419
324.24,375,421
324.28,377,421
324.32,378,421
324.36,377,422
324.4,375,422
324.44,372,421
324.48,370,419
324.52,366,417
324.56,362,416
324.6,358,414
324.64,355,413
324.68,353,412
324.72,353,411
324.76,354,412
324.8,354,412
324.84,356,413
324.88,357,414
324.92,358,415
324.96,360,416
325.0,361,417
325.04,362,416
325.08,364,417
325.12,365,417
325.16,366,418
325.2,367,418
325.24,368,419
325.28,369,419
325.32,369,419
325.36,370,420
325.4,371,420
325.44,372,420
325.48,373,421
325.52,373,421
325.56,374,422
325.6,375,422
325.64,376,423
325.68,377,423
325.72,378,423
325.76,379,424
325.8,379,424
325.84,380,424
325.88,381,425
325.92,381,426
325.96,382,426
326.0,383,426
326.04,384,427
326.08,384,427
326.12,385,428
326.16,386,428
326.2,387,429
326.24,388,429
326.28,388,429
326.32,389,429
326.36,390,430
326.4,390,430
326.44,391,431
326.48,392,431
326.52,393,431
326.56,392,430
326.6,389,428
326.64,386,425
326.68,380,423
326.72,375,421
326.76,370,420
326.8,365,419
326.84,360,421
326.88,355,419
326.92,352,416
326.96,350,413
327.0,349,412
327.04,350,413
327.08,350,413
327.12,351,413
327.16,352,414
327.2,354,416
327.24,355,416
327.28,357,417
327.32,359,417
327.36,360,418
327.4,362,418
327.44,363,419
327.48,365,419
327.52,366,420
327.56,366,420
327.6,367,420
327.64,368,421
327.68,368,421
327.72,369,421
327.76,369,421
327.8,370,422
327.84,371,422
327.88,371,422
327.92,372,423
327.96,373,423
328.0,374,423
328.04,375,423
328.08,376,424
328.12,376,424
328.16,377,424
328.2,378,425
328.24,379,426
328.28,380,426
328.32,381,426
328.36,382,427
328.4,383,427
328.44,384,427
328.48,385,427
328.52,385,427
328.56,386,428
328.6,387,428
328.64,387,428
328.68,387,428
328.72,388,428
328.76,389,428
328.8,390,428
328.84,391,428
328.88,392,427
328.92,393,427
328.96,394,427
329.0,393,426
329.04,392,426
329.08,389,425
329.12,386,423
329.16,381,423
329.2,376,422
329.24,372,421
329.28,367,421
329.32,362,422
329.36,358,421
329.4,355,418
329.44,353,416
329.48,352,415
329.52,352,415
329.56,352,415
329.6,353,415
329.64,354,415
329.68,356,415
329.72,357,416
329.76,358,416
329.8,359,417
329.84,360,417
329.88,362,417
329.92,363,418
329.96,364,419
330.0,365,419
330.04,366,419
330.08,367,420
330.12,367,420
330.16,368,421
330.2,369,421
330.24,370,422
330.28,371,422
330.32,372,423
330.36,374,423
330.4,374,424
330.44,375,424
330.48,375,425
330.52,376,425
330.56,377,425
330.6,377,426
330.64,378,426
330.68,379,426
330.72,379,427
330.76,380,427
330.8,381,427
330.84,381,427
330.88,382,428
330.92,382,428
330.96,383,428
331.0,383,428
331.04,384,428
331.08,384,429
331.12,385,429
331.16,386,429
331.2,387,429
331.24,387,430
331.28,388,430
331.32,389,430
331.36,390,430
331.4,391,430
331.44,392,430
331.48,393,430
331.52,393,430
331.56,392,429
331.6,390,429
331.64,387,427
331.68,383,426
331.72,379,424
331.76,374,423
331.8,371,423
331.84,367,423
331.88,363,422
331.92,359,420
331.96,356,418
332.0,353,417
332.04,351,415
332.08,350,414
332.12,349,413
332.16,349,413
332.2,350,413
332.24,350,412
332.28,352,413
332.32,353,413
332.36,354,413
332.4,355,413
332.44,356,413
332.48,357,414
332.52,358,415
332.56,359,416
332.6,360,416
332.64,361,416
332.68,362,416
332.72,362,417
332.76,363,417
332.8,364,418
332.84,365,418
332.88,366,419
332.92,366,420
332.96,367,420
333.0,368,421
333.04,369,421
333.08,369,422
333.12,370,422
333.16,371,422
333.2,371,422
333.24,372,423
333.28,373,424
333.32,375,424
333.36,375,424
333.4,375,425
333.44,376,426
333.48,377,426
333.52,378,426
333.56,378,428
333.6,379,429
333.64,381,430
333.68,383,430
333.72,386,430
333.76,389,430
333.8,394,429
333.84,398,428
333.88,400,427
333.92,402,426
333.96,402,425
334.0,401,424
334.04,398,424
334.08,395,423
334.12,393,422
334.16,392,422
334.2,391,422
334.24,391,424
334.28,391,426
334.32,391,428
334.36,388,430
334.4,385,429
334.44,380,427
334.48,375,425
334.52,369,424
334.56,363,421
334.6,359,420
334.64,356,418
334.68,354,417
334.72,353,416
334.76,353,416
334.8,354,416
334.84,355,417
334.88,357,418
334.92,359,419
334.96,360,420
335.0,361,420
335.04,360,420
335.08,360,419
335.12,358,417
335.16,357,416
335.2,355,415
335.24,354,414
335.28,353,413
335.32,353,413
335.36,353,413
335.4,354,413
335.44,356,413
335.48,357,414
335.52,359,415
335.56,361,415
335.6,362,416
335.64,363,417
335.68,364,417
335.72,365,418
335.76,366,418
335.8,367,418
335.84,367,418
335.88,368,419
335.92,369,419
335.96,369,419
336.0,369,420
336.04,370,420
336.08,370,420
336.12,370,421
336.16,370,421
336.2,371,421
336.24,372,422
336.28,372,422
336.32,373,422
336.36,374,423
336.4,374,424
336.44,375,423
336.48,376,424
336.52,377,424
336.56,378,425
336.6,379,426
336.64,379,426
336.68,379,426
336.72,380,427
336.76,380,427
336.8,381,427
336.84,381,428
336.88,382,428
336.92,382,429
336.96,383,429
337.0,383,429
337.04,383,430
337.08,384,430
337.12,384,431
337.16,385,431
337.2,386,431
337.24,386,432
337.28,387,432
337.32,388,432
337.36,388,433
337.4,389,433
337.44,390,433
337.48,390,433
337.52,391,434
337.56,391,434
337.6,391,434
337.64,390,434
337.68,389,434
337.72,386,433
337.76,382,431
337.8,377,427
337.84,371,424
337.88,366,421
337.92,362,420
337.96,359,422
338.0,357,423
338.04,356,422
338.08,356,420
338.12,357,420
338.16,358,419
338.2,358,420
338.24,359,420
338.28,359,420
338.32,359,421
338.36,359,421
338.4,360,420
338.44,360,421
338.48,361,421
338.52,361,421
338.56,362,421
338.6,363,421
338.64,364,422
338.68,365,421
338.72,366,421
338.76,367,421
338.8,367,422
338.84,368,423
338.88,369,423
338.92,370,423
338.96,371,424
339.0,372,424
339.04,372,425
339.08,373,425
339.12,374,426
339.16,374,426
339.2,375,426
339.24,376,427
339.28,376,428
339.32,377,428
339.36,378,428
339.4,378,429
339.44,379,429
339.48,379,429
339.52,380,429
339.56,381,429
339.6,381,429
339.64,382,430
339.68,382,430
339.72,383,430
339.76,383,430
339.8,384,431
339.84,384,431
339.88,385,431
339.92,385,431
339.96,386,431
340.0,386,432
340.04,386,432
340.08,387,432
340.12,387,432
340.16,387,432
340.2,388,432
340.24,388,433
340.28,388,433
340.32,389,433
340.36,389,433
340.4,389,433
340.44,389,434
340.48,390,434
340.52,390,434
340.56,390,434
340.6,390,434
340.64,391,434
340.68,391,434
340.72,392,434
340.76,393,435
340.8,393,435
340.84,395,436
340.88,396,436
340.92,397,437
340.96,398,438
341.0,400,438
341.04,402,439
341.08,403,440
341.12,405,441
341.16,407,442
341.2,409,443
341.24,411,445
341.28,414,446
341.32,416,448
341.36,419,449
341.4,421,451
341.44,424,452
341.48,427,454
341.52,430,455
341.56,434,457
341.6,437,459
341.64,440,461
341.68,444,462
341.72,447,464
341.76,450,465
341.8,452,466
341.84,454,466
341.88,455,466
341.92,454,466
341.96,454,465
342.0,453,465
342.04,452,463
342.08,450,462
342.12,448,460
342.16,445,458
342.2,442,456
342.24,439,454
342.28,435,451
342.32,431,449
342.36,426,447
342.4,421,444
342.44,415,442
342.48,410,439
342.52,404,437
342.56,398,436
342.6,391,434
342.64,385,432
342.68,378,431
342.72,372,429
342.76,365,428
342.8,359,427
342.84,354,427
342.88,349,427
342.92,345,427
342.96,341,426
343.0,340,425
343.04,337,424
343.08,337,425
343.12,337,424
343.16,338,424
343.2,339,424
343.24,340,426
343.28,340,429
343.32,340,433
343.36,340,436
343.4,341,438
343.44,342,438
343.48,342,437
343.52,341,435
343.56,340,434
343.6,338,433
343.64,337,432
343.68,335,431
343.72,333,430
343.76,332,428
343.8,330,426
343.84,328,424
343.88,326,421
343.92,324,417
343.96,321,411
344.0,319,406
344.04,316,399
344.08,313,391
344.12,309,382
344.16,305,375
344.2,302,367
344.24,301,363
344.28,302,363
344.32,303,360
344.36,305,360
344.4,309,361
344.44,311,365
344.48,315,369
344.52,322,373
344.56,327,381
344.6,336,394
344.64,345,406
344.68,350,415
344.72,352,420
344.76,350,422
344.8,347,422
344.84,345,420
344.88,346,418
344.92,349,416
344.96,354,416
345.0,360,417
345.04,367,418
345.08,372,421
345.12,376,423
345.16,377,425
345.2,375,425
345.24,371,425
345.28,364,423
345.32,357,420
345.36,350,417
345.4,346,414
345.44,344,411
345.48,346,411
345.52,350,413
345.56,354,414
345.6,360,416
345.64,364,418
345.68,369,419
345.72,373,421
345.76,378,422
345.8,382,423
345.84,386,424
345.88,390,426
345.92,393,429
345.96,394,432
346.0,394,436
346.04,390,434
346.08,386,432
346.12,380,430
346.16,372,427
346.2,365,424
346.24,360,423
346.28,355,421
346.32,352,419
346.36,350,418
346.4,349,417
346.44,349,416
346.48,349,416
346.52,349,416
346.56,350,416
346.6,350,417
346.64,352,418
346.68,351,418
346.72,353,419
346.76,354,418
346.8,355,419
346.84,355,419
346.88,356,419
346.92,357,419
346.96,357,420
347.0,358,421
347.04,359,421
347.08,359,420
347.12,359,421
347.16,359,421
347.2,359,421
347.24,359,421
347.28,360,422
347.32,360,421
347.36,361,421
347.4,361,422
347.44,362,423
347.48,363,423
347.52,364,423
347.56,364,424
347.6,365,424
347.64,366,425
347.68,366,425
347.72,367,425
347.76,367,426
347.8,368,426
347.84,368,426
347.88,369,426
347.92,369,426
347.96,369,427
348.0,369,428
348.04,370,427
348.08,370,427
348.12,371,428
348.16,371,428
348.2,372,428
348.24,371,429
348.28,372,429
348.32,373,429
348.36,374,429
348.4,374,430
348.44,374,430
348.48,375,430
348.52,376,430
348.56,376,431
348.6,377,431
348.64,378,431
348.68,379,432
348.72,381,432
348.76,382,432
348.8,383,433
348.84,384,433
348.88,383,432
348.92,380,429
348.96,375,425
349.0,370,423
349.04,365,421
349.08,361,419
349.12,357,419
349.16,355,421
349.2,354,424
349.24,355,424
349.28,355,423
349.32,356,423
349.36,356,423
349.4,357,424
349.44,356,425
349.48,357,425
349.52,358,426
349.56,359,427
349.6,359,426
349.64,360,426
349.68,361,426
349.72,361,426
349.76,362,426
349.8,363,426
349.84,364,427
349.88,364,427
349.92,364,427
349.96,364,427
350.0,365,428
350.04,365,428
350.08,365,428
350.12,366,429
350.16,366,430
350.2,366,429
350.24,367,429
350.28,367,429
350.32,367,430
350.36,367,429
350.4,367,430
350.44,369,429
350.48,369,430
350.52,370,430
350.56,371,430
350.6,372,431
350.64,374,432
350.68,377,433
350.72,380,435
350.76,382,436
350.8,383,437
350.84,380,436
350.88,374,434
350.92,367,433
350.96,357,434
351.0,347,436
351.04,337,439
351.08,327,443
351.12,318,448
351.16,312,452
351.2,307,457
351.24,303,460
351.28,302,461
351.32,302,464
351.36,304,467
351.4,306,468
351.44,309,467
351.48,312,465
351.52,315,462
351.56,317,460
351.6,319,457
351.64,321,453
351.68,322,448
351.72,323,443
351.76,323,439
351.8,324,436
351.84,324,434
351.88,324,433
351.92,323,432
351.96,324,431
352.0,323,431
352.04,323,431
352.08,323,431
352.12,324,430
352.16,323,431
352.2,323,431
352.24,323,432
352.28,322,432
352.32,322,432
352.36,322,433
352.4,322,432
352.44,322,433
352.48,322,433
352.52,322,432
352.56,322,433
352.6,322,433
352.64,322,434
352.68,321,435
352.72,321,437
352.76,321,439
352.8,320,442
352.84,320,446
352.88,321,450
352.92,320,453
352.96,321,456
353.0,321,459
353.04,322,461
353.08,323,463
353.12,324,465
353.16,324,467
353.2,325,468
353.24,326,468
353.28,327,468
353.32,327,468
353.36,328,468
353.4,328,468
353.44,328,468
353.48,328,469
353.52,328,469
353.56,328,469
353.6,329,470
353.64,330,470
353.68,330,470
353.72,330,470
353.76,330,470
353.8,330,470
353.84,330,470
353.88,330,470
353.92,330,471
353.96,330,471
354.0,330,471
354.04,330,471
354.08,330,471
354.12,330,471
354.16,330,471
354.2,329,471
354.24,329,471
354.28,329,471
354.32,329,471
354.36,329,471
354.4,329,471
354.44,329,471
354.48,329,471
354.52,329,472
354.56,329,472
354.6,329,471
354.64,329,471
354.68,329,470
354.72,330,469
354.76,331,468
354.8,332,467
354.84,334,467
354.88,335,467
354.92,336,467
354.96,337,467
355.0,337,466
355.04,338,466
355.08,338,466
355.12,338,466
355.16,338,466
355.2,338,466
355.24,338,466
355.28,338,467
355.32,338,467
355.36,338,467
355.4,338,467
355.44,338,467
355.48,339,467
355.52,339,467
355.56,339,467
355.6,339,467
355.64,339,467
355.68,339,468
355.72,340,468
355.76,340,469
355.8,340,469
355.84,340,469
355.88,340,468
355.92,339,468
355.96,339,468
356.0,339,468
356.04,340,469
356.08,340,469
356.12,341,469
356.16,340,469
356.2,340,469
356.24,339,470
356.28,340,470
356.32,340,470
356.36,340,470
356.4,340,470
356.44,339,470
356.48,338,470
356.52,337,470
356.56,337,469
356.6,336,469
356.64,336,470
356.68,335,469
356.72,335,469
356.76,334,469
356.8,333,469
356.84,332,470
356.88,331,470
356.92,331,470
356.96,331,470
357.0,331,470
357.04,330,470
357.08,330,470
357.12,330,470
357.16,330,470
357.2,330,470
357.24,331,469
357.28,332,469
357.32,333,469
357.36,333,469
357.4,333,468
357.44,333,468
357.48,333,468
357.52,333,468
357.56,333,468
357.6,333,468
357.64,333,468
357.68,333,468
357.72,333,468
357.76,333,468
357.8,334,467
357.84,334,467
357.88,334,467
357.92,334,467
357.96,334,466
358.0,334,464
358.04,335,463
358.08,336,463
358.12,337,462
358.16,338,462
358.2,339,462
358.24,339,462
358.28,339,462
358.32,339,462
358.36,339,462
358.4,338,462
358.44,339,462
358.48,339,462
358.52,340,462
358.56,341,463
358.6,342,465
358.64,342,465
358.68,342,464
358.72,342,464
358.76,341,464
358.8,340,463
358.84,339,462
358.88,338,460
358.92,336,459
358.96,335,458
359.0,335,457
359.04,335,457
359.08,336,459
359.12,337,461
359.16,338,463
359.2,339,465
359.24,339,467
359.28,339,468
359.32,340,469
359.36,341,469
359.4,341,469
359.44,340,470
359.48,340,470
359.52,339,470
359.56,339,471
359.6,339,471
359.64,339,471
359.68,339,472
359.72,339,472
359.76,339,473
359.8,340,474
359.84,340,474
359.88,340,474
359.92,340,474
359.96,339,474
360.0,338,473
360.04,338,472
360.08,337,471
360.12,337,470
360.16,337,469
360.2,336,468
360.24,336,467
360.28,336,466
360.32,336,464
360.36,337,462
360.4,337,461
360.44,337,461
360.48,337,461
360.52,337,461
360.56,338,461
360.6,338,460
360.64,338,460
360.68,338,459
360.72,338,458
360.76,338,458
360.8,338,458
360.84,338,459
360.88,338,460
360.92,339,460
360.96,339,459
361.0,340,458
361.04,340,458
361.08,341,458
361.12,341,458
361.16,341,458
361.2,341,458
361.24,341,459
361.28,342,461
361.32,342,462
361.36,342,462
361.4,342,462
361.44,342,461
361.48,341,461
361.52,340,459
361.56,338,457
361.6,336,454
361.64,335,452
361.68,334,448
361.72,333,447
361.76,333,446
361.8,334,447
361.84,334,448
361.88,335,450
361.92,336,450
361.96,337,451
362.0,338,451
362.04,338,451
362.08,339,451
362.12,339,451
362.16,339,450
362.2,339,450
362.24,339,450
362.28,339,450
362.32,339,451
362.36,339,451
362.4,339,452
362.44,339,453
362.48,339,454
362.52,338,453
362.56,337,451
362.6,336,449
362.64,334,448
362.68,333,446
362.72,331,445
362.76,329,446
362.8,327,445
362.84,325,446
362.88,322,446
362.92,320,447
362.96,318,446
363.0,317,446
363.04,316,447
363.08,315,446
363.12,315,446
363.16,315,445
363.2,315,445
363.24,316,444
363.28,316,443
363.32,316,441
363.36,317,440
363.4,317,440
363.44,317,438
363.48,317,436
363.52,317,436
363.56,317,435
363.6,317,435
363.64,317,435
363.68,318,435
363.72,317,435
363.76,318,435
363.8,319,435
363.84,319,435
363.88,320,436
363.92,320,436
363.96,321,434
364.0,323,437
364.04,325,437
364.08,326,441
364.12,325,431
364.16,326,430
364.2,330,433
364.24,327,423
364.28,332,424
364.32,335,421
364.36,335,414
364.4,336,408
364.44,335,407
364.48,335,406
364.52,335,408
364.56,336,407
364.6,337,404
364.64,338,405
364.68,339,405
364.72,336,404
364.76,337,406
364.8,337,405
364.84,337,405
364.88,338,405
364.92,339,405
364.96,338,406
365.0,339,403
365.04,342,401
365.08,343,401
365.12,344,399
365.16,343,397
365.2,346,397
365.24,346,397
365.28,346,396
365.32,346,396
365.36,347,394
365.4,347,394
365.44,342,391
365.48,341,389
365.52,344,387
365.56,344,387
365.6,346,386
365.64,346,386
365.68,345,386
365.72,346,385
365.76,344,386
365.8,344,387
365.84,344,387
365.88,344,387
365.92,344,387
365.96,344,387
366.0,345,387
366.04,344,387
366.08,343,388
366.12,343,388
366.16,344,388
366.2,342,388
366.24,342,388
366.28,343,388
366.32,340,389
366.36,342,389
366.4,341,389
366.44,340,389
366.48,340,389
366.52,342,391
366.56,342,391
366.6,342,391
366.64,343,391
366.68,342,391
366.72,342,392
366.76,342,391
366.8,342,392
366.84,341,392
366.88,342,391
366.92,343,391
366.96,341,392
367.0,346,390
367.04,344,391
367.08,345,392
367.12,343,393
367.16,344,390
367.2,342,395
367.24,343,395
367.28,345,390
367.32,341,395
367.36,341,396
367.4,344,391
367.44,344,390
367.48,343,393
367.52,343,393
367.56,344,392
367.6,345,392
367.64,345,392
367.68,345,392
367.72,345,391
367.76,344,392
367.8,343,393
367.84,345,392
367.88,343,395
367.92,344,395
367.96,343,396
368.0,344,395
368.04,343,395
368.08,345,393
368.12,344,395
368.16,343,396
368.2,344,395
368.24,343,396
368.28,344,396
368.32,343,396
368.36,344,395
368.4,343,396
368.44,343,396
368.48,344,396
368.52,344,395
368.56,344,394
368.6,341,396
368.64,342,396
368.68,342,396
368.72,344,395
368.76,343,395
368.8,343,396
368.84,343,396
368.88,342,396
368.92,342,397
368.96,342,396
369.0,342,396
369.04,341,396
369.08,343,395
369.12,343,395
369.16,342,395
369.2,342,396
369.24,343,396
369.28,342,396
369.32,342,396
369.36,343,396
369.4,344,396
369.44,345,396
369.48,345,396
369.52,344,396
369.56,340,396
369.6,339,396
369.64,340,396
369.68,342,396
369.72,344,395
369.76,342,396
369.8,340,396
369.84,340,397
369.88,340,397
369.92,341,397
369.96,340,396
370.0,340,397
370.04,341,396
370.08,340,396
370.12,341,394
370.16,340,396
370.2,338,395
370.24,338,394
370.28,337,395
370.32,338,394
370.36,337,395
370.4,340,392
370.44,337,394
370.48,336,394
370.52,337,395
370.56,337,393
370.6,336,395
370.64,336,394
370.68,336,394
370.72,336,394
370.76,337,393
370.8,336,393
370.84,336,393
370.88,336,393
370.92,340,393
370.96,340,393
371.0,340,393
371.04,340,393
371.08,340,393
371.12,340,393
371.16,340,393
371.2,340,393
371.24,340,393
371.28,340,393
371.32,340,393
371.36,340,393
371.4,340,393
371.44,340,393
371.48,342,390
371.52,342,390
371.56,342,390
371.6,342,390
371.64,342,390
371.68,342,390
371.72,342,390
371.76,342,390
371.8,342,390
371.84,342,390
371.88,342,390
371.92,342,390
371.96,342,390
372.0,342,390
372.04,342,390
372.08,342,390
372.12,342,390
372.16,342,390
372.2,342,390
372.24,342,390
372.28,342,390
372.32,342,390
372.36,342,390
372.4,342,390
372.44,342,390
372.48,342,390
372.52,342,390
372.56,342,390
372.6,342,390
372.64,342,390
372.68,342,390
372.72,342,390
372.76,342,390
372.8,342,390
372.84,342,390
372.88,342,390
372.92,342,390
372.96,342,390
373.0,342,390
373.04,342,390
373.08,342,390
373.12,342,390
373.16,342,390
373.2,342,390
373.24,342,390
373.28,342,390
373.32,342,390
373.36,342,390
373.4,342,390
373.44,342,390
373.48,342,390
373.52,342,390
373.56,342,390
373.6,342,390
373.64,342,390
373.68,342,390
373.72,342,390
373.76,342,390
373.8,342,390
373.84,342,390
373.88,342,390
373.92,342,390
373.96,342,390
374.0,342,390
374.04,342,390
374.08,342,390
374.12,342,390
374.16,342,390
374.2,342,390
374.24,342,390
374.28,342,390
374.32,342,390
374.36,342,390
374.4,342,390
374.44,342,390
374.48,342,390
374.52,342,390
374.56,342,390
374.6,342,390
374.64,342,390
374.68,342,390
374.72,342,390
374.76,342,390
374.8,342,390
374.84,342,390
374.88,342,390
374.92,342,390
374.96,342,390
375.0,342,390
375.04,338,392
375.08,338,392
375.12,338,392
375.16,338,392
375.2,338,392
375.24,338,392
375.28,338,392
375.32,338,392
375.36,338,392
375.4,338,392
375.44,338,392
375.48,338,392
375.52,338,392
375.56,338,392
375.6,338,392
375.64,338,392
375.68,338,392
375.72,337,392
375.76,338,392
375.8,338,392
375.84,338,392
375.88,338,392
375.92,338,392
375.96,338,392
376.0,338,392
376.04,338,392
376.08,338,392
376.12,338,392
376.16,338,392
376.2,338,392
376.24,338,392
376.28,338,392
376.32,338,392
376.36,338,392
376.4,338,392
376.44,338,392
376.48,337,393
376.52,337,393
376.56,336,393
376.6,336,393
376.64,336,393
376.68,337,393
376.72,336,393
376.76,336,393
376.8,338,392
376.84,337,393
376.88,337,393
376.92,336,393
376.96,337,394
377.0,339,392
377.04,340,391
377.08,339,392
377.12,339,392
377.16,340,392
377.2,339,392
377.24,340,391
377.28,340,391
377.32,340,392
377.36,340,391
377.4,339,391
377.44,341,391
377.48,337,393
377.52,345,389
377.56,342,391
377.6,342,391
377.64,338,393
377.68,339,391
377.72,340,391
377.76,340,392
377.8,338,391
377.84,337,394
377.88,336,393
377.92,337,393
377.96,337,394
378.0,337,394
378.04,341,391
378.08,339,393
378.12,338,394
378.16,339,392
378.2,338,392
378.24,338,393
378.28,338,393
378.32,339,393
378.36,339,393
378.4,339,393
378.44,339,393
378.48,340,393
378.52,340,393
378.56,340,394
378.6,339,394
378.64,339,394
378.68,340,394
378.72,341,394
378.76,341,394
378.8,341,396
378.84,340,396
378.88,341,396
378.92,341,395
378.96,341,396
379.0,341,396
379.04,344,395
379.08,344,395
379.12,342,396
379.16,344,395
379.2,342,396
379.24,343,396
379.28,342,396
379.32,340,397
379.36,341,396
379.4,342,396
379.44,342,396
379.48,340,397
379.52,341,397
379.56,341,397
379.6,340,397
379.64,339,397
379.68,340,398
379.72,340,397
379.76,340,397
379.8,340,397
379.84,340,397
379.88,340,397
379.92,341,396
379.96,341,396
380.0,341,396
380.04,341,396
380.08,341,396
380.12,341,396
380.16,341,396
380.2,341,396
380.24,341,396
380.28,341,396
380.32,341,396
380.36,341,396
380.4,341,396
380.44,341,396
380.48,341,396
380.52,341,396
380.56,341,396
380.6,341,396
380.64,341,396
380.68,341,396
380.72,341,396
380.76,341,396
380.8,341,396
380.84,341,396
380.88,341,396
380.92,341,396
380.96,341,396
381.0,338,401
381.04,338,401
381.08,338,401
381.12,338,401
381.16,338,401
381.2,338,401
381.24,338,401
381.28,338,401
381.32,338,401
381.36,338,401
381.4,338,401
381.44,338,401
381.48,338,401
381.52,338,401
381.56,338,401
381.6,338,401
381.64,338,400
381.68,338,400
381.72,338,400
381.76,338,400
381.8,338,400
381.84,338,400
381.88,338,400
381.92,338,400
381.96,337,400
382.0,337,400
382.04,336,401
382.08,336,401
382.12,337,400
382.16,337,401
382.2,337,401
382.24,337,401
382.28,337,401
382.32,337,401
382.36,337,401
382.4,337,401
382.44,337,401
382.48,337,401
382.52,337,401
382.56,337,401
382.6,337,401
382.64,337,401
382.68,337,401
382.72,337,401
382.76,338,401
382.8,337,401
382.84,337,401
382.88,338,401
382.92,337,400
382.96,337,400
383.0,337,400
383.04,337,400
383.08,337,400
383.12,337,400
383.16,337,400
383.2,337,400
383.24,336,400
383.28,336,400
383.32,336,400
383.36,337,400
383.4,336,400
383.44,337,400
383.48,337,400
383.52,337,400
383.56,337,400
383.6,337,400
383.64,336,400
383.68,336,400
383.72,337,400
383.76,336,400
383.8,337,400
383.84,337,400
383.88,337,400
383.92,337,400
383.96,336,400
384.0,337,400
384.04,337,400
384.08,337,400
384.12,337,400
384.16,337,400
384.2,336,400
384.24,337,400
384.28,337,400
384.32,337,400
384.36,337,400
384.4,337,400
384.44,337,400
384.48,337,400
384.52,337,400
384.56,337,400
384.6,337,400
384.64,337,400
384.68,337,400
384.72,337,400
384.76,337,400
384.8,337,400
384.84,337,400
384.88,337,400
384.92,337,400
384.96,337,400
385.0,337,400
385.04,337,400
385.08,337,400
385.12,338,395
385.16,338,395
385.2,338,395
385.24,338,395
385.28,337,395
385.32,337,395
385.36,338,392
385.4,338,392
385.44,338,392
385.48,339,396
385.52,340,396
385.56,339,396
385.6,340,396
385.64,340,395
385.68,340,396
385.72,340,396
385.76,336,401
385.8,336,401
385.84,336,401
385.88,336,401
385.92,336,401
385.96,336,401
386.0,336,400
386.04,336,400
386.08,336,400
386.12,336,400
386.16,336,401
386.2,336,401
386.24,336,401
386.28,336,401
386.32,336,401
386.36,336,401
386.4,336,401
386.44,336,401
386.48,336,401
386.52,336,401
386.56,336,401
386.6,337,400
386.64,337,400
386.68,337,401
386.72,339,400
386.76,339,398
386.8,338,397
386.84,344,396
386.88,336,401
386.92,336,401
386.96,336,401
387.0,336,401
387.04,336,401
387.08,336,401
387.12,336,402
387.16,345,391
387.2,336,401
387.24,336,402
387.28,335,400
387.32,335,400
387.36,336,402
387.4,336,401
387.44,336,402
387.48,336,402
387.52,336,402
387.56,336,401
387.6,336,401
387.64,335,399
387.68,335,399
387.72,335,399
387.76,335,399
387.8,335,399
387.84,338,401
387.88,338,401
387.92,338,401
387.96,338,401
388.0,338,401
388.04,338,401
388.08,338,401
388.12,338,401
388.16,338,401
388.2,347,392
388.24,347,392
388.28,347,392
388.32,337,402
388.36,338,402
388.4,338,403
388.44,337,403
388.48,337,402
388.52,337,402
388.56,336,402
388.6,337,402
388.64,337,403
388.68,337,402
388.72,337,402
388.76,337,402
388.8,337,402
388.84,337,402
388.88,336,402
388.92,337,402
388.96,338,403
389.0,338,403
389.04,338,404
389.08,338,405
389.12,338,405
389.16,338,405
389.2,343,402
389.24,338,406
389.28,339,405
389.32,338,405
389.36,343,403
389.4,342,402
389.44,342,402
389.48,342,402
389.52,347,400
389.56,342,402
389.6,342,402
389.64,342,402
389.68,342,402
389.72,338,406
389.76,338,405
389.8,342,403
389.84,338,406
389.88,338,406
389.92,338,405
389.96,338,405
390.0,338,405
390.04,338,405
390.08,338,405
390.12,338,405
390.16,338,405
390.2,339,405
390.24,339,405
390.28,339,405
390.32,339,405
390.36,341,404
390.4,340,404
390.44,341,404
390.48,341,403
390.52,340,404
390.56,340,404
390.6,340,404
390.64,339,404
390.68,339,404
390.72,339,404
390.76,339,404
390.8,341,404
390.84,339,404
390.88,342,403
390.92,340,404
390.96,342,403
391.0,339,405
391.04,339,405
391.08,339,405
391.12,338,404
391.16,338,404
391.2,339,405
391.24,339,405
391.28,339,404
391.32,344,402
391.36,344,402
391.4,340,405
391.44,345,403
391.48,344,403
391.52,344,403
391.56,344,403
391.6,343,404
391.64,342,403
391.68,345,402
391.72,344,402
391.76,341,405
391.8,339,405
391.84,338,406
391.88,343,403
391.92,342,403
391.96,343,402
392.0,341,402
392.04,343,402
392.08,347,400
392.12,346,399
392.16,345,400
392.2,345,400
392.24,346,399
392.28,346,399
392.32,345,400
392.36,343,400
392.4,344,400
392.44,344,399
392.48,344,399
392.52,345,400
392.56,347,400
392.6,347,400
392.64,343,402
392.68,345,402
392.72,344,403
392.76,346,403
392.8,346,403
392.84,345,403
392.88,346,404
392.92,346,404
392.96,346,404
393.0,345,404
393.04,345,404
393.08,345,404
393.12,345,404
393.16,345,404
393.2,345,404
393.24,345,404
393.28,345,403
393.32,346,403
393.36,346,403
393.4,346,403
393.44,346,403
393.48,346,402
393.52,346,401
393.56,344,404
393.6,344,404
393.64,344,404
393.68,344,404
393.72,338,405
393.76,340,403
393.8,340,403
393.84,340,403
393.88,340,403
393.92,340,403
393.96,340,403
394.0,340,403
394.04,340,403
394.08,340,403
394.12,340,403
394.16,340,403
394.2,340,403
394.24,340,403
394.28,340,403
394.32,340,403
394.36,340,403
394.4,343,401
394.44,344,400
394.48,344,400
394.52,344,400
394.56,344,400
394.6,344,400
394.64,344,400
394.68,344,400
394.72,344,400
394.76,345,402
394.8,345,402
394.84,346,402
394.88,346,401
394.92,346,402
394.96,346,402
395.0,345,402
395.04,338,405
395.08,338,405
395.12,338,405
395.16,338,405
395.2,338,405
395.24,338,405
395.28,338,405
395.32,338,405
395.36,338,405
395.4,338,405
395.44,338,405
395.48,338,405
395.52,338,405
395.56,338,405
395.6,338,405
395.64,338,405
395.68,338,405
395.72,338,405
395.76,338,405
395.8,338,405
395.84,338,405
395.88,338,405
395.92,338,405
395.96,338,405
396.0,338,405
396.04,338,405
396.08,338,405
396.12,338,405
396.16,338,405
396.2,338,405
396.24,338,405
396.28,338,405
396.32,348,402
396.36,348,402
396.4,348,402
396.44,348,402
396.48,348,402
396.52,348,402
396.56,348,402
396.6,348,402
396.64,348,402
396.68,348,402
396.72,348,402
396.76,348,402
396.8,348,402
396.84,348,402
396.88,348,402
396.92,348,402
396.96,348,402
397.0,348,402
397.04,348,402
397.08,348,402
397.12,348,402
397.16,348,402
397.2,348,402
397.24,348,402
397.28,348,402
397.32,348,402
397.36,348,402
397.4,348,402
397.44,348,402
397.48,348,402
397.52,348,402
397.56,348,402
397.6,348,402
397.64,348,402
397.68,348,402
397.72,348,402
397.76,348,402
397.8,348,402
397.84,348,402
397.88,348,402
397.92,348,402
397.96,339,406
398.0,339,406
398.04,339,406
398.08,339,406
398.12,339,406
398.16,339,406
398.2,339,406
398.24,338,405
398.28,338,405
398.32,338,405
398.36,338,405
398.4,339,406
398.44,338,405
398.48,338,406
398.52,338,406
398.56,345,404
398.6,345,404
398.64,345,403
398.68,342,404
398.72,345,404
398.76,343,404
398.8,346,403
398.84,346,403
398.88,346,403
398.92,341,404
398.96,341,404
399.0,341,404
399.04,342,403
399.08,342,403
399.12,342,403
399.16,342,403
399.2,342,403
399.24,341,404
399.28,342,404
399.32,342,403
399.36,342,403
399.4,341,403
399.44,341,403
399.48,341,403
399.52,341,403
399.56,341,403
399.6,342,403
399.64,342,403
399.68,341,403
399.72,341,403
399.76,341,403
399.8,341,403
399.84,341,403
399.88,341,403
399.92,341,403
399.96,341,403
400.0,341,403
400.04,342,403
400.08,342,403
400.12,342,403
400.16,341,403
400.2,341,403
400.24,342,403
400.28,342,403
400.32,341,403
400.36,341,403
400.4,341,403
400.44,341,403
400.48,341,403
400.52,341,403
400.56,341,403
400.6,341,403
400.64,341,403
400.68,341,403
400.72,341,403
400.76,341,403
400.8,341,403
400.84,340,403
400.88,341,403
400.92,341,403
400.96,341,403
401.0,341,403
401.04,341,403
401.08,342,403
401.12,341,403
401.16,342,403
401.2,341,403
401.24,341,403
401.28,341,403
401.32,342,402
401.36,341,403
401.4,342,402
401.44,341,403
401.48,341,403
401.52,341,403
401.56,341,403
401.6,341,404
401.64,341,404
401.68,341,404
401.72,342,403
401.76,343,403
401.8,343,403
401.84,343,403
401.88,343,403
401.92,342,403
401.96,341,400
402.0,341,401
402.04,341,399
402.08,343,400
402.12,344,400
402.16,344,400
402.2,344,399
402.24,345,399
402.28,343,399
402.32,339,401
402.36,341,402
402.4,340,401
402.44,343,400
402.48,341,401
402.52,341,400
402.56,341,400
402.6,344,398
402.64,344,400
402.68,342,401
402.72,343,402
402.76,344,402
402.8,342,404
402.84,342,404
402.88,342,404
402.92,342,404
402.96,341,405
403.0,344,399
403.04,344,399
403.08,344,400
403.12,344,399
403.16,342,400
403.2,344,399
403.24,344,398
403.28,343,399
403.32,343,399
403.36,343,400
403.4,342,401
403.44,341,401
403.48,338,401
403.52,339,401
403.56,339,402
403.6,339,401
403.64,339,402
403.68,339,402
403.72,336,402
403.76,335,404
403.8,336,405
403.84,336,405
403.88,332,408
403.92,329,407
403.96,330,407
404.0,326,409
404.04,325,409
404.08,324,409
404.12,322,409
404.16,321,410
404.2,318,410
404.24,317,408
404.28,317,410
404.32,314,411
404.36,312,411
404.4,311,411
404.44,309,410
404.48,307,412
404.52,307,415
404.56,304,410
404.6,302,411
404.64,300,411
404.68,299,410
404.72,299,412
404.76,300,414
404.8,298,411
404.84,298,412
404.88,297,409
404.92,296,407
404.96,293,404
405.0,291,401
405.04,288,393
405.08,287,376
405.12,286,359
405.16,290,338
405.2,292,319
405.24,300,302
405.28,307,273
405.32,315,250
405.36,318,230
405.4,326,210
405.44,331,197
405.48,337,183
405.52,342,178
405.56,342,178
405.6,342,178
405.64,342,178
405.68,342,178
405.72,346,179
405.76,345,179
405.8,345,179
405.84,343,181
405.88,343,181
405.92,340,184
405.96,339,185
406.0,339,185
406.04,333,188
406.08,331,188
406.12,327,191
406.16,327,191
406.2,324,194
406.24,323,194
406.28,322,195
406.32,322,195
406.36,322,194
406.4,323,194
406.44,324,193
406.48,325,191
406.52,328,189
406.56,330,186
406.6,330,186
406.64,330,186
406.68,330,186
406.72,330,186
406.76,330,186
406.8,330,186
406.84,330,186
406.88,330,186
406.92,330,186
406.96,330,186
407.0,330,186
407.04,330,186
407.08,330,186
407.12,330,186
407.16,330,186
407.2,330,186
407.24,330,186
407.28,330,186
407.32,330,186
407.36,330,186
407.4,330,186
407.44,330,186
407.48,330,186
407.52,330,186
407.56,330,186
407.6,330,186
407.64,330,186
407.68,330,186
407.72,330,186
407.76,330,186
407.8,330,186
407.84,330,186
407.88,330,186
407.92,330,186
407.96,330,186
408.0,330,186
408.04,330,186
408.08,330,186
408.12,330,186
408.16,330,186
408.2,330,186
408.24,330,186
408.28,323,205
408.32,320,211
408.36,317,216
408.4,314,219
408.44,311,220
408.48,309,222
408.52,307,224
408.56,306,226
408.6,305,228
408.64,304,230
408.68,303,231
408.72,303,233
408.76,302,235
408.8,301,238
408.84,300,239
408.88,299,243
408.92,299,240
408.96,297,240
409.0,298,241
409.04,300,238
409.08,298,244
409.12,301,240
409.16,300,241
409.2,300,241
409.24,300,242
409.28,297,247
409.32,292,255
409.36,289,267
409.4,287,280
409.44,287,294
409.48,290,310
409.52,293,329
409.56,297,355
409.6,303,382
409.64,305,407
409.68,303,426
409.72,301,435
409.76,298,438
409.8,298,437
409.84,297,435
409.88,301,438
409.92,297,426
409.96,298,430
410.0,298,430
410.04,298,434
410.08,298,433
410.12,298,433
410.16,298,433
410.2,298,433
410.24,298,433
410.28,298,433
410.32,298,433
410.36,298,433
410.4,298,433
410.44,298,433
410.48,297,438
410.52,303,434
410.56,305,432
410.6,308,428
410.64,312,426
410.68,314,425
410.72,315,423
410.76,316,423
410.8,316,422
410.84,315,421
410.88,313,421
410.92,314,422
410.96,314,428
411.0,315,433
411.04,317,431
411.08,320,427
411.12,324,422
411.16,329,418
411.2,334,414
411.24,340,411
411.28,346,408
411.32,352,405
411.36,357,403
411.4,362,401
411.44,366,399
411.48,369,396
411.52,372,395
411.56,375,393
411.6,378,392
411.64,380,391
411.68,382,391
411.72,383,390
411.76,384,390
411.8,383,391
411.84,383,390
411.88,383,391
411.92,383,390
411.96,383,390
412.0,382,390
412.04,382,390
412.08,381,390
412.12,381,390
412.16,381,390
412.2,380,390
412.24,380,391
412.28,379,390
412.32,379,391
412.36,378,391
412.4,378,392
412.44,378,393
412.48,379,394
412.52,379,395
412.56,379,397
412.6,378,397
412.64,377,399
412.68,376,399
412.72,375,400
412.76,375,400
412.8,375,401
412.84,375,402
412.88,375,403
412.92,375,405
412.96,374,406
413.0,374,407
413.04,374,408
413.08,374,409
413.12,374,410
413.16,375,411
413.2,374,412
413.24,374,413
413.28,374,414
413.32,374,415
413.36,373,415
413.4,373,416
413.44,372,416
413.48,371,417
413.52,369,417
413.56,368,418
413.6,368,420
413.64,369,421
413.68,372,422
413.72,377,423
413.76,382,424
413.8,386,426
413.84,389,429
413.88,389,433
413.92,387,437
413.96,384,434
414.0,378,432
414.04,370,430
414.08,363,425
414.12,356,421
414.16,350,418
414.2,347,414
414.24,345,412
414.28,345,412
414.32,347,412
414.36,349,414
414.4,354,416
414.44,358,420
414.48,363,424
414.52,366,426
414.56,366,426
414.6,365,426
414.64,363,424
414.68,360,422
414.72,357,420
414.76,354,420
414.8,354,419
414.84,354,419
414.88,356,418
414.92,359,418
414.96,361,418
415.0,364,419
415.04,366,419
415.08,366,420
415.12,365,420
415.16,364,421
415.2,362,421
415.24,360,420
415.28,359,420
415.32,359,419
415.36,358,419
415.4,357,419
415.44,356,418
415.48,355,417
415.52,353,417
415.56,352,416
415.6,351,415
415.64,350,414
415.68,349,413
415.72,349,413
415.76,348,412
415.8,347,411
415.84,347,411
415.88,347,409
415.92,348,408
415.96,348,409
416.0,348,408
416.04,348,409
416.08,348,408
416.12,349,408
416.16,350,408
416.2,349,409
416.24,350,409
416.28,351,409
416.32,352,409
416.36,354,409
416.4,355,409
416.44,356,411
416.48,356,411
416.52,357,412
416.56,358,412
416.6,357,416
416.64,358,416
416.68,358,416
416.72,360,415
416.76,360,415
416.8,360,417
416.84,360,417
416.88,361,417
416.92,362,417
416.96,362,418
417.0,362,419
417.04,363,419
417.08,363,419
417.12,364,419
417.16,364,420
417.2,364,421
417.24,365,421
417.28,365,421
417.32,365,422
417.36,366,422
417.4,366,422
417.44,367,423
417.48,368,424
417.52,368,424
417.56,369,424
417.6,370,424
417.64,371,425
417.68,371,425
417.72,372,426
417.76,372,426
417.8,373,426
417.84,373,426
417.88,374,426
417.92,375,426
417.96,375,427
418.0,376,428
418.04,377,428
418.08,378,428
418.12,378,429
418.16,379,429
418.2,380,429
418.24,380,429
418.28,381,430
418.32,382,430
418.36,382,430
418.4,383,431
418.44,384,431
418.48,384,431
418.52,385,432
418.56,385,432
418.6,386,432
418.64,387,432
418.68,388,433
418.72,388,433
418.76,389,433
418.8,389,434
418.84,388,435
418.88,387,434
418.92,384,433
418.96,381,431
419.0,378,429
419.04,375,427
419.08,371,426
419.12,368,425
419.16,364,425
419.2,360,424
419.24,356,421
419.28,353,419
419.32,351,418
419.36,349,416
419.4,347,416
419.44,347,415
419.48,347,416
419.52,348,415
419.56,348,415
419.6,349,416
419.64,350,416
419.68,350,416
419.72,351,417
419.76,351,418
419.8,352,418
419.84,353,418
419.88,354,419
419.92,354,420
419.96,355,420
420.0,355,421
420.04,356,421
420.08,356,421
420.12,357,421
420.16,357,421
420.2,358,421
420.24,358,422
420.28,359,422
420.32,359,422
420.36,360,422
420.4,361,422
420.44,361,422
420.48,362,422
420.52,362,423
420.56,363,422
420.6,363,423
420.64,364,422
420.68,364,423
420.72,365,423
420.76,365,423
420.8,366,423
420.84,367,424
420.88,368,424
420.92,368,425
420.96,369,425
421.0,370,426
421.04,371,426
421.08,372,427
421.12,372,427
421.16,373,427
421.2,374,427
421.24,375,428
421.28,376,428
421.32,377,429
421.36,378,429
421.4,379,430
421.44,380,430
421.48,380,431
421.52,381,432
421.56,382,432
421.6,383,432
421.64,385,432
421.68,386,432
421.72,387,432
421.76,388,430
421.8,387,429
421.84,385,426
421.88,382,423
421.92,379,421
421.96,377,420
422.0,375,420
422.04,373,421
422.08,370,424
422.12,366,423
422.16,363,422
422.2,359,421
422.24,356,420
422.28,353,418
422.32,350,417
422.36,349,416
422.4,348,415
422.44,347,415
422.48,347,415
422.52,347,415
422.56,348,414
422.6,349,415
422.64,349,415
422.68,350,416
422.72,351,416
422.76,352,416
422.8,353,417
422.84,354,417
422.88,355,417
422.92,355,419
422.96,356,419
423.0,357,420
423.04,358,420
423.08,359,420
423.12,359,421
423.16,359,421
423.2,360,421
423.24,361,421
423.28,361,422
423.32,362,422
423.36,362,422
423.4,363,422
423.44,363,422
423.48,364,423
423.52,364,423
423.56,365,423
423.6,365,424
423.64,366,424
423.68,366,424
423.72,367,424
423.76,367,424
423.8,368,425
423.84,368,425
423.88,369,425
423.92,369,426
423.96,370,426
424.0,371,426
424.04,371,426
424.08,372,427
424.12,373,427
424.16,373,427
424.2,374,428
424.24,375,428
424.28,376,428
424.32,376,429
424.36,377,429
424.4,378,429
424.44,378,429
424.48,380,429
424.52,380,430
424.56,381,430
424.6,383,430
424.64,384,430
424.68,386,430
424.72,387,430
424.76,387,430
424.8,386,430
424.84,384,429
424.88,381,428
424.92,378,426
424.96,374,425
425.0,371,424
425.04,368,424
425.08,366,424
425.12,363,425
425.16,360,424
425.2,357,423
425.24,355,421
425.28,352,420
425.32,350,419
425.36,348,417
425.4,346,416
425.44,345,416
425.48,345,415
425.52,345,416
425.56,345,415
425.6,346,415
425.64,346,415
425.68,347,416
425.72,347,416
425.76,348,418
425.8,348,418
425.84,350,418
425.88,350,418
425.92,351,419
425.96,351,419
426.0,352,420
426.04,352,420
426.08,353,420
426.12,354,422
426.16,354,422
426.2,355,421
426.24,355,421
426.28,356,422
426.32,356,422
426.36,357,422
426.4,357,422
426.44,358,422
426.48,358,423
426.52,359,423
426.56,359,423
426.6,360,423
426.64,360,424
426.68,361,423
426.72,362,424
426.76,362,425
426.8,363,424
426.84,364,425
426.88,364,425
426.92,365,425
426.96,366,425
427.0,367,426
427.04,367,427
427.08,368,427
427.12,369,426
427.16,369,427
427.2,370,427
427.24,371,428
427.28,372,428
427.32,373,428
427.36,374,428
427.4,376,429
427.44,377,429
427.48,380,430
427.52,381,430
427.56,383,430
427.6,385,431
427.64,386,432
427.68,388,433
427.72,389,434
427.76,390,434
427.8,390,435
427.84,390,437
427.88,389,438
427.92,386,438
427.96,381,438
428.0,373,437
428.04,363,436
428.08,354,436
428.12,345,436
428.16,338,436
428.2,334,435
428.24,333,436
428.28,335,437
428.32,339,439
428.36,346,441
428.4,353,442
428.44,361,442
428.48,369,441
428.52,377,440
428.56,384,438
428.6,389,435
428.64,393,431
428.68,395,428
428.72,397,424
428.76,397,421
428.8,398,421
428.84,397,422
428.88,396,425
428.92,393,429
428.96,390,433
429.0,386,435
429.04,383,433
429.08,379,432
429.12,374,431
429.16,368,428
429.2,362,426
429.24,356,422
429.28,351,418
429.32,350,416
429.36,352,416
429.4,355,418
429.44,360,422
429.48,365,425
429.52,369,427
429.56,369,427
429.6,368,427
429.64,366,426
429.68,363,425
429.72,359,424
429.76,356,422
429.8,352,420
429.84,350,419
429.88,349,417
429.92,349,417
429.96,350,416
430.0,351,416
430.04,352,417
430.08,353,418
430.12,354,419
430.16,355,419
430.2,357,419
430.24,357,419
430.28,358,419
430.32,358,419
430.36,358,420
430.4,359,420
430.44,359,420
430.48,360,420
430.52,360,420
430.56,360,420
430.6,361,421
430.64,361,421
430.68,362,421
430.72,362,421
430.76,363,421
430.8,363,421
430.84,364,422
430.88,364,422
430.92,365,422
430.96,365,422
431.0,365,423
431.04,365,423
431.08,366,423
431.12,366,423
431.16,366,423
431.2,367,424
431.24,367,424
431.28,367,425
431.32,368,425
431.36,368,425
431.4,369,425
431.44,369,425
431.48,370,426
431.52,370,426
431.56,371,426
431.6,371,426
431.64,371,427
431.68,371,427
431.72,372,427
431.76,372,427
431.8,372,427
431.84,373,427
431.88,373,427
431.92,373,427
431.96,374,428
432.0,374,428
432.04,375,429
432.08,376,429
432.12,377,430
432.16,378,430
432.2,378,430
432.24,379,430
432.28,380,430
432.32,381,431
432.36,382,431
432.4,383,431
432.44,383,431
432.48,384,431
432.52,385,431
432.56,385,431
432.6,385,430
432.64,383,429
432.68,380,427
432.72,377,426
432.76,374,426
432.8,370,427
432.84,367,427
432.88,364,426
432.92,361,424
432.96,358,423
433.0,356,422
433.04,355,422
433.08,355,421
433.12,356,421
433.16,357,422
433.2,357,422
433.24,358,423
433.28,359,423
433.32,360,423
433.36,362,424
433.4,363,425
433.44,364,425
433.48,365,426
433.52,366,426
433.56,367,426
433.6,368,427
433.64,369,427
433.68,370,427
433.72,370,427
433.76,371,428
433.8,372,428
433.84,373,428
433.88,373,429
433.92,374,429
433.96,374,429
434.0,375,430
434.04,375,430
434.08,376,430
434.12,376,430
434.16,377,430
434.2,377,430
434.24,378,431
434.28,379,431
434.32,380,431
434.36,381,430
434.4,381,429
434.44,381,428
434.48,379,426
434.52,376,424
434.56,373,422
434.6,370,421
434.64,366,421
434.68,362,422
434.72,358,421
434.76,354,419
434.8,351,417
434.84,350,417
434.88,349,417
434.92,350,417
434.96,351,418
435.0,352,419
435.04,354,419
435.08,355,419
435.12,356,420
435.16,357,420
435.2,358,420
435.24,359,420
435.28,359,420
435.32,360,420
435.36,360,421
435.4,361,420
435.44,362,421
435.48,362,422
435.52,363,422
435.56,364,422
435.6,364,422
435.64,365,423
435.68,366,422
435.72,366,423
435.76,367,423
435.8,367,424
435.84,368,424
435.88,368,424
435.92,369,424
435.96,369,424
436.0,369,425
436.04,370,425
436.08,370,425
436.12,370,425
436.16,371,425
436.2,371,425
436.24,372,425
436.28,372,426
436.32,372,426
436.36,373,426
436.4,374,426
436.44,374,427
436.48,375,427
436.52,376,427
436.56,376,427
436.6,377,427
436.64,377,427
436.68,378,427
436.72,379,427
436.76,379,428
436.8,380,428
436.84,381,428
436.88,382,428
436.92,383,428
436.96,382,428
437.0,381,426
437.04,377,424
437.08,374,422
437.12,370,421
437.16,367,421
437.2,364,421
437.24,361,421
437.28,358,420
437.32,355,417
437.36,353,417
437.4,352,416
437.44,351,416
437.48,352,416
437.52,352,417
437.56,353,417
437.6,354,418
437.64,355,418
437.68,356,419
437.72,357,420
437.76,358,420
437.8,359,420
437.84,360,421
437.88,361,421
437.92,362,422
437.96,362,422
438.0,363,422
438.04,364,422
438.08,364,422
438.12,365,422
438.16,365,422
438.2,365,422
438.24,366,423
438.28,366,423
438.32,367,423
438.36,367,423
438.4,367,423
438.44,368,424
438.48,368,424
438.52,369,424
438.56,369,424
438.6,369,424
438.64,370,424
438.68,370,425
438.72,371,425
438.76,371,425
438.8,372,425
438.84,372,425
438.88,373,426
438.92,373,426
438.96,375,427
439.0,375,427
439.04,376,427
439.08,376,428
439.12,377,429
439.16,378,429
439.2,380,430
439.24,382,432
439.28,384,433
439.32,385,434
439.36,385,434
439.4,384,434
439.44,379,433
439.48,374,431
439.52,368,429
439.56,364,428
439.6,362,428
439.64,362,430
439.68,362,429
439.72,364,430
439.76,368,430
439.8,372,431
439.84,376,431
439.88,380,429
439.92,383,426
439.96,385,423
440.0,386,421
440.04,387,420
440.08,387,421
440.12,388,423
440.16,388,428
440.2,387,432
440.24,385,430
440.28,383,427
440.32,379,426
440.36,373,425
440.4,366,424
440.44,360,421
440.48,354,418
440.52,349,416
440.56,347,414
440.6,347,413
440.64,349,411
440.68,351,409
440.72,355,410
440.76,360,412
440.8,366,417
440.84,371,423
440.88,375,426
440.92,377,427
440.96,379,427
441.0,379,427
441.04,380,428
441.08,381,429
441.12,380,430
441.16,379,430
441.2,377,429
441.24,374,428
441.28,371,427
441.32,368,425
441.36,364,422
441.4,361,420
441.44,358,418
441.48,356,416
441.52,354,415
441.56,354,415
441.6,354,415
441.64,354,415
441.68,355,416
441.72,356,417
441.76,356,417
441.8,357,418
441.84,358,419
441.88,358,419
441.92,359,420
441.96,360,420
442.0,361,420
442.04,361,421
442.08,361,421
442.12,362,421
442.16,363,421
442.2,364,422
442.24,364,423
442.28,365,423
442.32,366,423
442.36,366,423
442.4,366,424
442.44,367,424
442.48,367,424
442.52,367,424
442.56,368,425
442.6,369,425
442.64,369,425
442.68,369,426
442.72,370,426
442.76,370,426
442.8,371,426
442.84,371,426
442.88,371,427
442.92,372,427
442.96,372,427
443.0,372,427
443.04,373,427
443.08,373,427
443.12,374,427
443.16,374,428
443.2,374,428
443.24,375,429
443.28,375,429
443.32,376,429
443.36,377,430
443.4,378,430
443.44,379,430
443.48,380,429
443.52,380,428
443.56,378,427
443.6,375,425
443.64,372,423
443.68,371,423
443.72,368,425
443.76,366,426
443.8,363,426
443.84,360,425
443.88,357,423
443.92,355,422
443.96,352,421
444.0,351,420
444.04,350,420
444.08,350,419
444.12,350,419
444.16,351,418
444.2,352,418
444.24,352,419
444.28,353,420
444.32,354,420
444.36,355,420
444.4,355,421
444.44,356,421
444.48,357,421
444.52,358,421
444.56,358,422
444.6,359,421
444.64,359,422
444.68,360,422
444.72,361,422
444.76,361,422
444.8,361,423
444.84,362,423
444.88,363,423
444.92,363,423
444.96,363,423
445.0,364,424
445.04,364,425
445.08,365,424
445.12,366,425
445.16,366,425
445.2,367,426
445.24,367,426
445.28,368,426
445.32,368,426
445.36,369,426
445.4,369,426
445.44,370,426
445.48,370,426
445.52,371,427
445.56,371,427
445.6,372,427
445.64,372,427
445.68,373,428
445.72,374,428
445.76,374,428
445.8,375,429
445.84,375,429
445.88,376,429
445.92,376,429
445.96,377,429
446.0,378,430
446.04,379,430
446.08,380,430
446.12,381,431
446.16,383,431
446.2,383,430
446.24,383,429
446.28,381,427
446.32,379,426
446.36,375,424
446.4,372,424
446.44,369,425
446.48,366,427
446.52,363,426
446.56,361,424
446.6,358,423
446.64,355,422
446.68,353,421
446.72,351,420
446.76,350,420
446.8,348,420
446.84,348,419
446.88,349,420
446.92,349,419
446.96,349,420
447.0,350,420
447.04,350,420
447.08,350,420
447.12,351,421
447.16,352,421
447.2,353,421
447.24,354,421
447.28,354,421
447.32,355,421
447.36,355,422
447.4,356,422
447.44,356,422
447.48,357,422
447.52,357,422
447.56,358,423
447.6,358,423
447.64,359,424
447.68,359,424
447.72,361,424
447.76,362,425
447.8,362,425
447.84,363,425
447.88,364,426
447.92,365,426
447.96,365,426
448.0,366,426
448.04,367,427
448.08,367,427
448.12,367,427
448.16,368,427
448.2,368,426
448.24,369,427
448.28,370,427
448.32,371,428
448.36,372,428
448.4,373,428
448.44,374,428
448.48,375,428
448.52,376,429
448.56,377,429
448.6,377,429
448.64,378,429
448.68,379,429
448.72,380,429
448.76,380,429
448.8,381,429
448.84,381,429
448.88,382,428
448.92,383,428
448.96,384,429
449.0,385,429
449.04,385,429
449.08,386,429
449.12,387,429
449.16,388,428
449.2,389,428
449.24,389,428
449.28,390,428
449.32,390,428
449.36,391,428
449.4,391,429
449.44,391,429
449.48,392,429
449.52,392,429
449.56,393,429
449.6,393,430
449.64,394,430
449.68,395,430
449.72,396,429
449.76,397,429
449.8,399,429
449.84,400,429
449.88,401,429
449.92,401,429
449.96,401,430
450.0,401,430
450.04,401,430
450.08,401,430
450.12,401,430
450.16,401,430
450.2,401,430
450.24,401,430
450.28,401,430
450.32,401,430
450.36,401,431
450.4,401,431
450.44,401,431
450.48,402,431
450.52,402,431
450.56,402,432
450.6,402,432
450.64,403,432
450.68,403,432
450.72,403,433
450.76,404,433
450.8,404,433
450.84,404,434
450.88,405,434
450.92,406,434
450.96,406,435
451.0,407,435
451.04,407,436
451.08,408,437
451.12,409,437
451.16,410,437
451.2,411,438
451.24,412,439
451.28,413,440
451.32,415,440
451.36,417,440
451.4,419,440
451.44,420,440
451.48,422,439
451.52,423,439
451.56,425,439
451.6,425,439
451.64,425,440
451.68,424,440
451.72,424,440
451.76,424,440
451.8,424,440
451.84,423,440
451.88,422,439
451.92,420,439
451.96,418,439
452.0,416,438
452.04,413,438
452.08,409,439
452.12,406,441
452.16,402,441
452.2,398,441
452.24,394,441
452.28,391,439
452.32,387,435
452.36,381,429
452.4,377,424
452.44,374,420
452.48,372,418
452.52,372,417
452.56,372,420
452.6,374,423
452.64,376,427
452.68,376,428
452.72,376,428
452.76,375,429
452.8,373,429
452.84,371,429
452.88,366,428
452.92,362,427
452.96,357,425
453.0,353,423
453.04,349,421
453.08,349,419
453.12,349,418
453.16,350,418
453.2,353,418
453.24,356,420
453.28,359,423
453.32,362,427
453.36,365,428
453.4,366,427
453.44,366,427
453.48,365,427
453.52,364,426
453.56,362,425
453.6,361,424
453.64,358,422
453.68,356,420
453.72,354,420
453.76,354,418
453.8,354,417
453.84,355,416
453.88,357,414
453.92,359,414
453.96,362,414
454.0,364,415
454.04,367,416
454.08,367,416
454.12,367,418
454.16,368,418
454.2,369,420
454.24,369,422
454.28,370,424
454.32,371,425
454.36,372,425
454.4,372,426
454.44,372,426
454.48,373,426
454.52,373,427
454.56,373,427
454.6,373,428
454.64,374,428
454.68,375,428
454.72,376,428
454.76,376,429
454.8,377,429
454.84,377,429
454.88,376,429
454.92,375,428
454.96,374,427
455.0,372,427
455.04,370,425
455.08,367,424
455.12,364,423
455.16,361,422
455.2,359,421
455.24,356,421
455.28,354,420
455.32,353,420
455.36,351,418
455.4,350,417
455.44,349,416
455.48,347,415
455.52,346,414
455.56,345,412
455.6,344,412
455.64,345,412
455.68,345,412
455.72,345,412
455.76,346,411
455.8,346,411
455.84,347,411
455.88,347,412
455.92,348,412
455.96,348,413
456.0,349,413
456.04,350,413
456.08,350,413
456.12,351,413
456.16,351,415
456.2,351,415
456.24,352,415
456.28,352,415
456.32,352,416
456.36,353,416
456.4,353,416
456.44,354,416
456.48,354,417
456.52,355,417
456.56,356,417
456.6,356,417
456.64,357,418
456.68,357,418
456.72,357,418
456.76,358,418
456.8,358,418
456.84,358,418
456.88,358,418
456.92,358,418
456.96,359,418
457.0,359,418
457.04,359,419
457.08,359,419
457.12,360,419
457.16,361,419
457.2,361,419
457.24,362,419
457.28,362,420
457.32,362,420
457.36,363,420
457.4,363,420
457.44,364,420
457.48,364,420
457.52,365,421
457.56,365,421
457.6,366,421
457.64,366,421
457.68,367,421
457.72,367,421
457.76,368,422
457.8,368,422
457.84,369,422
457.88,369,422
457.92,369,423
457.96,370,423
458.0,370,423
458.04,371,424
458.08,371,424
458.12,372,425
458.16,373,425
458.2,374,425
458.24,375,426
458.28,376,426
458.32,377,427
458.36,378,427
458.4,379,427
458.44,380,427
458.48,380,427
458.52,381,428
458.56,382,428
458.6,382,428
458.64,383,428
458.68,384,428
458.72,384,428
458.76,385,429
458.8,385,429
458.84,386,429
458.88,386,429
458.92,387,430
458.96,387,430
459.0,387,430
459.04,387,430
459.08,386,430
459.12,386,430
459.16,386,431
459.2,385,431
459.24,384,431
459.28,383,431
459.32,380,430
459.36,376,427
459.4,371,424
459.44,367,421
459.48,364,420
459.52,360,420
459.56,357,420
459.6,354,419
459.64,351,418
459.68,349,416
459.72,348,415
459.76,349,414
459.8,349,414
459.84,349,413
459.88,351,414
459.92,352,414
459.96,354,416
460.0,355,417
460.04,356,418
460.08,356,418
460.12,357,419
460.16,358,419
460.2,358,419
460.24,359,419
460.28,359,419
460.32,359,420
460.36,360,421
460.4,361,421
460.44,361,422
460.48,362,422
460.52,362,422
460.56,362,422
460.6,363,422
460.64,364,422
460.68,364,422
460.72,365,422
460.76,366,422
460.8,367,423
460.84,368,423
460.88,369,423
460.92,369,424
460.96,370,425
461.0,371,425
461.04,372,426
461.08,373,426
461.12,374,427
461.16,374,427
461.2,375,427
461.24,376,427
461.28,376,428
461.32,376,428
461.36,377,428
461.4,377,429
461.44,377,429
461.48,378,429
461.52,378,429
461.56,378,429
461.6,379,429
461.64,379,429
461.68,380,429
461.72,380,429
461.76,381,430
461.8,381,430
461.84,382,430
461.88,382,430
461.92,383,431
461.96,383,431
462.0,384,431
462.04,384,432
462.08,385,433
462.12,386,433
462.16,387,434
462.2,386,434
462.24,384,432
462.28,381,429
462.32,376,425
462.36,372,422
462.4,368,420
462.44,365,420
462.48,362,422
462.52,359,422
462.56,356,421
462.6,353,418
462.64,351,417
462.68,350,416
462.72,350,416
462.76,350,416
462.8,350,415
462.84,351,416
462.88,352,417
462.92,353,419
462.96,354,419
463.0,355,419
463.04,357,419
463.08,358,419
463.12,359,419
463.16,359,420
463.2,360,420
463.24,360,420
463.28,361,420
463.32,362,420
463.36,362,421
463.4,363,420
463.44,364,420
463.48,365,420
463.52,365,420
463.56,365,420
463.6,366,420
463.64,366,420
463.68,366,421
463.72,367,422
463.76,367,422
463.8,368,423
463.84,368,423
463.88,369,423
463.92,369,423
463.96,370,423
464.0,370,423
464.04,370,424
464.08,371,424
464.12,371,424
464.16,372,424
464.2,372,424
464.24,373,424
464.28,373,424
464.32,374,424
464.36,375,425
464.4,375,425
464.44,376,425
464.48,377,426
464.52,377,426
464.56,378,426
464.6,379,427
464.64,380,427
464.68,380,427
464.72,381,428
464.76,381,428
464.8,382,428
464.84,383,429
464.88,384,429
464.92,384,429
464.96,385,430
465.0,385,430
465.04,384,430
465.08,382,428
465.12,380,426
465.16,377,423
465.2,372,421
465.24,368,419
465.28,363,419
465.32,359,421
465.36,355,422
465.4,352,420
465.44,350,418
465.48,348,416
465.52,347,415
465.56,347,415
465.6,347,415
465.64,347,415
465.68,347,415
465.72,347,416
465.76,347,417
465.8,348,417
465.84,349,419
465.88,351,419
465.92,352,420
465.96,353,420
466.0,354,420
466.04,354,421
466.08,355,421
466.12,355,421
466.16,355,421
466.2,356,421
466.24,356,421
466.28,356,421
466.32,356,420
466.36,357,420
466.4,358,420
466.44,358,421
466.48,359,421
466.52,360,421
466.56,361,421
466.6,361,422
466.64,362,422
466.68,362,422
466.72,363,422
466.76,363,421
466.8,364,421
466.84,364,422
466.88,365,422
466.92,365,422
466.96,365,422
467.0,366,422
467.04,366,422
467.08,366,422
467.12,366,422
467.16,366,423
467.2,367,423
467.24,367,423
467.28,368,423
467.32,368,424
467.36,369,424
467.4,370,425
467.44,371,425
467.48,372,425
467.52,372,426
467.56,373,426
467.6,373,426
467.64,373,426
467.68,373,426
467.72,373,426
467.76,372,426
467.8,370,425
467.84,367,424
467.88,365,423
467.92,362,421
467.96,359,421
468.0,356,421
468.04,354,420
468.08,351,421
468.12,348,419
468.16,345,416
468.2,343,414
468.24,342,412
468.28,342,411
468.32,341,411
468.36,342,411
468.4,342,411
468.44,343,411
468.48,343,412
468.52,344,412
468.56,345,413
468.6,347,414
468.64,348,415
468.68,350,415
468.72,352,416
468.76,352,417
468.8,353,417
468.84,354,418
468.88,355,418
468.92,355,419
468.96,356,419
469.0,356,420
469.04,357,420
469.08,357,420
469.12,358,421
469.16,359,421
469.2,360,422
469.24,360,422
469.28,361,422
469.32,361,422
469.36,362,422
469.4,363,422
469.44,363,422
469.48,364,423
469.52,365,423
469.56,366,424
469.6,368,425
469.64,370,425
469.68,372,426
469.72,374,426
469.76,375,427
469.8,374,428
469.84,372,428
469.88,367,428
469.92,361,427
469.96,355,426
470.0,349,426
470.04,344,426
470.08,339,426
470.12,335,426
470.16,333,426
470.2,330,426
470.24,329,427
470.28,329,427
470.32,328,427
470.36,328,426
470.4,327,426
470.44,326,423
470.48,325,420
470.52,324,417
470.56,322,415
470.6,321,413
470.64,320,412
470.68,321,415
470.72,322,418
470.76,323,421
470.8,324,424
470.84,324,425
470.88,324,425
470.92,324,426
470.96,324,426
471.0,324,426
471.04,325,428
471.08,325,429
471.12,325,431
471.16,325,432
471.2,325,432
471.24,325,432
471.28,326,431
471.32,326,430
471.36,326,427
471.4,325,423
471.44,325,417
471.48,323,411
471.52,322,405
471.56,320,398
471.6,318,390
471.64,316,382
471.68,313,375
471.72,310,374
471.76,308,371
471.8,305,370
471.84,306,371
471.88,308,373
471.92,311,376
471.96,314,380
472.0,318,385
472.04,322,390
472.08,327,396
472.12,331,403
472.16,334,408
472.2,336,413
472.24,338,418
472.28,339,421
472.32,339,423
472.36,340,423
472.4,339,423
472.44,339,422
472.48,339,419
472.52,339,416
472.56,341,414
472.6,344,413
472.64,347,414
472.68,351,416
472.72,353,419
472.76,354,421
472.8,354,422
472.84,353,423
472.88,351,423
472.92,351,424
472.96,351,426
473.0,352,427
473.04,354,429
473.08,355,429
473.12,355,428
473.16,356,426
473.2,356,424
473.24,357,423
473.28,357,422
473.32,357,421
473.36,359,421
473.4,360,422
473.44,361,422
473.48,363,424
473.52,364,426
473.56,364,426
473.6,364,426
473.64,363,426
473.68,363,426
473.72,362,426
473.76,362,426
473.8,362,426
473.84,362,427
473.88,362,427
473.92,363,427
473.96,364,428
474.0,364,428
474.04,365,428
474.08,364,428
474.12,364,428
474.16,363,428
474.2,362,427
474.24,361,427
474.28,360,426
474.32,359,426
474.36,357,426
474.4,356,426
474.44,355,426
474.48,354,425
474.52,353,424
474.56,352,423
474.6,351,421
474.64,349,421
474.68,349,420
474.72,348,420
474.76,348,419
474.8,347,419
474.84,347,418
474.88,348,418
474.92,348,417
474.96,348,417
475.0,348,417
475.04,349,417
475.08,349,417
475.12,349,417
475.16,350,417
475.2,351,418
475.24,352,418
475.28,352,418
475.32,352,419
475.36,352,419
475.4,353,419
475.44,353,419
475.48,354,419
475.52,354,419
475.56,354,419
475.6,355,419
475.64,355,420
475.68,355,420
475.72,355,420
475.76,356,419
475.8,355,420
475.84,356,419
475.88,356,420
475.92,356,420
475.96,357,420
476.0,357,421
476.04,357,420
476.08,358,421
476.12,358,421
476.16,359,421
476.2,359,421
476.24,360,421
476.28,361,422
476.32,361,422
476.36,362,422
476.4,362,423
476.44,363,423
476.48,363,424
476.52,364,424
476.56,364,424
476.6,364,424
476.64,365,424
476.68,365,424
476.72,365,425
476.76,366,425
476.8,366,425
476.84,367,426
476.88,367,426
476.92,367,426
476.96,368,427
477.0,369,427
477.04,369,427
477.08,369,427
477.12,370,427
477.16,371,428
477.2,372,428
477.24,372,429
477.28,373,429
477.32,373,429
477.36,373,429
477.4,374,429
477.44,374,430
477.48,374,430
477.52,375,430
477.56,375,430
477.6,376,431
477.64,376,431
477.68,377,431
477.72,377,431
477.76,377,431
477.8,378,432
477.84,378,432
477.88,378,432
477.92,379,432
477.96,379,432
478.0,379,433
478.04,380,433
478.08,380,433
478.12,381,433
478.16,381,434
478.2,382,434
478.24,382,434
478.28,382,434
478.32,382,435
478.36,382,435
478.4,381,435
478.44,381,435
478.48,380,434
478.52,378,432
478.56,374,428
478.6,371,425
478.64,367,422
478.68,363,421
478.72,360,422
478.76,357,423
478.8,355,426
478.84,352,425
478.88,350,423
478.92,349,421
478.96,348,419
479.0,347,419
479.04,347,420
479.08,347,419
479.12,347,419
479.16,347,420
479.2,348,420
479.24,348,421
479.28,349,421
479.32,350,421
479.36,351,421
479.4,352,422
479.44,352,422
479.48,353,422
479.52,354,422
479.56,354,421
479.6,353,422
479.64,353,422
479.68,353,422
479.72,353,421
479.76,353,421
479.8,353,421
479.84,354,421
479.88,354,421
479.92,354,421
479.96,354,421
480.0,355,421
480.04,355,421
480.08,356,422
480.12,357,421
480.16,357,421
480.2,357,422
480.24,357,423
480.28,358,423
480.32,359,423
480.36,359,423
480.4,360,423
480.44,361,424
480.48,362,424
480.52,362,424
480.56,363,425
480.6,363,425
480.64,363,425
480.68,364,426
480.72,364,426
480.76,364,426
480.8,365,426
480.84,365,426
480.88,365,426
480.92,366,426
480.96,366,426
481.0,367,426
481.04,367,426
481.08,367,427
481.12,368,427
481.16,368,427
481.2,369,428
481.24,369,428
481.28,370,428
481.32,370,429
481.36,371,429
481.4,371,430
481.44,372,430
481.48,372,430
481.52,373,431
481.56,373,431
481.6,374,431
481.64,375,431
481.68,375,431
481.72,375,431
481.76,374,430
481.8,373,429
481.84,371,426
481.88,368,424
481.92,366,422
481.96,363,421
482.0,360,421
482.04,357,421
482.08,354,422
482.12,351,420
482.16,349,419
482.2,347,418
482.24,346,417
482.28,345,416
482.32,345,416
482.36,345,416
482.4,346,417
482.44,347,416
482.48,348,417
482.52,348,417
482.56,349,417
482.6,350,418
482.64,350,418
482.68,351,419
482.72,352,419
482.76,352,420
482.8,352,420
482.84,353,421
482.88,353,421
482.92,353,422
482.96,354,422
483.0,354,422
483.04,354,422
483.08,354,422
483.12,355,422
483.16,355,422
483.2,355,422
483.24,355,422
483.28,355,422
483.32,356,422
483.36,356,422
483.4,356,422
483.44,356,422
483.48,357,423
483.52,357,422
483.56,358,423
483.6,358,423
483.64,359,423
483.68,359,423
483.72,360,424
483.76,360,424
483.8,361,424
483.84,361,424
483.88,362,424
483.92,362,425
483.96,362,425
484.0,363,425
484.04,363,425
484.08,364,425
484.12,364,426
484.16,364,426
484.2,365,426
484.24,366,427
484.28,366,427
484.32,367,427
484.36,367,427
484.4,368,427
484.44,369,428
484.48,369,428
484.52,369,428
484.56,370,428
484.6,370,428
484.64,371,429
484.68,372,429
484.72,372,429
484.76,373,429
484.8,373,429
484.84,374,429
484.88,375,429
484.92,376,428
484.96,375,426
485.0,374,425
485.04,372,423
485.08,370,421
485.12,367,420
485.16,364,420
485.2,362,421
485.24,359,423
485.28,356,424
485.32,353,421
485.36,350,420
485.4,348,419
485.44,346,416
485.48,345,415
485.52,345,415
485.56,345,415
485.6,345,415
485.64,346,415
485.68,346,415
485.72,347,415
485.76,347,416
485.8,348,416
485.84,349,417
485.88,350,417
485.92,350,418
485.96,351,419
486.0,352,420
486.04,353,420
486.08,353,420
486.12,354,421
486.16,354,421
486.2,355,421
486.24,355,421
486.28,355,421
486.32,355,421
486.36,356,421
486.4,356,422
486.44,357,423
486.48,357,423
486.52,358,424
486.56,359,424
486.6,359,425
486.64,359,425
486.68,360,425
486.72,360,425
486.76,360,425
486.8,361,425
486.84,361,425
486.88,361,425
486.92,362,425
486.96,362,425
487.0,362,425
487.04,362,425
487.08,362,425
487.12,362,425
487.16,363,425
487.2,363,425
487.24,363,425
487.28,364,425
487.32,364,425
487.36,364,425
487.4,365,425
487.44,365,425
487.48,366,426
487.52,366,426
487.56,367,426
487.6,367,426
487.64,367,426
487.68,368,426
487.72,368,426
487.76,369,426
487.8,369,426
487.84,369,427
487.88,369,427
487.92,370,427
487.96,370,427
488.0,370,427
488.04,371,428
488.08,371,428
488.12,371,428
488.16,372,428
488.2,372,428
488.24,373,429
488.28,373,429
488.32,374,429
488.36,375,429
488.4,375,429
488.44,376,429
488.48,377,429
488.52,378,428
488.56,378,427
488.6,376,425
488.64,374,423
488.68,371,421
488.72,368,420
488.76,365,420
488.8,362,421
488.84,359,423
488.88,355,421
488.92,353,419
488.96,350,417
489.0,348,416
489.04,346,416
489.08,344,414
489.12,344,414
489.16,344,414
489.2,344,414
489.24,344,413
489.28,344,414
489.32,345,414
489.36,346,414
489.4,346,415
489.44,347,415
489.48,348,415
489.52,349,415
489.56,350,416
489.6,350,416
489.64,352,417
489.68,352,417
489.72,353,417
489.76,354,418
489.8,355,418
489.84,355,418
489.88,355,418
489.92,356,418
489.96,356,418
490.0,356,418
490.04,357,418
490.08,357,418
490.12,357,418
490.16,358,418
490.2,358,418
490.24,359,418
490.28,360,419
490.32,361,419
490.36,362,420
490.4,362,419
490.44,363,420
490.48,363,420
490.52,364,420
490.56,365,420
490.6,365,420
490.64,366,421
490.68,367,421
490.72,367,421
490.76,368,421
490.8,369,421
490.84,370,422
490.88,370,422
490.92,371,422
490.96,372,423
491.0,372,423
491.04,373,423
491.08,374,423
491.12,374,423
491.16,374,424
491.2,375,424
491.24,375,424
491.28,376,424
491.32,376,424
491.36,376,425
491.4,377,425
491.44,377,425
491.48,378,425
491.52,378,426
491.56,378,426
491.6,379,427
491.64,379,428
491.68,380,428
491.72,380,428
491.76,378,428
491.8,376,427
491.84,373,426
491.88,370,424
491.92,367,423
491.96,363,422
492.0,360,422
492.04,356,421
492.08,352,419
492.12,349,417
492.16,347,415
492.2,345,413
492.24,344,411
492.28,343,411
492.32,343,411
492.36,344,410
492.4,344,410
492.44,345,410
492.48,346,411
492.52,347,412
492.56,348,413
492.6,349,413
492.64,350,414
492.68,351,415
492.72,351,414
492.76,352,415
492.8,352,416
492.84,354,416
492.88,354,416
492.92,355,416
492.96,356,417
493.0,357,417
493.04,357,418
493.08,358,418
493.12,359,418
493.16,360,418
493.2,361,418
493.24,362,419
493.28,362,419
493.32,363,420
493.36,363,419
493.4,364,420
493.44,365,421
493.48,367,420
493.52,367,421
493.56,368,421
493.6,369,421
493.64,370,422
493.68,371,422
493.72,372,423
493.76,373,423
493.8,375,423
493.84,376,424
493.88,378,425
493.92,380,425
493.96,382,426
494.0,383,426
494.04,382,428
494.08,380,429
494.12,378,429
494.16,375,431
494.2,372,432
494.24,370,433
494.28,367,434
494.32,364,434
494.36,360,434
494.4,357,432
494.44,352,431
494.48,347,429
494.52,343,428
494.56,339,428
494.6,336,429
494.64,333,431
494.68,332,433
494.72,331,435
494.76,331,435
494.8,332,436
494.84,332,436
494.88,332,436
494.92,332,435
494.96,332,435
495.0,331,434
495.04,330,433
495.08,329,430
495.12,327,426
495.16,324,420
495.2,319,412
495.24,316,404
495.28,309,393
495.32,305,382
495.36,302,374
495.4,299,370
495.44,299,366
495.48,297,361
495.52,299,358
495.56,300,374
495.6,304,361
495.64,307,371
495.68,313,376
495.72,319,381
495.76,319,381
495.8,326,400
495.84,330,405
495.88,335,412
495.92,338,419
495.96,341,425
496.0,345,430
496.04,348,433
496.08,351,435
496.12,353,437
496.16,354,437
496.2,355,436
496.24,355,434
496.28,355,430
496.32,354,427
496.36,354,423
496.4,353,421
496.44,354,419
496.48,355,419
496.52,357,419
496.56,358,419
496.6,359,420
496.64,360,422
496.68,361,423
496.72,361,426
496.76,360,426
496.8,359,425
496.84,358,424
496.88,357,423
496.92,356,423
496.96,355,423
497.0,354,422
497.04,354,421
497.08,352,420
497.12,352,419
497.16,352,420
497.2,352,419
497.24,352,419
497.28,351,419
497.32,352,418
497.36,352,417
497.4,351,417
497.44,351,418
497.48,351,418
497.52,352,418
497.56,352,417
497.6,352,417
497.64,353,418
497.68,353,418
497.72,353,418
497.76,354,417
497.8,355,418
497.84,356,419
497.88,356,419
497.92,357,418
497.96,357,419
498.0,359,418
498.04,360,419
498.08,360,420
498.12,361,419
498.16,360,420
498.2,361,420
498.24,362,420
498.28,362,421
498.32,363,423
498.36,363,423
498.4,365,423
498.44,365,424
498.48,366,424
498.52,365,425
498.56,366,425
498.6,367,425
498.64,368,426
498.68,368,426
498.72,367,426
498.76,368,426
498.8,368,427
498.84,367,427
498.88,368,427
498.92,369,427
498.96,370,428
499.0,371,428
499.04,371,428
499.08,371,428
499.12,372,427
499.16,372,428
499.2,373,428
499.24,373,429
499.28,373,429
499.32,374,429
499.36,374,429
499.4,374,429
499.44,375,429
499.48,375,430
499.52,375,430
499.56,375,430
499.6,376,430
499.64,376,430
499.68,376,431
499.72,377,431
499.76,377,431
499.8,378,431
499.84,378,431
499.88,379,431
499.92,380,432
499.96,381,432
500.0,381,432
500.04,382,432
500.08,382,432
500.12,384,432
500.16,386,432
500.2,387,432
500.24,387,431
500.28,385,429
500.32,383,426
500.36,379,424
500.4,375,423
500.44,372,422
500.48,368,423
500.52,364,424
500.56,360,423
500.6,357,420
500.64,355,419
500.68,353,418
500.72,352,417
500.76,352,417
500.8,352,418
500.84,352,418
500.88,352,417
500.92,353,418
500.96,354,419
501.0,354,419
501.04,355,419
501.08,355,419
501.12,356,419
501.16,356,419
501.2,357,419
501.24,357,420
501.28,358,420
501.32,358,420
501.36,358,420
501.4,359,420
501.44,359,420
501.48,359,421
501.52,360,421
501.56,360,421
501.6,360,421
501.64,361,421
501.68,362,422
501.72,362,422
501.76,362,422
501.8,363,422
501.84,363,423
501.88,363,423
501.92,364,424
501.96,364,424
502.0,364,424
502.04,364,425
502.08,365,425
502.12,366,425
502.16,365,425
502.2,366,425
502.24,366,426
502.28,366,426
502.32,366,426
502.36,367,426
502.4,367,426
502.44,368,426
502.48,368,427
502.52,369,427
502.56,369,428
502.6,370,428
502.64,371,428
502.68,371,428
502.72,372,428
502.76,373,429
502.8,375,430
502.84,376,431
502.88,378,431
502.92,379,431
502.96,381,431
503.0,382,431
503.04,381,429
503.08,379,426
503.12,376,424
503.16,373,422
503.2,370,422
503.24,367,422
503.28,364,423
503.32,361,423
503.36,358,421
503.4,356,419
503.44,355,419
503.48,352,419
503.52,352,418
503.56,352,418
503.6,352,418
503.64,353,418
503.68,354,418
503.72,354,418
503.76,356,418
503.8,356,418
503.84,357,419
503.88,358,419
503.92,359,419
503.96,359,420
504.0,359,420
504.04,359,420
504.08,359,420
504.12,359,421
504.16,360,421
504.2,360,421
504.24,360,421
504.28,361,421
504.32,361,421
504.36,362,422
504.4,363,422
504.44,364,422
504.48,364,422
504.52,364,422
504.56,365,423
504.6,365,423
504.64,366,423
504.68,366,424
504.72,366,424
504.76,366,424
504.8,367,424
504.84,367,424
504.88,367,424
504.92,368,425
504.96,368,425
505.0,369,425
505.04,369,425
505.08,370,426
505.12,371,426
505.16,371,426
505.2,372,426
505.24,372,427
505.28,373,428
505.32,374,428
505.36,375,428
505.4,376,428
505.44,377,429
505.48,378,429
505.52,379,429
505.56,380,430
505.6,381,430
505.64,383,430
505.68,383,429
505.72,382,426
505.76,379,424
505.8,377,421
505.84,374,420
505.88,371,420
505.92,368,421
505.96,364,422
506.0,360,425
506.04,357,423
506.08,355,420
506.12,352,419
506.16,351,419
506.2,350,419
506.24,350,419
506.28,350,420
506.32,350,419
506.36,351,419
506.4,351,420
506.44,352,420
506.48,352,420
506.52,353,421
506.56,353,420
506.6,354,420
506.64,354,420
506.68,354,420
506.72,354,419
506.76,354,419
506.8,354,419
506.84,355,419
506.88,355,419
506.92,357,420
506.96,356,420
507.0,358,421
507.04,359,421
507.08,360,422
507.12,360,423
507.16,362,423
507.2,363,423
507.24,363,424
507.28,364,424
507.32,364,424
507.36,364,424
507.4,364,424
507.44,365,424
507.48,365,425
507.52,366,425
507.56,366,425
507.6,367,425
507.64,367,425
507.68,367,425
507.72,368,426
507.76,368,426
507.8,369,426
507.84,369,426
507.88,369,426
507.92,370,426
507.96,370,427
508.0,370,427
508.04,371,427
508.08,371,427
508.12,371,427
508.16,371,427
508.2,371,427
508.24,372,428
508.28,372,428
508.32,372,428
508.36,373,428
508.4,373,428
508.44,373,428
508.48,373,428
508.52,374,428
508.56,374,428
508.6,374,429
508.64,374,429
508.68,374,429
508.72,375,429
508.76,375,429
508.8,375,429
508.84,376,429
508.88,376,429
508.92,376,429
508.96,376,429
509.0,377,430
509.04,377,430
509.08,377,430
509.12,377,430
509.16,378,431
509.2,378,431
509.24,379,431
509.28,380,431
509.32,381,432
509.36,383,433
509.4,385,436
509.44,388,438
509.48,389,439
509.52,387,437
509.56,383,435
509.6,378,431
509.64,372,428
509.68,366,428
509.72,361,429
509.76,355,431
509.8,349,433
509.84,342,434
509.88,337,433
509.92,332,430
509.96,329,427
510.0,325,425
510.04,322,420
510.08,318,413
510.12,314,405
510.16,311,399
510.2,308,394
510.24,307,392
510.28,307,389
510.32,307,389
510.36,306,388
510.4,305,387
510.44,303,387
510.48,301,384
510.52,299,382
510.56,297,378
510.6,295,372
510.64,294,366
510.68,293,364
510.72,295,367
510.76,298,359
510.8,302,361
510.84,310,363
510.88,318,374
510.92,329,381
510.96,340,390
511.0,351,403
511.04,360,414
511.08,364,420
511.12,364,421
511.16,360,421
511.2,355,418
511.24,349,417
511.28,342,415
511.32,335,412
511.36,330,410
511.4,326,411
511.44,323,413
511.48,323,414
511.52,321,413
511.56,323,420
511.6,325,422
511.64,327,424
511.68,325,423
511.72,325,423
511.76,323,423
511.8,321,421
511.84,318,420
511.88,314,420
511.92,310,419
511.96,307,415
512.0,306,408
512.04,306,401
512.08,308,386
512.12,312,374
512.16,317,362
512.2,326,350
512.24,326,350
512.28,326,350
512.32,326,350
512.36,352,373
512.4,362,380
512.44,368,388
512.48,373,394
512.52,373,394
512.56,363,407
512.6,367,405
512.64,365,405
512.68,362,404
512.72,359,403
512.76,356,403
512.8,353,403
512.84,349,405
512.88,346,408
512.92,344,412
512.96,343,416
513.0,345,420
513.04,346,423
513.08,347,424
513.12,348,424
513.16,349,423
513.2,350,423
513.24,351,424
513.28,351,424
513.32,351,424
513.36,349,425
513.4,348,426
513.44,345,427
513.48,344,427
513.52,343,426
513.56,344,425
513.6,347,423
513.64,350,421
513.68,355,419
513.72,360,420
513.76,365,423
513.8,369,426
513.84,370,428
513.88,369,428
513.92,367,428
513.96,365,427
514.0,362,426
514.04,360,424
514.08,357,422
514.12,355,421
514.16,354,421
514.2,353,420
514.24,353,420
514.28,354,419
514.32,354,419
514.36,355,420
514.4,356,420
514.44,358,420
514.48,359,421
514.52,359,421
514.56,359,421
514.6,359,422
514.64,360,422
514.68,360,422
514.72,361,422
514.76,361,422
514.8,361,423
514.84,362,423
514.88,362,423
514.92,363,424
514.96,364,424
515.0,365,423
515.04,367,425
515.08,367,426
515.12,368,426
515.16,368,426
515.2,369,427
515.24,369,427
515.28,370,427
515.32,371,427
515.36,371,428
515.4,371,428
515.44,372,428
515.48,372,428
515.52,372,428
515.56,373,428
515.6,373,429
515.64,374,429
515.68,374,429
515.72,374,429
515.76,375,429
515.8,375,430
515.84,376,430
515.88,376,430
515.92,377,430
515.96,377,430
516.0,377,430
516.04,378,431
516.08,378,431
516.12,379,431
516.16,379,431
516.2,380,431
516.24,380,431
516.28,380,431
516.32,381,432
516.36,381,432
516.4,382,432
516.44,382,433
516.48,383,433
516.52,383,433
516.56,384,433
516.6,384,433
516.64,385,433
516.68,386,433
516.72,386,434
516.76,387,434
516.8,387,434
516.84,388,435
516.88,389,435
516.92,390,436
516.96,391,436
517.0,392,437
517.04,393,438
517.08,393,438
517.12,391,436
517.16,387,433
517.2,382,428
517.24,376,424
517.28,371,423
517.32,367,422
517.36,364,423
517.4,362,425
517.44,360,426
517.48,358,424
517.52,357,422
517.56,356,422
517.6,357,422
517.64,357,422
517.68,357,422
517.72,358,422
517.76,358,423
517.8,359,423
517.84,359,423
517.88,360,423
517.92,360,424
517.96,361,424
518.0,362,424
518.04,362,425
518.08,363,425
518.12,363,425
518.16,364,425
518.2,364,425
518.24,364,426
518.28,365,426
518.32,366,426
518.36,366,426
518.4,366,427
518.44,367,427
518.48,367,427
518.52,367,427
518.56,367,427
518.6,368,427
518.64,368,427
518.68,368,428
518.72,368,428
518.76,369,428
518.8,369,428
518.84,369,428
518.88,369,428
518.92,370,429
518.96,370,428
519.0,370,428
519.04,370,429
519.08,370,428
519.12,371,428
519.16,371,429
519.2,371,429
519.24,371,429
519.28,372,429
519.32,372,429
519.36,372,429
519.4,372,429
519.44,372,429
519.48,373,428
519.52,373,429
519.56,373,429
519.6,373,429
519.64,374,428
519.68,374,428
519.72,374,428
519.76,374,428
519.8,374,428
519.84,374,428
519.88,374,427
519.92,374,427
519.96,374,426
520.0,375,426
520.04,375,425
520.08,375,424
520.12,375,424
520.16,375,424
520.2,375,423
520.24,376,423
520.28,376,423
520.32,377,423
520.36,377,423
520.4,377,422
520.44,378,423
520.48,378,423
520.52,379,423
520.56,379,423
520.6,379,423
520.64,380,423
520.68,380,424
520.72,381,423
520.76,381,424
520.8,382,424
520.84,383,424
520.88,384,424
520.92,384,424
520.96,386,425
521.0,386,425
521.04,387,425
521.08,388,426
521.12,388,426
521.16,389,426
521.2,390,426
521.24,390,427
521.28,391,427
521.32,391,427
521.36,392,428
521.4,393,428
521.44,393,429
521.48,394,429
521.52,394,429
521.56,395,430
521.6,395,430
521.64,396,430
521.68,396,431
521.72,397,431
521.76,397,431
521.8,398,432
521.84,398,432
521.88,398,433
521.92,399,433
521.96,399,433
522.0,399,433
522.04,398,435
522.08,396,436
522.12,393,436
522.16,389,436
522.2,384,432
522.24,377,428
522.28,371,425
522.32,365,423
522.36,360,423
522.4,357,424
522.44,354,426
522.48,353,427
522.52,353,426
522.56,353,426
522.6,354,426
522.64,355,426
522.68,355,426
522.72,355,426
522.76,356,426
522.8,356,425
522.84,357,425
522.88,358,425
522.92,359,425
522.96,360,425
523.0,360,426
523.04,361,425
523.08,362,426
523.12,362,426
523.16,362,425
523.2,362,425
523.24,363,425
523.28,363,425
523.32,364,425
523.36,364,425
523.4,365,425
523.44,365,425
523.48,366,425
523.52,366,425
523.56,367,425
523.6,367,425
523.64,367,425
523.68,367,424
523.72,367,424
523.76,368,424
523.8,368,424
523.84,368,423
523.88,369,423
523.92,369,423
523.96,369,423
524.0,370,423
524.04,370,423
524.08,370,424
524.12,371,424
524.16,371,424
524.2,372,424
524.24,372,424
524.28,373,424
524.32,374,424
524.36,375,425
524.4,375,425
524.44,376,425
524.48,376,425
524.52,377,426
524.56,377,425
524.6,378,426
524.64,378,426
524.68,378,426
524.72,379,426
524.76,379,426
524.8,379,426
524.84,379,426
524.88,380,426
524.92,380,426
524.96,380,426
525.0,380,426
525.04,381,427
525.08,381,427
525.12,381,427
525.16,382,427
525.2,382,427
525.24,383,427
525.28,383,427
525.32,383,427
525.36,384,427
525.4,384,427
525.44,385,427
525.48,385,427
525.52,385,428
525.56,386,428
525.6,386,428
525.64,386,428
525.68,387,428
525.72,387,428
525.76,387,428
525.8,388,429
525.84,388,429
525.88,389,429
525.92,389,429
525.96,389,429
526.0,390,429
526.04,390,429
526.08,391,429
526.12,391,430
526.16,391,430
526.2,392,430
526.24,392,431
526.28,392,431
526.32,393,431
526.36,393,431
526.4,394,432
526.44,394,432
526.48,394,432
526.52,395,432
526.56,395,433
526.6,396,433
526.64,396,433
526.68,397,434
526.72,397,434
526.76,398,435
526.8,399,435
526.84,399,436
526.88,399,436
526.92,400,436
526.96,401,436
527.0,401,437
527.04,402,437
527.08,402,438
527.12,403,438
527.16,404,438
527.2,405,439
527.24,405,439
527.28,406,440
527.32,407,441
527.36,408,442
527.4,409,443
527.44,408,444
527.48,406,444
527.52,403,444
527.56,398,443
527.6,392,442
527.64,386,442
527.68,380,443
527.72,376,446
527.76,372,447
527.8,368,448
527.84,363,445
527.88,359,441
527.92,355,437
527.96,352,435
528.0,350,433
528.04,350,432
528.08,350,429
528.12,352,427
528.16,354,426
528.2,356,424
528.24,358,421
528.28,360,417
528.32,363,411
528.36,366,404
528.4,370,396
528.44,375,390
528.48,379,384
528.52,381,379
528.56,383,376
528.6,383,375
528.64,381,376
528.68,379,378
528.72,375,381
528.76,371,385
528.8,366,389
528.84,360,394
528.88,355,398
528.92,348,403
528.96,342,408
529.0,336,410
529.04,334,413
529.08,329,410
529.12,324,410
529.16,322,416
529.2,322,416
529.24,322,416
529.28,322,416
529.32,314,412
529.36,318,413
529.4,323,415
529.44,330,414
529.48,339,417
529.52,350,417
529.56,360,418
529.6,368,422
529.64,374,425
529.68,377,428
529.72,376,430
529.76,374,428
529.8,371,427
529.84,368,426
529.88,365,424
529.92,361,421
529.96,358,421
530.0,357,420
530.04,358,420
530.08,360,420
530.12,362,421
530.16,365,422
530.2,367,423
530.24,369,423
530.28,369,423
530.32,369,423
530.36,368,424
530.4,366,423
530.44,364,422
530.48,361,421
530.52,359,419
530.56,357,418
530.6,355,416
530.64,354,417
530.68,354,416
530.72,355,416
530.76,355,416
530.8,357,416
530.84,357,416
530.88,358,416
530.92,359,417
530.96,359,418
531.0,360,418
531.04,361,417
531.08,362,418
531.12,363,419
531.16,363,419
531.2,364,419
531.24,365,420
531.28,366,420
531.32,367,420
531.36,367,421
531.4,368,421
531.44,369,421
531.48,369,421
531.52,370,422
531.56,370,422
531.6,370,422
531.64,371,422
531.68,371,423
531.72,372,422
531.76,373,423
531.8,373,423
531.84,374,423
531.88,375,423
531.92,375,424
531.96,376,424
532.0,376,424
532.04,377,424
532.08,378,424
532.12,378,425
532.16,378,425
532.2,379,425
532.24,379,426
532.28,379,426
532.32,380,426
532.36,380,426
532.4,380,426
532.44,380,426
532.48,381,426
532.52,381,426
532.56,381,426
532.6,382,426
532.64,382,426
532.68,383,426
532.72,384,427
532.76,384,426
532.8,385,427
532.84,385,427
532.88,386,427
532.92,387,427
532.96,387,427
533.0,388,427
533.04,389,427
533.08,390,428
533.12,392,428
533.16,393,428
533.2,393,427
533.24,391,426
533.28,387,425
533.32,383,423
533.36,377,421
533.4,372,419
533.44,367,420
533.48,362,422
533.52,358,422
533.56,354,419
533.6,351,418
533.64,349,417
533.68,348,417
533.72,349,417
533.76,349,417
533.8,350,417
533.84,351,418
533.88,353,418
533.92,354,418
533.96,355,419
534.0,357,419
534.04,358,420
534.08,359,420
534.12,360,420
534.16,361,421
534.2,362,421
534.24,363,422
534.28,364,422
534.32,364,422
534.36,365,422
534.4,366,423
534.44,366,423
534.48,367,423
534.52,368,423
534.56,368,423
534.6,369,423
534.64,369,424
534.68,370,424
534.72,371,424
534.76,371,425
534.8,372,425
534.84,372,425
534.88,373,426
534.92,374,426
534.96,374,426
535.0,375,426
535.04,375,426
535.08,375,426
535.12,376,426
535.16,376,426
535.2,376,426
535.24,377,427
535.28,377,427
535.32,377,427
535.36,378,427
535.4,378,427
535.44,378,427
535.48,379,427
535.52,379,427
535.56,379,427
535.6,380,428
535.64,381,428
535.68,381,428
535.72,383,428
535.76,384,428
535.8,384,428
535.84,385,428
535.88,386,428
535.92,386,429
535.96,387,429
536.0,387,429
536.04,387,429
536.08,388,429
536.12,388,429
536.16,388,429
536.2,388,429
536.24,389,429
536.28,389,429
536.32,389,429
536.36,390,429
536.4,390,429
536.44,390,430
536.48,390,429
536.52,391,430
536.56,391,430
536.6,391,430
536.64,390,430
536.68,389,431
536.72,387,432
536.76,385,432
536.8,382,431
536.84,378,429
536.88,374,427
536.92,369,424
536.96,364,422
537.0,360,420
537.04,355,419
537.08,351,419
537.12,348,419
537.16,346,417
537.2,344,414
537.24,343,412
537.28,344,412
537.32,344,412
537.36,344,411
537.4,345,411
537.44,346,411
537.48,347,413
537.52,348,413
537.56,349,414
537.6,350,414
537.64,350,414
537.68,351,415
537.72,352,415
537.76,352,415
537.8,353,415
537.84,354,416
537.88,355,416
537.92,356,416
537.96,357,417
538.0,359,417
538.04,359,418
538.08,360,418
538.12,361,418
538.16,362,418
538.2,362,418
538.24,362,418
538.28,363,419
538.32,364,419
538.36,365,420
538.4,366,420
538.44,367,421
538.48,368,421
538.52,369,421
538.56,370,422
538.6,371,422
538.64,372,422
538.68,373,423
538.72,374,423
538.76,375,423
538.8,376,424
538.84,377,424
538.88,379,424
538.92,380,424
538.96,381,425
539.0,382,425
539.04,383,425
539.08,385,425
539.12,386,426
539.16,387,426
539.2,388,427
539.24,389,427
539.28,390,427
539.32,391,428
539.36,392,428
539.4,393,428
539.44,394,428
539.48,395,428
539.52,396,429
539.56,397,429
539.6,398,429
539.64,399,430
539.68,400,430
539.72,400,430
539.76,400,431
539.8,399,432
539.84,396,435
539.88,392,438
539.92,387,440
539.96,382,441
540.0,376,443
540.04,370,444
540.08,364,445
540.12,359,443
540.16,353,440
540.2,348,436
540.24,343,433
540.28,340,431
540.32,336,430
540.36,334,430
540.4,333,430
540.44,333,431
540.48,332,430
540.52,332,429
540.56,332,427
540.6,330,424
540.64,328,420
540.68,325,417
540.72,323,411
540.76,319,407
540.8,315,400
540.84,311,392
540.88,308,384
540.92,304,379
540.96,298,379
541.0,296,374
541.04,294,373
541.08,292,370
541.12,292,369
541.16,292,367
541.2,291,370
541.24,292,369
541.28,292,369
541.32,292,375
541.36,293,376
541.4,293,376
541.44,294,377
541.48,294,378
541.52,295,378
541.56,294,379
541.6,295,379
541.64,295,379
541.68,296,379
541.72,297,382
541.76,300,387
541.8,306,389
541.84,313,400
541.88,320,416
541.92,327,429
541.96,330,435
542.0,331,437
542.04,332,437
542.08,333,439
542.12,333,440
542.16,334,442
542.2,335,443
542.24,336,444
542.28,338,445
542.32,339,446
542.36,340,447
542.4,342,447
542.44,343,447
542.48,345,447
542.52,346,446
542.56,347,446
542.6,348,445
542.64,349,445
542.68,350,444
542.72,351,441
542.76,351,438
542.8,352,434
542.84,354,430
542.88,356,427
542.92,359,425
542.96,362,425
543.0,364,425
543.04,365,424
543.08,366,422
543.12,367,420
543.16,368,420
543.2,370,421
543.24,371,424
543.28,372,428
543.32,370,427
543.36,369,426
543.4,367,425
543.44,366,423
543.48,363,423
543.52,361,421
543.56,359,420
543.6,356,420
543.64,354,420
543.68,352,419
543.72,351,418
543.76,351,417
543.8,351,417
543.84,351,416
543.88,352,416
543.92,353,416
543.96,354,417
544.0,355,419
544.04,356,419
544.08,358,419
544.12,358,420
544.16,360,421
544.2,361,421
544.24,361,421
544.28,362,421
544.32,363,422
544.36,364,422
544.4,365,423
544.44,366,423
544.48,366,424
544.52,367,424
544.56,367,424
544.6,367,424
544.64,368,424
544.68,369,425
544.72,369,425
544.76,369,425
544.8,370,425
544.84,370,425
544.88,371,425
544.92,371,426
544.96,372,425
545.0,372,426
545.04,373,426
545.08,373,426
545.12,374,427
545.16,375,427
545.2,376,427
545.24,376,427
545.28,377,427
545.32,378,427
545.36,379,427
545.4,379,427
545.44,380,428
545.48,380,428
545.52,381,428
545.56,381,428
545.6,382,428
545.64,382,428
545.68,383,429
545.72,384,429
545.76,384,429
545.8,385,430
545.84,386,430
545.88,387,431
545.92,388,431
545.96,389,432
546.0,390,433
546.04,391,433
546.08,392,433
546.12,392,433
546.16,391,431
546.2,388,429
546.24,382,426
546.28,376,423
546.32,371,422
546.36,366,422
546.4,361,424
546.44,357,426
546.48,354,424
546.52,351,420
546.56,348,418
546.6,346,417
546.64,345,416
546.68,345,415
546.72,345,415
546.76,346,415
546.8,346,416
546.84,347,417
546.88,348,417
546.92,350,417
546.96,351,418
547.0,352,418
547.04,352,418
547.08,352,418
547.12,352,418
547.16,352,418
547.2,353,418
547.24,353,418
547.28,353,418
547.32,354,418
547.36,354,418
547.4,355,418
547.44,356,419
547.48,357,420
547.52,357,420
547.56,358,420
547.6,359,421
547.64,359,422
547.68,360,422
547.72,360,422
547.76,361,422
547.8,361,422
547.84,361,422
547.88,362,422
547.92,362,423
547.96,362,423
548.0,363,423
548.04,363,423
548.08,363,423
548.12,364,423
548.16,364,424
548.2,364,424
548.24,365,424
548.28,365,424
548.32,366,424
548.36,366,424
548.4,367,424
548.44,367,425
548.48,368,425
548.52,368,425
548.56,369,425
548.6,369,425
548.64,370,426
548.68,371,426
548.72,371,426
548.76,372,426
548.8,373,427
548.84,373,427
548.88,374,427
548.92,375,428
548.96,375,428
549.0,376,428
549.04,376,428
549.08,377,428
549.12,377,429
549.16,378,429
549.2,379,430
549.24,380,430
549.28,381,431
549.32,381,431
549.36,380,430
549.4,378,429
549.44,376,427
549.48,372,425
549.52,370,423
549.56,368,423
549.6,367,422
549.64,365,422
549.68,363,422
549.72,360,420
549.76,357,419
549.8,354,418
549.84,352,417
549.88,350,416
549.92,350,416
549.96,350,416
550.0,350,415
550.04,351,416
550.08,351,416
550.12,352,417
550.16,353,418
550.2,354,418
550.24,354,418
550.28,355,418
550.32,356,418
550.36,356,418
550.4,357,418
550.44,357,419
550.48,358,419
550.52,359,419
550.56,359,420
550.6,360,420
550.64,361,421
550.68,362,421
550.72,362,421
550.76,363,422
550.8,364,422
550.84,364,422
550.88,365,423
550.92,366,423
550.96,366,424
551.0,367,424
551.04,368,425
551.08,368,425
551.12,369,425
551.16,370,426
551.2,370,426
551.24,371,426
551.28,372,427
551.32,373,427
551.36,375,428
551.4,376,427
551.44,376,427
551.48,377,426
551.52,378,425
551.56,379,424
551.6,380,423
551.64,382,423
551.68,384,423
551.72,387,424
551.76,389,425
551.8,390,427
551.84,391,428
551.88,390,431
551.92,389,433
551.96,387,432
552.0,386,430
552.04,384,429
552.08,381,429
552.12,380,428
552.16,378,427
552.2,376,426
552.24,374,426
552.28,372,425
552.32,371,424
552.36,369,423
552.4,367,422
552.44,365,422
552.48,364,421
552.52,363,420
552.56,362,421
552.6,361,419
552.64,359,419
552.68,358,418
552.72,356,416
552.76,354,415
552.8,353,414
552.84,351,413
552.88,351,413
552.92,351,413
552.96,351,413
553.0,351,413
553.04,352,414
553.08,352,415
553.12,353,416
553.16,353,416
553.2,353,416
553.24,354,416
553.28,355,417
553.32,356,418
553.36,356,418
553.4,357,418
553.44,358,418
553.48,359,419
553.52,360,419
553.56,360,420
553.6,361,420
553.64,362,421
553.68,362,421
553.72,363,421
553.76,364,421
553.8,364,422
553.84,365,423
553.88,365,423
553.92,366,423
553.96,366,423
554.0,367,423
554.04,367,424
554.08,368,424
554.12,369,424
554.16,369,424
554.2,370,424
554.24,370,425
554.28,371,425
554.32,372,425
554.36,373,426
554.4,373,426
554.44,374,426
554.48,375,426
554.52,375,427
554.56,376,427
554.6,376,428
554.64,377,428
554.68,377,429
554.72,377,429
554.76,378,429
554.8,379,429
554.84,379,429
554.88,380,430
554.92,380,430
554.96,381,430
555.0,382,431
555.04,382,431
555.08,383,431
555.12,384,432
555.16,385,432
555.2,385,433
555.24,386,433
555.28,387,433
555.32,389,433
555.36,390,432
555.4,392,431
555.44,393,431
555.48,394,429
555.52,394,429
555.56,394,429
555.6,394,429
555.64,394,429
555.68,393,429
555.72,393,430
555.76,392,430
555.8,392,431
555.84,391,431
555.88,390,431
555.92,389,431
555.96,388,431
556.0,387,431
556.04,385,430
556.08,384,430
556.12,382,429
556.16,381,429
556.2,380,429
556.24,379,428
556.28,379,428
556.32,378,428
556.36,377,427
556.4,377,427
556.44,377,427
556.48,376,427
556.52,375,427
556.56,374,427
556.6,374,426
556.64,372,426
556.68,371,425
556.72,369,424
556.76,368,423
556.8,366,423
556.84,364,422
556.88,362,421
556.92,360,421
556.96,358,420
557.0,357,420
557.04,356,419
557.08,355,418
557.12,355,418
557.16,355,418
557.2,355,417
557.24,356,418
557.28,356,418
557.32,356,418
557.36,356,419
557.4,356,418
557.44,357,419
557.48,358,419
557.52,359,419
557.56,359,420
557.6,360,420
557.64,361,420
557.68,361,421
557.72,362,421
557.76,363,421
557.8,364,421
557.84,364,421
557.88,365,422
557.92,366,422
557.96,367,422
558.0,367,423
558.04,368,423
558.08,368,423
558.12,369,423
558.16,369,424
558.2,369,424
558.24,370,424
558.28,370,424
558.32,370,424
558.36,370,424
558.4,371,424
558.44,371,425
558.48,372,425
558.52,372,425
558.56,373,425
558.6,373,425
558.64,374,425
558.68,375,426
558.72,376,426
558.76,376,426
558.8,377,426
558.84,378,427
558.88,378,427
558.92,379,427
558.96,380,427
559.0,381,427
559.04,381,427
559.08,382,428
559.12,383,429
559.16,384,429
559.2,385,431
559.24,387,432
559.28,390,433
559.32,391,435
559.36,391,436
559.4,388,437
559.44,384,438
559.48,377,437
559.52,370,437
559.56,364,438
559.6,357,438
559.64,352,439
559.68,349,439
559.72,347,439
559.76,347,437
559.8,347,436
559.84,346,435
559.88,346,434
559.92,345,433
559.96,342,431
560.0,339,428
560.04,336,424
560.08,332,418
560.12,331,409
560.16,330,398
560.2,332,384
560.24,334,370
560.28,339,356
560.32,344,345
560.36,350,336
560.4,356,331
560.44,363,330
560.48,368,332
560.52,374,337
560.56,377,345
560.6,380,355
560.64,380,367
560.68,380,379
560.72,378,389
560.76,375,397
560.8,372,401
560.84,369,403
560.88,366,403
560.92,364,403
560.96,362,404
561.0,361,405
561.04,359,407
561.08,358,410
561.12,356,413
561.16,355,417
561.2,353,421
561.24,352,424
561.28,351,426
561.32,350,427
561.36,349,427
561.4,348,426
561.44,346,425
561.48,345,424
561.52,343,423
561.56,341,423
561.6,340,422
561.64,339,421
561.68,338,420
561.72,337,418
561.76,337,415
561.8,337,412
561.84,339,409
561.88,343,408
561.92,349,406
561.96,354,406
562.0,359,404
562.04,361,403
562.08,363,403
562.12,365,404
562.16,366,407
562.2,367,410
562.24,367,414
562.28,367,418
562.32,368,422
562.36,370,423
562.4,372,425
562.44,375,424
562.48,379,424
562.52,382,424
562.56,386,425
562.6,388,426
562.64,389,428
562.68,388,430
562.72,385,431
562.76,381,429
562.8,376,428
562.84,370,425
562.88,365,424
562.92,361,423
562.96,357,421
563.0,353,420
563.04,350,418
563.08,348,418
563.12,347,418
563.16,346,418
563.2,347,417
563.24,347,416
563.28,347,415
563.32,348,415
563.36,349,416
563.4,349,416
563.44,349,415
563.48,349,416
563.52,350,416
563.56,350,416
563.6,350,416
563.64,351,417
563.68,352,418
563.72,353,419
563.76,355,419
563.8,356,419
563.84,357,420
563.88,358,420
563.92,359,421
563.96,359,421
564.0,360,421
564.04,360,421
564.08,361,421
564.12,361,421
564.16,362,422
564.2,363,422
564.24,364,422
564.28,365,423
564.32,366,423
564.36,367,423
564.4,367,424
564.44,368,423
564.48,369,424
564.52,369,424
564.56,369,424
564.6,370,424
564.64,370,425
564.68,371,425
564.72,371,425
564.76,372,425
564.8,372,425
564.84,373,426
564.88,373,426
564.92,374,426
564.96,374,426
565.0,375,426
565.04,375,427
565.08,376,427
565.12,377,427
565.16,377,427
565.2,378,427
565.24,378,427
565.28,379,428
565.32,379,428
565.36,380,428
565.4,381,428
565.44,381,428
565.48,382,429
565.52,382,429
565.56,383,429
565.6,383,429
565.64,384,429
565.68,384,430
565.72,385,430
565.76,386,431
565.8,387,431
565.84,388,431
565.88,388,431
565.92,389,432
565.96,390,432
566.0,391,432
566.04,391,433
566.08,392,433
566.12,393,434
566.16,394,434
566.2,395,434
566.24,396,434
566.28,396,432
566.32,394,430
566.36,391,427
566.4,387,423
566.44,382,422
566.48,379,421
566.52,376,422
566.56,374,423
566.6,370,425
566.64,366,423
566.68,362,421
566.72,358,420
566.76,355,420
566.8,352,418
566.84,350,418
566.88,349,416
566.92,349,417
566.96,349,417
567.0,350,417
567.04,351,417
567.08,352,418
567.12,353,418
567.16,354,418
567.2,355,418
567.24,356,419
567.28,356,419
567.32,357,419
567.36,358,420
567.4,359,420
567.44,359,421
567.48,360,421
567.52,361,422
567.56,362,422
567.6,363,422
567.64,364,422
567.68,364,423
567.72,365,423
567.76,365,423
567.8,366,423
567.84,366,424
567.88,367,423
567.92,368,424
567.96,368,424
568.0,369,424
568.04,370,424
568.08,370,424
568.12,371,424
568.16,372,424
568.2,372,425
568.24,373,425
568.28,374,425
568.32,374,425
568.36,375,425
568.4,376,425
568.44,376,426
568.48,377,426
568.52,378,426
568.56,379,426
568.6,379,426
568.64,380,426
568.68,381,426
568.72,381,427
568.76,381,427
568.8,382,427
568.84,382,427
568.88,383,427
568.92,383,427
568.96,383,427
569.0,384,427
569.04,384,427
569.08,384,427
569.12,384,427
569.16,384,427
569.2,384,427
569.24,384,427
569.28,384,427
569.32,384,427
569.36,385,427
569.4,385,427
569.44,385,427
569.48,385,428
569.52,386,428
569.56,386,427
569.6,386,428
569.64,386,428
569.68,386,428
569.72,387,428
569.76,387,428
569.8,387,428
569.84,387,428
569.88,388,428
569.92,388,428
569.96,388,428
570.0,388,428
570.04,388,428
570.08,387,428
570.12,386,427
570.16,383,426
570.2,379,424
570.24,374,422
570.28,370,420
570.32,366,420
570.36,362,421
570.4,358,422
570.44,354,421
570.48,350,418
570.52,347,417
570.56,346,416
570.6,345,415
570.64,346,415
570.68,346,414
570.72,347,414
570.76,347,415
570.8,349,415
570.84,349,416
570.88,350,417
570.92,351,418
570.96,352,418
571.0,353,419
571.04,353,419
571.08,354,419
571.12,354,419
571.16,355,420
571.2,356,420
571.24,357,421
571.28,358,421
571.32,359,421
571.36,361,421
571.4,362,422
571.44,363,423
571.48,364,423
571.52,365,424
571.56,366,424
571.6,367,423
571.64,368,424
571.68,369,424
571.72,369,425
571.76,370,424
571.8,370,425
571.84,371,425
571.88,372,426
571.92,372,426
571.96,373,426
572.0,374,426
572.04,374,427
572.08,375,427
572.12,375,427
572.16,376,427
572.2,377,428
572.24,377,428
572.28,378,428
572.32,379,429
572.36,379,429
572.4,380,429
572.44,381,429
572.48,381,430
572.52,382,430
572.56,383,431
572.6,384,431
572.64,384,431
572.68,385,431
572.72,386,432
572.76,387,432
572.8,388,432
572.84,389,432
572.88,389,433
572.92,390,433
572.96,390,433
573.0,390,434
573.04,389,434
573.08,388,435
573.12,385,435
573.16,381,436
573.2,375,436
573.24,367,435
573.28,359,434
573.32,352,433
573.36,348,433
573.4,344,433
573.44,344,434
573.48,344,433
573.52,345,433
573.56,346,433
573.6,347,432
573.64,347,432
573.68,347,431
573.72,348,427
573.76,350,420
573.8,354,410
573.84,362,396
573.88,370,380
573.92,379,366
573.96,387,357
574.0,393,352
574.04,397,353
574.08,400,356
574.12,402,361
574.16,401,365
574.2,399,370
574.24,397,373
574.28,393,376
574.32,388,380
574.36,383,384
574.4,379,388
574.44,375,392
574.48,372,398
574.52,370,403
574.56,369,409
574.6,368,416
574.64,368,422
574.68,367,427
574.72,366,429
574.76,366,431
574.8,365,432
574.84,365,432
574.88,364,432
574.92,364,432
574.96,364,433
575.0,364,433
575.04,364,432
575.08,364,433
575.12,365,433
575.16,365,433
575.2,365,433
575.24,365,433
575.28,366,433
575.32,366,432
575.36,367,431
575.4,369,430
575.44,372,429
575.48,375,429
575.52,380,429
575.56,385,429
575.6,391,430
575.64,396,430
575.68,398,430
575.72,398,427
575.76,395,423
575.8,390,419
575.84,385,416
575.88,381,415
575.92,380,416
575.96,379,420
576.0,379,423
576.04,378,427
576.08,377,431
576.12,376,430
576.16,376,430
576.2,375,430
576.24,373,430
576.28,371,429
576.32,368,428
576.36,366,427
576.4,366,426
576.44,367,426
576.48,369,425
576.52,372,425
576.56,374,427
576.6,376,427
576.64,376,425
576.68,375,424
576.72,373,422
576.76,370,422
576.8,366,421
576.84,363,420
576.88,361,419
576.92,358,419
576.96,357,418
577.0,357,417
577.04,357,417
577.08,359,417
577.12,359,418
577.16,361,418
577.2,361,418
577.24,362,419
577.28,362,419
577.32,362,419
577.36,363,419
577.4,363,420
577.44,364,420
577.48,364,420
577.52,365,420
577.56,366,421
577.6,367,421
577.64,368,420
577.68,368,421
577.72,368,421
577.76,369,421
577.8,369,422
577.84,370,422
577.88,370,422
577.92,371,422
577.96,371,422
578.0,371,423
578.04,372,423
578.08,372,423
578.12,373,423
578.16,373,424
578.2,374,424
578.24,375,425
578.28,375,424
578.32,376,425
578.36,377,425
578.4,378,425
578.44,379,425
578.48,379,426
578.52,380,426
578.56,381,426
578.6,381,427
578.64,381,427
578.68,382,427
578.72,382,427
578.76,383,427
578.8,383,427
578.84,383,428
578.88,384,427
578.92,384,428
578.96,385,428
579.0,385,428
579.04,386,428
579.08,386,428
579.12,387,429
579.16,387,429
579.2,388,429
579.24,388,430
579.28,389,430
579.32,389,430
579.36,390,431
579.4,391,431
579.44,391,431
579.48,392,432
579.52,391,431
579.56,389,429
579.6,384,427
579.64,379,425
579.68,374,423
579.72,370,423
579.76,366,423
579.8,362,424
579.84,358,422
579.88,354,419
579.92,351,418
579.96,350,418
580.0,350,417
580.04,350,417
580.08,351,417
580.12,351,417
580.16,352,418
580.2,353,419
580.24,354,419
580.28,355,420
580.32,356,420
580.36,357,421
580.4,357,421
580.44,359,421
580.48,359,421
580.52,360,422
580.56,361,423
580.6,362,423
580.64,363,424
580.68,364,424
580.72,364,424
580.76,365,424
580.8,365,424
580.84,366,424
580.88,366,425
580.92,366,425
580.96,367,425
581.0,367,425
581.04,368,425
581.08,368,426
581.12,369,425
581.16,369,426
581.2,370,426
581.24,370,426
581.28,370,426
581.32,371,426
581.36,371,426
581.4,371,426
581.44,372,426
581.48,372,426
581.52,372,427
581.56,373,427
581.6,373,427
581.64,373,427
581.68,374,427
581.72,374,428
581.76,374,427
581.8,374,427
581.84,375,428
581.88,375,428
581.92,376,428
581.96,376,428
582.0,377,428
582.04,378,429
582.08,378,428
582.12,379,429
582.16,379,429
582.2,380,429
582.24,381,430
582.28,382,430
582.32,383,430
582.36,384,429
582.4,384,428
582.44,382,427
582.48,379,424
582.52,375,423
582.56,372,423
582.6,369,424
582.64,366,426
582.68,362,427
582.72,359,425
582.76,356,423
582.8,354,422
582.84,352,421
582.88,350,420
582.92,350,420
582.96,349,420
583.0,350,419
583.04,350,419
583.08,351,420
583.12,352,419
583.16,352,420
583.2,353,420
583.24,353,420
583.28,354,419
583.32,354,420
583.36,355,420
583.4,356,420
583.44,357,420
583.48,358,421
583.52,359,421
583.56,360,422
583.6,361,422
583.64,362,423
583.68,362,423
583.72,363,423
583.76,364,423
583.8,364,424
583.84,365,424
583.88,366,424
583.92,366,424
583.96,366,424
584.0,367,424
584.04,367,425
584.08,368,425
584.12,369,426
584.16,369,426
584.2,370,426
584.24,371,426
584.28,372,427
584.32,372,427
584.36,373,427
584.4,373,427
584.44,374,427
584.48,374,428
584.52,375,428
584.56,376,428
584.6,376,428
584.64,377,428
584.68,377,428
584.72,378,429
584.76,378,429
584.8,379,429
584.84,380,429
584.88,381,430
584.92,382,430
584.96,383,430
585.0,384,430
585.04,386,430
585.08,387,430
585.12,388,430
585.16,390,431
585.2,392,432
585.24,393,433
585.28,393,434
585.32,391,435
585.36,387,435
585.4,381,434
585.44,374,433
585.48,367,433
585.52,360,434
585.56,354,435
585.6,348,436
585.64,343,437
585.68,340,435
585.72,337,433
585.76,335,431
585.8,333,430
585.84,332,431
585.88,332,433
585.92,332,434
585.96,332,435
586.0,332,435
586.04,332,435
586.08,332,435
586.12,332,435
586.16,332,435
586.2,331,434
586.24,330,433
586.28,329,432
586.32,328,430
586.36,327,427
586.4,325,423
586.44,323,420
586.48,321,417
586.52,319,412
586.56,317,409
586.6,315,405
586.64,313,403
586.68,311,399
586.72,309,395
586.76,307,390
586.8,305,387
586.84,303,386
586.88,301,385
586.92,300,384
586.96,298,383
587.0,296,382
587.04,295,382
587.08,294,381
587.12,294,381
587.16,293,381
587.2,293,382
587.24,293,382
587.28,294,384
587.32,295,386
587.36,297,388
587.4,299,389
587.44,302,393
587.48,304,397
587.52,307,402
587.56,311,407
587.6,314,415
587.64,319,424
587.68,323,428
587.72,327,437
587.76,329,440
587.8,333,441
587.84,334,445
587.88,336,446
587.92,337,446
587.96,337,446
588.0,338,445
588.04,339,445
588.08,341,445
588.12,342,445
588.16,343,445
588.2,344,445
588.24,345,446
588.28,345,446
588.32,346,446
588.36,346,446
588.4,347,446
588.44,347,445
588.48,348,445
588.52,348,445
588.56,349,446
588.6,349,445
588.64,350,445
588.68,350,446
588.72,351,446
588.76,351,446
588.8,351,446
588.84,351,446
588.88,351,446
588.92,351,446
588.96,351,446
589.0,351,446
589.04,351,446
589.08,351,446
589.12,352,446
589.16,351,445
589.2,352,443
589.24,352,440
589.28,353,437
589.32,354,433
589.36,356,432
589.4,357,431
589.44,358,431
589.48,359,429
589.52,361,421
589.56,364,409
589.6,369,390
589.64,375,366
589.68,379,338
589.72,381,313
589.76,377,292
589.8,372,278
589.84,369,271
589.88,366,272
589.92,366,272
589.96,367,272
590.0,368,273
590.04,368,273
590.08,368,271
590.12,367,270
590.16,367,269
590.2,367,269
590.24,367,270
590.28,367,270
590.32,368,270
590.36,368,270
590.4,368,271
590.44,368,270
590.48,369,270
590.52,369,271
590.56,369,271
590.6,369,271
590.64,370,271
590.68,370,272
590.72,370,272
590.76,369,273
590.8,370,273
590.84,370,273
590.88,370,273
590.92,370,273
590.96,369,273
591.0,369,273
591.04,369,273
591.08,369,273
591.12,370,274
591.16,370,274
591.2,369,274
591.24,370,274
591.28,370,274
591.32,369,275
591.36,370,275
591.4,370,275
591.44,370,275
591.48,370,275
591.52,370,275
591.56,370,275
591.6,370,275
591.64,370,275
591.68,370,275
591.72,370,275
591.76,370,276
591.8,371,279
591.84,373,284
591.88,375,291
591.92,377,304
591.96,378,320
592.0,377,341
592.04,374,363
592.08,370,384
592.12,366,400
592.16,362,412
592.2,359,418
592.24,357,422
592.28,356,426
592.32,356,428
592.36,358,430
592.4,359,430
592.44,360,430
592.48,361,431
592.52,361,431
592.56,361,431
592.6,361,430
592.64,360,430
592.68,360,429
592.72,358,428
592.76,356,428
592.8,354,426
592.84,352,425
592.88,350,424
592.92,348,422
592.96,348,421
593.0,348,421
593.04,350,420
593.08,352,420
593.12,354,421
593.16,356,421
593.2,359,422
593.24,360,423
593.28,362,423
593.32,362,423
593.36,362,423
593.4,362,423
593.44,362,422
593.48,361,422
593.52,359,422
593.56,358,421
593.6,356,420
593.64,354,419
593.68,353,419
593.72,351,418
593.76,350,417
593.8,349,417
593.84,349,416
593.88,349,416
593.92,349,416
593.96,349,416
594.0,349,416
594.04,349,416
594.08,349,416
594.12,349,416
594.16,350,416
594.2,350,417
594.24,351,417
594.28,353,418
594.32,353,418
594.36,354,418
594.4,355,419
594.44,356,419
594.48,356,419
594.52,357,419
594.56,358,419
594.6,359,420
594.64,359,420
594.68,360,421
594.72,361,421
594.76,361,421
594.8,362,421
594.84,363,422
594.88,363,423
594.92,364,422
594.96,364,422
595.0,365,422
595.04,365,423
595.08,365,423
595.12,366,423
595.16,366,424
595.2,367,424
595.24,367,424
595.28,368,424
595.32,368,424
595.36,369,424
595.4,370,425
595.44,370,425
595.48,371,426
595.52,371,426
595.56,372,426
595.6,372,426
595.64,373,427
595.68,373,427
595.72,374,427
595.76,374,426
595.8,375,427
595.84,375,427
595.88,376,428
595.92,376,428
595.96,377,428
596.0,377,428
596.04,378,429
596.08,378,429
596.12,379,429
596.16,379,429
596.2,380,429
596.24,381,429
596.28,382,430
596.32,384,430
596.36,385,431
596.4,385,431
596.44,384,430
596.48,382,428
596.52,378,425
596.56,374,423
596.6,369,421
596.64,365,420
596.68,361,421
596.72,357,422
596.76,354,423
596.8,351,422
596.84,348,420
596.88,346,419
596.92,345,419
596.96,345,418
597.0,346,418
597.04,347,418
597.08,347,417
597.12,348,418
597.16,349,419
597.2,350,419
597.24,351,420
597.28,352,421
597.32,352,421
597.36,353,421
597.4,353,420
597.44,353,420
597.48,353,420
597.52,354,420
597.56,354,420
597.6,354,420
597.64,354,420
597.68,355,420
597.72,355,419
597.76,355,420
597.8,356,420
597.84,356,420
597.88,357,420
597.92,357,420
597.96,358,421
598.0,359,421
598.04,360,422
598.08,361,422
598.12,362,423
598.16,362,423
598.2,364,423
598.24,364,424
598.28,364,423
598.32,365,424
598.36,365,424
598.4,365,424
598.44,366,424
598.48,366,424
598.52,367,424
598.56,367,425
598.6,368,425
598.64,368,425
598.68,369,425
598.72,369,425
598.76,369,426
598.8,370,425
598.84,370,426
598.88,371,426
598.92,371,426
598.96,372,426
599.0,372,426
599.04,373,426
599.08,373,427
599.12,374,427
599.16,375,427
599.2,375,428
599.24,376,429
599.28,377,428
599.32,378,428
599.36,379,429
599.4,379,429
599.44,379,429
599.48,379,428
599.52,376,427
599.56,373,425
599.6,370,423
599.64,367,422
599.68,365,422
599.72,362,422
599.76,359,423
599.8,356,421
599.84,354,419
599.88,351,418
599.92,349,417
599.96,349,417
600.0,348,417
600.04,348,417
600.08,348,417
600.12,349,417
600.16,349,417
600.2,349,418
600.24,349,418
600.28,350,418
600.32,350,418
600.36,351,419
600.4,352,419
600.44,352,419
600.48,352,420
600.52,353,419
600.56,353,419
600.6,353,419
600.64,354,419
600.68,355,419
600.72,355,419
600.76,356,419
600.8,356,419
600.84,357,419
600.88,358,420
600.92,358,421
600.96,359,421
601.0,361,421
601.04,362,422
601.08,363,422
601.12,364,422
601.16,365,423
601.2,365,423
601.24,366,423
601.28,367,423
601.32,368,423
601.36,369,424
601.4,369,424
601.44,370,424
601.48,371,425
601.52,371,425
601.56,372,425
601.6,372,425
601.64,373,426
601.68,374,426
601.72,375,426
601.76,376,426
601.8,376,427
601.84,377,427
601.88,377,427
601.92,378,427
601.96,378,427
602.0,379,428
602.04,379,428
602.08,380,428
602.12,381,429
602.16,381,429
602.2,382,429
602.24,383,429
602.28,384,429
602.32,384,430
602.36,385,430
602.4,386,430
602.44,387,430
602.48,388,430
602.52,389,431
602.56,390,431
602.6,391,431
602.64,392,431
602.68,393,431
602.72,394,432
602.76,395,433
602.8,396,434
602.84,398,434
602.88,399,435
602.92,400,436
602.96,402,436
603.0,403,437
603.04,404,438
603.08,406,438
603.12,407,439
603.16,409,439
603.2,411,440
603.24,413,441
603.28,415,443
603.32,417,444
603.36,419,445
603.4,421,446
603.44,423,448
603.48,426,449
603.52,428,451
603.56,430,452
603.6,433,453
603.64,435,455
603.68,438,457
603.72,440,458
603.76,442,460
603.8,444,461
603.84,447,462
603.88,448,463
603.92,450,464
603.96,452,465
604.0,453,466
604.04,455,467
604.08,456,468
604.12,458,469
604.16,459,470
604.2,460,470
604.24,461,471
604.28,462,472
604.32,462,472
604.36,463,472
604.4,464,473
604.44,464,473
604.48,464,473
604.52,464,474
604.56,465,474
604.6,464,474
604.64,465,474
604.68,464,475
604.72,464,474
604.76,464,474
604.8,464,473
604.84,463,473
604.88,463,473
604.92,463,473
604.96,463,473
605.0,463,473
605.04,462,473
605.08,461,473
605.12,461,473
605.16,460,474
605.2,460,474
605.24,459,474
605.28,459,474
605.32,459,474
605.36,459,474
605.4,459,474
605.44,459,474
605.48,459,474
605.52,459,474
605.56,459,474
605.6,459,474
605.64,459,474
605.68,458,474
605.72,458,474
605.76,458,474
605.8,457,475
605.84,457,475
605.88,457,475
605.92,456,476
605.96,456,477
606.0,455,478
606.04,454,479
606.08,453,480
606.12,453,480
606.16,453,481
606.2,453,481
606.24,452,481
606.28,453,481
606.32,453,480
606.36,454,477
606.4,454,474
606.44,455,469
606.48,455,463
606.52,453,457
606.56,452,450
606.6,450,443
606.64,449,437
606.68,447,431
606.72,445,426
606.76,444,422
606.8,442,419
606.84,440,416
606.88,438,414
606.92,436,411
606.96,434,409
607.0,432,407
607.04,430,405
607.08,427,403
607.12,425,402
607.16,423,402
607.2,420,400
607.24,417,398
607.28,413,396
607.32,409,394
607.36,406,391
607.4,402,388
607.44,401,387
607.48,399,387
607.52,400,387
607.56,401,386
607.6,401,385
607.64,401,386
607.68,401,386
607.72,401,385
607.76,401,385
607.8,401,385
607.84,401,386
607.88,401,386
607.92,402,386
607.96,402,386
608.0,401,386
608.04,402,386
608.08,402,387
608.12,402,387
608.16,402,387
608.2,402,387
608.24,402,387
608.28,402,387
608.32,402,387
608.36,402,387
608.4,402,386
608.44,402,386
608.48,402,386
608.52,402,387
608.56,402,386
608.6,402,386
608.64,401,387
608.68,402,386
608.72,402,387
608.76,402,386
608.8,402,386
608.84,402,386
608.88,402,386
608.92,402,387
608.96,402,387
609.0,402,387
609.04,402,387
609.08,402,386
609.12,402,386
609.16,402,386
609.2,402,386
609.24,402,386
609.28,402,386
609.32,402,386
609.36,402,386
609.4,402,387
609.44,402,387
609.48,402,387
609.52,402,387
609.56,402,387
609.6,402,387
609.64,402,387
609.68,402,387
609.72,403,387
609.76,403,387
609.8,403,387
609.84,403,387
609.88,403,387
609.92,403,387
609.96,403,387
610.0,403,388
610.04,403,388
610.08,403,388
610.12,403,387
610.16,403,388
610.2,403,388
610.24,403,387
610.28,403,388
610.32,403,387
610.36,403,387
610.4,403,387
610.44,403,387
610.48,403,387
610.52,403,388
610.56,403,388
610.6,403,387
610.64,402,387
610.68,402,388
610.72,402,388
610.76,402,388
610.8,403,388
610.84,403,388
610.88,403,388
610.92,403,388
610.96,403,388
611.0,403,388
611.04,403,388
611.08,403,388
611.12,403,388
611.16,403,388
611.2,403,388
611.24,403,388
611.28,403,388
611.32,403,388
611.36,403,388
611.4,403,388
611.44,403,388
611.48,403,388
611.52,403,388
611.56,403,388
611.6,403,388
611.64,404,388
611.68,404,389
611.72,405,388
611.76,405,389
611.8,406,389
611.84,406,390
611.88,407,390
611.92,407,390
611.96,408,391
612.0,409,392
612.04,410,392
612.08,411,392
612.12,412,394
612.16,413,395
612.2,413,396
612.24,415,397
612.28,417,398
612.32,418,400
612.36,420,401
612.4,422,402
612.44,424,404
612.48,426,406
612.52,429,409
612.56,430,409
612.6,428,406
612.64,426,403
612.68,423,400
612.72,419,400
612.76,417,401
612.8,414,404
612.84,410,408
612.88,406,412
612.92,401,419
612.96,394,425
613.0,384,429
613.04,372,432
613.08,359,434
613.12,344,435
613.16,330,436
613.2,318,437
613.24,308,433
613.28,302,432
613.32,299,431
613.36,298,431
613.4,299,431
613.44,302,431
613.48,305,432
613.52,309,433
613.56,309,433
613.6,309,432
613.64,308,431
613.68,308,431
613.72,308,430
613.76,308,429
613.8,308,428
613.84,309,426
613.88,309,425
613.92,310,424
613.96,310,425
614.0,310,427
614.04,311,428
614.08,311,430
614.12,312,433
614.16,313,434
614.2,313,433
614.24,313,434
614.28,313,435
614.32,313,435
614.36,313,436
614.4,313,436
614.44,313,435
614.48,314,435
614.52,315,433
614.56,316,431
614.6,317,428
614.64,320,425
614.68,323,422
614.72,328,419
614.76,333,417
614.8,339,415
614.84,344,414
614.88,349,413
614.92,352,414
614.96,354,414
615.0,355,414
615.04,356,414
615.08,355,412
615.12,354,410
615.16,353,408
615.2,351,403
615.24,350,398
615.28,349,394
615.32,348,387
615.36,348,382
615.4,347,379
615.44,346,375
615.48,344,372
615.52,342,369
615.56,340,366
615.6,337,365
615.64,335,362
615.68,334,362
615.72,335,362
615.76,337,363
615.8,341,364
615.84,347,366
615.88,353,371
615.92,361,376
615.96,368,383
616.0,375,391
616.04,380,396
616.08,381,399
616.12,381,401
616.16,379,404
616.2,374,406
616.24,369,407
616.28,364,409
616.32,360,410
616.36,357,411
616.4,355,411
616.44,354,412
616.48,354,414
616.52,355,415
616.56,355,415
616.6,357,416
616.64,358,418
616.68,360,419
616.72,362,420
616.76,364,421
616.8,365,421
616.84,365,421
616.88,364,422
616.92,363,423
616.96,361,424
617.0,359,425
617.04,359,425
617.08,360,424
617.12,362,423
617.16,365,423
617.2,367,424
617.24,370,424
617.28,371,426
617.32,371,426
617.36,370,426
617.4,369,425
617.44,368,424
617.48,367,423
617.52,365,422
617.56,364,421
617.6,363,421
617.64,362,419
617.68,362,419
617.72,362,419
617.76,363,419
617.8,364,419
617.84,364,418
617.88,365,418
617.92,365,420
617.96,367,419
618.0,367,420
618.04,369,421
618.08,370,421
618.12,372,421
618.16,374,422
618.2,375,423
618.24,377,423
618.28,377,425
618.32,378,425
618.36,378,425
618.4,378,425
618.44,378,424
618.48,376,424
618.52,374,424
618.56,372,423
618.6,369,422
618.64,366,420
618.68,362,419
618.72,358,418
618.76,355,416
618.8,352,414
618.84,350,413
618.88,349,412
618.92,347,410
618.96,346,411
619.0,346,411
619.04,347,410
619.08,348,409
619.12,348,409
619.16,350,410
619.2,350,410
619.24,351,411
619.28,353,412
619.32,354,412
619.36,355,413
619.4,356,413
619.44,357,414
619.48,357,414
619.52,357,414
619.56,358,416
619.6,359,416
619.64,359,416
619.68,359,416
619.72,361,418
619.76,361,417
619.8,362,417
619.84,362,418
619.88,362,418
619.92,363,419
619.96,363,419
620.0,363,420
620.04,364,420
620.08,364,420
620.12,364,420
620.16,365,420
620.2,365,420
620.24,365,420
620.28,365,420
620.32,365,421
620.36,365,421
620.4,366,421
620.44,367,420
620.48,367,421
620.52,368,421
620.56,369,421
620.6,369,422
620.64,370,421
620.68,371,422
620.72,371,422
620.76,372,423
620.8,373,423
620.84,373,424
620.88,373,424
620.92,374,424
620.96,374,425
621.0,375,425
621.04,375,425
621.08,375,425
621.12,376,426
621.16,377,426
621.2,377,426
621.24,377,426
621.28,378,427
621.32,378,427
621.36,379,427
621.4,379,427
621.44,379,427
621.48,380,427
621.52,380,427
621.56,380,428
621.6,381,428
621.64,381,428
621.68,382,428
621.72,382,429
621.76,383,429
621.8,384,430
621.84,385,430
621.88,385,431
621.92,386,431
621.96,387,431
622.0,387,432
622.04,388,432
622.08,389,432
622.12,390,433
622.16,390,433
622.2,391,434
622.24,392,434
622.28,393,434
622.32,394,435
622.36,395,435
622.4,396,434
622.44,396,434
622.48,396,434
622.52,394,433
622.56,391,432
622.6,387,429
622.64,381,427
622.68,376,424
622.72,371,423
622.76,366,422
622.8,362,422
622.84,358,421
622.88,355,418
622.92,353,417
622.96,352,416
623.0,352,416
623.04,352,415
623.08,353,415
623.12,354,416
623.16,355,417
623.2,356,419
623.24,357,419
623.28,359,419
623.32,361,419
623.36,362,420
623.4,364,419
623.44,364,419
623.48,365,421
623.52,365,419
623.56,366,421
623.6,367,421
623.64,367,422
623.68,368,422
623.72,368,422
623.76,368,422
623.8,368,422
623.84,369,421
623.88,369,423
623.92,369,423
623.96,370,423
624.0,370,422
624.04,370,423
624.08,371,423
624.12,371,424
624.16,372,424
624.2,372,424
624.24,373,424
624.28,374,424
624.32,375,424
624.36,375,425
624.4,376,426
624.44,376,426
624.48,377,426
624.52,377,426
624.56,378,427
624.6,378,427
624.64,379,427
624.68,379,427
624.72,379,427
624.76,379,427
624.8,380,427
624.84,380,427
624.88,381,427
624.92,381,427
624.96,382,427
625.0,383,428
625.04,385,428
625.08,386,428
625.12,387,429
625.16,388,428
625.2,386,427
625.24,384,426
625.28,381,424
625.32,378,422
625.36,375,421
625.4,372,422
625.44,370,424
625.48,366,426
625.52,363,424
625.56,360,422
625.6,357,421
625.64,355,420
625.68,353,419
625.72,353,419
625.76,353,418
625.8,353,418
625.84,354,418
625.88,354,418
625.92,355,419
625.96,356,419
626.0,356,420
626.04,357,420
626.08,358,420
626.12,359,420
626.16,360,421
626.2,361,421
626.24,362,421
626.28,363,421
626.32,364,421
626.36,365,421
626.4,366,422
626.44,367,422
626.48,368,422
626.52,369,423
626.56,370,423
626.6,370,422
626.64,371,423
626.68,371,424
626.72,372,423
626.76,372,424
626.8,373,424
626.84,374,425
626.88,375,425
626.92,375,426
626.96,376,426
627.0,376,426
627.04,377,426
627.08,377,426
627.12,378,427
627.16,378,427
627.2,379,427
627.24,379,427
627.28,380,428
627.32,380,428
627.36,381,428
627.4,381,428
627.44,381,428
627.48,382,428
627.52,382,428
627.56,383,429
627.6,383,429
627.64,383,429
627.68,384,429
627.72,384,429
627.76,385,430
627.8,385,430
627.84,386,430
627.88,386,430
627.92,386,430
627.96,386,431
628.0,386,430
628.04,385,430
628.08,382,429
628.12,379,428
628.16,376,427
628.2,373,427
628.24,370,427
628.28,369,427
628.32,368,428
628.36,367,429
628.4,367,428
628.44,367,427
628.48,367,426
628.52,366,425
628.56,366,422
628.6,366,421
628.64,366,421
628.68,364,422
628.72,362,421
628.76,360,420
628.8,357,419
628.84,355,418
628.88,353,416
628.92,352,416
628.96,351,415
629.0,351,415
629.04,351,415
629.08,352,415
629.12,352,414
629.16,353,414
629.2,354,414
629.24,355,415
629.28,356,416
629.32,356,415
629.36,357,416
629.4,358,417
629.44,359,417
629.48,359,418
629.52,361,418
629.56,361,419
629.6,362,420
629.64,362,420
629.68,363,420
629.72,364,421
629.76,364,420
629.8,364,420
629.84,364,420
629.88,365,420
629.92,366,419
629.96,367,420
630.0,369,421
630.04,369,421
630.08,370,422
630.12,371,422
630.16,372,422
630.2,373,422
630.24,374,422
630.28,374,423
630.32,375,423
630.36,376,423
630.4,376,423
630.44,377,423
630.48,377,424
630.52,378,424
630.56,379,424
630.6,379,425
630.64,380,425
630.68,381,425
630.72,381,426
630.76,382,426
630.8,383,426
630.84,383,427
630.88,383,427
630.92,383,428
630.96,382,428
631.0,380,428
631.04,377,427
631.08,373,425
631.12,369,424
631.16,365,423
631.2,361,422
631.24,358,423
631.28,355,422
631.32,352,419
631.36,350,417
631.4,349,416
631.44,348,416
631.48,349,417
631.52,349,416
631.56,350,416
631.6,351,416
631.64,351,416
631.68,352,416
631.72,353,416
631.76,354,416
631.8,356,417
631.84,357,417
631.88,358,418
631.92,359,418
631.96,360,419
632.0,362,419
632.04,362,420
632.08,363,419
632.12,364,420
632.16,364,420
632.2,366,420
632.24,366,420
632.28,366,421
632.32,367,422
632.36,367,422
632.4,369,423
632.44,370,423
632.48,370,423
632.52,371,424
632.56,372,424
632.6,372,424
632.64,373,425
632.68,373,425
632.72,374,426
632.76,374,426
632.8,374,426
632.84,375,426
632.88,375,426
632.92,376,426
632.96,376,426
633.0,376,427
633.04,375,427
633.08,375,428
633.12,374,428
633.16,372,428
633.2,369,427
633.24,366,425
633.28,362,422
633.32,358,422
633.36,355,421
633.4,352,422
633.44,349,422
633.48,347,421
633.52,347,419
633.56,347,418
633.6,347,418
633.64,348,418
633.68,348,417
633.72,349,417
633.76,349,417
633.8,349,417
633.84,350,417
633.88,351,417
633.92,352,418
633.96,352,419
634.0,354,419
634.04,355,420
634.08,356,418
634.12,356,420
634.16,357,420
634.2,358,419
634.24,358,421
634.28,359,420
634.32,360,421
634.36,361,421
634.4,362,422
634.44,362,421
634.48,363,421
634.52,364,421
634.56,364,422
634.6,365,422
634.64,365,422
634.68,366,423
634.72,366,422
634.76,367,422
634.8,367,423
634.84,368,423
634.88,368,424
634.92,369,425
634.96,369,425
635.0,369,425
635.04,370,425
635.08,371,424
635.12,371,425
635.16,371,425
635.2,372,426
635.24,372,426
635.28,373,426
635.32,374,426
635.36,374,426
635.4,375,427
635.44,376,428
635.48,377,428
635.52,378,428
635.56,378,428
635.6,378,428
635.64,377,429
635.68,376,429
635.72,376,429
635.76,376,430
635.8,376,430
635.84,376,431
635.88,375,431
635.92,375,431
635.96,374,431
636.0,374,431
636.04,374,430
636.08,374,430
636.12,374,429
636.16,375,428
636.2,375,427
636.24,375,425
636.28,373,421
636.32,371,416
636.36,368,412
636.4,364,408
636.44,360,402
636.48,355,402
636.52,352,402
636.56,349,405
636.6,347,408
636.64,346,411
636.68,346,413
636.72,346,416
636.76,346,418
636.8,348,420
636.84,350,424
636.88,352,425
636.92,352,425
636.96,352,425
637.0,352,424
637.04,350,421
637.08,348,416
637.12,345,410
637.16,344,406
637.2,339,401
637.24,341,402
637.28,338,397
637.32,338,395
637.36,338,394
637.4,340,394
637.44,342,395
637.48,348,395
637.52,354,398
637.56,362,403
637.6,370,408
637.64,380,413
637.68,388,419
637.72,395,421
637.76,399,423
637.8,401,424
637.84,400,427
637.88,397,430
637.92,394,432
637.96,391,431
638.0,387,429
638.04,385,427
638.08,383,425
638.12,382,423
638.16,382,423
638.2,382,422
638.24,383,422
638.28,384,424
638.32,385,426
638.36,386,428
638.4,386,429
638.44,385,429
638.48,385,428
638.52,384,427
638.56,382,426
638.6,379,425
638.64,376,423
638.68,373,422
638.72,371,421
638.76,369,420
638.8,367,419
638.84,365,418
638.88,364,417
638.92,363,415
638.96,361,415
639.0,360,413
639.04,359,412
639.08,358,411
639.12,357,410
639.16,356,410
639.2,355,408
639.24,355,408
639.28,355,408
639.32,355,408
639.36,356,408
639.4,356,408
639.44,357,407
639.48,357,408
639.52,359,410
639.56,359,410
639.6,361,411
639.64,362,411
639.68,362,411
639.72,363,412
639.76,363,413
639.8,363,414
639.84,364,413
639.88,364,415
639.92,364,415
639.96,365,415
640.0,365,415
640.04,366,416
640.08,366,416
640.12,366,417
640.16,367,417
640.2,367,417
640.24,368,417
640.28,368,417
640.32,369,417
640.36,369,418
640.4,369,419
640.44,369,419
640.48,369,419
640.52,370,419
640.56,370,420
640.6,371,420
640.64,372,420
640.68,372,420
640.72,373,421
640.76,373,421
640.8,374,421
640.84,374,421
640.88,375,421
640.92,376,422
640.96,377,422
641.0,377,422
641.04,378,422
641.08,378,422
641.12,379,422
641.16,379,423
641.2,380,423
641.24,380,423
641.28,380,423
641.32,381,423
641.36,382,424
641.4,382,424
641.44,383,424
641.48,384,425
641.52,384,425
641.56,385,425
641.6,385,426
641.64,385,426
641.68,386,426
641.72,386,426
641.76,386,426
641.8,386,426
641.84,386,427
641.88,386,427
641.92,387,427
641.96,387,427
642.0,387,427
642.04,387,427
642.08,387,427
642.12,388,427
642.16,388,428
642.2,389,428
642.24,389,428
642.28,389,428
642.32,390,428
642.36,390,428
642.4,390,429
642.44,391,429
642.48,391,429
642.52,391,429
642.56,392,430
642.6,392,430
642.64,392,430
642.68,393,430
642.72,393,430
642.76,394,431
642.8,394,431
642.84,395,431
642.88,395,432
642.92,395,432
642.96,395,432
643.0,395,432
643.04,396,432
643.08,396,432
643.12,396,432
643.16,395,431
643.2,393,430
643.24,390,429
643.28,386,428
643.32,383,428
643.36,379,428
643.4,376,428
643.44,373,426
643.48,371,426
643.52,367,425
643.56,364,423
643.6,361,422
643.64,359,421
643.68,357,420
643.72,356,418
643.76,354,417
643.8,354,416
643.84,354,416
643.88,355,415
643.92,356,415
643.96,357,415
644.0,359,416
644.04,361,416
644.08,362,417
644.12,363,418
644.16,364,419
644.2,365,420
644.24,365,420
644.28,366,420
644.32,367,421
644.36,368,422
644.4,369,422
644.44,371,423
644.48,373,424
644.52,374,424
644.56,375,426
644.6,376,426
644.64,377,427
644.68,378,427
644.72,379,427
644.76,379,427
644.8,380,428
644.84,381,428
644.88,381,428
644.92,382,428
644.96,383,428
645.0,384,428
645.04,385,429
645.08,385,429
645.12,386,429
645.16,387,429
645.2,387,429
645.24,388,430
645.28,389,430
645.32,389,430
645.36,390,431
645.4,391,431
645.44,392,432
645.48,393,432
645.52,394,433
645.56,395,434
645.6,397,435
645.64,399,436
645.68,399,436
645.72,398,436
645.76,396,435
645.8,391,433
645.84,386,429
645.88,380,426
645.92,376,423
645.96,373,423
646.0,372,424
646.04,371,426
646.08,369,426
646.12,368,423
646.16,366,423
646.2,365,422
646.24,363,421
646.28,362,421
646.32,361,420
646.36,360,420
646.4,360,420
646.44,360,418
646.48,360,418
646.52,361,418
646.56,361,418
646.6,362,418
646.64,363,418
646.68,363,419
646.72,364,419
646.76,365,419
646.8,365,419
646.84,366,420
646.88,366,420
646.92,367,420
646.96,367,420
647.0,368,421
647.04,369,421
647.08,370,421
647.12,371,422
647.16,372,423
647.2,373,423
647.24,373,424
647.28,375,424
647.32,376,424
647.36,377,425
647.4,377,426
647.44,378,426
647.48,379,426
647.52,380,426
647.56,381,427
647.6,382,427
647.64,382,427
647.68,383,427
647.72,384,428
647.76,385,428
647.8,385,428
647.84,386,428
647.88,387,429
647.92,388,429
647.96,389,430
648.0,389,430
648.04,390,430
648.08,391,431
648.12,391,431
648.16,392,431
648.2,392,432
648.24,393,432
648.28,394,432
648.32,394,432
648.36,395,432
648.4,396,432
648.44,396,433
648.48,397,433
648.52,397,433
648.56,398,433
648.6,399,433
648.64,400,434
648.68,401,434
648.72,401,434
648.76,402,434
648.8,403,434
648.84,404,434
648.88,405,434
648.92,405,434
648.96,406,434
649.0,406,434
649.04,407,435
649.08,407,435
649.12,407,435
649.16,407,435
649.2,407,435
649.24,407,435
649.28,407,435
649.32,407,435
649.36,407,435
649.4,407,436
649.44,407,436
649.48,406,436
649.52,406,437
649.56,405,437
649.6,405,437
649.64,405,437
649.68,405,437
649.72,405,437
649.76,405,437
649.8,405,437
649.84,405,436
649.88,405,437
649.92,405,436
649.96,405,437
650.0,404,436
650.04,404,436
650.08,404,436
650.12,405,437
650.16,405,437
650.2,405,437
650.24,405,437
650.28,405,437
650.32,405,437
650.36,404,438
650.4,404,438
650.44,402,438
650.48,399,438
650.52,394,438
650.56,387,436
650.6,380,435
650.64,372,433
650.68,365,431
650.72,358,430
650.76,352,428
650.8,347,427
650.84,340,426
650.88,334,424
650.92,327,421
650.96,320,417
651.0,312,414
651.04,304,408
651.08,297,403
651.12,290,397
651.16,284,393
651.2,280,387
651.24,278,380
651.28,279,375
651.32,284,368
651.36,290,365
651.4,300,363
651.44,311,364
651.48,323,363
651.52,338,365
651.56,357,364
651.6,357,364
651.64,377,386
651.68,390,392
651.72,396,401
651.76,398,407
651.8,397,411
651.84,395,413
651.88,391,416
651.92,388,418
651.96,384,422
652.0,380,425
652.04,376,426
652.08,372,427
652.12,367,428
652.16,362,427
652.2,356,427
652.24,351,425
652.28,348,423
652.32,347,421
652.36,348,420
652.4,351,419
652.44,355,419
652.48,361,420
652.52,366,422
652.56,369,425
652.6,372,429
652.64,372,432
652.68,372,432
652.72,371,432
652.76,370,432
652.8,370,432
652.84,371,432
652.88,371,431
652.92,371,431
652.96,370,431
653.0,370,431
653.04,370,431
653.08,370,431
653.12,370,430
653.16,369,428
653.2,369,426
653.24,369,424
653.28,370,423
653.32,372,423
653.36,374,425
653.4,376,427
653.44,377,430
653.48,377,429
653.52,375,429
653.56,373,428
653.6,371,427
653.64,367,425
653.68,364,424
653.72,362,422
653.76,359,421
653.8,357,421
653.84,355,420
653.88,353,419
653.92,352,419
653.96,352,418
654.0,352,418
654.04,352,418
654.08,353,417
654.12,354,418
654.16,355,418
654.2,356,418
654.24,357,418
654.28,359,419
654.32,359,419
654.36,360,420
654.4,361,420
654.44,362,421
654.48,363,421
654.52,363,421
654.56,364,421
654.6,364,422
654.64,365,422
654.68,365,422
654.72,366,422
654.76,367,423
654.8,367,423
654.84,368,423
654.88,369,423
654.92,370,423
654.96,370,423
655.0,371,423
655.04,371,425
655.08,372,424
655.12,373,424
655.16,373,425
655.2,374,425
655.24,375,425
655.28,376,425
655.32,377,426
655.36,378,426
655.4,378,426
655.44,379,426
655.48,379,427
655.52,380,427
655.56,381,427
655.6,381,427
655.64,382,427
655.68,383,428
655.72,383,428
655.76,384,428
655.8,385,429
655.84,386,429
655.88,387,429
655.92,388,430
655.96,389,431
656.0,389,431
656.04,390,431
656.08,390,431
656.12,391,431
656.16,391,431
656.2,392,432
656.24,392,432
656.28,393,433
656.32,393,433
656.36,394,433
656.4,394,433
656.44,395,434
656.48,395,435
656.52,396,435
656.56,396,436
656.6,396,437
656.64,397,437
656.68,398,437
656.72,398,438
656.76,399,438
656.8,400,438
656.84,401,439
656.88,401,439
656.92,402,439
656.96,402,440
657.0,400,440
657.04,398,439
657.08,394,437
657.12,390,435
657.16,385,431
657.2,380,429
657.24,375,428
657.28,371,429
657.32,367,429
657.36,362,426
657.4,359,424
657.44,356,423
657.48,355,422
657.52,353,421
657.56,353,421
657.6,354,421
657.64,355,420
657.68,355,421
657.72,356,421
657.76,358,421
657.8,359,422
657.84,361,423
657.88,362,425
657.92,364,425
657.96,365,425
658.0,366,425
658.04,367,426
658.08,368,426
658.12,369,426
658.16,370,426
658.2,370,426
658.24,371,426
658.28,371,427
658.32,372,427
658.36,372,427
658.4,373,427
658.44,373,427
658.48,374,427
658.52,375,427
658.56,376,428
658.6,376,428
658.64,377,428
658.68,378,428
658.72,379,429
658.76,380,429
658.8,381,429
658.84,382,429
658.88,383,430
658.92,384,430
658.96,385,430
659.0,385,430
659.04,386,431
659.08,387,431
659.12,388,431
659.16,389,431
659.2,389,432
659.24,390,432
659.28,390,433
659.32,391,433
659.36,391,433
659.4,391,433
659.44,392,433
659.48,393,433
659.52,393,433
659.56,394,432
659.6,395,432
659.64,396,432
659.68,397,431
659.72,399,431
659.76,401,431
659.8,402,431
659.84,402,431
659.88,402,431
659.92,402,431
659.96,402,431
660.0,402,432
660.04,401,432
660.08,401,433
660.12,400,435
660.16,399,436
660.2,397,437
660.24,395,437
660.28,391,435
660.32,386,433
660.36,380,430
660.4,375,428
660.44,370,426
660.48,366,426
660.52,362,426
660.56,357,426
660.6,354,424
660.64,350,421
660.68,348,420
660.72,347,419
660.76,347,418
660.8,347,417
660.84,348,417
660.88,348,416
660.92,348,416
660.96,348,416
661.0,348,416
661.04,349,417
661.08,350,417
661.12,351,418
661.16,352,418
661.2,352,417
661.24,352,417
661.28,352,418
661.32,352,417
661.36,353,417
661.4,353,417
661.44,353,418
661.48,354,417
661.52,354,418
661.56,355,418
661.6,356,418
661.64,357,418
661.68,358,418
661.72,359,419
661.76,360,420
661.8,361,421
661.84,362,420
661.88,363,421
661.92,364,422
661.96,365,422
662.0,365,422
662.04,366,423
662.08,366,423
662.12,367,424
662.16,367,424
662.2,368,424
662.24,369,425
662.28,370,425
662.32,371,425
662.36,371,425
662.4,372,426
662.44,372,426
662.48,373,426
662.52,374,427
662.56,374,427
662.6,375,427
662.64,376,428
662.68,377,428
662.72,378,428
662.76,379,428
662.8,379,429
662.84,380,429
662.88,381,429
662.92,381,429
662.96,381,429
663.0,382,429
663.04,382,429
663.08,383,429
663.12,383,429
663.16,384,429
663.2,385,429
663.24,385,429
663.28,384,430
663.32,384,430
663.36,384,431
663.4,383,432
663.44,383,432
663.48,382,432
663.52,381,433
663.56,380,432
663.6,377,430
663.64,373,428
663.68,369,425
663.72,365,422
663.76,361,421
663.8,357,420
663.84,354,421
663.88,352,421
663.92,351,420
663.96,350,419
664.0,350,419
664.04,351,418
664.08,351,417
664.12,352,417
664.16,352,417
664.2,353,417
664.24,353,416
664.28,354,416
664.32,355,415
664.36,356,415
664.4,357,415
664.44,358,415
664.48,358,416
664.52,358,416
664.56,358,416
664.6,359,416
664.64,359,416
664.68,359,416
664.72,360,416
664.76,361,416
664.8,362,416
664.84,363,416
664.88,364,417
664.92,366,417
664.96,367,417
665.0,368,417
665.04,369,418
665.08,370,418
665.12,371,418
665.16,372,418
665.2,372,418
665.24,373,418
665.28,373,418
665.32,374,418
665.36,374,418
665.4,375,418
665.44,375,418
665.48,375,418
665.52,376,418
665.56,376,418
665.6,377,419
665.64,378,419
665.68,378,419
665.72,379,419
665.76,379,419
665.8,379,419
665.84,380,419
665.88,381,419
665.92,382,419
665.96,383,418
666.0,385,418
666.04,387,417
666.08,388,417
666.12,390,417
666.16,391,416
666.2,392,416
666.24,393,415
666.28,394,415
666.32,395,415
666.36,396,414
666.4,397,414
666.44,398,414
666.48,400,414
666.52,400,415
666.56,401,415
666.6,401,416
666.64,402,417
666.68,402,417
666.72,403,417
666.76,403,417
666.8,404,417
666.84,403,417
666.88,404,417
666.92,403,417
666.96,403,417
667.0,402,418
667.04,400,422
667.08,398,427
667.12,397,427
667.16,398,427
667.2,398,427
667.24,398,427
667.28,398,427
667.32,398,428
667.36,398,428
667.4,398,428
667.44,398,428
667.48,398,428
667.52,398,428
667.56,398,428
667.6,398,428
667.64,398,428
667.68,397,429
667.72,397,428
667.76,397,429
667.8,397,429
667.84,396,429
667.88,397,429
667.92,396,429
667.96,396,429
668.0,396,429
668.04,396,429
668.08,396,429
668.12,396,429
668.16,396,429
668.2,396,429
668.24,396,429
668.28,396,429
668.32,396,429
668.36,396,429
668.4,396,429
668.44,396,429
668.48,396,428
668.52,396,429
668.56,396,428
668.6,396,428
668.64,396,428
668.68,396,428
668.72,396,428
668.76,396,428
668.8,396,429
668.84,396,429
668.88,396,429
668.92,396,429
668.96,396,429
669.0,396,429
669.04,396,429
669.08,396,429
669.12,396,429
669.16,395,429
669.2,395,429
669.24,395,429
669.28,395,430
669.32,395,430
669.36,394,430
669.4,394,430
669.44,394,430
669.48,394,430
669.52,394,430
669.56,394,430
669.6,394,430
669.64,394,430
669.68,394,430
669.72,394,430
669.76,394,430
669.8,394,430
669.84,394,430
669.88,394,430
669.92,394,430
669.96,394,430
670.0,394,430
670.04,394,430
670.08,394,430
670.12,395,430
670.16,395,430
670.2,395,430
670.24,395,429
670.28,395,429
670.32,395,429
670.36,395,429
670.4,395,429
670.44,395,429
670.48,395,429
670.52,395,429
670.56,395,429
670.6,395,429
670.64,395,429
670.68,395,429
670.72,395,429
670.76,395,429
670.8,395,429
670.84,395,429
670.88,395,430
670.92,395,429
670.96,395,429
671.0,395,429
671.04,395,430
671.08,396,429
671.12,395,430
671.16,395,429
671.2,395,430
671.24,395,429
671.28,395,429
671.32,395,429
671.36,395,429
671.4,395,429
671.44,395,429
671.48,395,429
671.52,395,430
671.56,395,430
671.6,395,430
671.64,395,430
671.68,395,430
671.72,394,430
671.76,394,430
671.8,392,431
671.84,391,432
671.88,389,432
671.92,385,431
671.96,381,431
672.0,376,429
672.04,371,428
672.08,366,427
672.12,360,425
672.16,356,423
672.2,354,422
672.24,353,420
672.28,354,419
672.32,355,418
672.36,357,417
672.4,360,416
672.44,363,414
672.48,366,411
672.52,370,406
672.56,374,400
672.6,378,393
672.64,381,386
672.68,384,379
672.72,385,373
672.76,386,368
672.8,386,366
672.84,385,366
672.88,383,366
672.92,381,368
672.96,379,371
673.0,378,375
673.04,376,378
673.08,373,383
673.12,370,385
673.16,366,389
673.2,363,393
673.24,359,395
673.28,356,398
673.32,353,401
673.36,353,405
673.4,347,408
673.44,348,409
673.48,347,412
673.52,348,413
673.56,347,414
673.6,348,416
673.64,349,415
673.68,349,416
673.72,349,416
673.76,349,414
673.8,347,414
673.84,346,415
673.88,342,413
673.92,340,413
673.96,342,415
674.0,342,417
674.04,342,416
674.08,342,417
674.12,341,417
674.16,341,417
674.2,341,417
674.24,341,418
674.28,340,417
674.32,339,417
674.36,338,417
674.4,337,417
674.44,335,416
674.48,334,416
674.52,332,416
674.56,331,413
674.6,331,412
674.64,330,412
674.68,330,413
674.72,330,412
674.76,332,412
674.8,332,412
674.84,330,411
674.88,332,414
674.92,335,418
674.96,334,413
675.0,336,418
675.04,336,419
675.08,335,418
675.12,334,419
675.16,333,417
675.2,336,418
675.24,339,417
675.28,339,417
675.32,347,406
675.36,347,411
675.4,347,418
675.44,349,418
675.48,357,414
675.52,356,414
675.56,352,418
675.6,348,419
675.64,344,420
675.68,338,424
675.72,331,424
675.76,325,424
675.8,320,420
675.84,320,420
675.88,320,420
675.92,320,420
675.96,320,420
676.0,322,380
676.04,331,365
676.08,331,365
676.12,331,365
676.16,351,375
676.2,361,380
676.24,366,388
676.28,369,396
676.32,369,403
676.36,369,406
676.4,367,407
676.44,364,410
676.48,359,409
676.52,354,410
676.56,349,410
676.6,345,412
676.64,340,415
676.68,337,419
676.72,333,422
676.76,330,425
676.8,328,427
676.84,325,428
676.88,324,428
676.92,322,426
676.96,320,422
677.0,317,416
677.04,314,409
677.08,310,401
677.12,306,394
677.16,303,385
677.2,300,378
677.24,297,373
677.28,295,370
677.32,294,365
677.36,296,362
677.4,298,361
677.44,302,361
677.48,307,364
677.52,313,367
677.56,321,368
677.6,327,379
677.64,333,390
677.68,338,402
677.72,341,411
677.76,345,420
677.8,348,427
677.84,350,434
677.88,352,438
677.92,354,440
677.96,356,442
678.0,357,444
678.04,358,444
678.08,359,445
678.12,360,445
678.16,361,444
678.2,362,444
678.24,363,443
678.28,364,441
678.32,365,439
678.36,365,436
678.4,364,433
678.44,363,430
678.48,362,426
678.52,362,423
678.56,362,421
678.6,363,420
678.64,364,421
678.68,366,422
678.72,367,425
678.76,367,428
678.8,368,427
678.84,368,427
678.88,369,427
678.92,369,426
678.96,370,426
679.0,371,427
679.04,372,427
679.08,374,427
679.12,375,427
679.16,377,428
679.2,378,428
679.24,378,428
679.28,378,428
679.32,377,428
679.36,376,428
679.4,374,427
679.44,371,425
679.48,367,423
679.52,362,421
679.56,358,419
679.6,355,416
679.64,354,415
679.68,355,413
679.72,357,414
679.76,360,416
679.8,363,419
679.84,365,423
679.88,365,424
679.92,365,423
679.96,364,424
680.0,363,423
680.04,361,422
680.08,359,422
680.12,356,422
680.16,354,421
680.2,352,421
680.24,351,420
680.28,351,420
680.32,351,420
680.36,351,419
680.4,351,418
680.44,351,418
680.48,351,417
680.52,352,417
680.56,352,418
680.6,354,418
680.64,354,418
680.68,355,417
680.72,355,418
680.76,356,418
680.8,356,418
680.84,356,418
680.88,357,418
680.92,357,419
680.96,357,418
681.0,357,419
681.04,358,419
681.08,359,419
681.12,360,420
681.16,360,420
681.2,361,420
681.24,361,421
681.28,361,421
681.32,362,421
681.36,363,421
681.4,363,421
681.44,363,421
681.48,364,422
681.52,364,422
681.56,364,422
681.6,364,422
681.64,365,422
681.68,365,422
681.72,365,422
681.76,366,423
681.8,366,423
681.84,367,423
681.88,367,423
681.92,368,423
681.96,368,423
682.0,368,424
682.04,369,424
682.08,369,424
682.12,370,425
682.16,370,425
682.2,370,425
682.24,371,425
682.28,371,425
682.32,372,425
682.36,373,426
682.4,373,426
682.44,374,426
682.48,374,426
682.52,375,426
682.56,375,427
682.6,376,427
682.64,376,427
682.68,377,427
682.72,377,427
682.76,377,427
682.8,378,427
682.84,378,428
682.88,378,427
682.92,378,428
682.96,378,428
683.0,379,428
683.04,379,428
683.08,380,428
683.12,381,428
683.16,381,428
683.2,382,428
683.24,382,428
683.28,382,428
683.32,383,429
683.36,383,428
683.4,384,429
683.44,385,428
683.48,385,429
683.52,386,429
683.56,387,429
683.6,387,429
683.64,388,429
683.68,388,429
683.72,389,429
683.76,389,429
683.8,390,429
683.84,391,429
683.88,392,429
683.92,392,429
683.96,394,429
684.0,395,429
684.04,396,430
684.08,397,430
684.12,397,430
684.16,398,430
684.2,398,430
684.24,397,431
684.28,397,431
684.32,397,432
684.36,396,433
684.4,394,434
684.44,392,434
684.48,388,433
684.52,384,432
684.56,380,429
684.6,377,428
684.64,374,427
684.68,371,426
684.72,367,426
684.76,363,426
684.8,359,426
684.84,356,425
684.88,353,423
684.92,351,421
684.96,349,420
685.0,348,419
685.04,347,418
685.08,347,417
685.12,348,416
685.16,348,416
685.2,349,417
685.24,349,417
685.28,350,418
685.32,351,419
685.36,352,420
685.4,353,420
685.44,353,420
685.48,354,420
685.52,354,420
685.56,354,420
685.6,354,420
685.64,354,419
685.68,355,419
685.72,355,419
685.76,355,419
685.8,356,419
685.84,357,419
685.88,357,420
685.92,358,420
685.96,359,421
686.0,360,421
686.04,361,421
686.08,362,422
686.12,362,422
686.16,363,422
686.2,363,422
686.24,364,422
686.28,364,422
686.32,365,422
686.36,365,423
686.4,366,423
686.44,366,423
686.48,367,423
686.52,367,423
686.56,368,423
686.6,368,423
686.64,369,424
686.68,369,424
686.72,370,424
686.76,370,424
686.8,370,424
686.84,371,424
686.88,371,424
686.92,372,424
686.96,372,424
687.0,373,424
687.04,373,424
687.08,373,424
687.12,374,425
687.16,374,425
687.2,375,425
687.24,375,425
687.28,376,425
687.32,376,425
687.36,377,425
687.4,377,425
687.44,378,425
687.48,378,425
687.52,379,425
687.56,379,425
687.6,380,425
687.64,380,426
687.68,380,426
687.72,381,426
687.76,381,426
687.8,382,426
687.84,382,426
687.88,382,426
687.92,383,426
687.96,383,426
688.0,384,426
688.04,384,426
688.08,385,426
688.12,385,426
688.16,385,426
688.2,386,427
688.24,386,427
688.28,387,427
688.32,387,427
688.36,388,427
688.4,389,427
688.44,389,427
688.48,389,427
688.52,390,427
688.56,390,427
688.6,391,428
688.64,392,428
688.68,392,428
688.72,392,428
688.76,393,428
688.8,393,428
688.84,393,429
688.88,394,429
688.92,394,429
688.96,394,429
689.0,394,429
689.04,395,430
689.08,394,430
689.12,394,431
689.16,393,432
689.2,391,434
689.24,388,434
689.28,384,433
689.32,381,431
689.36,376,429
689.4,372,427
689.44,368,425
689.48,364,424
689.52,360,423
689.56,356,423
689.6,353,422
689.64,350,420
689.68,348,418
689.72,347,417
689.76,345,416
689.8,345,416
689.84,346,415
689.88,346,416
689.92,347,415
689.96,347,416
690.0,347,416
690.04,348,416
690.08,349,417
690.12,349,417
690.16,350,417
690.2,351,418
690.24,352,417
690.28,352,417
690.32,352,417
690.36,353,418
690.4,354,418
690.44,354,418
690.48,354,419
690.52,355,419
690.56,356,419
690.6,357,420
690.64,357,420
690.68,357,420
690.72,358,420
690.76,359,420
690.8,360,420
690.84,360,420
690.88,362,420
690.92,362,420
690.96,363,421
691.0,364,421
691.04,365,421
691.08,365,421
691.12,366,421
691.16,366,421
691.2,367,421
691.24,368,421
691.28,368,422
691.32,369,422
691.36,369,422
691.4,370,422
691.44,370,422
691.48,371,422
691.52,371,423
691.56,372,423
691.6,372,423
691.64,373,423
691.68,373,423
691.72,374,423
691.76,374,423
691.8,375,423
691.84,375,423
691.88,376,423
691.92,377,424
691.96,377,424
692.0,377,424
692.04,378,424
692.08,378,424
692.12,379,424
692.16,379,425
692.2,380,425
692.24,380,425
692.28,381,425
692.32,381,425
692.36,381,425
692.4,382,425
692.44,383,425
692.48,383,426
692.52,384,426
692.56,384,426
692.6,385,426
692.64,386,427
692.68,386,427
692.72,387,428
692.76,387,428
692.8,387,428
692.84,387,428
692.88,387,429
692.92,387,429
692.96,387,429
693.0,387,429
693.04,386,430
693.08,386,430
693.12,385,431
693.16,382,431
693.2,380,431
693.24,375,431
693.28,370,429
693.32,364,428
693.36,357,426
693.4,351,424
693.44,345,422
693.48,340,420
693.52,337,417
693.56,335,414
693.6,335,413
693.64,337,411
693.68,339,411
693.72,341,412
693.76,344,414
693.8,344,415
693.84,346,417
693.88,346,419
693.92,346,419
693.96,347,418
694.0,348,417
694.04,348,416
694.08,350,416
694.12,351,417
694.16,352,417
694.2,354,418
694.24,355,418
694.28,355,419
694.32,356,419
694.36,356,419
694.4,357,420
694.44,358,420
694.48,359,420
694.52,360,420
694.56,361,420
694.6,361,420
694.64,362,420
694.68,363,420
694.72,364,420
694.76,364,420
694.8,365,421
694.84,366,421
694.88,367,421
694.92,367,422
694.96,368,422
695.0,369,422
695.04,370,422
695.08,371,423
695.12,372,423
695.16,372,424
695.2,374,424
695.24,375,425
695.28,376,425
695.32,377,425
695.36,378,426
695.4,379,426
695.44,380,426
695.48,381,427
695.52,382,427
695.56,382,427
695.6,383,428
695.64,385,429
695.68,386,429
695.72,387,429
695.76,388,429
695.8,389,429
695.84,390,428
695.88,391,428
695.92,392,428
695.96,392,428
696.0,392,428
696.04,391,429
696.08,389,431
696.12,387,432
696.16,383,432
696.2,378,432
696.24,372,431
696.28,366,431
696.32,360,430
696.36,355,430
696.4,350,430
696.44,346,428
696.48,342,427
696.52,339,426
696.56,336,425
696.6,334,425
696.64,333,424
696.68,332,422
696.72,332,419
696.76,333,415
696.8,334,411
696.84,337,406
696.88,340,402
696.92,344,399
696.96,350,397
697.0,355,394
697.04,359,391
697.08,362,388
697.12,364,386
697.16,364,385
697.2,363,385
697.24,361,386
697.28,359,388
697.32,355,390
697.36,350,393
697.4,344,397
697.44,340,404
697.48,333,408
697.52,328,412
697.56,323,415
697.6,318,417
697.64,315,417
697.68,313,414
697.72,311,414
697.76,311,412
697.8,313,411
697.84,316,409
697.88,316,414
697.92,324,412
697.96,330,416
698.0,340,418
698.04,350,426
698.08,357,429
698.12,363,432
698.16,367,435
698.2,370,437
698.24,372,439
698.28,373,441
698.32,375,443
698.36,375,444
698.4,374,444
698.44,374,442
698.48,372,440
698.52,371,436
698.56,370,433
698.6,371,431
698.64,372,431
698.68,375,433
698.72,376,436
698.76,377,437
698.8,377,437
698.84,375,436
698.88,373,436
698.92,370,435
698.96,366,434
699.0,363,433
699.04,359,430
699.08,357,429
699.12,354,428
699.16,353,426
699.2,352,425
699.24,354,425
699.28,356,425
699.32,357,425
699.36,359,426
699.4,360,426
699.44,361,426
699.48,360,426
699.52,360,426
699.56,358,426
699.6,356,426
699.64,354,425
699.68,352,424
699.72,350,423
699.76,347,422
699.8,346,421
699.84,345,421
699.88,345,420
699.92,345,419
699.96,346,420
700.0,347,420
700.04,347,420
700.08,348,421
700.12,349,421
700.16,350,421
700.2,350,421
700.24,351,421
700.28,352,421
700.32,352,421
700.36,352,421
700.4,352,421
700.44,353,421
700.48,353,421
700.52,354,421
700.56,354,421
700.6,354,422
700.64,355,422
700.68,356,423
700.72,357,423
700.76,358,424
700.8,358,424
700.84,359,424
700.88,360,424
700.92,360,425
700.96,361,425
701.0,362,426
701.04,362,426
701.08,362,426
701.12,363,426
701.16,363,426
701.2,363,427
701.24,364,427
701.28,364,427
701.32,364,427
701.36,365,427
701.4,365,428
701.44,365,427
701.48,366,428
701.52,366,428
701.56,367,428
701.6,367,429
701.64,367,429
701.68,367,429
701.72,368,429
701.76,369,430
701.8,369,430
701.84,370,431
701.88,370,431
701.92,371,431
701.96,371,431
702.0,371,431
702.04,371,432
702.08,372,432
702.12,374,433
702.16,376,433
702.2,378,435
702.24,379,435
702.28,380,435
702.32,379,436
702.36,377,436
702.4,374,433
702.44,370,429
702.48,366,426
702.52,363,423
702.56,361,422
702.6,359,422
702.64,357,424
702.68,356,426
702.72,354,425
702.76,351,423
702.8,349,422
702.84,349,422
702.88,349,422
702.92,349,421
702.96,349,421
703.0,350,421
703.04,352,422
703.08,352,421
703.12,353,422
703.16,354,422
703.2,355,423
703.24,357,423
703.28,357,424
703.32,358,424
703.36,359,425
703.4,359,425
703.44,359,425
703.48,359,425
703.52,359,425
703.56,360,425
703.6,360,425
703.64,360,426
703.68,360,426
703.72,361,426
703.76,361,426
703.8,361,426
703.84,362,426
703.88,362,426
703.92,362,427
703.96,363,427
704.0,363,427
704.04,364,427
704.08,364,427
704.12,365,427
704.16,365,428
704.2,366,428
704.24,367,428
704.28,367,428
704.32,368,429
704.36,368,429
704.4,369,429
704.44,370,430
704.48,370,430
704.52,371,429
704.56,371,429
704.6,372,430
704.64,372,430
704.68,373,430
704.72,373,430
704.76,374,431
704.8,375,431
704.84,374,431
704.88,374,431
704.92,374,431
704.96,374,431
705.0,375,432
705.04,375,431
705.08,375,431
705.12,375,431
705.16,375,431
705.2,376,431
705.24,376,431
705.28,376,431
705.32,376,431
705.36,376,431
705.4,376,431
705.44,377,431
705.48,377,431
705.52,377,431
705.56,377,431
705.6,377,431
705.64,378,431
705.68,379,431
705.72,380,432
705.76,380,432
705.8,381,432
705.84,381,433
705.88,382,433
705.92,383,434
705.96,384,434
706.0,384,434
706.04,385,434
706.08,386,435
706.12,387,435
706.16,388,436
706.2,389,436
706.24,390,437
706.28,389,436
706.32,388,435
706.36,384,434
706.4,379,431
706.44,375,428
706.48,371,427
706.52,368,427
706.56,365,430
706.6,362,429
706.64,360,427
706.68,357,426
706.72,355,425
706.76,353,424
706.8,352,423
706.84,352,423
706.88,353,423
706.92,354,423
706.96,354,424
707.0,355,424
707.04,356,425
707.08,357,425
707.12,358,426
707.16,359,426
707.2,359,426
707.24,360,425
707.28,361,426
707.32,362,426
707.36,364,426
707.4,364,426
707.44,365,426
707.48,365,427
707.52,365,427
707.56,366,427
707.6,366,427
707.64,366,427
707.68,367,427
707.72,367,427
707.76,367,427
707.8,368,427
707.84,368,428
707.88,368,428
707.92,369,428
707.96,369,428
708.0,369,428
708.04,370,428
708.08,370,428
708.12,370,428
708.16,370,429
708.2,371,429
708.24,371,429
708.28,372,429
708.32,372,429
708.36,372,429
708.4,373,429
708.44,373,430
708.48,374,430
708.52,374,430
708.56,375,430
708.6,375,430
708.64,375,430
708.68,375,430
708.72,375,430
708.76,376,430
708.8,377,431
708.84,377,431
708.88,377,431
708.92,378,431
708.96,378,431
709.0,379,431
709.04,379,431
709.08,379,431
709.12,380,431
709.16,380,431
709.2,380,431
709.24,381,431
709.28,381,431
709.32,382,431
709.36,382,431
709.4,382,431
709.44,383,431
709.48,383,431
709.52,383,432
709.56,384,432
709.6,385,432
709.64,385,432
709.68,386,432
709.72,386,432
709.76,387,432
709.8,388,432
709.84,388,431
709.88,388,428
709.92,387,426
709.96,383,424
710.0,379,422
710.04,374,421
710.08,370,422
710.12,365,423
710.16,361,425
710.2,356,426
710.24,351,423
710.28,347,421
710.32,345,418
710.36,343,417
710.4,343,417
710.44,344,416
710.48,345,416
710.52,346,416
710.56,347,418
710.6,349,419
710.64,350,419
710.68,351,420
710.72,352,420
710.76,353,420
710.8,354,421
710.84,355,422
710.88,357,423
710.92,358,423
710.96,359,423
711.0,360,423
711.04,361,424
711.08,362,424
711.12,363,424
711.16,363,424
711.2,364,424
711.24,365,425
711.28,365,424
711.32,366,425
711.36,367,425
711.4,367,425
711.44,368,426
711.48,368,426
711.52,369,426
711.56,369,426
711.6,370,426
711.64,370,426
711.68,371,427
711.72,371,427
711.76,372,427
711.8,372,427
711.84,372,427
711.88,373,428
711.92,374,428
711.96,375,429
712.0,377,429
712.04,378,429
712.08,380,430
712.12,382,430
712.16,385,431
712.2,387,433
712.24,390,434
712.28,391,436
712.32,390,439
712.36,387,440
712.4,382,440
712.44,376,438
712.48,369,437
712.52,362,436
712.56,354,435
712.6,347,433
712.64,342,430
712.68,337,427
712.72,334,424
712.76,333,422
712.8,332,421
712.84,332,419
712.88,333,418
712.92,335,415
712.96,338,413
713.0,343,409
713.04,348,404
713.08,354,400
713.12,359,395
713.16,363,390
713.2,366,384
713.24,368,380
713.28,368,377
713.32,368,375
713.36,367,375
713.4,367,376
713.44,365,378
713.48,364,382
713.52,361,385
713.56,358,389
713.6,355,392
713.64,351,396
713.68,348,398
713.72,345,399
713.76,342,400
713.8,340,404
713.84,338,406
713.88,333,409
713.92,331,411
713.96,330,414
714.0,325,413
714.04,323,414
714.08,322,416
714.12,320,419
714.16,315,414
714.2,318,416
714.24,319,418
714.28,319,416
714.32,323,415
714.36,328,413
714.4,335,411
714.44,342,410
714.48,350,413
714.52,358,416
714.56,362,420
714.6,365,422
714.64,367,424
714.68,368,426
714.72,369,426
714.76,369,427
714.8,370,426
714.84,371,427
714.88,371,428
714.92,370,430
714.96,370,430
715.0,369,431
715.04,369,431
715.08,369,431
715.12,370,430
715.16,370,430
715.2,370,430
715.24,370,430
715.28,370,429
715.32,370,429
715.36,370,429
715.4,370,428
715.44,370,428
715.48,370,428
715.52,369,428
715.56,368,427
715.6,367,427
715.64,365,426
715.68,363,425
715.72,362,424
715.76,360,423
715.8,358,422
715.84,355,421
715.88,354,419
715.92,352,417
715.96,350,415
716.0,349,414
716.04,348,414
716.08,348,414
716.12,348,413
716.16,348,413
716.2,349,414
716.24,350,413
716.28,350,414
716.32,351,416
716.36,352,416
716.4,354,417
716.44,355,418
716.48,356,418
716.52,357,419
716.56,359,419
716.6,360,419
716.64,361,419
716.68,362,420
716.72,363,420
716.76,364,420
716.8,364,421
716.84,364,421
716.88,364,421
716.92,365,422
716.96,365,422
717.0,366,423
717.04,366,423
717.08,367,424
717.12,367,424
717.16,369,424
717.2,369,425
717.24,370,425
717.28,370,425
717.32,371,425
717.36,372,425
717.4,372,426
717.44,373,426
717.48,373,426
717.52,374,426
717.56,374,426
717.6,375,427
717.64,375,427
717.68,376,427
717.72,376,427
717.76,377,427
717.8,378,427
717.84,378,428
717.88,379,428
717.92,379,428
717.96,379,428
718.0,379,428
718.04,380,428
718.08,380,428
718.12,380,428
718.16,381,428
718.2,381,428
718.24,382,429
718.28,382,429
718.32,382,429
718.36,382,429
718.4,382,429
718.44,383,429
718.48,382,429
718.52,382,429
718.56,383,429
718.6,383,429
718.64,383,429
718.68,384,429
718.72,385,429
718.76,385,429
718.8,385,429
718.84,385,429
718.88,385,429
718.92,386,429
718.96,387,429
719.0,387,429
719.04,386,429
719.08,386,430
719.12,386,430
719.16,386,430
719.2,386,430
719.24,387,429
719.28,387,430
719.32,387,430
719.36,386,430
719.4,384,430
719.44,381,428
719.48,377,426
719.52,373,424
719.56,369,422
719.6,366,422
719.64,363,423
719.68,360,425
719.72,356,425
719.76,353,423
719.8,351,422
719.84,349,421
719.88,347,421
719.92,347,420
719.96,348,420
720.0,348,419
720.04,350,420
720.08,351,421
720.12,353,421
720.16,354,421
720.2,356,421
720.24,357,423
720.28,358,423
720.32,359,424
720.36,360,425
720.4,360,425
720.44,361,425
720.48,361,425
720.52,362,426
720.56,364,426
720.6,365,426
720.64,366,427
720.68,366,427
720.72,367,427
720.76,367,427
720.8,367,426
720.84,368,426
720.88,368,427
720.92,369,426
720.96,369,427
721.0,370,427
721.04,371,427
721.08,371,427
721.12,372,427
721.16,373,427
721.2,374,428
721.24,374,428
721.28,375,428
721.32,375,428
721.36,376,428
721.4,377,429
721.44,377,429
721.48,378,429
721.52,378,429
721.56,379,429
721.6,379,430
721.64,380,430
721.68,380,430
721.72,380,430
721.76,381,430
721.8,381,430
721.84,382,430
721.88,382,431
721.92,383,431
721.96,382,431
722.0,382,431
722.04,380,430
722.08,377,430
722.12,373,427
722.16,369,425
722.2,366,423
722.24,362,422
722.28,360,422
722.32,357,424
722.36,355,425
722.4,354,423
722.44,352,421
722.48,351,421
722.52,351,421
722.56,352,421
722.6,352,420
722.64,353,420
722.68,354,421
722.72,355,421
722.76,355,421
722.8,357,422
722.84,358,422
722.88,359,423
722.92,360,423
722.96,360,423
723.0,361,423
723.04,362,424
723.08,363,424
723.12,363,424
723.16,364,425
723.2,364,425
723.24,365,425
723.28,365,425
723.32,366,426
723.36,366,426
723.4,367,426
723.44,367,426
723.48,368,426
723.52,368,426
723.56,369,427
723.6,369,427
723.64,370,427
723.68,371,428
723.72,372,428
723.76,373,429
723.8,374,429
723.84,374,429
723.88,375,430
723.92,376,430
723.96,377,430
724.0,378,430
724.04,379,431
724.08,380,431
724.12,381,432
724.16,383,432
724.2,385,432
724.24,386,433
724.28,387,433
724.32,388,433
724.36,388,433
724.4,388,434
724.44,388,434
724.48,388,434
724.52,388,434
724.56,388,434
724.6,388,434
724.64,387,434
724.68,387,434
724.72,387,434
724.76,387,435
724.8,387,435
724.84,387,435
724.88,387,435
724.92,387,435
724.96,386,435
725.0,386,434
725.04,384,433
725.08,382,431
725.12,379,429
725.16,376,427
725.2,374,423
725.24,371,421
725.28,369,417
725.32,368,413
725.36,367,410
725.4,367,406
725.44,367,403
725.48,368,401
725.52,370,399
725.56,373,398
725.6,377,397
725.64,381,398
725.68,385,399
725.72,389,401
725.76,392,401
725.8,394,400
725.84,396,397
725.88,397,395
725.92,398,391
725.96,398,388
726.0,397,386
726.04,395,383
726.08,393,384
726.12,392,386
726.16,389,389
726.2,385,394
726.24,380,399
726.28,375,405
726.32,369,410
726.36,362,414
726.4,356,416
726.44,350,416
726.48,344,416
726.52,341,418
726.56,336,413
726.6,333,412
726.64,328,412
726.68,326,414
726.72,321,411
726.76,319,411
726.8,319,416
726.84,319,417
726.88,322,410
726.92,323,410
726.96,322,418
727.0,326,412
727.04,327,412
727.08,326,419
727.12,327,418
727.16,326,420
727.2,325,421
727.24,324,421
727.28,325,422
727.32,322,424
727.36,323,421
727.4,322,422
727.44,321,424
727.48,319,421
727.52,318,422
727.56,317,423
727.6,314,425
727.64,313,425
727.68,312,425
727.72,310,429
727.76,310,433
727.8,309,439
727.84,308,445
727.88,308,452
727.92,306,459
727.96,304,466
728.0,302,471
728.04,300,474
728.08,298,477
728.12,296,479
728.16,295,482
728.2,296,483
728.24,297,482
728.28,298,481
728.32,300,484
728.36,300,483
728.4,301,483
728.44,301,481
728.48,300,480
728.52,300,477
728.56,299,474
728.6,300,472
728.64,301,469
728.68,301,468
728.72,301,466
728.76,302,464
728.8,302,461
728.84,302,457
728.88,303,454
728.92,306,450
728.96,313,448
729.0,322,445
729.04,334,445
729.08,347,440
729.12,361,437
729.16,375,436
729.2,388,435
729.24,398,436
729.28,406,437
729.32,410,439
729.36,413,442
729.4,414,445
729.44,415,448
729.48,416,450
729.52,417,453
729.56,418,457
729.6,419,458
729.64,419,459
729.68,419,460
729.72,419,460
729.76,419,460
729.8,419,460
729.84,418,460
729.88,419,460
729.92,419,460
729.96,418,461
730.0,418,461
730.04,418,461
730.08,419,461
730.12,419,461
730.16,419,461
730.2,419,460
730.24,419,461
730.28,419,460
730.32,419,460
730.36,419,460
730.4,419,460
730.44,419,460
730.48,419,460
730.52,419,460
730.56,419,460
730.6,419,460
730.64,419,460
730.68,419,460
730.72,419,460
730.76,419,459
730.8,419,459
730.84,419,459
730.88,419,459
730.92,419,459
730.96,419,459
731.0,419,459
731.04,419,459
731.08,420,459
731.12,419,458
731.16,419,458
731.2,419,458
731.24,419,458
731.28,419,458
731.32,419,459
731.36,419,458
731.4,419,458
731.44,419,458
731.48,419,458
731.52,419,458
731.56,420,458
731.6,419,459
731.64,419,459
731.68,419,459
731.72,419,459
731.76,419,459
731.8,419,459
731.84,419,459
731.88,419,459
731.92,419,459
731.96,418,458
732.0,419,458
732.04,419,457
732.08,418,458
732.12,418,457
732.16,418,457
732.2,418,456
732.24,418,457
732.28,419,457
732.32,419,457
732.36,419,457
732.4,418,457
732.44,418,457
732.48,418,457
732.52,418,457
732.56,418,457
732.6,418,457
732.64,418,457
732.68,418,457
732.72,418,457
732.76,418,457
732.8,419,458
732.84,419,457
732.88,419,457
732.92,419,457
732.96,419,457
733.0,419,457
733.04,419,458
733.08,419,458
733.12,419,458
733.16,419,458
733.2,418,458
733.24,419,458
733.28,419,458
733.32,419,458
733.36,419,458
733.4,419,458
733.44,419,458
733.48,419,458
733.52,419,458
733.56,419,458
733.6,419,458
733.64,419,459
733.68,419,459
733.72,419,459
733.76,419,459
733.8,419,459
733.84,419,459
733.88,419,459
733.92,419,459
733.96,419,459
734.0,419,459
734.04,419,459
734.08,419,459
734.12,419,459
734.16,419,459
734.2,419,459
734.24,419,459
734.28,419,459
734.32,419,459
734.36,419,459
734.4,419,459
734.44,419,459
734.48,419,459
734.52,419,459
734.56,419,459
734.6,419,459
734.64,419,459
734.68,419,459
734.72,419,459
734.76,419,459
734.8,419,459
734.84,419,459
734.88,419,459
734.92,419,459
734.96,419,459
735.0,419,459
735.04,418,460
735.08,418,460
735.12,418,460
735.16,418,460
735.2,418,460
735.24,418,460
735.28,418,460
735.32,418,460
735.36,418,460
735.4,418,460
735.44,418,460
735.48,418,460
735.52,418,460
735.56,418,459
735.6,419,459
735.64,419,459
735.68,419,459
735.72,419,459
735.76,419,459
735.8,419,459
735.84,418,459
735.88,418,459
735.92,418,459
735.96,418,459
736.0,418,459
736.04,418,459
736.08,418,459
736.12,418,459
736.16,418,459
736.2,418,459
736.24,418,459
736.28,418,459
736.32,418,459
736.36,418,459
736.4,418,459
736.44,418,459
736.48,418,459
736.52,418,459
736.56,418,459
736.6,418,459
736.64,418,459
736.68,418,459
736.72,418,459
736.76,418,459
736.8,418,459
736.84,418,459
736.88,418,459
736.92,418,459
736.96,418,459
737.0,418,460
737.04,418,459
737.08,418,459
737.12,419,459
737.16,418,459
737.2,418,459
737.24,419,459
737.28,419,459
737.32,419,459
737.36,419,459
737.4,419,459
737.44,419,459
737.48,419,459
737.52,419,459
737.56,419,459
737.6,419,459
737.64,419,459
737.68,419,459
737.72,419,459
737.76,419,459
737.8,419,459
737.84,419,459
737.88,419,459
737.92,419,459
737.96,419,459
738.0,419,459
738.04,419,459
738.08,419,459
738.12,419,459
738.16,418,459
738.2,419,459
738.24,418,459
738.28,418,459
738.32,418,459
738.36,418,459
738.4,418,459
738.44,418,459
738.48,418,459
738.52,419,459
738.56,418,459
738.6,418,459
738.64,419,459
738.68,418,459
738.72,419,459
738.76,419,459
738.8,419,459
738.84,419,459
738.88,419,459
738.92,419,459
738.96,419,459
739.0,419,459
739.04,419,459
739.08,419,459
739.12,419,459
739.16,419,459
739.2,419,459
739.24,419,459
739.28,419,459
739.32,419,459
739.36,419,459
739.4,419,459
739.44,419,459
739.48,419,459
739.52,419,459
739.56,419,459
739.6,419,459
739.64,419,459
739.68,419,459
739.72,419,459
739.76,419,459
739.8,419,459
739.84,419,459
739.88,419,459
739.92,419,459
739.96,419,459
740.0,419,459
740.04,419,459
740.08,419,459
740.12,419,459
740.16,419,459
740.2,419,459
740.24,419,459
740.28,419,459
740.32,419,459
740.36,419,459
740.4,419,459
740.44,419,459
740.48,419,459
740.52,419,459
740.56,419,459
740.6,419,459
740.64,419,459
740.68,419,459
740.72,419,460
740.76,419,460
740.8,419,460
740.84,419,460
740.88,419,460
740.92,419,460
740.96,419,460
741.0,419,460
741.04,419,460
741.08,419,460
741.12,419,460
741.16,419,460
741.2,419,460
741.24,419,460
741.28,419,460
741.32,419,460
741.36,419,460
741.4,419,460
741.44,419,460
741.48,419,460
741.52,419,460
741.56,419,460
741.6,419,460
741.64,419,460
741.68,419,460
741.72,419,460
741.76,419,460
741.8,419,460
741.84,419,460
741.88,419,460
741.92,419,460
741.96,419,460
742.0,419,460
742.04,419,460
742.08,419,460
742.12,419,460
742.16,419,460
742.2,419,460
742.24,419,460
742.28,419,460
742.32,419,460
742.36,419,460
742.4,419,460
742.44,419,460
742.48,419,460
742.52,419,460
742.56,419,460
742.6,418,460
742.64,418,460
742.68,418,460
742.72,418,460
742.76,418,460
742.8,418,460
742.84,418,460
742.88,418,460
742.92,418,460
742.96,418,460
743.0,418,460
743.04,418,460
743.08,418,460
743.12,418,460
743.16,418,460
743.2,418,461
743.24,418,461
743.28,418,461
743.32,418,461
743.36,418,461
743.4,418,461
743.44,418,460
743.48,418,460
743.52,418,461
743.56,418,460
743.6,418,460
743.64,418,461
743.68,418,461
743.72,418,461
743.76,418,461
743.8,418,460
743.84,418,460
743.88,418,460
743.92,418,460
743.96,418,460
744.0,418,460
744.04,418,460
744.08,418,460
744.12,418,460
744.16,418,460
744.2,418,460
744.24,418,460
744.28,418,460
744.32,418,460
744.36,418,460
744.4,418,460
744.44,418,460
744.48,418,460
744.52,418,460
744.56,418,460
744.6,418,460
744.64,418,460
744.68,418,460
744.72,418,461
744.76,418,461
744.8,418,460
744.84,418,460
744.88,418,461
744.92,418,461
744.96,418,460
745.0,419,460
745.04,419,459
745.08,419,459
745.12,419,459
745.16,419,459
745.2,419,459
745.24,419,459
745.28,419,459
745.32,419,459
745.36,419,459
745.4,419,459
745.44,419,459
745.48,419,459
745.52,419,459
745.56,419,459
745.6,419,459
745.64,419,459
745.68,419,459
745.72,419,459
745.76,419,459
745.8,419,459
745.84,419,459
745.88,419,459
745.92,419,459
745.96,419,459
746.0,419,459
746.04,419,459
746.08,419,459
746.12,419,459
746.16,419,459
746.2,419,459
746.24,419,459
746.28,419,459
746.32,419,459
746.36,419,459
746.4,419,459
746.44,419,459
746.48,419,459
746.52,419,459
746.56,419,459
746.6,419,459
746.64,419,459
746.68,419,459
746.72,419,459
746.76,419,459
746.8,419,459
746.84,419,459
746.88,419,459
746.92,419,459
746.96,419,459
747.0,419,459
747.04,419,459
747.08,419,459
747.12,419,459
747.16,419,459
747.2,419,459
747.24,419,459
747.28,419,459
747.32,419,459
747.36,419,459
747.4,419,459
747.44,419,459
747.48,419,459
747.52,419,459
747.56,419,459
747.6,419,459
747.64,419,459
747.68,419,459
747.72,419,459
747.76,419,459
747.8,419,459
747.84,419,459
747.88,419,459
747.92,419,459
747.96,419,459
748.0,419,459
748.04,419,459
748.08,419,459
748.12,419,459
748.16,419,459
748.2,419,459
748.24,419,459
748.28,419,459
748.32,419,459
748.36,419,459
748.4,419,459
748.44,419,459
748.48,419,459
748.52,419,459
748.56,419,459
748.6,419,459
748.64,419,459
748.68,419,459
748.72,419,459
748.76,419,459
748.8,419,459
748.84,418,459
748.88,419,459
748.92,419,459
748.96,419,459
749.0,419,459
749.04,419,459
749.08,419,459
749.12,419,459
749.16,419,459
749.2,419,459
749.24,419,459
749.28,419,459
749.32,419,459
749.36,419,459
749.4,419,459
749.44,418,459
749.48,418,459
749.52,419,459
749.56,419,459
749.6,419,459
749.64,419,459
749.68,419,458
749.72,418,459
749.76,418,459
749.8,418,459
749.84,418,459
749.88,418,459
749.92,418,459
749.96,418,459
750.0,418,459
750.04,418,459
750.08,418,459
750.12,418,459
750.16,418,459
750.2,418,459
750.24,418,459
750.28,418,459
750.32,418,459
750.36,418,459
750.4,418,459
750.44,418,459
750.48,418,459
750.52,418,459
750.56,418,459
750.6,418,459
750.64,418,459
750.68,418,459
750.72,418,459
750.76,418,459
750.8,418,460
750.84,418,460
750.88,418,459
750.92,418,460
750.96,418,460
751.0,418,460
751.04,418,459
751.08,418,460
751.12,418,460
751.16,418,460
751.2,418,460
751.24,418,460
751.28,418,460
751.32,418,460
751.36,418,460
751.4,418,460
751.44,418,460
751.48,419,460
751.52,419,460
751.56,418,460
751.6,418,460
751.64,418,460
751.68,419,460
751.72,418,460
751.76,418,460
751.8,418,460
751.84,418,460
751.88,418,460
751.92,419,460
751.96,418,460
752.0,418,460
752.04,418,460
752.08,418,460
752.12,418,460
752.16,418,460
752.2,418,460
752.24,418,460
752.28,418,460
752.32,418,460
752.36,418,460
752.4,418,460
752.44,418,460
752.48,418,460
752.52,418,460
752.56,418,460
752.6,418,460
752.64,418,460
752.68,418,460
752.72,418,460
752.76,418,460
752.8,418,460
752.84,418,460
752.88,418,460
752.92,418,460
752.96,418,460
753.0,418,460
753.04,418,460
753.08,418,460
753.12,418,460
753.16,418,460
753.2,418,460
753.24,419,460
753.28,418,460
753.32,418,460
753.36,418,460
753.4,418,460
753.44,418,460
753.48,418,460
753.52,418,460
753.56,418,460
753.6,418,460
753.64,418,460
753.68,418,460
753.72,418,460
753.76,418,460
753.8,418,460
753.84,418,460
753.88,418,460
753.92,418,460
753.96,418,460
754.0,418,460
754.04,418,460
754.08,418,460
754.12,418,460
754.16,418,460
754.2,418,460
754.24,418,460
754.28,418,460
754.32,418,460
754.36,418,460
754.4,418,460
754.44,418,460
754.48,418,460
754.52,418,460
754.56,418,460
754.6,418,460
754.64,418,460
754.68,418,460
754.72,418,460
754.76,418,460
754.8,418,460
754.84,418,460
754.88,418,460
754.92,418,460
754.96,418,460
755.0,418,460
755.04,419,459
755.08,419,459
755.12,420,459
755.16,420,459
755.2,420,459
755.24,420,459
755.28,420,459
755.32,420,459
755.36,420,459
755.4,419,459
755.44,419,459
755.48,420,459
755.52,420,459
755.56,419,459
755.6,420,459
755.64,420,459
755.68,420,459
755.72,419,459
755.76,419,459
755.8,419,459
755.84,420,459
755.88,419,459
755.92,419,459
755.96,419,459
756.0,419,459
756.04,419,459
756.08,419,459
756.12,419,459
756.16,419,459
756.2,419,459
756.24,419,459
756.28,419,459
756.32,419,459
756.36,419,459
756.4,419,459
756.44,419,459
756.48,419,459
756.52,419,459
756.56,419,459
756.6,419,459
756.64,419,459
756.68,419,459
756.72,419,459
756.76,419,459
756.8,419,459
756.84,419,459
756.88,419,459
756.92,419,459
756.96,419,459
757.0,419,459
757.04,419,459
757.08,419,459
757.12,419,459
757.16,419,459
757.2,419,459
757.24,419,459
757.28,419,459
757.32,419,459
757.36,419,459
757.4,419,459
757.44,419,459
757.48,419,459
757.52,419,459
757.56,419,459
757.6,419,459
757.64,419,459
757.68,419,459
757.72,419,459
757.76,419,459
757.8,419,459
757.84,419,459
757.88,419,459
757.92,419,459
757.96,419,459
758.0,419,459
758.04,419,459
758.08,419,459
758.12,419,459
758.16,419,459
758.2,419,459
758.24,419,459
758.28,419,459
758.32,419,459
758.36,419,459
758.4,419,459
758.44,419,459
758.48,419,459
758.52,419,459
758.56,419,459
758.6,419,459
758.64,419,459
758.68,419,459
758.72,419,459
758.76,419,460
758.8,419,460
758.84,419,459
758.88,419,459
758.92,419,459
758.96,419,459
759.0,419,459
759.04,419,459
759.08,419,460
759.12,419,460
759.16,419,460
759.2,419,460
759.24,419,460
759.28,419,460
759.32,419,460
759.36,419,460
759.4,419,460
759.44,419,460
759.48,419,460
759.52,419,460
759.56,419,460
759.6,419,460
759.64,419,460
759.68,419,460
759.72,419,460
759.76,419,460
759.8,420,460
759.84,420,460
759.88,419,460
759.92,420,460
759.96,420,460
760.0,420,459
760.04,419,459
760.08,420,459
760.12,420,459
760.16,420,459
760.2,419,459
760.24,419,459
760.28,419,459
760.32,419,459
760.36,419,459
760.4,419,459
760.44,420,459
760.48,419,459
760.52,419,459
760.56,419,459
760.6,420,459
760.64,420,459
760.68,419,459
760.72,419,459
760.76,419,459
760.8,419,459
760.84,419,459
760.88,419,459
760.92,419,459
760.96,419,459
761.0,419,459
761.04,419,460
761.08,419,460
761.12,419,460
761.16,419,460
761.2,420,460
761.24,420,460
761.28,419,460
761.32,419,460
761.36,420,460
761.4,419,460
761.44,419,460
761.48,419,460
761.52,420,460
761.56,420,460
761.6,420,460
761.64,420,460
761.68,420,460
761.72,420,460
761.76,420,460
761.8,420,460
761.84,420,460
761.88,420,460
761.92,420,460
761.96,420,460
762.0,420,460
762.04,420,460
762.08,420,460
762.12,420,460
762.16,420,460
762.2,420,460
762.24,420,460
762.28,420,460
762.32,420,460
762.36,420,460
762.4,420,460
762.44,420,460
762.48,420,460
762.52,420,460
762.56,420,460
762.6,420,460
762.64,420,460
762.68,420,460
762.72,420,460
762.76,420,460
762.8,420,460
762.84,420,460
762.88,420,460
762.92,420,460
762.96,420,460
763.0,420,460
763.04,420,460
763.08,420,460
763.12,420,460
763.16,420,460
763.2,420,460
763.24,420,460
763.28,420,460
763.32,420,460
763.36,420,460
763.4,420,460
763.44,419,460
763.48,420,460
763.52,419,460
763.56,420,460
763.6,419,460
763.64,419,460
763.68,419,460
763.72,419,460
763.76,419,460
763.8,419,460
763.84,419,460
763.88,419,460
763.92,419,460
763.96,419,460
764.0,419,460
764.04,419,460
764.08,420,460
764.12,420,460
764.16,420,460
764.2,420,460
764.24,419,460
764.28,420,460
764.32,419,460
764.36,419,460
764.4,420,460
764.44,419,460
764.48,419,460
764.52,420,460
764.56,420,460
764.6,419,460
764.64,419,460
764.68,419,460
764.72,419,460
764.76,419,460
764.8,419,460
764.84,419,460
764.88,419,460
764.92,419,460
764.96,419,460
765.0,419,460
765.04,418,459
765.08,418,459
765.12,418,459
765.16,418,459
765.2,418,459
765.24,418,459
765.28,418,459
765.32,418,459
765.36,418,459
765.4,418,459
765.44,418,459
765.48,418,459
765.52,418,459
765.56,418,459
765.6,418,459
765.64,418,459
765.68,418,459
765.72,418,459
765.76,418,459
765.8,418,459
765.84,418,459
765.88,418,459
765.92,418,459
765.96,418,459
766.0,418,459
766.04,418,459
766.08,418,459
766.12,418,459
766.16,418,459
766.2,418,459
766.24,418,459
766.28,418,459
766.32,418,459
766.36,418,459
766.4,418,459
766.44,418,459
766.48,418,459
766.52,418,459
766.56,418,459
766.6,418,459
766.64,418,459
766.68,418,459
766.72,418,459
766.76,418,459
766.8,418,459
766.84,419,458
766.88,418,458
766.92,418,458
766.96,419,458
767.0,418,457
767.04,418,457
767.08,418,457
767.12,418,457
767.16,418,457
767.2,418,457
767.24,418,457
767.28,418,457
767.32,418,457
767.36,419,457
767.4,419,457
767.44,419,457
767.48,419,457
767.52,419,457
767.56,419,457
767.6,419,457
767.64,419,457
767.68,418,457
767.72,419,457
767.76,419,457
767.8,418,458
767.84,419,458
767.88,419,458
767.92,419,457
767.96,418,457
768.0,418,457
768.04,418,457
768.08,418,457
768.12,418,457
768.16,418,457
768.2,419,457
768.24,418,457
768.28,419,457
768.32,419,457
768.36,419,457
768.4,419,457
768.44,419,457
768.48,419,457
768.52,419,457
768.56,419,457
768.6,419,457
768.64,419,457
768.68,419,457
768.72,419,457
768.76,419,457
768.8,419,457
768.84,418,457
768.88,418,457
768.92,418,457
768.96,418,457
769.0,418,457
769.04,418,457
769.08,419,457
769.12,419,457
769.16,419,457
769.2,419,457
769.24,418,457
769.28,418,457
769.32,419,457
769.36,419,458
769.4,419,458
769.44,419,458
769.48,419,458
769.52,419,458
769.56,419,458
769.6,419,458
769.64,419,458
769.68,419,458
769.72,419,458
769.76,419,458
769.8,419,458
769.84,419,458
769.88,419,458
769.92,419,458
769.96,419,458
770.0,419,458
770.04,419,458
770.08,419,458
770.12,419,458
770.16,419,458
770.2,419,458
770.24,419,458
770.28,419,458
770.32,419,458
770.36,419,458
770.4,419,458
770.44,419,458
770.48,419,458
770.52,419,458
770.56,419,458
770.6,419,458
770.64,419,458
770.68,419,458
770.72,419,458
770.76,419,458
770.8,419,459
770.84,419,459
770.88,419,459
770.92,419,459
770.96,419,458
771.0,419,458
771.04,419,458
771.08,419,458
771.12,419,458
771.16,419,458
771.2,418,458
771.24,419,458
771.28,419,459
771.32,419,458
771.36,418,458
771.4,418,458
771.44,418,459
771.48,418,459
771.52,418,459
771.56,418,459
771.6,418,459
771.64,418,459
771.68,418,459
771.72,419,459
771.76,419,459
771.8,419,459
771.84,418,459
771.88,418,459
771.92,418,459
771.96,418,459
772.0,418,459
772.04,418,459
772.08,418,459
772.12,418,459
772.16,418,458
772.2,418,459
772.24,418,458
772.28,418,459
772.32,418,459
772.36,418,459
772.4,418,459
772.44,418,459
772.48,418,459
772.52,418,459
772.56,418,459
772.6,418,459
772.64,418,459
772.68,418,459
772.72,418,459
772.76,419,459
772.8,419,459
772.84,419,459
772.88,419,459
772.92,419,459
772.96,419,459
773.0,419,459
773.04,419,459
773.08,419,459
773.12,418,459
773.16,418,459
773.2,419,459
773.24,418,459
773.28,418,459
773.32,419,458
773.36,418,459
773.4,419,459
773.44,419,459
773.48,419,459
773.52,419,459
773.56,419,459
773.6,419,459
773.64,419,459
773.68,419,459
773.72,418,459
773.76,419,459
773.8,419,459
773.84,419,459
773.88,419,459
773.92,419,459
773.96,419,459
774.0,419,459
774.04,419,459
774.08,419,459
774.12,419,459
774.16,419,459
774.2,419,459
774.24,419,459
774.28,419,459
774.32,419,459
774.36,419,459
774.4,419,459
774.44,419,459
774.48,419,459
774.52,419,459
774.56,419,459
774.6,419,459
774.64,419,459
774.68,419,459
774.72,418,459
774.76,419,459
774.8,419,459
774.84,419,459
774.88,419,459
774.92,419,459
774.96,419,459
775.0,419,459
775.04,419,459
775.08,419,459
775.12,419,459
775.16,419,459
775.2,419,459
775.24,419,459
775.28,419,459
775.32,419,459
775.36,419,459
775.4,419,459
775.44,419,459
775.48,419,459
775.52,419,459
775.56,419,459
775.6,419,459
775.64,419,459
775.68,419,459
775.72,419,459
775.76,419,459
775.8,419,459
775.84,419,459
775.88,419,459
775.92,419,459
775.96,419,459
776.0,419,459
776.04,419,459
776.08,419,459
776.12,419,459
776.16,419,459
776.2,419,459
776.24,419,459
776.28,419,459
776.32,419,459
776.36,419,459
776.4,419,459
776.44,419,459
776.48,419,459
776.52,419,459
776.56,419,459
776.6,419,459
776.64,419,459
776.68,419,459
776.72,419,459
776.76,419,459
776.8,419,459
776.84,419,459
776.88,419,459
776.92,419,459
776.96,419,459
777.0,419,459
777.04,419,459
777.08,419,459
777.12,419,459
777.16,419,459
777.2,419,459
777.24,419,459
777.28,419,459
777.32,419,459
777.36,419,459
777.4,419,459
777.44,419,459
777.48,419,459
777.52,419,459
777.56,419,459
777.6,419,459
777.64,419,459
777.68,419,459
777.72,419,459
777.76,419,459
777.8,419,459
777.84,419,459
777.88,419,459
777.92,419,459
777.96,419,459
778.0,419,459
778.04,419,459
778.08,419,459
778.12,419,459
778.16,419,459
778.2,419,459
778.24,419,459
778.28,419,459
778.32,419,459
778.36,419,459
778.4,419,459
778.44,419,459
778.48,419,459
778.52,419,459
778.56,419,459
778.6,419,459
778.64,419,459
778.68,419,459
778.72,419,459
778.76,419,459
778.8,419,459
778.84,419,459
778.88,419,459
778.92,419,459
778.96,419,459
779.0,419,459
779.04,419,459
779.08,419,459
779.12,419,459
779.16,419,459
779.2,419,459
779.24,419,459
779.28,419,459
779.32,419,459
779.36,419,459
779.4,419,459
779.44,419,459
779.48,419,459
779.52,419,459
779.56,419,459
779.6,419,459
779.64,419,459
779.68,419,459
779.72,419,459
779.76,419,459
779.8,419,459
779.84,419,459
779.88,419,459
779.92,419,459
779.96,419,459
780.0,419,459
780.04,419,459
780.08,419,459
780.12,419,459
780.16,419,459
780.2,419,459
780.24,419,459
780.28,419,459
780.32,419,459
780.36,419,459
780.4,419,459
780.44,419,459
780.48,419,459
780.52,419,459
780.56,419,459
780.6,419,459
780.64,419,459
780.68,419,459
780.72,419,459
780.76,419,459
780.8,419,459
780.84,419,459
780.88,419,459
780.92,419,459
780.96,419,459
781.0,419,459
781.04,419,459
781.08,419,459
781.12,419,459
781.16,419,459
781.2,419,459
781.24,419,459
781.28,419,459
781.32,419,459
781.36,419,459
781.4,419,459
781.44,419,459
781.48,419,459
781.52,419,459
781.56,419,459
781.6,419,459
781.64,419,459
781.68,419,459
781.72,419,459
781.76,419,459
781.8,419,459
781.84,419,459
781.88,419,459
781.92,419,459
781.96,419,459
782.0,419,459
782.04,419,459
782.08,419,459
782.12,419,459
782.16,419,459
782.2,419,459
782.24,419,459
782.28,419,459
782.32,419,459
782.36,419,459
782.4,419,459
782.44,419,459
782.48,419,459
782.52,419,459
782.56,419,459
782.6,419,459
782.64,419,459
782.68,419,459
782.72,419,459
782.76,419,459
782.8,419,459
782.84,419,459
782.88,419,459
782.92,419,459
782.96,419,459
783.0,419,459
783.04,419,459
783.08,419,459
783.12,419,459
783.16,419,459
783.2,419,459
783.24,419,459
783.28,419,459
783.32,419,459
783.36,419,459
783.4,419,459
783.44,419,459
783.48,419,459
783.52,419,459
783.56,419,459
783.6,419,459
783.64,419,459
783.68,419,459
783.72,419,459
783.76,419,459
783.8,419,459
783.84,419,459
783.88,419,459
783.92,419,459
783.96,419,459
784.0,419,459
784.04,419,458
784.08,419,458
784.12,419,458
784.16,419,458
784.2,419,458
784.24,419,458
784.28,419,458
784.32,419,458
784.36,418,458
784.4,419,458
784.44,419,458
784.48,418,458
784.52,418,458
784.56,419,458
784.6,419,458
784.64,418,458
784.68,418,458
784.72,419,458
784.76,419,458
784.8,419,458
784.84,418,458
784.88,418,458
784.92,418,458
784.96,418,458
785.0,419,458
785.04,419,458
785.08,419,458
785.12,419,458
785.16,420,458
785.2,420,459
785.24,420,459
785.28,420,459
785.32,420,459
785.36,420,459
785.4,420,458
785.44,420,458
785.48,420,459
785.52,419,459
785.56,420,459
785.6,419,459
785.64,419,458
785.68,420,458
785.72,419,459
785.76,419,458
785.8,419,458
785.84,420,459
785.88,419,459
785.92,419,459
785.96,420,459
786.0,420,459
786.04,420,459
786.08,420,459
786.12,420,459
786.16,420,459
786.2,420,459
786.24,419,459
786.28,420,459
786.32,420,459
786.36,420,459
786.4,420,459
786.44,420,459
786.48,420,459
786.52,420,459
786.56,420,459
786.6,420,459
786.64,420,459
786.68,420,459
786.72,420,459
786.76,420,459
786.8,420,459
786.84,420,459
786.88,420,459
786.92,420,459
786.96,420,459
787.0,420,459
787.04,420,459
787.08,420,459
787.12,420,459
787.16,420,459
787.2,420,459
787.24,420,459
787.28,420,459
787.32,419,459
787.36,420,459
787.4,420,459
787.44,420,459
787.48,420,459
787.52,420,459
787.56,420,459
787.6,420,459
787.64,420,459
787.68,420,459
787.72,420,459
787.76,420,459
787.8,420,459
787.84,420,459
787.88,420,459
787.92,420,459
787.96,420,459
788.0,420,459
788.04,420,459
788.08,420,459
788.12,420,459
788.16,420,459
788.2,420,459
788.24,420,459
788.28,420,459
788.32,419,459
788.36,420,459
788.4,419,459
788.44,420,459
788.48,420,459
788.52,420,459
788.56,420,459
788.6,420,459
788.64,420,459
788.68,420,459
788.72,420,459
788.76,420,459
788.8,420,459
788.84,420,459
788.88,420,459
788.92,420,459
788.96,419,459
789.0,419,459
789.04,420,459
789.08,420,459
789.12,419,459
789.16,419,459
789.2,419,459
789.24,419,459
789.28,419,459
789.32,419,459
789.36,419,459
789.4,419,459
789.44,419,459
789.48,419,459
789.52,419,459
789.56,419,458
789.6,419,458
789.64,419,459
789.68,419,459
789.72,419,459
789.76,419,459
789.8,419,459
789.84,419,459
789.88,419,458
789.92,419,458
789.96,419,458
790.0,419,458
790.04,419,458
790.08,419,458
790.12,419,458
790.16,419,458
790.2,419,458
790.24,419,458
790.28,419,458
790.32,419,458
790.36,419,458
790.4,419,457
790.44,419,458
790.48,419,457
790.52,419,457
790.56,418,457
790.6,418,456
790.64,418,456
790.68,417,456
790.72,417,455
790.76,417,455
790.8,418,455
790.84,418,455
790.88,417,455
790.92,417,453
790.96,416,451
791.0,414,450
791.04,411,446
791.08,407,443
791.12,402,439
791.16,396,436
791.2,389,433
791.24,381,431
791.28,374,432
791.32,367,431
791.36,362,432
791.4,357,434
791.44,354,435
791.48,352,435
791.52,352,434
791.56,354,433
791.6,357,432
791.64,360,431
791.68,364,430
791.72,367,429
791.76,368,428
791.8,368,427
791.84,368,427
791.88,367,427
791.92,368,429
791.96,368,431
792.0,367,432
792.04,367,430
792.08,367,430
792.12,367,429
792.16,367,427
792.2,368,427
792.24,370,427
792.28,373,427
792.32,375,429
792.36,377,432
792.4,377,434
792.44,376,433
792.48,375,433
792.52,372,430
792.56,369,428
792.6,366,426
792.64,363,424
792.68,359,422
792.72,357,420
792.76,357,418
792.8,359,418
792.84,361,418
792.88,363,420
792.92,365,421
792.96,366,423
793.0,366,424
793.04,365,425
793.08,364,424
793.12,362,424
793.16,360,423
793.2,357,421
793.24,355,420
793.28,352,418
793.32,350,417
793.36,349,416
793.4,348,414
793.44,347,413
793.48,347,413
793.52,348,413
793.56,349,413
793.6,350,414
793.64,351,415
793.68,352,415
793.72,353,416
793.76,354,416
793.8,354,416
793.84,355,416
793.88,356,417
793.92,356,416
793.96,356,417
794.0,357,418
794.04,358,418
794.08,358,417
794.12,359,419
794.16,359,418
794.2,359,419
794.24,360,418
794.28,360,419
794.32,361,419
794.36,362,420
794.4,362,420
794.44,363,420
794.48,364,421
794.52,365,421
794.56,366,421
794.6,367,422
794.64,368,422
794.68,369,424
794.72,370,424
794.76,370,425
794.8,371,425
794.84,372,426
794.88,372,426
794.92,373,426
794.96,373,427
795.0,374,428
795.04,374,428
795.08,375,428
795.12,376,429
795.16,376,429
795.2,377,429
795.24,377,429
795.28,377,430
795.32,378,430
795.36,378,430
795.4,379,430
795.44,379,431
795.48,379,431
795.52,380,431
795.56,381,431
795.6,383,431
795.64,385,431
795.68,386,432
795.72,387,432
795.76,387,432
795.8,385,431
795.84,381,430
795.88,378,428
795.92,375,427
795.96,372,426
796.0,369,425
796.04,365,426
796.08,362,425
796.12,359,425
796.16,356,424
796.2,354,423
796.24,352,422
796.28,352,421
796.32,352,420
796.36,353,419
796.4,353,419
796.44,354,419
796.48,355,420
796.52,356,420
796.56,357,420
796.6,357,421
796.64,358,421
796.68,359,421
796.72,359,421
796.76,360,422
796.8,361,422
796.84,362,421
796.88,362,422
796.92,363,422
796.96,364,422
797.0,364,422
797.04,365,422
797.08,365,422
797.12,366,422
797.16,366,423
797.2,367,423
797.24,368,423
797.28,368,423
797.32,369,424
797.36,369,424
797.4,370,425
797.44,371,424
797.48,371,426
797.52,372,426
797.56,372,427
797.6,373,427
797.64,373,427
797.68,374,427
797.72,374,427
797.76,374,428
797.8,375,428
797.84,376,428
797.88,377,428
797.92,377,428
797.96,377,429
798.0,378,429
798.04,378,429
798.08,379,430
798.12,379,430
798.16,380,431
798.2,381,431
798.24,381,431
798.28,382,432
798.32,383,432
798.36,384,432
798.4,385,433
798.44,386,433
798.48,387,434
798.52,388,434
798.56,388,434
798.6,387,434
798.64,384,432
798.68,380,430
798.72,374,428
798.76,369,427
798.8,364,426
798.84,361,427
798.88,357,427
798.92,354,425
798.96,352,422
799.0,350,421
799.04,349,421
799.08,349,420
799.12,350,420
799.16,350,420
799.2,352,420
799.24,353,421
799.28,354,421
799.32,355,422
799.36,357,422
799.4,358,422
799.44,358,423
799.48,359,423
799.52,360,423
799.56,360,423
799.6,361,423
799.64,361,423
799.68,362,423
799.72,362,424
799.76,363,424
799.8,364,424
799.84,365,424
799.88,366,425
799.92,367,425
799.96,367,426
800.0,368,426
800.04,369,426
800.08,370,426
800.12,371,427
800.16,372,427
800.2,374,427
800.24,375,427
800.28,376,429
800.32,377,429
800.36,378,429
800.4,379,430
800.44,380,430
800.48,381,431
800.52,382,431
800.56,384,432
800.6,386,432
800.64,388,432
800.68,390,433
800.72,391,433
800.76,391,433
800.8,388,432
800.84,383,430
800.88,377,427
800.92,372,424
800.96,369,422
801.0,367,423
801.04,368,425
801.08,368,427
801.12,370,428
801.16,374,429
801.2,378,430
801.24,383,430
801.28,385,429
801.32,386,427
801.36,387,426
801.4,386,425
801.44,386,425
801.48,386,426
801.52,386,427
801.56,385,428
801.6,385,430
801.64,384,431
801.68,384,431
801.72,384,432
801.76,383,431
801.8,381,430
801.84,378,428
801.88,375,426
801.92,374,424
801.96,374,423
802.0,374,423
802.04,375,423
802.08,376,424
802.12,377,425
802.16,377,425
802.2,376,425
802.24,375,425
802.28,373,424
802.32,369,422
802.36,366,421
802.4,361,420
802.44,358,418
802.48,356,415
802.52,354,414
802.56,352,412
802.6,351,411
802.64,351,412
802.68,351,412
802.72,352,412
802.76,352,413
802.8,353,413
802.84,355,413
802.88,356,413
802.92,357,413
802.96,357,413
803.0,359,413
803.04,360,414
803.08,362,415
803.12,362,415
803.16,363,415
803.2,364,415
803.24,365,416
803.28,366,415
803.32,366,416
803.36,367,416
803.4,367,417
803.44,368,417
803.48,369,417
803.52,370,417
803.56,370,417
803.6,371,418
803.64,371,418
803.68,372,419
803.72,373,419
803.76,373,419
803.8,374,420
803.84,374,420
803.88,375,420
803.92,376,421
803.96,376,421
804.0,377,420
804.04,377,420
804.08,378,420
804.12,379,420
804.16,379,421
804.2,380,421
804.24,380,422
804.28,381,422
804.32,382,423
804.36,383,423
804.4,383,424
804.44,384,424
804.48,385,424
804.52,386,424
804.56,387,425
804.6,388,425
804.64,389,425
804.68,390,426
804.72,389,427
804.76,388,428
804.8,384,427
804.84,379,425
804.88,374,423
804.92,370,421
804.96,366,419
805.0,361,420
805.04,357,419
805.08,354,417
805.12,351,415
805.16,352,415
805.2,352,414
805.24,353,414
805.28,353,415
805.32,354,414
805.36,355,414
805.4,357,414
805.44,357,414
805.48,359,415
805.52,361,415
805.56,362,415
805.6,363,415
805.64,364,416
805.68,364,416
805.72,366,418
805.76,366,417
805.8,367,417
805.84,368,418
805.88,368,419
805.92,369,419
805.96,370,419
806.0,371,419
806.04,371,421
806.08,372,420
806.12,373,421
806.16,374,422
806.2,375,422
806.24,375,423
806.28,376,423
806.32,377,423
806.36,377,424
806.4,378,425
806.44,379,425
806.48,380,426
806.52,381,425
806.56,382,426
806.6,382,425
806.64,382,425
806.68,383,425
806.72,384,425
806.76,384,426
806.8,386,426
806.84,387,426
806.88,388,425
806.92,389,425
806.96,390,424
807.0,390,423
807.04,389,422
807.08,386,421
807.12,382,420
807.16,377,418
807.2,372,418
807.24,367,418
807.28,362,418
807.32,357,416
807.36,353,415
807.4,350,414
807.44,349,413
807.48,349,413
807.52,350,413
807.56,351,412
807.6,352,412
807.64,353,413
807.68,355,413
807.72,356,414
807.76,358,415
807.8,360,415
807.84,361,416
807.88,362,417
807.92,363,417
807.96,364,418
808.0,366,419
808.04,366,419
808.08,367,420
808.12,368,420
808.16,368,421
808.2,369,422
808.24,370,422
808.28,371,422
808.32,372,423
808.36,373,423
808.4,374,423
808.44,375,423
808.48,376,424
808.52,376,424
808.56,377,424
808.6,378,425
808.64,379,425
808.68,380,425
808.72,381,425
808.76,382,426
808.8,383,426
808.84,384,425
808.88,385,425
808.92,385,425
808.96,386,425
809.0,387,425
809.04,388,426
809.08,389,426
809.12,389,426
809.16,390,426
809.2,390,426
809.24,390,426
809.28,391,426
809.32,391,426
809.36,391,427
809.4,391,427
809.44,389,427
809.48,386,426
809.52,382,424
809.56,377,423
809.6,373,422
809.64,369,422
809.68,364,423
809.72,360,421
809.76,356,419
809.8,353,417
809.84,351,416
809.88,350,414
809.92,351,414
809.96,351,414
810.0,352,414
810.04,354,415
810.08,355,416
810.12,357,416
810.16,359,417
810.2,361,418
810.24,363,419
810.28,365,419
810.32,367,419
810.36,368,420
810.4,369,420
810.44,370,420
810.48,372,420
810.52,373,419
810.56,374,419
810.6,375,420
810.64,376,420
810.68,377,420
810.72,377,420
810.76,378,421
810.8,379,422
810.84,379,422
810.88,380,422
810.92,381,422
810.96,381,422
811.0,382,423
811.04,383,423
811.08,383,423
811.12,384,424
811.16,385,424
811.2,386,425
811.24,387,425
811.28,388,425
811.32,389,426
811.36,389,427
811.4,389,428
811.44,389,429
811.48,388,430
811.52,387,430
811.56,384,429
811.6,381,427
811.64,378,425
811.68,376,423
811.72,374,422
811.76,374,422
811.8,375,422
811.84,376,422
811.88,378,423
811.92,379,425
811.96,380,425
812.0,380,425
812.04,380,424
812.08,379,423
812.12,378,421
812.16,378,420
812.2,378,418
812.24,378,418
812.28,378,418
812.32,378,419
812.36,377,421
812.4,376,421
812.44,375,421
812.48,375,422
812.52,375,421
812.56,374,421
812.6,374,420
812.64,374,418
812.68,374,418
812.72,373,419
812.76,372,420
812.8,372,421
812.84,371,421
812.88,371,421
812.92,370,421
812.96,369,421
813.0,367,420
813.04,365,419
813.08,364,418
813.12,364,418
813.16,365,418
813.2,366,418
813.24,368,418
813.28,370,417
813.32,370,418
813.36,370,420
813.4,370,421
813.44,369,423
813.48,368,425
813.52,367,424
813.56,367,422
813.6,366,421
813.64,364,420
813.68,362,419
813.72,360,418
813.76,358,416
813.8,356,414
813.84,355,413
813.88,355,413
813.92,356,413
813.96,356,413
814.0,356,414
814.04,357,414
814.08,359,416
814.12,360,415
814.16,361,415
814.2,362,417
814.24,364,417
814.28,364,418
814.32,366,418
814.36,367,418
814.4,367,419
814.44,369,419
814.48,369,419
814.52,370,420
814.56,371,420
814.6,371,421
814.64,372,421
814.68,372,421
814.72,373,422
814.76,374,422
814.8,374,422
814.84,375,423
814.88,376,424
814.92,376,424
814.96,377,424
815.0,377,425
815.04,378,425
815.08,378,426
815.12,379,426
815.16,379,426
815.2,380,426
815.24,381,427
815.28,381,427
815.32,382,427
815.36,382,427
815.4,383,428
815.44,383,428
815.48,384,428
815.52,385,429
815.56,385,429
815.6,386,429
815.64,387,429
815.68,387,430
815.72,388,430
815.76,389,431
815.8,390,431
815.84,391,432
815.88,392,432
815.92,392,432
815.96,392,432
816.0,392,432
816.04,391,432
816.08,389,432
816.12,386,431
816.16,382,428
816.2,377,426
816.24,372,425
816.28,368,425
816.32,364,425
816.36,361,425
816.4,357,423
816.44,356,420
816.48,355,420
816.52,355,420
816.56,355,420
816.6,356,419
816.64,357,419
816.68,358,419
816.72,358,420
816.76,359,421
816.8,360,421
816.84,361,421
816.88,361,421
816.92,362,421
816.96,362,421
817.0,363,422
817.04,364,421
817.08,364,422
817.12,365,421
817.16,366,421
817.2,367,420
817.24,368,421
817.28,367,421
817.32,368,422
817.36,369,423
817.4,369,423
817.44,370,423
817.48,370,424
817.52,371,424
817.56,371,425
817.6,372,425
817.64,373,425
817.68,374,425
817.72,374,426
817.76,375,426
817.8,376,427
817.84,376,427
817.88,377,427
817.92,378,427
817.96,378,428
818.0,379,428
818.04,380,428
818.08,381,428
818.12,381,429
818.16,382,429
818.2,383,429
818.24,383,429
818.28,384,429
818.32,384,429
818.36,385,430
818.4,385,430
818.44,386,430
818.48,387,430
818.52,387,430
818.56,387,431
818.6,388,431
818.64,389,431
818.68,389,431
818.72,390,432
818.76,390,432
818.8,390,432
818.84,390,432
818.88,391,432
818.92,390,431
818.96,390,431
819.0,388,429
819.04,385,428
819.08,381,425
819.12,376,424
819.16,372,422
819.2,367,421
819.24,363,421
819.28,359,421
819.32,356,420
819.36,354,418
819.4,352,418
819.44,353,418
819.48,353,418
819.52,354,417
819.56,355,417
819.6,356,417
819.64,357,418
819.68,358,417
819.72,359,418
819.76,360,419
819.8,361,419
819.84,362,419
819.88,362,419
819.92,362,420
819.96,363,420
820.0,364,420
820.04,364,420
820.08,365,421
820.12,366,421
820.16,366,421
820.2,367,421
820.24,367,422
820.28,368,422
820.32,369,422
820.36,370,422
820.4,371,422
820.44,372,423
820.48,373,423
820.52,374,423
820.56,375,424
820.6,376,424
820.64,376,424
820.68,377,424
820.72,378,425
820.76,379,425
820.8,379,425
820.84,380,425
820.88,380,426
820.92,381,426
820.96,382,426
821.0,382,427
821.04,383,427
821.08,384,427
821.12,384,427
821.16,385,428
821.2,386,428
821.24,386,428
821.28,386,429
821.32,387,429
821.36,387,429
821.4,388,429
821.44,389,429
821.48,389,429
821.52,390,429
821.56,391,429
821.6,392,430
821.64,393,430
821.68,393,430
821.72,394,430
821.76,395,430
821.8,396,431
821.84,396,431
821.88,397,431
821.92,398,431
821.96,399,431
822.0,399,431
822.04,399,431
822.08,399,431
822.12,399,432
822.16,399,433
822.2,398,434
822.24,398,435
822.28,398,435
822.32,398,434
822.36,398,434
822.4,398,434
822.44,398,434
822.48,398,435
822.52,398,436
822.56,398,436
822.6,398,436
822.64,398,437
822.68,399,437
822.72,399,437
822.76,398,437
822.8,397,436
822.84,395,434
822.88,392,431
822.92,390,426
822.96,386,422
823.0,385,420
823.04,385,420
823.08,387,421
823.12,388,423
823.16,389,425
823.2,388,426
823.24,386,426
823.28,383,426
823.32,379,427
823.36,374,427
823.4,367,427
823.44,362,426
823.48,357,426
823.52,354,424
823.56,352,422
823.6,354,422
823.64,357,421
823.68,361,422
823.72,366,423
823.76,369,425
823.8,370,426
823.84,370,424
823.88,369,424
823.92,366,423
823.96,362,422
824.0,359,421
824.04,355,419
824.08,352,417
824.12,350,416
824.16,350,416
824.2,350,414
824.24,351,413
824.28,352,412
824.32,352,412
824.36,353,412
824.4,354,413
824.44,355,413
824.48,356,415
824.52,357,415
824.56,358,415
824.6,359,416
824.64,360,416
824.68,361,416
824.72,362,417
824.76,364,417
824.8,364,418
824.84,365,418
824.88,366,419
824.92,367,419
824.96,368,420
825.0,369,420
825.04,370,421
825.08,371,421
825.12,372,422
825.16,373,422
825.2,374,422
825.24,374,423
825.28,375,423
825.32,376,424
825.36,376,424
825.4,377,424
825.44,377,425
825.48,378,425
825.52,379,426
825.56,379,426
825.6,380,426
825.64,380,427
825.68,381,427
825.72,381,427
825.76,382,427
825.8,382,428
825.84,383,428
825.88,384,428
825.92,384,428
825.96,385,429
826.0,386,429
826.04,386,429
826.08,386,429
826.12,386,429
826.16,385,429
826.2,384,428
826.24,382,428
826.28,381,428
826.32,380,427
826.36,381,425
826.4,383,423
826.44,386,420
826.48,389,415
826.52,393,406
826.56,398,394
826.6,401,378
826.64,404,359
826.68,404,341
826.72,404,325
826.76,402,310
826.8,401,298
826.84,397,288
826.88,395,282
826.92,393,279
826.96,392,281
827.0,391,284
827.04,390,290
827.08,390,298
827.12,389,304
827.16,388,313
827.2,388,323
827.24,387,333
827.28,385,341
827.32,385,353
827.36,383,364
827.4,383,375
827.44,382,387
827.48,381,396
827.52,380,404
827.56,378,411
827.6,376,417
827.64,374,421
827.68,371,425
827.72,368,428
827.76,365,430
827.8,362,432
827.84,359,433
827.88,356,433
827.92,353,433
827.96,351,433
828.0,348,432
828.04,346,431
828.08,344,431
828.12,342,431
828.16,341,430
828.2,340,429
828.24,339,429
828.28,339,428
828.32,339,428
828.36,339,429
828.4,339,429
828.44,339,429
828.48,339,427
828.52,338,425
828.56,338,425
828.6,338,421
828.64,339,417
828.68,343,417
828.72,349,415
828.76,358,415
828.8,367,414
828.84,378,414
828.88,389,416
828.92,399,418
828.96,407,420
829.0,413,422
829.04,416,425
829.08,418,429
829.12,418,432
829.16,418,436
829.2,417,438
829.24,415,438
829.28,413,438
829.32,411,438
829.36,408,438
829.4,404,437
829.44,397,435
829.48,390,433
829.52,382,429
829.56,375,425
829.6,367,421
829.64,360,418
829.68,354,415
829.72,349,413
829.76,346,411
829.8,344,411
829.84,343,409
829.88,342,408
829.92,343,407
829.96,344,407
830.0,346,407
830.04,348,408
830.08,349,408
830.12,351,409
830.16,351,410
830.2,352,411
830.24,354,412
830.28,355,414
830.32,356,415
830.36,356,416
830.4,357,417
830.44,357,418
830.48,358,418
830.52,359,419
830.56,358,421
830.6,358,421
830.64,357,421
830.68,357,420
830.72,356,420
830.76,355,420
830.8,355,419
830.84,354,419
830.88,355,419
830.92,356,418
830.96,356,418
831.0,357,418
831.04,357,418
831.08,358,418
831.12,359,418
831.16,359,418
831.2,359,418
831.24,360,418
831.28,360,418
831.32,361,418
831.36,361,418
831.4,362,418
831.44,362,418
831.48,363,419
831.52,363,419
831.56,363,420
831.6,364,420
831.64,364,421
831.68,365,421
831.72,366,421
831.76,366,421
831.8,367,421
831.84,367,421
831.88,367,422
831.92,368,422
831.96,368,422
832.0,368,422
832.04,368,423
832.08,369,422
832.12,369,423
832.16,369,423
832.2,370,424
832.24,370,424
832.28,371,424
832.32,371,424
832.36,372,424
832.4,372,425
832.44,373,425
832.48,374,425
832.52,374,426
832.56,375,426
832.6,376,426
832.64,376,426
832.68,377,426
832.72,377,427
832.76,378,427
832.8,378,427
832.84,379,427
832.88,379,428
832.92,380,428
832.96,380,428
833.0,380,428
833.04,381,428
833.08,381,429
833.12,382,429
833.16,382,429
833.2,383,429
833.24,383,429
833.28,384,430
833.32,384,430
833.36,384,430
833.4,384,430
833.44,384,430
833.48,385,430
833.52,385,430
833.56,385,430
833.6,385,430
833.64,385,430
833.68,385,430
833.72,385,430
833.76,385,430
833.8,385,430
833.84,384,431
833.88,383,430
833.92,380,428
833.96,376,426
834.0,372,424
834.04,367,422
834.08,363,421
834.12,359,420
834.16,355,421
834.2,353,422
834.24,351,421
834.28,349,421
834.32,349,421
834.36,350,421
834.4,351,421
834.44,351,421
834.48,352,421
834.52,353,421
834.56,354,421
834.6,355,420
834.64,355,420
834.68,356,419
834.72,356,419
834.76,357,420
834.8,357,420
834.84,358,420
834.88,359,420
834.92,359,421
834.96,360,421
835.0,361,422
835.04,362,422
835.08,363,423
835.12,364,423
835.16,364,423
835.2,365,423
835.24,365,423
835.28,366,424
835.32,366,424
835.36,366,424
835.4,367,424
835.44,367,425
835.48,368,425
835.52,369,425
835.56,369,425
835.6,369,425
835.64,370,425
835.68,371,426
835.72,371,426
835.76,372,427
835.8,372,427
835.84,372,427
835.88,373,427
835.92,374,427
835.96,374,428
836.0,375,428
836.04,375,428
836.08,375,428
836.12,375,428
836.16,375,428
836.2,376,428
836.24,376,428
836.28,377,429
836.32,378,429
836.36,378,429
836.4,379,429
836.44,380,429
836.48,380,430
836.52,380,430
836.56,380,430
836.6,380,430
836.64,381,430
836.68,381,430
836.72,381,430
836.76,380,428
836.8,378,426
836.84,376,422
836.88,373,419
836.92,369,416
836.96,366,413
837.0,362,413
837.04,360,414
837.08,358,416
837.12,355,418
837.16,354,417
837.2,353,417
837.24,353,417
837.28,354,417
837.32,354,417
837.36,355,417
837.4,356,418
837.44,357,418
837.48,359,419
837.52,359,419
837.56,360,420
837.6,360,420
837.64,360,420
837.68,361,420
837.72,361,421
837.76,362,421
837.8,363,421
837.84,363,421
837.88,364,421
837.92,364,421
837.96,365,421
838.0,365,422
838.04,365,421
838.08,366,421
838.12,366,421
838.16,366,422
838.2,366,422
838.24,367,422
838.28,367,422
838.32,368,422
838.36,368,422
838.4,369,423
838.44,369,423
838.48,370,423
838.52,371,423
838.56,371,424
838.6,371,424
838.64,372,424
838.68,372,424
838.72,373,425
838.76,373,425
838.8,373,425
838.84,374,426
838.88,374,426
838.92,375,426
838.96,375,426
839.0,376,427
839.04,376,427
839.08,377,427
839.12,377,427
839.16,378,428
839.2,379,428
839.24,379,428
839.28,380,429
839.32,381,429
839.36,382,429
839.4,382,430
839.44,382,430
839.48,383,431
839.52,383,431
839.56,383,431
839.6,383,431
839.64,382,431
839.68,379,429
839.72,376,428
839.76,371,425
839.8,367,422
839.84,362,420
839.88,357,418
839.92,353,417
839.96,349,417
840.0,347,416
840.04,345,415
840.08,345,415
840.12,346,415
840.16,347,415
840.2,348,415
840.24,349,416
840.28,351,416
840.32,352,416
840.36,353,417
840.4,354,418
840.44,355,418
840.48,356,418
840.52,356,418
840.56,357,419
840.6,357,418
840.64,358,418
840.68,359,418
840.72,360,418
840.76,360,418
840.8,361,418
840.84,362,419
840.88,363,419
840.92,364,419
840.96,364,419
841.0,365,420
841.04,365,420
841.08,366,420
841.12,366,420
841.16,367,421
841.2,367,421
841.24,368,421
841.28,369,421
841.32,369,421
841.36,369,421
841.4,370,421
841.44,370,422
841.48,371,422
841.52,371,422
841.56,371,422
841.6,372,422
841.64,372,422
841.68,372,422
841.72,372,423
841.76,373,423
841.8,373,423
841.84,373,423
841.88,374,423
841.92,374,423
841.96,374,423
842.0,375,424
842.04,375,424
842.08,376,424
842.12,376,424
842.16,377,424
842.2,377,424
842.24,377,424
842.28,378,425
842.32,378,425
842.36,378,425
842.4,379,425
842.44,379,425
842.48,379,425
842.52,380,425
842.56,380,425
842.6,380,425
842.64,380,426
842.68,380,426
842.72,380,426
842.76,380,426
842.8,380,426
842.84,380,426
842.88,380,426
842.92,380,426
842.96,381,426
843.0,382,426
843.04,382,426
843.08,384,427
843.12,385,427
843.16,386,427
843.2,386,427
843.24,387,427
843.28,387,427
843.32,388,428
843.36,388,428
843.4,388,428
843.44,388,428
843.48,388,428
843.52,388,428
843.56,388,428
843.6,387,428
843.64,386,429
843.68,384,430
843.72,382,430
843.76,379,429
843.8,375,428
843.84,372,426
843.88,369,425
843.92,368,423
843.96,366,422
844.0,365,421
844.04,364,420
844.08,363,419
844.12,363,418
844.16,363,417
844.2,364,417
844.24,364,416
844.28,364,415
844.32,365,414
844.36,366,412
844.4,367,411
844.44,369,408
844.48,371,404
844.52,374,399
844.56,377,393
844.6,379,387
844.64,382,380
844.68,384,373
844.72,386,365
844.76,387,359
844.8,387,353
844.84,387,349
844.88,386,347
844.92,385,346
844.96,385,348
845.0,384,351
845.04,383,355
845.08,382,360
845.12,380,365
845.16,378,370
845.2,376,375
845.24,372,381
845.28,369,385
845.32,365,390
845.36,361,397
845.4,357,401
845.44,357,401
845.48,353,405
845.52,348,408
845.56,347,411
845.6,344,415
845.64,340,417
845.68,342,418
845.72,338,414
845.76,340,418
845.8,339,422
845.84,340,421
845.88,340,420
845.92,342,421
845.96,343,420
846.0,345,416
846.04,347,413
846.08,352,409
846.12,354,411
846.16,356,413
846.2,360,415
846.24,364,417
846.28,365,420
846.32,368,424
846.36,368,426
846.4,367,427
846.44,368,426
846.48,367,426
846.52,367,426
846.56,367,426
846.6,367,426
846.64,368,425
846.68,369,424
846.72,370,423
846.76,372,423
846.8,373,423
846.84,375,424
846.88,377,426
846.92,378,428
846.96,378,430
847.0,378,429
847.04,377,429
847.08,377,430
847.12,376,429
847.16,376,430
847.2,375,429
847.24,373,429
847.28,371,428
847.32,369,427
847.36,366,426
847.4,364,425
847.44,362,424
847.48,361,423
847.52,359,422
847.56,358,421
847.6,358,420
847.64,359,419
847.68,360,419
847.72,362,420
847.76,364,422
847.8,365,423
847.84,366,425
847.88,365,427
847.92,364,427
847.96,363,426
848.0,361,425
848.04,359,424
848.08,357,423
848.12,354,421
848.16,353,420
848.2,352,419
848.24,351,418
848.28,351,418
848.32,352,418
848.36,352,417
848.4,353,418
848.44,354,418
848.48,355,419
848.52,356,419
848.56,357,419
848.6,357,419
848.64,358,419
848.68,358,419
848.72,359,419
848.76,359,420
848.8,360,420
848.84,361,421
848.88,361,421
848.92,362,421
848.96,363,421
849.0,363,422
849.04,364,422
849.08,364,422
849.12,364,422
849.16,365,423
849.2,365,423
849.24,366,423
849.28,367,424
849.32,367,424
849.36,368,424
849.4,368,425
849.44,368,425
849.48,369,425
849.52,369,425
849.56,370,426
849.6,370,426
849.64,370,426
849.68,371,426
849.72,371,426
849.76,372,427
849.8,372,427
849.84,373,427
849.88,374,428
849.92,374,428
849.96,375,428
850.0,375,428
850.04,376,428
850.08,376,429
850.12,377,429
850.16,378,429
850.2,378,429
850.24,378,430
850.28,379,430
850.32,380,430
850.36,380,430
850.4,381,431
850.44,381,431
850.48,382,431
850.52,382,431
850.56,383,431
850.6,383,432
850.64,384,432
850.68,384,432
850.72,385,432
850.76,385,433
850.8,386,433
850.84,386,433
850.88,386,433
850.92,387,433
850.96,388,434
851.0,388,434
851.04,389,434
851.08,389,435
851.12,390,435
851.16,390,436
851.2,389,437
851.24,389,437
851.28,387,436
851.32,384,433
851.36,380,431
851.4,376,428
851.44,372,426
851.48,367,425
851.52,364,425
851.56,360,425
851.6,356,425
851.64,353,424
851.68,350,422
851.72,348,420
851.76,347,420
851.8,347,419
851.84,348,419
851.88,348,419
851.92,349,419
851.96,350,420
852.0,351,420
852.04,352,421
852.08,353,421
852.12,354,421
852.16,354,421
852.2,355,421
852.24,355,422
852.28,356,423
852.32,356,423
852.36,357,423
852.4,357,424
852.44,358,424
852.48,358,424
852.52,358,424
852.56,359,424
852.6,359,425
852.64,360,425
852.68,361,425
852.72,361,426
852.76,362,426
852.8,363,426
852.84,363,426
852.88,364,427
852.92,364,427
852.96,365,427
853.0,365,428
853.04,366,428
853.08,366,428
853.12,366,428
853.16,367,429
853.2,367,429
853.24,367,429
853.28,368,429
853.32,368,430
853.36,369,430
853.4,369,431
853.44,370,431
853.48,371,431
853.52,371,431
853.56,371,432
853.6,372,432
853.64,372,432
853.68,372,432
853.72,373,433
853.76,373,433
853.8,373,433
853.84,374,433
853.88,374,433
853.92,375,433
853.96,375,433
854.0,376,433
854.04,377,434
854.08,378,434
854.12,378,434
854.16,379,434
854.2,380,434
854.24,382,434
854.28,382,434
854.32,381,433
854.36,380,432
854.4,377,430
854.44,374,427
854.48,372,426
854.52,369,424
854.56,365,424
854.6,361,424
854.64,357,424
854.68,354,424
854.72,351,422
854.76,349,420
854.8,347,418
854.84,346,417
854.88,344,416
854.92,344,415
854.96,344,414
855.0,344,414
855.04,344,415
855.08,344,415
855.12,344,415
855.16,345,416
855.2,346,416
855.24,347,416
855.28,347,417
855.32,349,417
855.36,350,417
855.4,351,418
855.44,351,418
855.48,352,419
855.52,353,419
855.56,353,420
855.6,354,420
855.64,354,420
855.68,355,420
855.72,356,420
855.76,356,421
855.8,357,421
855.84,358,421
855.88,359,422
855.92,359,422
855.96,360,422
856.0,361,422
856.04,362,423
856.08,362,423
856.12,363,424
856.16,364,424
856.2,364,424
856.24,365,425
856.28,366,425
856.32,366,426
856.36,367,426
856.4,367,427
856.44,368,427
856.48,369,427
856.52,369,428
856.56,369,428
856.6,370,428
856.64,370,428
856.68,370,428
856.72,371,429
856.76,372,429
856.8,372,429
856.84,373,430
856.88,374,430
856.92,375,430
856.96,376,431
857.0,377,431
857.04,378,431
857.08,379,432
857.12,380,433
857.16,380,434
857.2,380,434
857.24,378,434
857.28,371,433
857.32,366,432
857.36,362,431
857.4,357,429
857.44,353,428
857.48,349,426
857.52,348,424
857.56,347,421
857.6,348,420
857.64,349,420
857.68,351,419
857.72,353,417
857.76,354,414
857.8,354,411
857.84,354,407
857.88,352,402
857.92,350,398
857.96,347,393
858.0,344,389
858.04,340,386
858.08,336,383
858.12,332,381
858.16,329,380
858.2,326,380
858.24,325,378
858.28,322,382
858.32,321,383
858.36,320,386
858.4,320,392
858.44,322,395
858.48,321,403
858.52,325,402
858.56,325,409
858.6,330,413
858.64,333,419
858.68,335,424
858.72,339,428
858.76,341,432
858.8,343,436
858.84,346,438
858.88,349,440
858.92,351,441
858.96,353,440
859.0,355,440
859.04,356,439
859.08,357,437
859.12,357,435
859.16,358,432
859.2,359,429
859.24,360,427
859.28,362,427
859.32,364,428
859.36,366,429
859.4,367,429
859.44,367,429
859.48,367,428
859.52,366,427
859.56,365,425
859.6,363,424
859.64,361,422
859.68,359,421
859.72,357,419
859.76,355,417
859.8,355,416
859.84,357,416
859.88,358,416
859.92,360,416
859.96,361,417
860.0,363,418
860.04,364,418
860.08,364,418
860.12,363,418
860.16,362,418
860.2,360,418
860.24,358,417
860.28,356,416
860.32,354,415
860.36,352,414
860.4,350,413
860.44,350,412
860.48,349,412
860.52,350,412
860.56,350,411
860.6,351,412
860.64,352,412
860.68,353,413
860.72,354,414
860.76,355,415
860.8,356,416
860.84,357,416
860.88,357,417
860.92,358,418
860.96,359,418
861.0,359,419
861.04,360,419
861.08,361,419
861.12,361,420
861.16,362,420
861.2,362,420
861.24,363,420
861.28,363,420
861.32,364,420
861.36,364,421
861.4,365,421
861.44,365,421
861.48,365,422
861.52,366,422
861.56,366,422
861.6,367,423
861.64,367,423
861.68,368,424
861.72,368,424
861.76,369,424
861.8,369,425
861.84,369,425
861.88,370,425
861.92,370,425
861.96,370,426
862.0,371,426
862.04,371,426
862.08,372,426
862.12,372,427
862.16,372,427
862.2,373,427
862.24,373,427
862.28,374,427
862.32,374,427
862.36,375,428
862.4,376,428
862.44,376,428
862.48,377,428
862.52,377,429
862.56,378,429
862.6,378,429
862.64,379,429
862.68,379,429
862.72,379,429
862.76,380,429
862.8,380,429
862.84,380,429
862.88,381,429
862.92,381,429
862.96,380,430
863.0,379,430
863.04,377,428
863.08,374,426
863.12,371,423
863.16,367,422
863.2,364,421
863.24,361,421
863.28,357,422
863.32,354,423
863.36,350,422
863.4,347,421
863.44,345,419
863.48,344,418
863.52,343,417
863.56,344,417
863.6,345,417
863.64,346,417
863.68,347,418
863.72,348,419
863.76,349,419
863.8,351,419
863.84,352,420
863.88,353,420
863.92,354,420
863.96,354,421
864.0,355,421
864.04,355,421
864.08,356,422
864.12,357,422
864.16,357,422
864.2,358,422
864.24,358,422
864.28,359,423
864.32,359,423
864.36,360,423
864.4,361,424
864.44,361,424
864.48,362,425
864.52,362,425
864.56,363,426
864.6,364,426
864.64,364,426
864.68,365,427
864.72,365,427
864.76,366,427
864.8,366,427
864.84,367,428
864.88,368,428
864.92,368,428
864.96,369,428
865.0,369,429
865.04,370,429
865.08,371,430
865.12,372,430
865.16,372,430
865.2,373,430
865.24,374,431
865.28,375,430
865.32,375,431
865.36,376,431
865.4,377,431
865.44,377,431
865.48,377,432
865.52,377,432
865.56,377,432
865.6,377,432
865.64,376,432
865.68,373,430
865.72,370,428
865.76,366,425
865.8,362,423
865.84,358,422
865.88,354,421
865.92,350,421
865.96,346,421
866.0,343,420
866.04,341,418
866.08,339,416
866.12,339,416
866.16,339,416
866.2,340,416
866.24,340,417
866.28,342,417
866.32,343,418
866.36,345,419
866.4,346,420
866.44,347,421
866.48,349,421
866.52,350,421
866.56,351,421
866.6,351,421
866.64,352,421
866.68,352,421
866.72,353,421
866.76,353,422
866.8,354,422
866.84,355,423
866.88,357,424
866.92,358,424
866.96,359,424
867.0,360,425
867.04,361,425
867.08,362,426
867.12,363,426
867.16,364,427
867.2,364,427
867.24,365,428
867.28,366,428
867.32,367,429
867.36,367,429
867.4,368,429
867.44,369,429
867.48,369,430
867.52,370,430
867.56,371,430
867.6,371,430
867.64,372,431
867.68,372,431
867.72,373,431
867.76,374,431
867.8,375,432
867.84,376,432
867.88,378,432
867.92,379,433
867.96,381,433
868.0,382,434
868.04,383,434
868.08,384,435
868.12,385,435
868.16,385,435
868.2,383,437
868.24,380,437
868.28,375,438
868.32,370,437
868.36,364,437
868.4,358,437
868.44,352,437
868.48,347,436
868.52,342,434
868.56,338,432
868.6,335,430
868.64,332,429
868.68,330,428
868.72,328,428
868.76,326,426
868.8,324,423
868.84,322,419
868.88,319,413
868.92,315,406
868.96,310,399
869.0,307,395
869.04,305,391
869.08,303,389
869.12,300,386
869.16,299,387
869.2,299,388
869.24,298,387
869.28,297,385
869.32,298,387
869.36,300,389
869.4,302,394
869.44,307,398
869.48,311,408
869.52,318,417
869.56,325,425
869.6,332,429
869.64,338,435
869.68,343,439
869.72,346,442
869.76,348,441
869.8,349,439
869.84,350,438
869.88,350,436
869.92,350,432
869.96,352,428
870.0,354,425
870.04,357,423
870.08,361,423
870.12,364,424
870.16,365,426
870.2,363,426
870.24,361,425
870.28,359,422
870.32,356,422
870.36,354,421
870.4,352,420
870.44,351,419
870.48,350,419
870.52,349,418
870.56,349,418
870.6,350,418
870.64,351,418
870.68,351,419
870.72,352,419
870.76,353,419
870.8,354,419
870.84,355,419
870.88,356,420
870.92,357,420
870.96,358,420
871.0,359,420
871.04,360,421
871.08,361,421
871.12,362,421
871.16,363,422
871.2,363,422
871.24,364,422
871.28,365,422
871.32,365,422
871.36,366,423
871.4,366,423
871.44,367,423
871.48,367,424
871.52,368,424
871.56,369,425
871.6,369,425
871.64,370,426
871.68,371,425
871.72,371,426
871.76,372,426
871.8,372,426
871.84,373,426
871.88,373,427
871.92,374,426
871.96,374,427
872.0,375,427
872.04,375,428
872.08,376,428
872.12,376,428
872.16,377,428
872.2,377,428
872.24,378,429
872.28,379,429
872.32,379,429
872.36,380,429
872.4,380,429
872.44,381,429
872.48,381,430
872.52,382,430
872.56,382,430
872.6,383,430
872.64,384,431
872.68,385,431
872.72,386,432
872.76,386,432
872.8,386,432
872.84,383,429
872.88,380,426
872.92,376,422
872.96,371,421
873.0,367,419
873.04,363,418
873.08,359,418
873.12,355,418
873.16,352,419
873.2,349,418
873.24,347,416
873.28,346,415
873.32,346,415
873.36,346,415
873.4,346,415
873.44,347,415
873.48,349,415
873.52,350,416
873.56,351,418
873.6,352,418
873.64,352,419
873.68,353,419
873.72,353,419
873.76,354,419
873.8,354,419
873.84,355,419
873.88,355,419
873.92,356,419
873.96,356,419
874.0,357,419
874.04,357,419
874.08,358,420
874.12,359,420
874.16,359,420
874.2,360,421
874.24,360,421
874.28,361,421
874.32,362,421
874.36,362,421
874.4,363,421
874.44,364,421
874.48,365,422
874.52,365,422
874.56,366,421
874.6,367,421
874.64,367,422
874.68,368,423
874.72,369,423
874.76,370,423
874.8,371,423
874.84,371,424
874.88,372,424
874.92,373,425
874.96,374,425
875.0,374,426
875.04,375,426
875.08,376,427
875.12,377,427
875.16,378,427
875.2,378,428
875.24,379,428
875.28,380,428
875.32,380,428
875.36,381,428
875.4,382,429
875.44,382,428
875.48,383,429
875.52,383,429
875.56,383,429
875.6,383,429
875.64,383,429
875.68,381,428
875.72,379,426
875.76,375,424
875.8,370,422
875.84,364,420
875.88,359,417
875.92,353,417
875.96,349,416
876.0,346,416
876.04,343,416
876.08,342,414
876.12,342,413
876.16,342,414
876.2,342,414
876.24,342,414
876.28,344,414
876.32,346,415
876.36,346,416
876.4,347,416
876.44,348,417
876.48,350,417
876.52,350,417
876.56,351,417
876.6,352,417
876.64,353,418
876.68,354,418
876.72,354,418
876.76,355,417
876.8,356,418
876.84,357,418
876.88,358,418
876.92,359,418
876.96,360,419
877.0,362,419
877.04,363,420
877.08,364,421
877.12,365,421
877.16,366,422
877.2,367,422
877.24,367,422
877.28,368,422
877.32,369,423
877.36,370,423
877.4,371,423
877.44,371,423
877.48,372,424
877.52,373,424
877.56,374,424
877.6,374,424
877.64,375,424
877.68,376,424
877.72,377,425
877.76,377,425
877.8,378,425
877.84,379,425
877.88,380,425
877.92,381,426
877.96,382,426
878.0,382,426
878.04,383,426
878.08,384,426
878.12,385,426
878.16,385,426
878.2,385,426
878.24,386,426
878.28,386,426
878.32,386,426
878.36,386,426
878.4,386,427
878.44,387,427
878.48,387,428
878.52,388,428
878.56,388,428
878.6,389,428
878.64,389,428
878.68,389,428
878.72,388,429
878.76,387,430
878.8,386,430
878.84,385,430
878.88,383,430
878.92,381,430
878.96,379,430
879.0,376,431
879.04,373,432
879.08,370,434
879.12,367,436
879.16,364,436
879.2,360,436
879.24,358,434
879.28,355,430
879.32,354,426
879.36,354,421
879.4,356,417
879.44,359,412
879.48,363,408
879.52,368,404
879.56,373,398
879.6,377,392
879.64,381,385
879.68,384,378
879.72,385,372
879.76,385,366
879.8,385,362
879.84,384,359
879.88,384,358
879.92,382,359
879.96,381,363
880.0,379,366
880.04,377,370
880.08,375,374
880.12,373,377
880.16,370,380
880.2,368,385
880.24,365,389
880.28,361,392
880.32,358,395
880.36,355,398
880.4,351,399
880.44,347,402
880.48,344,404
880.52,341,406
880.56,339,407
880.6,339,408
880.64,339,408
880.68,335,416
880.72,332,420
880.76,324,418
880.8,324,418
880.84,324,418
880.88,324,418
880.92,319,428
880.96,316,424
881.0,316,423
881.04,317,421
881.08,321,416
881.12,325,404
881.16,331,390
881.2,336,373
881.24,346,363
881.28,355,349
881.32,362,340
881.36,369,336
881.4,375,337
881.44,379,341
881.48,383,347
881.52,385,354
881.56,387,361
881.6,387,368
881.64,387,374
881.68,386,380
881.72,384,385
881.76,381,388
881.8,379,392
881.84,376,395
881.88,371,399
881.92,367,402
881.96,362,404
882.0,356,406
882.04,350,408
882.08,345,410
882.12,340,414
882.16,338,420
882.2,336,425
882.24,334,431
882.28,333,436
882.32,333,439
882.36,333,442
882.4,334,444
882.44,334,444
882.48,335,444
882.52,336,444
882.56,337,442
882.6,337,441
882.64,338,439
882.68,338,435
882.72,339,432
882.76,340,430
882.8,340,427
882.84,341,424
882.88,340,418
882.92,337,412
882.96,333,407
883.0,330,400
883.04,327,393
883.08,324,386
883.12,323,378
883.16,320,371
883.2,320,363
883.24,320,358
883.28,322,352
883.32,325,349
883.36,330,347
883.4,333,349
883.44,337,349
883.48,342,357
883.52,346,363
883.56,352,369
883.6,358,380
883.64,363,393
883.68,367,403
883.72,369,411
883.76,371,417
883.8,372,420
883.84,373,422
883.88,374,424
883.92,374,425
883.96,374,425
884.0,373,424
884.04,372,423
884.08,371,422
884.12,370,421
884.16,370,421
884.2,371,422
884.24,371,424
884.28,371,425
884.32,370,426
884.36,368,424
884.4,367,423
884.44,364,422
884.48,362,421
884.52,359,419
884.56,356,417
884.6,354,415
884.64,352,413
884.68,350,411
884.72,349,410
884.76,348,409
884.8,348,408
884.84,348,408
884.88,349,409
884.92,349,410
884.96,349,411
885.0,349,411
885.04,349,414
885.08,350,414
885.12,351,414
885.16,351,415
885.2,352,416
885.24,354,415
885.28,355,416
885.32,356,416
885.36,357,416
885.4,358,417
885.44,359,416
885.48,360,417
885.52,361,417
885.56,361,417
885.6,362,417
885.64,362,417
885.68,363,418
885.72,363,417
885.76,364,418
885.8,364,418
885.84,365,418
885.88,365,419
885.92,366,420
885.96,367,420
886.0,368,420
886.04,369,421
886.08,370,421
886.12,371,421
886.16,372,421
886.2,373,422
886.24,374,422
886.28,374,423
886.32,375,422
886.36,376,423
886.4,376,423
886.44,376,423
886.48,377,423
886.52,377,423
886.56,378,423
886.6,378,423
886.64,379,423
886.68,380,424
886.72,380,424
886.76,381,424
886.8,381,424
886.84,382,424
886.88,382,425
886.92,383,425
886.96,383,425
887.0,384,425
887.04,384,425
887.08,385,426
887.12,385,426
887.16,386,426
887.2,386,426
887.24,386,426
887.28,387,426
887.32,387,427
887.36,387,427
887.4,387,427
887.44,387,427
887.48,388,427
887.52,388,427
887.56,388,427
887.6,389,427
887.64,390,427
887.68,390,427
887.72,391,427
887.76,391,427
887.8,392,428
887.84,392,428
887.88,393,428
887.92,393,428
887.96,393,428
888.0,393,428
888.04,393,428
888.08,393,428
888.12,393,428
888.16,394,428
888.2,394,428
888.24,395,428
888.28,395,429
888.32,395,429
888.36,395,429
888.4,394,429
888.44,394,429
888.48,392,429
888.52,388,427
888.56,383,425
888.6,378,423
888.64,373,422
888.68,370,421
888.72,367,424
888.76,365,426
888.8,362,427
888.84,359,426
888.88,357,425
888.92,356,425
888.96,355,424
889.0,355,423
889.04,355,422
889.08,356,420
889.12,357,420
889.16,358,420
889.2,358,421
889.24,359,421
889.28,359,422
889.32,360,422
889.36,360,422
889.4,361,422
889.44,361,422
889.48,362,423
889.52,363,423
889.56,364,424
889.6,365,424
889.64,366,425
889.68,367,425
889.72,367,425
889.76,368,425
889.8,368,425
889.84,369,426
889.88,369,426
889.92,369,426
889.96,370,426
890.0,370,426
890.04,370,426
890.08,371,426
890.12,371,427
890.16,372,427
890.2,373,427
890.24,374,427
890.28,374,428
890.32,375,428
890.36,376,428
890.4,377,428
890.44,378,428
890.48,378,428
890.52,379,428
890.56,379,428
890.6,379,429
890.64,380,429
890.68,380,429
890.72,381,429
890.76,381,429
890.8,381,429
890.84,382,430
890.88,382,430
890.92,383,430
890.96,384,430
891.0,384,431
891.04,384,431
891.08,384,431
891.12,385,431
891.16,386,431
891.2,386,431
891.24,386,431
891.28,387,431
891.32,387,431
891.36,387,432
891.4,388,432
891.44,388,432
891.48,389,432
891.52,389,433
891.56,389,433
891.6,390,433
891.64,390,433
891.68,390,433
891.72,391,433
891.76,391,434
891.8,392,434
891.84,392,434
891.88,393,434
891.92,393,434
891.96,393,435
892.0,394,435
892.04,394,435
892.08,395,435
892.12,395,436
892.16,395,436
892.2,396,436
892.24,396,436
892.28,397,436
892.32,399,437
892.36,400,437
892.4,401,437
892.44,402,437
892.48,402,437
892.52,402,436
892.56,402,436
892.6,402,435
892.64,402,435
892.68,402,435
892.72,400,435
892.76,398,434
892.8,394,432
892.84,388,429
892.88,383,426
892.92,377,424
892.96,371,423
893.0,366,423
893.04,361,424
893.08,357,426
893.12,355,427
893.16,354,426
893.2,354,426
893.24,354,425
893.28,355,424
893.32,356,424
893.36,356,424
893.4,356,425
893.44,357,425
893.48,358,425
893.52,359,425
893.56,360,425
893.6,361,424
893.64,362,424
893.68,363,424
893.72,364,424
893.76,364,424
893.8,365,425
893.84,366,425
893.88,367,425
893.92,367,425
893.96,368,425
894.0,369,426
894.04,369,426
894.08,370,426
894.12,370,426
894.16,371,426
894.2,371,426
894.24,372,427
894.28,372,427
894.32,373,427
894.36,373,427
894.4,374,427
894.44,375,427
894.48,375,428
894.52,376,428
894.56,376,428
894.6,377,429
894.64,378,429
894.68,378,429
894.72,379,429
894.76,380,430
894.8,381,430
894.84,381,430
894.88,382,431
894.92,383,431
894.96,383,432
895.0,384,432
895.04,385,432
895.08,386,432
895.12,387,432
895.16,387,432
895.2,388,433
895.24,389,433
895.28,390,433
895.32,390,433
895.36,390,433
895.4,391,433
895.44,392,434
895.48,392,434
895.52,393,434
895.56,394,434
895.6,394,434
895.64,395,435
895.68,395,435
895.72,396,435
895.76,396,435
895.8,397,435
895.84,397,435
895.88,398,435
895.92,399,435
895.96,400,435
896.0,401,434
896.04,402,434
896.08,402,434
896.12,403,434
896.16,403,434
896.2,404,434
896.24,404,433
896.28,404,433
896.32,404,432
896.36,404,432
896.4,404,432
896.44,404,432
896.48,405,432
896.52,404,432
896.56,404,432
896.6,404,432
896.64,404,432
896.68,404,433
896.72,404,434
896.76,403,435
896.8,401,436
896.84,399,437
896.88,397,438
896.92,393,439
896.96,388,438
897.0,383,436
897.04,376,434
897.08,371,433
897.12,365,432
897.16,361,430
897.2,357,428
897.24,353,427
897.28,351,426
897.32,350,425
897.36,350,424
897.4,350,423
897.44,351,422
897.48,352,422
897.52,352,422
897.56,352,422
897.6,353,423
897.64,354,423
897.68,355,425
897.72,356,425
897.76,357,426
897.8,359,427
897.84,361,427
897.88,362,427
897.92,363,428
897.96,364,429
898.0,365,429
898.04,366,430
898.08,367,430
898.12,367,431
898.16,368,431
898.2,368,431
898.24,369,432
898.28,370,433
898.32,371,433
898.36,372,433
898.4,373,434
898.44,373,434
898.48,374,434
898.52,375,434
898.56,375,435
898.6,376,435
898.64,376,435
898.68,377,435
898.72,377,435
898.76,378,435
898.8,378,435
898.84,379,435
898.88,380,436
898.92,380,436
898.96,381,436
899.0,382,436
899.04,382,436
899.08,383,436
899.12,384,436
899.16,384,437
899.2,385,437
899.24,385,437
899.28,386,437
899.32,386,437
899.36,387,437
899.4,387,438
899.44,388,438
899.48,388,438
899.52,389,438
899.56,389,439
899.6,389,439
899.64,390,439
899.68,390,439
899.72,391,439
899.76,391,439
899.8,392,439
899.84,393,440
899.88,394,440
899.92,395,440
899.96,396,440
900.0,397,440
900.04,396,440
900.08,395,441
900.12,392,441
900.16,388,440
900.2,382,438
900.24,376,436
900.28,369,434
900.32,364,434
900.36,359,433
900.4,355,432
900.44,351,432
900.48,348,432
900.52,347,430
900.56,347,427
900.6,347,424
900.64,349,421
900.68,351,417
900.72,353,413
900.76,356,410
900.8,359,406
900.84,363,402
900.88,368,399
900.92,372,396
900.96,376,392
901.0,379,387
901.04,380,384
901.08,381,381
901.12,382,379
901.16,381,379
901.2,380,380
901.24,378,383
901.28,375,386
901.32,372,389
901.36,367,392
901.4,363,396
901.44,359,397
901.48,353,400
901.52,349,402
901.56,344,404
901.6,339,408
901.64,338,409
901.68,334,411
901.72,331,411
901.76,329,412
901.8,326,411
901.84,323,406
901.88,322,400
901.92,320,392
901.96,320,385
902.0,321,378
902.04,321,375
902.08,323,369
902.12,326,363
902.16,328,362
902.2,328,362
902.24,329,361
902.28,328,364
902.32,329,362
902.36,331,361
902.4,335,358
902.44,331,365
902.48,336,359
902.52,336,359
902.56,337,358
902.6,336,360
902.64,333,362
902.68,337,357
902.72,337,365
902.76,338,367
902.8,342,371
902.84,348,374
902.88,349,386
902.92,355,395
902.96,361,405
903.0,367,414
903.04,372,421
903.08,375,425
903.12,376,428
903.16,376,428
903.2,375,427
903.24,373,427
903.28,371,426
903.32,368,425
903.36,365,423
903.4,363,421
903.44,361,420
903.48,358,419
903.52,356,418
903.56,354,416
903.6,352,415
903.64,350,413
903.68,349,412
903.72,347,410
903.76,347,411
903.8,347,410
903.84,346,410
903.88,348,409
903.92,349,410
903.96,349,410
904.0,351,411
904.04,350,412
904.08,351,412
904.12,352,413
904.16,352,414
904.2,353,414
904.24,354,414
904.28,354,415
904.32,355,415
904.36,356,415
904.4,356,415
904.44,357,415
904.48,357,416
904.52,357,415
904.56,357,416
904.6,358,417
904.64,359,418
904.68,360,419
904.72,360,420
904.76,361,420
904.8,362,421
904.84,363,421
904.88,364,421
904.92,365,421
904.96,365,421
905.0,366,421
905.04,366,422
905.08,367,422
905.12,367,423
905.16,368,423
905.2,368,423
905.24,369,423
905.28,369,423
905.32,370,423
905.36,370,424
905.4,370,424
905.44,370,424
905.48,370,424
905.52,371,424
905.56,372,424
905.6,372,424
905.64,373,424
905.68,373,424
905.72,374,424
905.76,375,425
905.8,375,425
905.84,376,426
905.88,377,426
905.92,378,426
905.96,378,426
906.0,379,426
906.04,379,427
906.08,380,427
906.12,380,427
906.16,381,427
906.2,381,427
906.24,381,428
906.28,381,428
906.32,382,428
906.36,382,428
906.4,383,428
906.44,383,428
906.48,383,428
906.52,383,428
906.56,383,428
906.6,383,428
906.64,383,429
906.68,383,429
906.72,384,429
906.76,384,429
906.8,384,430
906.84,384,429
906.88,384,429
906.92,384,430
906.96,384,430
907.0,385,430
907.04,385,430
907.08,385,430
907.12,384,430
907.16,384,430
907.2,385,430
907.24,385,430
907.28,385,430
907.32,385,430
907.36,385,430
907.4,385,430
907.44,385,430
907.48,385,430
907.52,385,430
907.56,385,430
907.6,385,430
907.64,385,430
907.68,385,430
907.72,384,430
907.76,384,430
907.8,384,430
907.84,384,430
907.88,384,430
907.92,385,431
907.96,384,430
908.0,384,430
908.04,384,430
908.08,385,430
908.12,385,431
908.16,384,430
908.2,384,430
908.24,384,430
908.28,384,430
908.32,384,430
908.36,384,430
908.4,384,430
908.44,384,430
908.48,384,431
908.52,384,431
908.56,384,431
908.6,384,431
908.64,384,431
908.68,384,432
908.72,384,432
908.76,384,432
908.8,384,432
908.84,384,432
908.88,384,433
908.92,383,433
908.96,383,433
909.0,383,433
909.04,383,433
909.08,383,433
909.12,383,433
909.16,383,433
909.2,383,433
909.24,383,433
909.28,383,433
909.32,383,433
909.36,383,433
909.4,383,433
909.44,383,433
909.48,383,433
909.52,383,433
909.56,383,433
909.6,383,433
909.64,383,433
909.68,383,433
909.72,383,433
909.76,383,433
909.8,383,433
909.84,383,433
909.88,383,433
909.92,383,433
909.96,383,433
910.0,383,433
910.04,383,433
910.08,383,433
910.12,383,433
910.16,383,433
910.2,383,433
910.24,383,433
910.28,383,433
910.32,383,433
910.36,383,433
910.4,383,433
910.44,383,433
910.48,383,433
910.52,383,433
910.56,383,433
910.6,383,433
910.64,383,433
910.68,383,433
910.72,383,433
910.76,383,433
910.8,383,433
910.84,383,433
910.88,383,433
910.92,383,433
910.96,383,433
911.0,383,433
911.04,383,433
911.08,383,433
911.12,383,433
911.16,383,433
911.2,383,433
911.24,383,433
911.28,383,433
911.32,383,433
911.36,383,433
911.4,383,433
911.44,383,433
911.48,383,433
911.52,383,433
911.56,383,433
911.6,383,433
911.64,383,433
911.68,383,433
911.72,383,433
911.76,383,433
911.8,383,433
911.84,383,433
911.88,383,433
911.92,383,433
911.96,383,433
912.0,383,433
912.04,383,433
912.08,383,433
912.12,383,433
912.16,383,433
912.2,383,433
912.24,383,433
912.28,383,433
912.32,383,433
912.36,383,433
912.4,383,433
912.44,383,433
912.48,383,433
912.52,383,433
912.56,383,433
912.6,383,433
912.64,383,433
912.68,383,433
912.72,383,433
912.76,383,433
912.8,383,433
912.84,383,433
912.88,383,433
912.92,383,433
912.96,383,433
913.0,383,433
913.04,383,433
913.08,383,433
913.12,383,433
913.16,383,433
913.2,383,433
913.24,383,433
913.28,383,433
913.32,383,433
913.36,383,433
913.4,383,433
913.44,383,433
913.48,383,433
913.52,383,433
913.56,383,433
913.6,383,433
913.64,383,433
913.68,383,433
913.72,383,433
913.76,383,433
913.8,383,433
913.84,383,433
913.88,383,433
913.92,383,433
913.96,383,433
914.0,382,433
914.04,382,432
914.08,380,432
914.12,378,431
914.16,375,430
914.2,371,428
914.24,367,426
914.28,364,424
914.32,361,423
914.36,360,423
914.4,360,422
914.44,361,422
914.48,362,422
914.52,363,423
914.56,364,423
914.6,365,424
914.64,366,425
914.68,367,425
914.72,368,426
914.76,369,426
914.8,369,426
914.84,370,427
914.88,372,428
914.92,373,428
914.96,374,428
915.0,374,429
915.04,375,429
915.08,376,429
915.12,377,430
915.16,377,430
915.2,378,430
915.24,379,430
915.28,380,430
915.32,380,430
915.36,381,431
915.4,382,431
915.44,383,431
915.48,383,432
915.52,384,432
915.56,385,432
915.6,385,432
915.64,386,432
915.68,387,433
915.72,387,433
915.76,388,433
915.8,388,434
915.84,389,434
915.88,390,434
915.92,390,435
915.96,391,435
916.0,391,435
916.04,392,435
916.08,392,435
916.12,393,436
916.16,393,436
916.2,394,435
916.24,394,436
916.28,394,436
916.32,394,436
916.36,394,436
916.4,394,436
916.44,394,436
916.48,394,436
916.52,394,436
916.56,394,436
916.6,394,436
916.64,394,436
916.68,394,436
916.72,394,436
916.76,394,436
916.8,394,436
916.84,394,436
916.88,394,436
916.92,394,436
916.96,394,436
917.0,394,437
917.04,393,437
917.08,392,438
917.12,392,439
917.16,392,440
917.2,391,441
917.24,391,441
917.28,390,441
917.32,389,439
917.36,386,435
917.4,383,430
917.44,380,427
917.48,377,425
917.52,375,425
917.56,374,427
917.6,372,429
917.64,371,430
917.68,369,431
917.72,369,430
917.76,367,430
917.8,366,430
917.84,365,429
917.88,364,429
917.92,364,429
917.96,364,429
918.0,364,429
918.04,365,429
918.08,366,429
918.12,366,429
918.16,367,429
918.2,367,429
918.24,368,429
918.28,368,429
918.32,369,429
918.36,369,429
918.4,370,429
918.44,370,429
918.48,370,429
918.52,371,429
918.56,372,429
918.6,373,430
918.64,374,430
918.68,375,430
918.72,376,429
918.76,377,429
918.8,377,429
918.84,378,429
918.88,379,430
918.92,380,430
918.96,381,430
919.0,381,431
919.04,382,431
919.08,383,431
919.12,383,431
919.16,384,431
919.2,384,432
919.24,385,432
919.28,385,432
919.32,386,432
919.36,386,433
919.4,387,433
919.44,388,433
919.48,388,433
919.52,389,434
919.56,389,434
919.6,390,434
919.64,391,435
919.68,391,435
919.72,392,435
919.76,393,436
919.8,393,436
919.84,393,436
919.88,394,436
919.92,394,436
919.96,395,437
920.0,395,437
920.04,395,437
920.08,396,437
920.12,396,437
920.16,396,437
920.2,396,437
920.24,397,437
920.28,397,438
920.32,397,438
920.36,398,438
920.4,398,438
920.44,399,438
920.48,399,438
920.52,400,438
920.56,400,438
920.6,400,438
920.64,401,438
920.68,401,438
920.72,402,439
920.76,402,439
920.8,403,439
920.84,403,440
920.88,402,440
920.92,402,441
920.96,401,442
921.0,399,442
921.04,397,441
921.08,394,438
921.12,390,435
921.16,384,430
921.2,379,426
921.24,373,423
921.28,369,424
921.32,365,425
921.36,362,429
921.4,360,430
921.44,361,429
921.48,362,428
921.52,362,427
921.56,363,427
921.6,363,427
921.64,363,426
921.68,363,427
921.72,364,426
921.76,364,426
921.8,365,426
921.84,366,426
921.88,367,426
921.92,367,426
921.96,367,427
922.0,369,427
922.04,369,427
922.08,370,428
922.12,371,428
922.16,372,428
922.2,373,429
922.24,374,429
922.28,375,429
922.32,376,430
922.36,377,430
922.4,377,430
922.44,378,430
922.48,379,430
922.52,380,430
922.56,380,431
922.6,381,431
922.64,382,431
922.68,383,432
922.72,384,432
922.76,385,432
922.8,386,433
922.84,387,433
922.88,387,433
922.92,388,434
922.96,389,434
923.0,390,433
923.04,390,434
923.08,391,435
923.12,392,435
923.16,393,435
923.2,393,435
923.24,395,436
923.28,395,436
923.32,396,436
923.36,396,436
923.4,396,436
923.44,397,436
923.48,397,436
923.52,398,437
923.56,399,437
923.6,400,437
923.64,401,437
923.68,402,438
923.72,402,438
923.76,402,438
923.8,403,438
923.84,404,439
923.88,405,439
923.92,406,438
923.96,407,438
924.0,407,439
924.04,407,439
924.08,407,439
924.12,406,440
924.16,406,441
924.2,405,441
924.24,404,441
924.28,404,442
924.32,402,443
924.36,401,443
924.4,398,442
924.44,395,440
924.48,391,437
924.52,387,435
924.56,382,432
924.6,377,429
924.64,372,427
924.68,368,426
924.72,365,424
924.76,363,423
924.8,362,420
924.84,363,418
924.88,364,417
924.92,366,416
924.96,368,414
925.0,369,411
925.04,371,407
925.08,372,402
925.12,374,397
925.16,375,393
925.2,377,389
925.24,378,387
925.28,378,385
925.32,377,384
925.36,376,385
925.4,373,387
925.44,370,390
925.48,366,393
925.52,361,397
925.56,357,401
925.6,350,404
925.64,346,406
925.68,342,410
925.72,337,415
925.76,332,419
925.8,329,421
925.84,328,422
925.88,324,424
925.92,321,420
925.96,322,420
926.0,321,418
926.04,325,410
926.08,327,417
926.12,336,410
926.16,344,418
926.2,356,420
926.24,367,424
926.28,376,427
926.32,381,430
926.36,383,431
926.4,382,432
926.44,379,429
926.48,375,428
926.52,370,425
926.56,366,423
926.6,362,420
926.64,357,419
926.68,353,418
926.72,351,416
926.76,348,416
926.8,348,416
926.84,347,415
926.88,348,415
926.92,349,416
926.96,350,417
927.0,352,418
927.04,353,420
927.08,356,421
927.12,357,422
927.16,358,422
927.2,359,423
927.24,360,423
927.28,361,424
927.32,362,424
927.36,362,424
927.4,363,425
927.44,364,425
927.48,365,426
927.52,366,426
927.56,366,427
927.6,367,427
927.64,368,427
927.68,369,428
927.72,369,428
927.76,370,428
927.8,371,429
927.84,371,429
927.88,372,429
927.92,372,430
927.96,373,430
928.0,374,430
928.04,374,431
928.08,375,431
928.12,375,431
928.16,376,431
928.2,376,431
928.24,377,431
928.28,377,431
928.32,378,431
928.36,378,431
928.4,379,432
928.44,379,432
928.48,380,432
928.52,380,433
928.56,380,433
928.6,381,433
928.64,382,433
928.68,382,433
928.72,383,434
928.76,383,434
928.8,384,434
928.84,385,434
928.88,385,435
928.92,385,435
928.96,386,435
929.0,387,435
929.04,387,435
929.08,388,436
929.12,388,436
929.16,389,436
929.2,389,436
929.24,389,436
929.28,390,437
929.32,390,437
929.36,391,437
929.4,391,437
929.44,391,437
929.48,392,437
929.52,392,438
929.56,392,438
929.6,393,438
929.64,393,438
929.68,392,438
929.72,390,437
929.76,386,435
929.8,382,432
929.84,377,429
929.88,372,426
929.92,368,425
929.96,363,425
930.0,358,426
930.04,354,427
930.08,349,425
930.12,347,422
930.16,345,422
930.2,344,422
930.24,344,421
930.28,344,421
930.32,345,421
930.36,345,421
930.4,346,421
930.44,346,421
930.48,346,422
930.52,347,422
930.56,347,422
930.6,348,422
930.64,349,422
930.68,349,422
930.72,350,422
930.76,351,422
930.8,352,422
930.84,352,423
930.88,353,423
930.92,353,423
930.96,354,423
931.0,354,424
931.04,355,424
931.08,356,424
931.12,357,425
931.16,358,425
931.2,359,426
931.24,360,426
931.28,361,427
931.32,362,427
931.36,362,427
931.4,363,428
931.44,364,428
931.48,365,429
931.52,365,430
931.56,366,430
931.6,367,430
931.64,368,431
931.68,368,431
931.72,369,431
931.76,370,431
931.8,370,432
931.84,371,432
931.88,372,432
931.92,372,433
931.96,373,433
932.0,373,434
932.04,374,434
932.08,375,434
932.12,376,434
932.16,376,435
932.2,377,435
932.24,378,436
932.28,378,436
932.32,379,436
932.36,379,436
932.4,380,436
932.44,380,436
932.48,381,437
932.52,381,437
932.56,382,437
932.6,382,437
932.64,383,437
932.68,383,437
932.72,383,437
932.76,383,437
932.8,383,437
932.84,383,437
932.88,382,437
932.92,381,437
932.96,379,436
933.0,376,435
933.04,373,432
933.08,368,430
933.12,363,427
933.16,358,425
933.2,354,424
933.24,350,424
933.28,347,425
933.32,345,425
933.36,344,425
933.4,344,425
933.44,344,424
933.48,345,424
933.52,345,424
933.56,346,425
933.6,347,425
933.64,348,425
933.68,349,425
933.72,349,425
933.76,350,424
933.8,350,424
933.84,350,424
933.88,351,424
933.92,352,425
933.96,352,426
934.0,354,427
934.04,355,427
934.08,356,429
934.12,357,429
934.16,358,429
934.2,359,430
934.24,360,430
934.28,362,430
934.32,363,430
934.36,364,431
934.4,365,431
934.44,366,431
934.48,367,432
934.52,368,432
934.56,369,432
934.6,369,432
934.64,370,432
934.68,371,433
934.72,372,433
934.76,372,434
934.8,373,434
934.84,374,434
934.88,374,434
934.92,376,435
934.96,377,435
935.0,378,436
935.04,379,437
935.08,380,436
935.12,379,435
935.16,377,433
935.2,375,430
935.24,373,429
935.28,370,427
935.32,368,425
935.36,365,424
935.4,362,421
935.44,361,418
935.48,361,415
935.52,361,412
935.56,362,408
935.6,363,404
935.64,364,399
935.68,365,395
935.72,367,389
935.76,369,384
935.8,371,380
935.84,374,376
935.88,376,374
935.92,379,374
935.96,380,374
936.0,381,376
936.04,380,380
936.08,377,385
936.12,375,390
936.16,371,397
936.2,367,402
936.24,362,409
936.28,357,415
936.32,352,421
936.36,347,426
936.4,342,428
936.44,339,429
936.48,337,428
936.52,334,428
936.56,333,424
936.6,334,420
936.64,335,416
936.68,337,414
936.72,343,411
936.76,348,409
936.8,357,411
936.84,362,413
936.88,366,419
936.92,367,426
936.96,367,431
937.0,367,429
937.04,368,428
937.08,368,429
937.12,368,428
937.16,369,428
937.2,369,428
937.24,369,428
937.28,369,427
937.32,367,427
937.36,365,426
937.4,362,424
937.44,359,423
937.48,355,421
937.52,352,419
937.56,350,418
937.6,348,417
937.64,348,416
937.68,348,417
937.72,349,416
937.76,350,418
937.8,352,420
937.84,353,421
937.88,354,421
937.92,355,422
937.96,357,423
938.0,358,424
938.04,358,424
938.08,359,425
938.12,360,425
938.16,361,425
938.2,362,426
938.24,363,426
938.28,364,427
938.32,365,427
938.36,366,427
938.4,366,428
938.44,367,428
938.48,368,428
938.52,368,429
938.56,369,429
938.6,370,429
938.64,371,430
938.68,371,429
938.72,372,430
938.76,372,430
938.8,373,430
938.84,374,431
938.88,374,431
938.92,375,431
938.96,376,431
939.0,376,431
939.04,377,431
939.08,377,431
939.12,378,432
939.16,378,432
939.2,379,432
939.24,379,432
939.28,380,432
939.32,381,432
939.36,381,432
939.4,382,432
939.44,383,433
939.48,384,433
939.52,384,433
939.56,385,433
939.6,385,433
939.64,385,433
939.68,385,433
939.72,386,433
939.76,386,433
939.8,387,434
939.84,388,434
939.88,389,434
939.92,389,434
939.96,390,435
940.0,390,435
940.04,390,435
940.08,390,435
940.12,389,434
940.16,387,433
940.2,385,431
940.24,382,428
940.28,378,425
940.32,373,423
940.36,368,421
940.4,363,420
940.44,359,421
940.48,355,422
940.52,352,424
940.56,350,424
940.6,349,424
940.64,349,424
940.68,349,424
940.72,349,424
940.76,350,424
940.8,350,424
940.84,351,424
940.88,352,424
940.92,352,424
940.96,354,424
941.0,355,425
941.04,356,425
941.08,357,426
941.12,357,426
941.16,358,426
941.2,359,425
941.24,359,426
941.28,359,426
941.32,360,426
941.36,361,426
941.4,361,427
941.44,362,427
941.48,363,427
941.52,363,427
941.56,364,427
941.6,364,428
941.64,364,428
941.68,365,428
941.72,366,429
941.76,367,429
941.8,367,430
941.84,368,430
941.88,368,430
941.92,369,430
941.96,370,431
942.0,370,431
942.04,371,431
942.08,372,431
942.12,372,431
942.16,373,431
942.2,374,431
942.24,374,432
942.28,375,432
942.32,376,432
942.36,377,432
942.4,377,432
942.44,378,433
942.48,378,433
942.52,379,433
942.56,380,433
942.6,380,433
942.64,380,434
942.68,380,434
942.72,380,434
942.76,380,434
942.8,380,435
942.84,381,435
942.88,380,435
942.92,379,434
942.96,376,432
943.0,373,429
943.04,368,429
943.08,364,426
943.12,359,424
943.16,354,423
943.2,349,423
943.24,346,424
943.28,344,424
943.32,343,424
943.36,343,423
943.4,344,423
943.44,345,421
943.48,345,422
943.52,346,423
943.56,347,423
943.6,348,424
943.64,348,424
943.68,349,425
943.72,351,424
943.76,352,423
943.8,352,423
943.84,353,424
943.88,354,424
943.92,355,423
943.96,356,424
944.0,357,424
944.04,358,424
944.08,359,425
944.12,360,425
944.16,362,425
944.2,363,426
944.24,364,427
944.28,365,427
944.32,367,428
944.36,367,428
944.4,369,429
944.44,369,429
944.48,370,430
944.52,371,430
944.56,372,430
944.6,373,431
944.64,373,431
944.68,374,432
944.72,375,432
944.76,375,432
944.8,376,432
944.84,376,432
944.88,376,433
944.92,376,433
944.96,376,433
945.0,376,433
945.04,375,433
945.08,372,433
945.12,368,432
945.16,363,430
945.2,359,428
945.24,355,426
945.28,352,424
945.32,352,422
945.36,354,420
945.4,356,420
945.44,360,418
945.48,363,415
945.52,365,411
945.56,368,405
945.6,370,399
945.64,371,394
945.68,372,389
945.72,372,386
945.76,372,384
945.8,371,383
945.84,370,384
945.88,368,385
945.92,365,389
945.96,361,391
946.0,357,396
946.04,354,399
946.08,351,406
946.12,346,409
946.16,343,405
946.2,338,412
946.24,334,415
946.28,334,418
946.32,332,418
946.36,329,417
946.4,329,415
946.44,328,402
946.48,330,393
946.52,330,393
946.56,330,393
946.6,330,393
946.64,330,393
946.68,330,382
946.72,331,384
946.76,331,387
946.8,330,387
946.84,331,382
946.88,332,381
946.92,332,381
946.96,333,379
947.0,335,381
947.04,335,383
947.08,335,382
947.12,335,381
947.16,337,379
947.2,337,377
947.24,337,378
947.28,337,378
947.32,337,380
947.36,337,382
947.4,337,376
947.44,337,376
947.48,337,376
947.52,337,377
947.56,337,378
947.6,338,373
947.64,338,372
947.68,337,381
947.72,337,381
947.76,336,381
947.8,337,379
947.84,338,379
947.88,338,377
947.92,338,376
947.96,338,377
948.0,339,376
948.04,338,379
948.08,339,380
948.12,338,380
948.16,338,379
948.2,339,377
948.24,339,376
948.28,339,377
948.32,340,377
948.36,340,379
948.4,339,380
948.44,339,380
948.48,339,378
948.52,339,379
948.56,339,378
948.6,342,377
948.64,343,379
948.68,344,383
948.72,346,389
948.76,349,398
948.8,354,406
948.84,355,414
948.88,356,421
948.92,357,427
948.96,357,430
949.0,357,432
949.04,357,432
949.08,357,432
949.12,357,432
949.16,356,432
949.2,356,431
949.24,356,430
949.28,357,429
949.32,358,429
949.36,360,428
949.4,362,429
949.44,364,430
949.48,365,431
949.52,366,432
949.56,365,432
949.6,364,431
949.64,362,430
949.68,359,429
949.72,357,427
949.76,353,426
949.8,350,424
949.84,348,422
949.88,346,420
949.92,344,420
949.96,344,419
950.0,344,419
950.04,345,419
950.08,345,419
950.12,346,419
950.16,347,420
950.2,348,421
950.24,349,422
950.28,349,422
950.32,350,423
950.36,351,423
950.4,352,423
950.44,353,423
950.48,353,423
950.52,354,423
950.56,354,423
950.6,355,424
950.64,356,425
950.68,357,424
950.72,357,425
950.76,358,425
950.8,358,426
950.84,359,426
950.88,360,426
950.92,361,426
950.96,361,427
951.0,362,427
951.04,362,427
951.08,363,427
951.12,363,428
951.16,364,428
951.2,364,428
951.24,364,429
951.28,365,429
951.32,365,429
951.36,366,429
951.4,366,429
951.44,366,430
951.48,367,430
951.52,367,430
951.56,367,430
951.6,368,430
951.64,369,431
951.68,369,431
951.72,369,431
951.76,370,431
951.8,371,431
951.84,371,432
951.88,372,432
951.92,373,433
951.96,374,433
952.0,374,433
952.04,375,433
952.08,376,434
952.12,377,434
952.16,378,435
952.2,380,435
952.24,380,434
952.28,379,433
952.32,376,430
952.36,372,427
952.4,367,424
952.44,363,422
952.48,359,421
952.52,355,422
952.56,352,425
952.6,348,426
952.64,346,426
952.68,344,425
952.72,343,424
952.76,344,423
952.8,345,423
952.84,346,423
952.88,347,423
952.92,348,424
952.96,349,424
953.0,350,424
953.04,350,424
953.08,351,424
953.12,352,424
953.16,352,424
953.2,352,424
953.24,353,424
953.28,353,424
953.32,353,424
953.36,354,425
953.4,354,425
953.44,355,425
953.48,356,426
953.52,356,426
953.56,357,426
953.6,357,427
953.64,358,427
953.68,359,427
953.72,359,427
953.76,360,427
953.8,361,427
953.84,362,427
953.88,362,427
953.92,363,427
953.96,363,426
954.0,364,426
954.04,364,424
954.08,365,423
954.12,366,423
954.16,365,423
954.2,365,423
954.24,365,423
954.28,365,423
954.32,365,423
954.36,364,424
954.4,364,425
954.44,364,425
954.48,364,426
954.52,364,426
954.56,365,426
954.6,365,426
954.64,365,426
954.68,365,426
954.72,365,426
954.76,365,426
954.8,365,426
954.84,365,426
954.88,366,426
954.92,366,426
954.96,367,426
955.0,367,427
955.04,368,427
955.08,368,427
955.12,369,427
955.16,369,427
955.2,370,428
955.24,370,428
955.28,371,429
955.32,372,430
955.36,372,430
955.4,372,430
955.44,373,430
955.48,373,431
955.52,373,431
955.56,374,432
955.6,374,432
955.64,375,432
955.68,375,433
955.72,376,434
955.76,376,434
955.8,377,434
955.84,377,435
955.88,378,436
955.92,379,436
955.96,380,437
956.0,380,437
956.04,380,437
956.08,380,437
956.12,379,437
956.16,378,437
956.2,375,437
956.24,372,434
956.28,367,430
956.32,362,426
956.36,357,423
956.4,354,422
956.44,350,424
956.48,349,427
956.52,347,428
956.56,346,428
956.6,345,427
956.64,345,427
956.68,347,427
956.72,347,427
956.76,348,427
956.8,348,427
956.84,349,427
956.88,349,426
956.92,350,426
956.96,350,426
957.0,350,426
957.04,351,425
957.08,350,425
957.12,350,425
957.16,351,424
957.2,351,424
957.24,351,423
957.28,351,424
957.32,352,423
957.36,352,424
957.4,353,423
957.44,353,424
957.48,353,424
957.52,354,424
957.56,354,424
957.6,355,425
957.64,357,426
957.68,358,427
957.72,359,427
957.76,360,428
957.8,362,428
957.84,362,428
957.88,363,428
957.92,364,429
957.96,364,429
958.0,364,430
958.04,365,430
958.08,365,430
958.12,366,430
958.16,366,431
958.2,366,431
958.24,366,431
958.28,367,431
958.32,367,431
958.36,367,432
958.4,368,432
958.44,368,432
958.48,369,433
958.52,370,432
958.56,371,432
958.6,372,432
958.64,373,433
958.68,374,433
958.72,375,433
958.76,375,433
958.8,376,433
958.84,377,433
958.88,377,433
958.92,377,433
958.96,378,433
959.0,379,434
959.04,379,434
959.08,379,434
959.12,379,434
959.16,379,435
959.2,379,435
959.24,380,435
959.28,381,435
959.32,382,435
959.36,383,436
959.4,384,436
959.44,384,436
959.48,385,436
959.52,385,436
959.56,386,436
959.6,387,436
959.64,388,436
959.68,389,437
959.72,390,437
959.76,390,437
959.8,389,437
959.84,387,436
959.88,383,435
959.92,379,433
959.96,375,433
960.0,370,431
960.04,366,430
960.08,361,429
960.12,357,430
960.16,353,431
960.2,350,432
960.24,349,430
960.28,349,430
960.32,350,430
960.36,351,429
960.4,351,429
960.44,351,428
960.48,351,428
960.52,351,428
960.56,352,428
960.6,353,429
960.64,355,429
960.68,356,429
960.72,357,430
960.76,359,430
960.8,361,431
960.84,362,431
960.88,363,431
960.92,364,432
960.96,365,432
961.0,367,432
961.04,368,432
961.08,370,432
961.12,372,434
961.16,374,434
961.2,376,435
961.24,378,435
961.28,380,436
961.32,383,437
961.36,385,437
961.4,388,437
961.44,389,437
961.48,391,437
961.52,391,437
961.56,391,437
961.6,391,438
961.64,391,438
961.68,390,438
961.72,389,438
961.76,388,437
961.8,385,436
961.84,381,434
961.88,377,430
961.92,373,425
961.96,370,420
962.0,368,415
962.04,367,412
962.08,367,409
962.12,369,408
962.16,372,409
962.2,374,409
962.24,376,408
962.28,378,407
962.32,380,406
962.36,381,404
962.4,383,401
962.44,384,397
962.48,386,392
962.52,387,387
962.56,388,382
962.6,389,379
962.64,389,377
962.68,389,378
962.72,388,380
962.76,386,387
962.8,383,393
962.84,379,401
962.88,373,408
962.92,367,414
962.96,362,419
963.0,357,424
963.04,353,427
963.08,349,427
963.12,347,428
963.16,345,430
963.2,344,431
963.24,341,431
963.28,340,433
963.32,338,434
963.36,336,434
963.4,335,432
963.44,335,431
963.48,334,430
963.52,334,430
963.56,332,428
963.6,333,424
963.64,334,420
963.68,336,420
963.72,338,419
963.76,339,420
963.8,342,420
963.84,343,421
963.88,344,423
963.92,342,425
963.96,342,425
964.0,341,423
964.04,339,425
964.08,338,424
964.12,337,422
964.16,340,422
964.2,343,422
964.24,345,422
964.28,348,424
964.32,352,426
964.36,357,428
964.4,359,430
964.44,360,431
964.48,359,431
964.52,357,432
964.56,354,431
964.6,352,431
964.64,349,430
964.68,348,428
964.72,348,428
964.76,348,427
964.8,350,426
964.84,351,424
964.88,354,422
964.92,356,418
964.96,356,412
965.0,357,407
965.04,358,403
965.08,358,400
965.12,357,395
965.16,354,391
965.2,351,391
965.24,349,393
965.28,346,398
965.32,344,405
965.36,343,412
965.4,341,420
965.44,339,426
965.48,337,429
965.52,338,432
965.56,337,437
965.6,336,439
965.64,334,440
965.68,332,440
965.72,332,438
965.76,333,435
965.8,335,429
965.84,339,426
965.88,343,420
965.92,347,415
965.96,354,415
966.0,360,416
966.04,366,413
966.08,370,412
966.12,374,410
966.16,377,406
966.2,380,401
966.24,384,394
966.28,387,388
966.32,390,381
966.36,394,376
966.4,396,371
966.44,397,369
966.48,397,371
966.52,395,375
966.56,391,381
966.6,387,390
966.64,382,396
966.68,374,401
966.72,369,407
966.76,364,412
966.8,361,416
966.84,356,420
966.88,352,423
966.92,348,426
966.96,344,428
967.0,342,428
967.04,339,428
967.08,336,428
967.12,334,427
967.16,332,427
967.2,330,426
967.24,328,426
967.28,325,425
967.32,323,425
967.36,321,424
967.4,319,423
967.44,319,422
967.48,317,421
967.52,317,422
967.56,317,423
967.6,318,424
967.64,320,416
967.68,319,421
967.72,320,421
967.76,320,422
967.8,320,423
967.84,318,423
967.88,317,423
967.92,317,422
967.96,318,420
968.0,320,417
968.04,324,415
968.08,330,415
968.12,339,417
968.16,349,425
968.2,353,425
968.24,361,430
968.28,366,435
968.32,368,436
968.36,368,436
968.4,367,436
968.44,366,435
968.48,365,433
968.52,363,432
968.56,361,430
968.6,359,429
968.64,356,427
968.68,354,426
968.72,353,425
968.76,354,424
968.8,355,423
968.84,358,422
968.88,361,422
968.92,363,422
968.96,364,425
969.0,365,428
969.04,363,431
969.08,362,430
969.12,359,429
969.16,358,427
969.2,355,426
969.24,353,424
969.28,350,422
969.32,348,421
969.36,347,420
969.4,347,420
969.44,347,420
969.48,347,419
969.52,348,420
969.56,348,422
969.6,348,421
969.64,350,421
969.68,350,423
969.72,351,422
969.76,353,424
969.8,352,423
969.84,353,424
969.88,353,424
969.92,353,424
969.96,353,425
970.0,353,424
970.04,354,424
970.08,353,424
970.12,354,426
970.16,354,425
970.2,354,426
970.24,354,426
970.28,355,426
970.32,355,427
970.36,356,426
970.4,356,427
970.44,357,426
970.48,356,427
970.52,356,428
970.56,357,428
970.6,358,429
970.64,359,427
970.68,358,428
970.72,359,427
970.76,360,428
970.8,360,428
970.84,360,428
970.88,361,428
970.92,361,429
970.96,362,429
971.0,362,429
971.04,362,430
971.08,363,430
971.12,363,431
971.16,364,431
971.2,364,431
971.24,364,432
971.28,364,433
971.32,365,432
971.36,366,432
971.4,367,432
971.44,366,432
971.48,367,433
971.52,367,433
971.56,368,433
971.6,368,433
971.64,369,433
971.68,369,433
971.72,370,433
971.76,371,434
971.8,371,434
971.84,372,434
971.88,373,435
971.92,373,435
971.96,374,435
972.0,374,435
972.04,375,435
972.08,376,435
972.12,377,436
972.16,378,436
972.2,379,436
972.24,377,435
972.28,375,432
972.32,372,430
972.36,369,427
972.4,366,426
972.44,362,425
972.48,359,425
972.52,355,425
972.56,352,425
972.6,349,425
972.64,347,425
972.68,346,425
972.72,345,426
972.76,345,426
972.8,345,426
972.84,345,427
972.88,345,427
972.92,345,427
972.96,346,427
973.0,346,426
973.04,346,426
973.08,346,426
973.12,346,427
973.16,346,426
973.2,347,426
973.24,347,427
973.28,347,426
973.32,347,426
973.36,348,426
973.4,349,425
973.44,348,425
973.48,349,424
973.52,350,424
973.56,350,424
973.6,350,424
973.64,350,423
973.68,351,423
973.72,351,423
973.76,352,423
973.8,352,424
973.84,353,424
973.88,353,424
973.92,354,425
973.96,355,425
974.0,355,426
974.04,356,426
974.08,357,426
974.12,357,426
974.16,358,426
974.2,358,426
974.24,359,426
974.28,359,427
974.32,360,427
974.36,360,427
974.4,361,427
974.44,361,428
974.48,362,428
974.52,362,428
974.56,363,429
974.6,364,429
974.64,364,430
974.68,364,430
974.72,365,430
974.76,365,431
974.8,366,431
974.84,366,431
974.88,366,431
974.92,367,431
974.96,367,431
975.0,368,432
975.04,368,432
975.08,369,432
975.12,369,432
975.16,369,432
975.2,370,433
975.24,371,434
975.28,372,434
975.32,373,435
975.36,372,436
975.4,372,435
975.44,371,434
975.48,370,432
975.52,369,430
975.56,367,429
975.6,366,427
975.64,363,426
975.68,361,424
975.72,356,423
975.76,353,421
975.8,349,420
975.84,346,419
975.88,343,419
975.92,342,419
975.96,340,418
976.0,340,419
976.04,340,420
976.08,339,420
976.12,339,419
976.16,340,419
976.2,340,419
976.24,340,420
976.28,340,421
976.32,340,420
976.36,340,420
976.4,341,421
976.44,341,421
976.48,342,421
976.52,342,420
976.56,343,420
976.6,343,420
976.64,344,420
976.68,344,419
976.72,346,420
976.76,346,420
976.8,346,420
976.84,347,420
976.88,348,420
976.92,349,421
976.96,349,421
977.0,350,422
977.04,351,422
977.08,352,422
977.12,353,423
977.16,353,424
977.2,354,424
977.24,355,425
977.28,356,425
977.32,357,425
977.36,358,425
977.4,359,425
977.44,360,426
977.48,361,426
977.52,361,426
977.56,363,426
977.6,363,427
977.64,363,427
977.68,364,428
977.72,365,428
977.76,365,428
977.8,366,429
977.84,367,429
977.88,368,429
977.92,369,429
977.96,369,430
978.0,370,430
978.04,371,430
978.08,372,430
978.12,372,431
978.16,373,432
978.2,373,433
978.24,371,434
978.28,369,435
978.32,366,435
978.36,363,435
978.4,359,435
978.44,354,435
978.48,349,432
978.52,344,429
978.56,339,427
978.6,335,425
978.64,332,426
978.68,330,425
978.72,327,420
978.76,320,412
978.8,319,403
978.84,313,393
978.88,308,386
978.92,305,378
978.96,302,372
979.0,303,372
979.04,304,370
979.08,306,370
979.12,310,371
979.16,316,375
979.2,321,378
979.24,328,385
979.28,337,396
979.32,344,405
979.36,349,413
979.4,353,421
979.44,357,428
979.48,360,434
979.52,363,438
979.56,364,440
979.6,364,441
979.64,364,440
979.68,363,438
979.72,364,434
979.76,364,431
979.8,364,429
979.84,365,428
979.88,366,429
979.92,366,434
979.96,365,435
980.0,364,435
980.04,362,434
980.08,359,431
980.12,355,428
980.16,347,426
980.2,340,422
980.24,332,421
980.28,325,420
980.32,318,421
980.36,315,423
980.4,314,426
980.44,313,431
980.48,314,434
980.52,316,436
980.56,318,433
980.6,320,430
980.64,319,427
980.68,316,426
980.72,314,423
980.76,313,420
980.8,310,420
980.84,308,418
980.88,306,417
980.92,303,415
980.96,300,413
981.0,299,407
981.04,301,397
981.08,304,378
981.12,310,360
981.16,320,354
981.2,330,346
981.24,339,342
981.28,347,340
981.32,354,343
981.36,360,348
981.4,364,356
981.44,369,363
981.48,372,371
981.52,374,379
981.56,376,386
981.6,377,391
981.64,376,395
981.68,375,397
981.72,374,400
981.76,371,403
981.8,369,406
981.84,366,408
981.88,363,412
981.92,361,417
981.96,360,422
982.0,359,428
982.04,358,432
982.08,358,435
982.12,357,436
982.16,355,436
982.2,353,436
982.24,350,435
982.28,348,434
982.32,346,434
982.36,344,433
982.4,343,431
982.44,341,428
982.48,340,423
982.52,338,417
982.56,338,412
982.6,337,406
982.64,337,399
982.68,339,394
982.72,342,392
982.76,349,394
982.8,356,397
982.84,361,402
982.88,364,407
982.92,364,411
982.96,363,414
983.0,362,418
983.04,361,422
983.08,360,427
983.12,358,431
983.16,357,434
983.2,355,435
983.24,353,432
983.28,350,428
983.32,347,424
983.36,345,419
983.4,343,416
983.44,344,414
983.48,346,414
983.52,350,417
983.56,355,421
983.6,360,425
983.64,365,428
983.68,367,432
983.72,369,435
983.76,368,436
983.8,366,435
983.84,363,434
983.88,360,433
983.92,357,430
983.96,354,429
984.0,351,427
984.04,351,425
984.08,353,425
984.12,355,425
984.16,358,425
984.2,361,427
984.24,363,429
984.28,364,431
984.32,363,432
984.36,361,432
984.4,359,431
984.44,357,430
984.48,354,429
984.52,352,427
984.56,350,426
984.6,348,426
984.64,347,425
984.68,346,426
984.72,346,425
984.76,346,426
984.8,346,427
984.84,345,428
984.88,345,430
984.92,346,430
984.96,346,431
985.0,346,432
985.04,347,432
985.08,346,431
985.12,346,431
985.16,346,430
985.2,346,429
985.24,346,428
985.28,347,427
985.32,347,427
985.36,347,427
985.4,347,426
985.44,347,424
985.48,346,423
985.52,346,423
985.56,346,423
985.6,346,423
985.64,347,423
985.68,347,423
985.72,348,423
985.76,349,423
985.8,349,423
985.84,350,423
985.88,350,423
985.92,351,423
985.96,351,423
986.0,352,423
986.04,352,424
986.08,352,424
986.12,353,423
986.16,353,423
986.2,354,423
986.24,354,423
986.28,354,423
986.32,355,423
986.36,355,423
986.4,355,423
986.44,356,423
986.48,356,423
986.52,357,424
986.56,357,424
986.6,357,424
986.64,358,424
986.68,359,424
986.72,359,425
986.76,359,425
986.8,359,425
986.84,360,425
986.88,360,425
986.92,361,425
986.96,361,426
987.0,361,426
987.04,362,426
987.08,362,426
987.12,362,426
987.16,362,426
987.2,363,427
987.24,363,427
987.28,363,427
987.32,364,427
987.36,364,427
987.4,364,427
987.44,364,427
987.48,364,428
987.52,365,428
987.56,365,428
987.6,366,428
987.64,366,428
987.68,366,428
987.72,366,428
987.76,367,428
987.8,367,429
987.84,368,429
987.88,368,429
987.92,369,429
987.96,369,429
988.0,369,429
988.04,370,429
988.08,370,429
988.12,370,430
988.16,371,430
988.2,371,430
988.24,371,430
988.28,372,430
988.32,372,430
988.36,372,430
988.4,373,430
988.44,373,430
988.48,373,431
988.52,374,431
988.56,374,431
988.6,374,431
988.64,374,431
988.68,375,431
988.72,375,431
988.76,375,431
988.8,376,431
988.84,376,431
988.88,376,432
988.92,377,431
988.96,377,432
989.0,377,433
989.04,376,432
989.08,374,430
989.12,371,427
989.16,367,425
989.2,364,423
989.24,361,422
989.28,357,423
989.32,354,425
989.36,351,426
989.4,349,426
989.44,347,425
989.48,346,424
989.52,346,424
989.56,347,424
989.6,348,424
989.64,349,424
989.68,350,425
989.72,351,424
989.76,352,424
989.8,352,424
989.84,352,424
989.88,353,423
989.92,354,423
989.96,354,423
990.0,355,424
990.04,356,424
990.08,356,425
990.12,357,425
990.16,358,425
990.2,359,426
990.24,359,426
990.28,360,426
990.32,360,426
990.36,360,426
990.4,360,426
990.44,361,426
990.48,361,426
990.52,361,427
990.56,362,427
990.6,362,427
990.64,362,427
990.68,363,428
990.72,363,427
990.76,364,427
990.8,364,428
990.84,364,427
990.88,365,428
990.92,365,428
990.96,366,428
991.0,366,428
991.04,367,428
991.08,367,428
991.12,367,429
991.16,368,429
991.2,368,429
991.24,368,429
991.28,368,429
991.32,368,429
991.36,369,429
991.4,369,429
991.44,369,429
991.48,370,430
991.52,370,430
991.56,370,430
991.6,371,430
991.64,371,430
991.68,371,431
991.72,372,431
991.76,372,432
991.8,372,432
991.84,373,432
991.88,374,432
991.92,374,432
991.96,374,432
992.0,374,433
992.04,374,433
992.08,375,433
992.12,375,433
992.16,376,434
992.2,376,434
992.24,377,434
992.28,377,434
992.32,377,435
992.36,377,434
992.4,377,434
992.44,377,435
992.48,378,435
992.52,378,435
992.56,377,434
992.6,375,432
992.64,372,429
992.68,368,426
992.72,364,424
992.76,359,422
992.8,356,422
992.84,352,424
992.88,349,425
992.92,347,424
992.96,345,423
993.0,344,422
993.04,344,422
993.08,345,422
993.12,345,422
993.16,347,422
993.2,348,423
993.24,349,423
993.28,351,423
993.32,352,423
993.36,352,424
993.4,353,424
993.44,353,424
993.48,354,424
993.52,355,425
993.56,355,425
993.6,356,425
993.64,356,425
993.68,357,425
993.72,357,425
993.76,358,425
993.8,358,426
993.84,359,426
993.88,359,426
993.92,360,426
993.96,360,426
994.0,361,426
994.04,361,427
994.08,362,427
994.12,362,427
994.16,363,427
994.2,363,428
994.24,364,428
994.28,364,428
994.32,365,428
994.36,365,429
994.4,366,429
994.44,366,429
994.48,366,429
994.52,367,429
994.56,367,430
994.6,368,430
994.64,368,430
994.68,369,430
994.72,369,430
994.76,369,430
994.8,369,431
994.84,369,431
994.88,369,431
994.92,370,431
994.96,370,431
995.0,370,432
995.04,371,430
995.08,372,430
995.12,373,431
995.16,374,431
995.2,374,431
995.24,375,431
995.28,375,431
995.32,375,432
995.36,375,432
995.4,376,432
995.44,376,432
995.48,376,432
995.52,376,432
995.56,377,432
995.6,377,433
995.64,378,434
995.68,378,434
995.72,379,434
995.76,379,434
995.8,380,434
995.84,380,434
995.88,380,434
995.92,380,434
995.96,380,434
996.0,380,435
996.04,380,435
996.08,380,435
996.12,380,435
996.16,380,434
996.2,380,434
996.24,380,434
996.28,379,433
996.32,376,431
996.36,373,429
996.4,368,427
996.44,363,425
996.48,359,423
996.52,354,421
996.56,349,421
996.6,346,422
996.64,343,421
996.68,342,419
996.72,342,418
996.76,343,418
996.8,344,418
996.84,344,419
996.88,345,419
996.92,346,420
996.96,347,421
997.0,348,421
997.04,349,421
997.08,349,422
997.12,350,422
997.16,351,422
997.2,352,423
997.24,353,423
997.28,353,424
997.32,355,424
997.36,356,424
997.4,357,425
997.44,358,425
997.48,359,425
997.52,360,426
997.56,361,426
997.6,361,427
997.64,362,427
997.68,363,428
997.72,364,429
997.76,365,428
997.8,365,429
997.84,366,429
997.88,367,430
997.92,367,430
997.96,367,430
998.0,368,431
998.04,368,431
998.08,369,431
998.12,369,431
998.16,369,432
998.2,370,432
998.24,370,432
998.28,370,433
998.32,371,433
998.36,371,433
998.4,372,434
998.44,372,434
998.48,372,434
998.52,372,434
998.56,372,435
998.6,371,435
998.64,370,435
998.68,368,434
998.72,365,433
998.76,362,431
998.8,358,430
998.84,354,428
998.88,349,427
998.92,346,426
998.96,342,425
999.0,339,424
999.04,338,424
999.08,337,425
999.12,339,426
999.16,339,428
999.2,340,428
999.24,341,428
999.28,341,428
999.32,340,428
999.36,340,428
999.4,338,427
999.44,337,427
999.48,336,426
999.52,334,425
999.56,332,424
999.6,329,423
999.64,326,423
999.68,321,420
999.72,318,416
999.76,312,410
999.8,307,406
999.84,302,400
999.88,299,393
999.92,297,388
999.96,294,385
1000.0,294,384
1000.04,293,382
1000.08,293,381
1000.12,292,382
1000.16,292,382
1000.2,292,383
1000.24,292,383
1000.28,293,382
1000.32,293,383
1000.36,293,383
1000.4,293,384
1000.44,293,384
1000.48,293,387
1000.52,293,387
1000.56,294,384
1000.6,294,386
1000.64,294,384
1000.68,294,385
1000.72,294,386
1000.76,295,385
1000.8,295,386
1000.84,296,386
1000.88,296,386
1000.92,296,386
1000.96,296,386
1001.0,295,385
1001.04,296,384
1001.08,297,384
1001.12,298,392
1001.16,301,400
1001.2,306,408
1001.24,311,419
1001.28,319,428
1001.32,327,433
1001.36,330,437
1001.4,334,441
1001.44,337,443
1001.48,339,444
1001.52,341,445
1001.56,342,445
1001.6,343,446
1001.64,345,448
1001.68,347,449
1001.72,349,450
1001.76,351,450
1001.8,354,449
1001.84,355,447
1001.88,357,444
1001.92,357,441
1001.96,358,436
1002.0,358,433
1002.04,359,430
1002.08,360,429
1002.12,362,428
1002.16,362,430
1002.2,363,431
1002.24,363,430
1002.28,362,430
1002.32,362,430
1002.36,362,429
1002.4,360,428
1002.44,359,427
1002.48,358,427
1002.52,357,426
1002.56,355,425
1002.6,353,424
1002.64,352,423
1002.68,352,424
1002.72,353,423
1002.76,354,422
1002.8,356,422
1002.84,357,422
1002.88,359,422
1002.92,359,422
1002.96,359,422
1003.0,359,422
1003.04,359,423
1003.08,359,423
1003.12,358,424
1003.16,357,424
1003.2,356,424
1003.24,355,423
1003.28,354,423
1003.32,353,423
1003.36,352,422
1003.4,351,422
1003.44,350,422
1003.48,349,421
1003.52,350,421
1003.56,350,420
1003.6,351,420
1003.64,352,420
1003.68,353,422
1003.72,354,423
1003.76,354,425
1003.8,354,426
1003.84,354,426
1003.88,353,426
1003.92,353,425
1003.96,354,425
1004.0,354,425
1004.04,354,424
1004.08,354,424
1004.12,354,424
1004.16,353,424
1004.2,353,423
1004.24,353,423
1004.28,352,423
1004.32,352,423
1004.36,351,423
1004.4,350,423
1004.44,350,423
1004.48,349,423
1004.52,348,423
1004.56,348,422
1004.6,347,422
1004.64,347,422
1004.68,346,422
1004.72,345,421
1004.76,345,420
1004.8,345,421
1004.84,345,421
1004.88,344,420
1004.92,345,421
1004.96,346,420
1005.0,348,420
1005.04,347,419
1005.08,347,420
1005.12,347,421
1005.16,348,421
1005.2,348,421
1005.24,349,421
1005.28,350,421
1005.32,350,421
1005.36,350,422
1005.4,351,422
1005.44,352,422
1005.48,352,422
1005.52,353,422
1005.56,352,423
1005.6,353,422
1005.64,352,423
1005.68,353,423
1005.72,353,423
1005.76,353,423
1005.8,353,424
1005.84,353,423
1005.88,353,423
1005.92,354,423
1005.96,354,423
1006.0,355,423
1006.04,356,423
1006.08,357,423
1006.12,358,424
1006.16,359,424
1006.2,360,425
1006.24,360,425
1006.28,361,425
1006.32,362,426
1006.36,362,425
1006.4,362,426
1006.44,362,426
1006.48,362,426
1006.52,362,426
1006.56,362,425
1006.6,362,426
1006.64,362,426
1006.68,363,426
1006.72,363,426
1006.76,363,426
1006.8,363,426
1006.84,364,426
1006.88,364,426
1006.92,364,427
1006.96,364,427
1007.0,364,427
1007.04,365,427
1007.08,365,427
1007.12,365,427
1007.16,366,427
1007.2,366,428
1007.24,367,428
1007.28,367,428
1007.32,367,428
1007.36,367,429
1007.4,368,429
1007.44,368,429
1007.48,368,429
1007.52,368,429
1007.56,368,429
1007.6,367,429
1007.64,367,430
1007.68,367,430
1007.72,366,430
1007.76,365,428
1007.8,364,424
1007.84,362,416
1007.88,361,408
1007.92,358,398
1007.96,354,388
1008.0,351,383
1008.04,349,378
1008.08,349,376
1008.12,347,372
1008.16,347,372
1008.2,347,372
1008.24,347,373
1008.28,348,374
1008.32,348,374
1008.36,348,374
1008.4,349,374
1008.44,349,374
1008.48,349,374
1008.52,350,378
1008.56,351,378
1008.6,351,391
1008.64,353,396
1008.68,355,407
1008.72,357,414
1008.76,357,421
1008.8,357,424
1008.84,358,427
1008.88,358,427
1008.92,358,427
1008.96,358,426
1009.0,357,426
1009.04,356,425
1009.08,354,425
1009.12,353,423
1009.16,351,422
1009.2,350,421
1009.24,349,420
1009.28,348,420
1009.32,347,420
1009.36,347,419
1009.4,347,418
1009.44,348,418
1009.48,348,418
1009.52,349,419
1009.56,349,419
1009.6,350,419
1009.64,349,419
1009.68,350,419
1009.72,350,419
1009.76,351,419
1009.8,350,420
1009.84,352,421
1009.88,352,420
1009.92,352,421
1009.96,353,421
1010.0,354,421
1010.04,354,422
1010.08,354,422
1010.12,355,423
1010.16,355,423
1010.2,356,423
1010.24,357,422
1010.28,357,424
1010.32,357,424
1010.36,358,423
1010.4,358,423
1010.44,358,424
1010.48,359,424
1010.52,359,425
1010.56,360,424
1010.6,360,424
1010.64,361,425
1010.68,362,425
1010.72,362,425
1010.76,363,426
1010.8,363,426
1010.84,364,426
1010.88,364,426
1010.92,364,426
1010.96,365,427
1011.0,365,427
1011.04,366,427
1011.08,366,427
1011.12,366,427
1011.16,367,427
1011.2,367,427
1011.24,367,428
1011.28,367,428
1011.32,367,428
1011.36,368,428
1011.4,368,429
1011.44,368,428
1011.48,369,429
1011.52,369,428
1011.56,370,429
1011.6,371,429
1011.64,371,430
1011.68,372,430
1011.72,372,430
1011.76,372,430
1011.8,373,430
1011.84,373,430
1011.88,373,430
1011.92,374,430
1011.96,374,430
1012.0,374,431
1012.04,374,431
1012.08,374,430
1012.12,375,431
1012.16,375,430
1012.2,375,431
1012.24,375,431
1012.28,375,431
1012.32,375,431
1012.36,375,431
1012.4,375,431
1012.44,374,432
1012.48,373,431
1012.52,371,430
1012.56,368,429
1012.6,364,426
1012.64,359,426
1012.68,354,424
1012.72,349,424
1012.76,346,422
1012.8,342,421
1012.84,339,420
1012.88,339,419
1012.92,338,419
1012.96,339,419
1013.0,340,419
1013.04,342,419
1013.08,343,419
1013.12,344,420
1013.16,346,420
1013.2,346,421
1013.24,347,422
1013.28,348,423
1013.32,349,423
1013.36,350,424
1013.4,351,425
1013.44,351,426
1013.48,352,426
1013.52,352,426
1013.56,352,426
1013.6,352,426
1013.64,352,426
1013.68,352,426
1013.72,353,427
1013.76,353,427
1013.8,353,428
1013.84,353,428
1013.88,354,428
1013.92,355,428
1013.96,355,428
1014.0,356,428
1014.04,357,428
1014.08,358,429
1014.12,358,429
1014.16,359,429
1014.2,359,429
1014.24,360,429
1014.28,360,429
1014.32,361,429
1014.36,361,429
1014.4,361,429
1014.44,362,429
1014.48,361,429
1014.52,362,430
1014.56,362,430
1014.6,362,430
1014.64,363,430
1014.68,362,430
1014.72,363,429
1014.76,363,430
1014.8,363,430
1014.84,363,430
1014.88,363,430
1014.92,364,430
1014.96,364,430
1015.0,365,430
1015.04,365,430
1015.08,365,430
1015.12,366,430
1015.16,366,430
1015.2,366,431
1015.24,367,431
1015.28,367,431
1015.32,367,431
1015.36,367,431
1015.4,368,431
1015.44,368,432
1015.48,368,432
1015.52,369,432
1015.56,369,432
1015.6,369,432
1015.64,369,432
1015.68,369,432
1015.72,369,432
1015.76,370,432
1015.8,370,433
1015.84,371,432
1015.88,371,432
1015.92,370,432
1015.96,369,431
1016.0,367,429
1016.04,364,426
1016.08,360,424
1016.12,357,422
1016.16,353,421
1016.2,349,422
1016.24,345,422
1016.28,341,423
1016.32,337,421
1016.36,335,420
1016.4,334,418
1016.44,333,419
1016.48,335,418
1016.52,335,418
1016.56,336,418
1016.6,337,417
1016.64,337,417
1016.68,338,417
1016.72,339,416
1016.76,339,416
1016.8,340,417
1016.84,340,419
1016.88,342,420
1016.92,343,420
1016.96,344,420
1017.0,344,421
1017.04,345,422
1017.08,346,422
1017.12,346,423
1017.16,347,423
1017.2,348,424
1017.24,348,424
1017.28,349,424
1017.32,350,425
1017.36,350,425
1017.4,350,425
1017.44,350,425
1017.48,350,425
1017.52,351,425
1017.56,351,424
1017.6,351,425
1017.64,352,424
1017.68,352,424
1017.72,352,424
1017.76,353,424
1017.8,354,424
1017.84,354,424
1017.88,355,425
1017.92,355,425
1017.96,356,425
1018.0,356,426
1018.04,357,426
1018.08,357,426
1018.12,357,426
1018.16,358,426
1018.2,358,426
1018.24,358,426
1018.28,359,427
1018.32,360,427
1018.36,360,427
1018.4,361,427
1018.44,361,427
1018.48,362,427
1018.52,362,428
1018.56,363,428
1018.6,363,429
1018.64,364,429
1018.68,364,429
1018.72,365,430
1018.76,365,430
1018.8,365,430
1018.84,366,430
1018.88,367,430
1018.92,367,430
1018.96,367,431
1019.0,368,431
1019.04,368,431
1019.08,369,431
1019.12,369,431
1019.16,369,431
1019.2,370,431
1019.24,370,432
1019.28,371,432
1019.32,371,432
1019.36,371,432
1019.4,371,432
1019.44,371,433
1019.48,370,433
1019.52,370,434
1019.56,370,434
1019.6,370,435
1019.64,369,435
1019.68,368,434
1019.72,366,433
1019.76,363,432
1019.8,359,429
1019.84,354,428
1019.88,349,426
1019.92,343,425
1019.96,339,422
1020.0,335,421
1020.04,332,420
1020.08,330,419
1020.12,330,418
1020.16,330,417
1020.2,330,417
1020.24,331,418
1020.28,332,419
1020.32,333,420
1020.36,335,420
1020.4,336,421
1020.44,337,421
1020.48,339,422
1020.52,341,421
1020.56,343,421
1020.6,345,421
1020.64,346,422
1020.68,347,421
1020.72,349,422
1020.76,349,422
1020.8,350,423
1020.84,351,424
1020.88,352,425
1020.92,352,425
1020.96,353,425
1021.0,354,426
1021.04,354,426
1021.08,355,427
1021.12,356,427
1021.16,357,428
1021.2,357,428
1021.24,359,429
1021.28,359,430
1021.32,360,430
1021.36,361,430
1021.4,362,431
1021.44,363,432
1021.48,364,432
1021.52,364,433
1021.56,365,432
1021.6,366,433
1021.64,366,433
1021.68,367,433
1021.72,367,433
1021.76,368,433
1021.8,369,433
1021.84,370,434
1021.88,371,434
1021.92,371,435
1021.96,372,434
1022.0,372,434
1022.04,371,434
1022.08,371,435
1022.12,371,435
1022.16,370,435
1022.2,369,435
1022.24,367,435
1022.28,366,434
1022.32,365,434
1022.36,364,434
1022.4,363,432
1022.44,361,430
1022.48,359,427
1022.52,358,424
1022.56,358,421
1022.6,357,419
1022.64,357,418
1022.68,357,418
1022.72,358,417
1022.76,359,417
1022.8,360,418
1022.84,361,418
1022.88,361,416
1022.92,362,415
1022.96,362,412
1023.0,364,408
1023.04,366,405
1023.08,369,401
1023.12,373,396
1023.16,377,391
1023.2,380,385
1023.24,383,379
1023.28,384,374
1023.32,385,370
1023.36,385,368
1023.4,385,367
1023.44,385,368
1023.48,384,371
1023.52,383,376
1023.56,382,381
1023.6,379,387
1023.64,377,393
1023.68,372,399
1023.72,365,406
1023.76,362,411
1023.8,354,416
1023.84,344,423
1023.88,339,425
1023.92,334,428
1023.96,331,427
1024.0,329,424
1024.04,328,421
1024.08,328,420
1024.12,329,418
1024.16,333,417
1024.2,338,421
1024.24,344,421
1024.28,353,426
1024.32,356,427
1024.36,361,425
1024.4,362,432
1024.44,361,432
1024.48,359,434
1024.52,358,433
1024.56,356,433
1024.6,356,431
1024.64,357,431
1024.68,357,429
1024.72,357,430
1024.76,357,430
1024.8,357,429
1024.84,356,429
1024.88,354,429
1024.92,352,427
1024.96,350,428
1025.0,349,427
1025.04,347,427
1025.08,349,426
1025.12,349,426
1025.16,350,425
1025.2,349,425
1025.24,349,424
1025.28,349,425
1025.32,350,424
1025.36,350,425
1025.4,350,426
1025.44,351,425
1025.48,353,425
1025.52,353,425
1025.56,354,425
1025.6,355,425
1025.64,356,426
1025.68,356,427
1025.72,357,427
1025.76,358,427
1025.8,359,428
1025.84,359,428
1025.88,360,428
1025.92,360,429
1025.96,361,429
1026.0,361,429
1026.04,362,429
1026.08,362,430
1026.12,363,430
1026.16,364,430
1026.2,364,430
1026.24,365,430
1026.28,365,431
1026.32,366,431
1026.36,366,431
1026.4,367,431
1026.44,367,432
1026.48,367,432
1026.52,368,432
1026.56,368,432
1026.6,369,432
1026.64,369,432
1026.68,370,433
1026.72,371,433
1026.76,371,433
1026.8,372,434
1026.84,373,433
1026.88,373,434
1026.92,374,434
1026.96,375,434
1027.0,376,435
1027.04,377,435
1027.08,378,435
1027.12,379,436
1027.16,380,436
1027.2,381,436
1027.24,382,437
1027.28,383,437
1027.32,384,437
1027.36,385,438
1027.4,386,438
1027.44,387,439
1027.48,388,439
1027.52,390,439
1027.56,391,440
1027.6,392,440
1027.64,393,441
1027.68,395,441
1027.72,396,441
1027.76,397,441
1027.8,398,441
1027.84,398,441
1027.88,398,441
1027.92,397,441
1027.96,397,442
1028.0,396,442
1028.04,396,442
1028.08,395,442
1028.12,393,442
1028.16,391,442
1028.2,389,441
1028.24,387,441
1028.28,385,440
1028.32,384,439
1028.36,382,438
1028.4,380,437
1028.44,379,436
1028.48,377,435
1028.52,375,435
1028.56,374,434
1028.6,373,434
1028.64,372,433
1028.68,371,434
1028.72,370,433
1028.76,369,433
1028.8,368,432
1028.84,367,432
1028.88,365,431
1028.92,364,431
1028.96,363,430
1029.0,362,430
1029.04,360,429
1029.08,359,429
1029.12,357,428
1029.16,356,427
1029.2,355,426
1029.24,352,425
1029.28,351,424
1029.32,349,423
1029.36,347,422
1029.4,346,421
1029.44,345,421
1029.48,344,420
1029.52,344,420
1029.56,344,420
1029.6,344,419
1029.64,344,419
1029.68,344,419
1029.72,345,418
1029.76,345,419
1029.8,345,420
1029.84,346,421
1029.88,347,421
1029.92,348,422
1029.96,349,423
1030.0,351,423
1030.04,351,423
1030.08,352,424
1030.12,353,424
1030.16,354,425
1030.2,355,426
1030.24,357,426
1030.28,358,427
1030.32,359,428
1030.36,361,428
1030.4,362,428
1030.44,363,429
1030.48,365,429
1030.52,365,429
1030.56,366,430
1030.6,368,430
1030.64,369,431
1030.68,370,432
1030.72,371,432
1030.76,372,433
1030.8,372,433
1030.84,373,434
1030.88,374,434
1030.92,374,435
1030.96,376,435
1031.0,377,436
1031.04,378,436
1031.08,379,437
1031.12,380,437
1031.16,381,437
1031.2,381,438
1031.24,382,438
1031.28,383,439
1031.32,384,439
1031.36,385,439
1031.4,386,440
1031.44,387,440
1031.48,388,440
1031.52,389,441
1031.56,390,441
1031.6,392,442
1031.64,394,442
1031.68,396,442
1031.72,397,441
1031.76,398,440
1031.8,397,439
1031.84,394,438
1031.88,389,435
1031.92,384,433
1031.96,378,432
1032.0,372,431
1032.04,367,432
1032.08,363,434
1032.12,361,433
1032.16,359,431
1032.2,359,430
1032.24,358,430
1032.28,358,429
1032.32,357,428
1032.36,355,427
1032.4,354,427
1032.44,353,426
1032.48,352,426
1032.52,351,425
1032.56,350,425
1032.6,349,425
1032.64,348,424
1032.68,347,424
1032.72,347,424
1032.76,347,424
1032.8,347,424
1032.84,347,424
1032.88,347,423
1032.92,348,424
1032.96,348,424
1033.0,349,424
1033.04,349,424
1033.08,350,424
1033.12,350,424
1033.16,350,424
1033.2,351,424
1033.24,352,424
1033.28,353,424
1033.32,354,425
1033.36,356,425
1033.4,357,427
1033.44,358,428
1033.48,359,428
1033.52,360,428
1033.56,361,429
1033.6,362,429
1033.64,362,429
1033.68,363,429
1033.72,364,430
1033.76,365,430
1033.8,366,431
1033.84,367,430
1033.88,368,431
1033.92,369,432
1033.96,371,432
1034.0,372,432
1034.04,373,433
1034.08,374,433
1034.12,375,434
1034.16,376,434
1034.2,377,435
1034.24,378,435
1034.28,379,435
1034.32,380,436
1034.36,381,437
1034.4,382,437
1034.44,383,437
1034.48,383,437
1034.52,384,438
1034.56,385,438
1034.6,386,438
1034.64,387,439
1034.68,388,440
1034.72,390,440
1034.76,391,440
1034.8,391,441
1034.84,392,441
1034.88,393,441
1034.92,394,441
1034.96,394,441
1035.0,395,441
1035.04,394,442
1035.08,394,442
1035.12,394,442
1035.16,393,442
1035.2,393,442
1035.24,393,442
1035.28,392,442
1035.32,391,441
1035.36,390,441
1035.4,388,441
1035.44,387,440
1035.48,386,440
1035.52,385,439
1035.56,384,439
1035.6,382,439
1035.64,382,438
1035.68,380,437
1035.72,379,437
1035.76,378,437
1035.8,377,436
1035.84,375,436
1035.88,374,435
1035.92,373,435
1035.96,371,435
1036.0,370,434
1036.04,369,434
1036.08,369,433
1036.12,367,433
1036.16,366,432
1036.2,366,432
1036.24,365,432
1036.28,364,431
1036.32,363,431
1036.36,362,431
1036.4,360,430
1036.44,359,430
1036.48,358,430
1036.52,357,430
1036.56,355,430
1036.6,354,429
1036.64,353,429
1036.68,352,428
1036.72,351,427
1036.76,350,427
1036.8,349,427
1036.84,349,427
1036.88,349,427
1036.92,349,426
1036.96,349,425
1037.0,349,424
1037.04,350,424
1037.08,351,424
1037.12,352,423
1037.16,352,424
1037.2,353,424
1037.24,354,425
1037.28,355,426
1037.32,356,426
1037.36,357,426
1037.4,358,427
1037.44,358,428
1037.48,359,429
1037.52,360,428
1037.56,361,429
1037.6,362,429
1037.64,362,430
1037.68,363,430
1037.72,364,431
1037.76,365,431
1037.8,367,431
1037.84,367,432
1037.88,369,432
1037.92,370,433
1037.96,371,433
1038.0,372,433
1038.04,373,434
1038.08,375,435
1038.12,376,436
1038.16,378,436
1038.2,379,436
1038.24,380,437
1038.28,381,438
1038.32,382,438
1038.36,383,438
1038.4,384,439
1038.44,385,439
1038.48,386,439
1038.52,386,440
1038.56,387,440
1038.6,388,440
1038.64,389,440
1038.68,391,441
1038.72,393,441
1038.76,394,441
1038.8,394,441
1038.84,394,440
1038.88,392,438
1038.92,390,435
1038.96,386,432
1039.0,382,429
1039.04,379,427
1039.08,376,427
1039.12,374,429
1039.16,372,432
1039.2,370,431
1039.24,368,430
1039.28,366,429
1039.32,365,427
1039.36,364,427
1039.4,362,426
1039.44,360,425
1039.48,359,425
1039.52,357,424
1039.56,356,424
1039.6,355,423
1039.64,354,422
1039.68,353,422
1039.72,352,422
1039.76,351,422
1039.8,351,422
1039.84,351,422
1039.88,351,422
1039.92,351,422
1039.96,352,422
1040.0,352,422
1040.04,353,422
1040.08,353,422
1040.12,354,422
1040.16,355,422
1040.2,356,423
1040.24,357,423
1040.28,358,424
1040.32,360,424
1040.36,361,425
1040.4,362,425
1040.44,364,426
1040.48,365,427
1040.52,367,427
1040.56,368,427
1040.6,370,427
1040.64,371,429
1040.68,372,429
1040.72,373,430
1040.76,374,430
1040.8,375,431
1040.84,376,431
1040.88,377,433
1040.92,378,434
1040.96,380,434
1041.0,381,434
1041.04,383,435
1041.08,384,435
1041.12,386,436
1041.16,387,436
1041.2,388,437
1041.24,390,437
1041.28,391,437
1041.32,392,437
1041.36,393,437
1041.4,394,438
1041.44,396,438
1041.48,397,439
1041.52,399,440
1041.56,400,440
1041.6,401,440
1041.64,402,440
1041.68,402,440
1041.72,402,440
1041.76,401,440
1041.8,401,440
1041.84,401,440
1041.88,401,440
1041.92,400,441
1041.96,399,441
1042.0,398,440
1042.04,397,440
1042.08,395,440
1042.12,394,439
1042.16,392,439
1042.2,391,439
1042.24,389,438
1042.28,388,438
1042.32,386,437
1042.36,385,437
1042.4,383,436
1042.44,382,435
1042.48,380,435
1042.52,378,434
1042.56,376,433
1042.6,374,432
1042.64,372,432
1042.68,371,431
1042.72,369,431
1042.76,367,430
1042.8,365,429
1042.84,363,428
1042.88,361,427
1042.92,359,427
1042.96,356,426
1043.0,354,426
1043.04,352,426
1043.08,349,425
1043.12,345,425
1043.16,341,425
1043.2,336,425
1043.24,332,426
1043.28,329,428
1043.32,325,430
1043.36,321,431
1043.4,320,431
1043.44,321,429
1043.48,325,427
1043.52,331,424
1043.56,337,421
1043.6,345,419
1043.64,353,418
1043.68,361,416
1043.72,366,414
1043.76,371,412
1043.8,374,411
1043.84,376,408
1043.88,378,403
1043.92,381,398
1043.96,384,392
1044.0,387,384
1044.04,390,375
1044.08,393,368
1044.12,393,362
1044.16,394,359
1044.2,393,359
1044.24,392,361
1044.28,390,365
1044.32,388,371
1044.36,386,376
1044.4,384,380
1044.44,381,387
1044.48,376,392
1044.52,373,397
1044.56,372,401
1044.6,368,405
1044.64,366,407
1044.68,364,411
1044.72,363,414
1044.76,361,415
1044.8,360,418
1044.84,358,420
1044.88,358,422
1044.92,356,423
1044.96,354,425
1045.0,354,427
1045.04,353,428
1045.08,353,429
1045.12,352,429
1045.16,353,431
1045.2,352,432
1045.24,351,433
1045.28,352,433
1045.32,351,432
1045.36,353,430
1045.4,355,424
1045.44,357,428
1045.48,361,427
1045.52,366,427
1045.56,372,427
1045.6,378,427
1045.64,384,428
1045.68,390,429
1045.72,394,429
1045.76,398,429
1045.8,401,429
1045.84,403,429
1045.88,404,428
1045.92,405,427
1045.96,405,426
1046.0,406,424
1046.04,407,421
1046.08,408,418
1046.12,409,412
1046.16,410,405
1046.2,410,397
1046.24,410,389
1046.28,409,382
1046.32,408,375
1046.36,406,365
1046.4,403,353
1046.44,399,344
1046.48,395,336
1046.52,391,333
1046.56,389,333
1046.6,386,335
1046.64,384,341
1046.68,381,348
1046.72,379,358
1046.76,377,368
1046.8,375,379
1046.84,374,390
1046.88,372,399
1046.92,371,407
1046.96,369,412
1047.0,366,418
1047.04,362,421
1047.08,358,424
1047.12,354,425
1047.16,351,425
1047.2,347,425
1047.24,343,425
1047.28,339,423
1047.32,336,420
1047.36,333,417
1047.4,332,414
1047.44,333,411
1047.48,335,407
1047.52,340,405
1047.56,346,403
1047.6,354,402
1047.64,363,402
1047.68,371,401
1047.72,379,400
1047.76,385,399
1047.8,389,398
1047.84,393,398
1047.88,394,398
1047.92,395,399
1047.96,395,398
1048.0,395,398
1048.04,395,398
1048.08,396,398
1048.12,399,396
1048.16,402,392
1048.2,406,388
1048.24,409,383
1048.28,410,378
1048.32,410,373
1048.36,408,369
1048.4,405,366
1048.44,400,368
1048.48,395,372
1048.52,389,378
1048.56,381,384
1048.6,374,391
1048.64,367,399
1048.68,359,405
1048.72,351,412
1048.76,344,416
1048.8,339,418
1048.84,333,419
1048.88,328,418
1048.92,326,418
1048.96,323,418
1049.0,321,414
1049.04,319,414
1049.08,317,409
1049.12,319,410
1049.16,320,408
1049.2,321,407
1049.24,326,410
1049.28,331,409
1049.32,337,412
1049.36,345,415
1049.4,354,416
1049.44,364,418
1049.48,372,422
1049.52,379,428
1049.56,382,433
1049.6,383,437
1049.64,380,442
1049.68,376,443
1049.72,370,442
1049.76,364,441
1049.8,359,438
1049.84,356,435
1049.88,356,432
1049.92,358,430
1049.96,362,429
1050.0,367,429
1050.04,372,430
1050.08,375,432
1050.12,376,434
1050.16,376,436
1050.2,373,434
1050.24,371,434
1050.28,368,432
1050.32,365,430
1050.36,362,428
1050.4,359,426
1050.44,356,424
1050.48,353,423
1050.52,350,421
1050.56,348,419
1050.6,346,418
1050.64,345,418
1050.68,344,418
1050.72,344,418
1050.76,344,418
1050.8,345,418
1050.84,346,418
1050.88,347,419
1050.92,347,420
1050.96,348,420
1051.0,349,421
1051.04,350,421
1051.08,351,421
1051.12,352,422
1051.16,353,422
1051.2,354,422
1051.24,354,422
1051.28,355,422
1051.32,355,423
1051.36,355,423
1051.4,355,423
1051.44,356,423
1051.48,357,423
1051.52,357,424
1051.56,358,424
1051.6,359,424
1051.64,360,425
1051.68,361,425
1051.72,362,425
1051.76,363,426
1051.8,364,426
1051.84,364,426
1051.88,365,426
1051.92,366,427
1051.96,367,427
1052.0,368,427
1052.04,368,428
1052.08,369,428
1052.12,370,428
1052.16,371,429
1052.2,372,429
1052.24,372,429
1052.28,373,430
1052.32,374,430
1052.36,374,430
1052.4,375,430
1052.44,375,430
1052.48,376,431
1052.52,376,431
1052.56,377,431
1052.6,378,431
1052.64,378,431
1052.68,379,432
1052.72,380,432
1052.76,380,432
1052.8,381,433
1052.84,381,433
1052.88,382,434
1052.92,383,434
1052.96,383,434
1053.0,384,434
1053.04,385,434
1053.08,385,435
1053.12,386,435
1053.16,387,435
1053.2,387,435
1053.24,388,436
1053.28,389,436
1053.32,390,437
1053.36,390,437
1053.4,391,437
1053.44,392,438
1053.48,393,438
1053.52,394,439
1053.56,395,439
1053.6,395,440
1053.64,396,440
1053.68,397,441
1053.72,398,441
1053.76,399,441
1053.8,400,442
1053.84,401,442
1053.88,401,442
1053.92,402,443
1053.96,403,443
1054.0,404,443
1054.04,405,444
1054.08,406,445
1054.12,407,445
1054.16,408,446
1054.2,409,446
1054.24,410,447
1054.28,410,447
1054.32,411,447
1054.36,411,446
1054.4,412,445
1054.44,412,445
1054.48,413,445
1054.52,413,445
1054.56,413,445
1054.6,412,446
1054.64,411,447
1054.68,409,447
1054.72,407,446
1054.76,404,442
1054.8,399,437
1054.84,393,433
1054.88,386,430
1054.92,380,429
1054.96,375,430
1055.0,370,431
1055.04,366,433
1055.08,361,433
1055.12,358,430
1055.16,355,428
1055.2,352,426
1055.24,351,425
1055.28,349,424
1055.32,348,424
1055.36,347,423
1055.4,347,423
1055.44,348,423
1055.48,348,423
1055.52,348,424
1055.56,349,425
1055.6,350,424
1055.64,351,424
1055.68,351,423
1055.72,352,423
1055.76,353,424
1055.8,354,424
1055.84,355,425
1055.88,356,425
1055.92,357,426
1055.96,358,426
1056.0,359,427
1056.04,360,427
1056.08,361,427
1056.12,361,427
1056.16,362,427
1056.2,362,427
1056.24,363,427
1056.28,363,428
1056.32,364,428
1056.36,364,428
1056.4,364,429
1056.44,364,428
1056.48,364,428
1056.52,365,428
1056.56,365,428
1056.6,365,429
1056.64,366,428
1056.68,367,429
1056.72,367,429
1056.76,368,429
1056.8,369,429
1056.84,369,430
1056.88,370,430
1056.92,371,430
1056.96,371,430
1057.0,372,430
1057.04,373,431
1057.08,373,431
1057.12,373,431
1057.16,374,431
1057.2,374,431
1057.24,375,431
1057.28,375,431
1057.32,376,431
1057.36,376,432
1057.4,377,432
1057.44,377,432
1057.48,377,432
1057.52,378,432
1057.56,378,432
1057.6,379,432
1057.64,379,433
1057.68,380,433
1057.72,381,433
1057.76,381,433
1057.8,382,433
1057.84,382,433
1057.88,383,434
1057.92,384,434
1057.96,385,435
1058.0,385,435
1058.04,386,435
1058.08,386,435
1058.12,387,435
1058.16,387,436
1058.2,387,436
1058.24,388,436
1058.28,389,437
1058.32,390,437
1058.36,391,438
1058.4,391,439
1058.44,391,439
1058.48,389,437
1058.52,386,432
1058.56,382,427
1058.6,379,421
1058.64,378,418
1058.68,377,416
1058.72,377,416
1058.76,378,415
1058.8,378,411
1058.84,380,405
1058.88,381,397
1058.92,383,389
1058.96,383,380
1059.0,383,372
1059.04,384,366
1059.08,383,363
1059.12,382,363
1059.16,381,366
1059.2,376,372
1059.24,371,380
1059.28,368,389
1059.32,362,400
1059.36,356,414
1059.4,350,423
1059.44,346,429
1059.48,344,431
1059.52,344,430
1059.56,344,428
1059.6,346,425
1059.64,350,422
1059.68,355,420
1059.72,360,419
1059.76,366,421
1059.8,370,424
1059.84,373,427
1059.88,373,430
1059.92,371,432
1059.96,369,429
1060.0,366,429
1060.04,362,428
1060.08,359,426
1060.12,357,425
1060.16,354,423
1060.2,353,422
1060.24,353,421
1060.28,354,421
1060.32,355,420
1060.36,357,420
1060.4,358,421
1060.44,359,423
1060.48,361,424
1060.52,362,425
1060.56,363,426
1060.6,364,426
1060.64,365,427
1060.68,366,428
1060.72,367,428
1060.76,369,429
1060.8,370,429
1060.84,371,430
1060.88,372,430
1060.92,374,431
1060.96,375,431
1061.0,376,432
1061.04,377,432
1061.08,379,432
1061.12,380,432
1061.16,381,433
1061.2,382,433
1061.24,383,433
1061.28,383,433
1061.32,385,434
1061.36,386,434
1061.4,387,435
1061.44,388,435
1061.48,388,435
1061.52,389,436
1061.56,390,436
1061.6,391,437
1061.64,392,437
1061.68,392,437
1061.72,393,437
1061.76,393,438
1061.8,394,438
1061.84,395,438
1061.88,395,438
1061.92,396,439
1061.96,397,439
1062.0,397,440
1062.04,398,440
1062.08,398,441
1062.12,399,441
1062.16,398,442
1062.2,397,442
1062.24,395,441
1062.28,392,440
1062.32,388,437
1062.36,382,433
1062.4,377,429
1062.44,371,425
1062.48,365,424
1062.52,360,425
1062.56,355,427
1062.6,351,426
1062.64,348,423
1062.68,347,422
1062.72,346,421
1062.76,347,420
1062.8,347,420
1062.84,348,420
1062.88,349,421
1062.92,349,422
1062.96,350,422
1063.0,351,422
1063.04,352,423
1063.08,354,423
1063.12,355,424
1063.16,357,425
1063.2,359,426
1063.24,360,427
1063.28,362,427
1063.32,363,428
1063.36,364,429
1063.4,365,429
1063.44,366,429
1063.48,367,429
1063.52,368,430
1063.56,368,430
1063.6,369,430
1063.64,369,430
1063.68,370,431
1063.72,371,431
1063.76,371,431
1063.8,372,431
1063.84,372,431
1063.88,373,432
1063.92,374,432
1063.96,375,432
1064.0,375,433
1064.04,376,433
1064.08,376,433
1064.12,377,433
1064.16,378,434
1064.2,379,434
1064.24,380,434
1064.28,380,434
1064.32,381,435
1064.36,382,435
1064.4,383,436
1064.44,383,436
1064.48,384,436
1064.52,385,436
1064.56,385,437
1064.6,385,437
1064.64,385,439
1064.68,385,439
1064.72,383,438
1064.76,379,433
1064.8,375,430
1064.84,370,427
1064.88,367,425
1064.92,364,425
1064.96,362,426
1065.0,359,428
1065.04,357,428
1065.08,354,426
1065.12,352,425
1065.16,349,423
1065.2,347,422
1065.24,345,421
1065.28,345,421
1065.32,345,421
1065.36,346,421
1065.4,347,421
1065.44,348,422
1065.48,349,422
1065.52,349,424
1065.56,350,424
1065.6,352,424
1065.64,352,424
1065.68,354,425
1065.72,354,426
1065.76,356,426
1065.8,357,427
1065.84,358,427
1065.88,359,427
1065.92,360,427
1065.96,361,428
1066.0,362,429
1066.04,363,428
1066.08,364,429
1066.12,365,430
1066.16,366,430
1066.2,367,430
1066.24,367,431
1066.28,367,432
1066.32,367,431
1066.36,366,432
1066.4,364,432
1066.44,363,430
1066.48,362,428
1066.52,361,423
1066.56,361,419
1066.6,362,416
1066.64,363,414
1066.68,363,413
1066.72,365,412
1066.76,365,411
1066.8,365,412
1066.84,365,412
1066.88,365,413
1066.92,364,413
1066.96,363,415
1067.0,364,415
1067.04,364,416
1067.08,364,416
1067.12,364,416
1067.16,364,415
1067.2,364,415
1067.24,364,414
1067.28,363,414
1067.32,363,414
1067.36,363,414
1067.4,364,410
1067.44,364,410
1067.48,363,410
1067.52,363,407
1067.56,362,407
1067.6,364,403
1067.64,364,401
1067.68,364,399
1067.72,364,398
1067.76,365,397
1067.8,365,397
1067.84,365,395
1067.88,366,394
1067.92,366,394
1067.96,367,394
1068.0,367,394
1068.04,368,394
1068.08,368,394
1068.12,368,395
1068.16,368,395
1068.2,368,395
1068.24,368,395
1068.28,368,395
1068.32,368,396
1068.36,368,396
1068.4,368,397
1068.44,369,396
1068.48,369,394
1068.52,368,395
1068.56,369,394
1068.6,367,394
1068.64,367,393
1068.68,367,392
1068.72,367,389
1068.76,367,387
1068.8,367,385
1068.84,366,385
1068.88,366,384
1068.92,367,383
1068.96,367,382
1069.0,367,383
1069.04,368,383
1069.08,368,382
1069.12,368,383
1069.16,368,382
1069.2,368,382
1069.24,368,383
1069.28,367,383
1069.32,367,382
1069.36,367,382
1069.4,367,382
1069.44,367,382
1069.48,367,383
1069.52,367,383
1069.56,367,383
1069.6,367,382
1069.64,367,382
1069.68,367,382
1069.72,367,382
1069.76,367,382
1069.8,367,381
1069.84,367,383
1069.88,367,383
1069.92,367,383
1069.96,367,384
1070.0,368,383
1070.04,368,384
1070.08,368,383
1070.12,368,383
1070.16,368,384
1070.2,369,384
1070.24,369,384
1070.28,369,384
1070.32,369,384
1070.36,369,384
1070.4,369,385
1070.44,369,385
1070.48,370,385
1070.52,369,385
1070.56,370,385
1070.6,370,384
1070.64,370,385
1070.68,370,385
1070.72,369,385
1070.76,370,385
1070.8,370,384
1070.84,369,385
1070.88,371,382
1070.92,371,382
1070.96,371,381
1071.0,371,381
1071.04,373,381
1071.08,369,386
1071.12,374,382
1071.16,374,382
1071.2,373,383
1071.24,368,386
1071.28,368,390
1071.32,369,391
1071.36,369,392
1071.4,370,391
1071.44,372,390
1071.48,373,388
1071.52,375,386
1071.56,377,385
1071.6,379,382
1071.64,381,379
1071.68,383,377
1071.72,385,376
1071.76,387,376
1071.8,390,376
1071.84,392,376
1071.88,394,376
1071.92,395,378
1071.96,393,381
1072.0,387,383
1072.04,391,389
1072.08,389,391
1072.12,386,394
1072.16,383,393
1072.2,381,392
1072.24,379,393
1072.28,378,394
1072.32,376,394
1072.36,376,397
1072.4,375,397
1072.44,375,397
1072.48,374,396
1072.52,373,397
1072.56,372,399
1072.6,371,400
1072.64,371,400
1072.68,370,401
1072.72,370,404
1072.76,370,404
1072.8,371,405
1072.84,372,408
1072.88,373,409
1072.92,374,410
1072.96,375,409
1073.0,376,408
1073.04,375,407
1073.08,375,405
1073.12,375,404
1073.16,375,403
1073.2,375,401
1073.24,374,400
1073.28,374,398
1073.32,375,398
1073.36,376,398
1073.4,378,401
1073.44,379,399
1073.48,379,399
1073.52,380,400
1073.56,380,402
1073.6,380,405
1073.64,382,403
1073.68,383,406
1073.72,384,403
1073.76,387,413
1073.8,388,413
1073.84,384,398
1073.88,387,398
1073.92,387,397
1073.96,389,397
1074.0,390,397
1074.04,391,397
1074.08,391,398
1074.12,392,399
1074.16,395,408
1074.2,395,408
1074.24,395,408
1074.28,392,415
1074.32,393,409
1074.36,395,406
1074.4,395,404
1074.44,395,402
1074.48,396,395
1074.52,397,396
1074.56,391,400
1074.6,399,401
1074.64,387,401
1074.68,386,401
1074.72,386,401
1074.76,387,403
1074.8,387,404
1074.84,389,402
1074.88,402,397
1074.92,402,397
1074.96,391,403
1075.0,399,392
1075.04,401,391
1075.08,401,389
1075.12,401,389
1075.16,402,391
1075.2,401,391
1075.24,402,391
1075.28,402,390
1075.32,402,388
1075.36,401,384
1075.4,404,385
1075.44,403,387
1075.48,405,386
1075.52,407,386
1075.56,408,387
1075.6,409,387
1075.64,409,387
1075.68,410,386
1075.72,412,388
1075.76,411,390
1075.8,411,392
1075.84,410,395
1075.88,409,395
1075.92,408,394
1075.96,408,396
1076.0,413,398
1076.04,406,401
1076.08,415,404
1076.12,414,403
1076.16,412,400
1076.2,410,397
1076.24,412,395
1076.28,412,396
1076.32,409,391
1076.36,408,390
1076.4,409,387
1076.44,409,385
1076.48,413,386
1076.52,409,383
1076.56,409,383
1076.6,406,380
1076.64,406,376
1076.68,401,377
1076.72,402,376
1076.76,400,375
1076.8,399,375
1076.84,398,372
1076.88,398,371
1076.92,398,369
1076.96,394,370
1077.0,393,363
1077.04,393,363
1077.08,409,377
1077.12,407,371
1077.16,404,368
1077.2,399,366
1077.24,400,367
1077.28,397,367
1077.32,402,369
1077.36,399,369
1077.4,407,370
1077.44,406,368
1077.48,406,370
1077.52,406,371
1077.56,406,373
1077.6,406,373
1077.64,405,372
1077.68,405,372
1077.72,405,372
1077.76,405,373
1077.8,406,374
1077.84,405,374
1077.88,406,374
1077.92,405,374
1077.96,405,375
1078.0,405,376
1078.04,405,377
1078.08,404,377
1078.12,404,376
1078.16,405,378
1078.2,406,380
1078.24,407,383
1078.28,408,384
1078.32,409,385
1078.36,409,385
1078.4,409,387
1078.44,410,388
1078.48,409,391
1078.52,410,390
1078.56,407,395
1078.6,406,399
1078.64,403,402
1078.68,402,401
1078.72,404,407
1078.76,402,408
1078.8,395,409
1078.84,394,412
1078.88,391,416
1078.92,394,418
1078.96,393,419
1079.0,392,421
1079.04,388,424
1079.08,385,427
1079.12,384,431
1079.16,383,435
1079.2,382,438
1079.24,381,443
1079.28,381,449
1079.32,381,456
1079.36,378,468
1079.4,379,474
1079.44,380,476
1079.48,379,475
1079.52,378,474
1079.56,377,475
1079.6,377,475
1079.64,377,475
1079.68,377,475
1079.72,378,476
1079.76,377,477
1079.8,378,476
1079.84,378,477
1079.88,380,476
1079.92,380,476
1079.96,380,478
1080.0,380,478
1080.04,381,478
1080.08,381,478
1080.12,380,479
1080.16,381,478
1080.2,381,478
1080.24,381,478
1080.28,381,477
1080.32,380,477
1080.36,380,476
1080.4,379,476
1080.44,379,476
1080.48,379,476
1080.52,379,476
1080.56,379,476
1080.6,378,475
1080.64,379,475
1080.68,379,475
1080.72,378,475
1080.76,379,474
1080.8,378,474
1080.84,379,473
1080.88,379,473
1080.92,379,473
1080.96,380,472
1081.0,379,472
1081.04,378,473
1081.08,377,473
1081.12,376,474
1081.16,375,474
1081.2,376,474
1081.24,377,474
1081.28,380,473
1081.32,378,474
1081.36,382,471
1081.4,381,471
1081.44,384,468
1081.48,383,469
1081.52,383,470
1081.56,383,469
1081.6,382,469
1081.64,382,469
1081.68,382,469
1081.72,381,470
1081.76,381,470
1081.8,380,470
1081.84,380,471
1081.88,380,471
1081.92,381,471
1081.96,381,471
1082.0,381,471
1082.04,381,471
1082.08,381,471
1082.12,381,470
1082.16,382,471
1082.2,382,470
1082.24,382,470
1082.28,382,470
1082.32,382,470
1082.36,382,470
1082.4,382,470
1082.44,382,470
1082.48,382,470
1082.52,382,470
1082.56,382,470
1082.6,382,470
1082.64,382,470
1082.68,382,471
1082.72,382,471
1082.76,382,471
1082.8,383,471
1082.84,384,472
1082.88,385,473
1082.92,386,474
1082.96,385,476
1083.0,387,474
1083.04,385,470
1083.08,382,468
1083.12,382,468
1083.16,374,473
1083.2,379,471
1083.24,378,470
1083.28,375,473
1083.32,376,472
1083.36,376,472
1083.4,376,472
1083.44,376,472
1083.48,375,473
1083.52,375,473
1083.56,376,473
1083.6,376,474
1083.64,377,473
1083.68,377,476
1083.72,378,477
1083.76,376,479
1083.8,378,471
1083.84,377,472
1083.88,377,472
1083.92,376,472
1083.96,376,472
1084.0,376,472
1084.04,376,471
1084.08,378,470
1084.12,378,469
1084.16,376,477
1084.2,376,476
1084.24,377,475
1084.28,378,473
1084.32,379,473
1084.36,379,473
1084.4,379,473
1084.44,378,473
1084.48,376,474
1084.52,376,474
1084.56,376,473
1084.6,377,473
1084.64,379,473
1084.68,381,470
1084.72,384,469
1084.76,387,471
1084.8,387,471
1084.84,387,471
1084.88,387,471
1084.92,387,471
1084.96,387,471
1085.0,387,471
1085.04,387,471
1085.08,387,471
1085.12,387,471
1085.16,387,471
1085.2,362,476
1085.24,375,474
1085.28,375,474
1085.32,375,474
1085.36,375,474
1085.4,375,474
1085.44,375,474
1085.48,375,474
1085.52,375,474
1085.56,375,474
1085.6,375,474
1085.64,375,474
1085.68,375,474
1085.72,375,474
1085.76,375,474
1085.8,375,474
1085.84,375,474
1085.88,375,474
1085.92,375,474
1085.96,375,474
1086.0,375,474
1086.04,375,474
1086.08,375,474
1086.12,375,474
1086.16,375,474
1086.2,375,474
1086.24,375,474
1086.28,375,474
1086.32,375,474
1086.36,375,474
1086.4,375,474
1086.44,375,474
1086.48,375,474
1086.52,375,474
1086.56,375,474
1086.6,375,474
1086.64,375,474
1086.68,375,474
1086.72,375,474
1086.76,375,474
1086.8,375,474
1086.84,375,474
1086.88,375,474
1086.92,375,474
1086.96,375,474
1087.0,375,474
1087.04,375,474
1087.08,375,473
1087.12,375,473
1087.16,375,473
1087.2,375,473
1087.24,376,473
1087.28,376,473
1087.32,376,473
1087.36,376,474
1087.4,376,474
1087.44,376,474
1087.48,375,474
1087.52,375,474
1087.56,376,474
1087.6,375,474
1087.64,375,474
1087.68,375,474
1087.72,376,474
1087.76,376,474
1087.8,376,474
1087.84,376,474
1087.88,376,474
1087.92,376,474
1087.96,376,474
1088.0,376,474
1088.04,376,474
1088.08,376,474
1088.12,376,474
1088.16,376,474
1088.2,376,474
1088.24,376,474
1088.28,376,474
1088.32,376,474
1088.36,376,474
1088.4,376,474
1088.44,376,474
1088.48,376,474
1088.52,375,474
1088.56,375,474
1088.6,375,474
1088.64,375,474
1088.68,375,474
1088.72,375,474
1088.76,375,473
1088.8,375,473
1088.84,375,473
1088.88,375,474
1088.92,375,473
1088.96,375,474
1089.0,375,474
1089.04,375,474
1089.08,375,474
1089.12,375,474
1089.16,375,474
1089.2,375,474
1089.24,375,474
1089.28,375,474
1089.32,375,474
1089.36,375,474
1089.4,375,474
1089.44,375,474
1089.48,375,474
1089.52,375,474
1089.56,375,474
1089.6,375,474
1089.64,375,474
1089.68,375,474
1089.72,375,474
1089.76,375,474
1089.8,375,474
1089.84,375,474
1089.88,375,474
1089.92,375,474
1089.96,375,474
1090.0,375,474
1090.04,375,474
1090.08,375,474
1090.12,375,474
1090.16,375,474
1090.2,375,474
1090.24,375,474
1090.28,375,474
1090.32,375,474
1090.36,375,474
1090.4,375,474
1090.44,375,474
1090.48,375,474
1090.52,375,474
1090.56,375,474
1090.6,375,474
1090.64,375,473
1090.68,375,474
1090.72,375,473
1090.76,375,474
1090.8,375,474
1090.84,375,474
1090.88,376,473
1090.92,375,473
1090.96,375,474
1091.0,375,474
1091.04,375,474
1091.08,375,474
1091.12,375,474
1091.16,375,474
1091.2,375,474
1091.24,375,474
1091.28,375,474
1091.32,375,474
1091.36,375,474
1091.4,375,473
1091.44,375,474
1091.48,375,473
1091.52,375,474
1091.56,375,474
1091.6,375,474
1091.64,375,474
1091.68,375,473
1091.72,375,473
1091.76,375,473
1091.8,375,473
1091.84,375,473
1091.88,375,473
1091.92,375,473
1091.96,375,473
1092.0,375,473
1092.04,375,473
1092.08,375,473
1092.12,375,473
1092.16,375,473
1092.2,375,473
1092.24,375,473
1092.28,375,473
1092.32,375,474
1092.36,375,474
1092.4,375,474
1092.44,375,474
1092.48,375,473
1092.52,375,473
1092.56,375,473
1092.6,375,473
1092.64,375,473
1092.68,375,473
1092.72,375,473
1092.76,375,473
1092.8,375,473
1092.84,375,473
1092.88,375,473
1092.92,375,473
1092.96,375,473
1093.0,375,473
1093.04,375,474
1093.08,375,473
1093.12,375,473
1093.16,375,473
1093.2,375,473
1093.24,375,473
1093.28,375,473
1093.32,375,473
1093.36,375,473
1093.4,375,473
1093.44,375,473
1093.48,375,473
1093.52,375,473
1093.56,375,473
1093.6,375,473
1093.64,375,473
1093.68,375,473
1093.72,375,473
1093.76,375,473
1093.8,375,474
1093.84,375,474
1093.88,375,474
1093.92,375,474
1093.96,375,474
1094.0,375,474
1094.04,375,474
1094.08,375,474
1094.12,375,474
1094.16,375,474
1094.2,375,474
1094.24,375,474
1094.28,375,474
1094.32,375,474
1094.36,375,474
1094.4,375,474
1094.44,375,474
1094.48,375,474
1094.52,375,474
1094.56,375,474
1094.6,375,473
1094.64,375,474
1094.68,375,474
1094.72,375,474
1094.76,375,474
1094.8,375,474
1094.84,375,474
1094.88,375,474
1094.92,375,474
1094.96,375,474
1095.0,375,474
1095.04,375,473
1095.08,375,473
1095.12,375,473
1095.16,375,473
1095.2,375,473
1095.24,366,437
1095.28,366,437
1095.32,366,437
1095.36,366,437
1095.4,366,437
1095.44,366,437
1095.48,366,437
1095.52,366,437
1095.56,357,436
1095.6,355,452
1095.64,355,452
1095.68,355,451
1095.72,355,451
1095.76,355,451
1095.8,362,443
1095.84,356,448
1095.88,356,448
1095.92,356,448
1095.96,356,448
1096.0,356,448
1096.04,356,448
1096.08,356,448
1096.12,355,449
1096.16,356,448
1096.2,356,448
1096.24,356,448
1096.28,356,448
1096.32,356,448
1096.36,356,450
1096.4,356,449
1096.44,356,449
1096.48,356,450
1096.52,355,449
1096.56,356,448
1096.6,356,448
1096.64,356,448
1096.68,355,449
1096.72,356,449
1096.76,356,449
1096.8,356,449
1096.84,355,450
1096.88,355,449
1096.92,355,449
1096.96,355,449
1097.0,356,450
1097.04,356,449
1097.08,356,449
1097.12,356,449
1097.16,356,449
1097.2,357,448
1097.24,357,447
1097.28,357,447
1097.32,357,447
1097.36,357,447
1097.4,357,447
1097.44,357,447
1097.48,357,447
1097.52,357,447
1097.56,357,447
1097.6,357,447
1097.64,357,447
1097.68,357,447
1097.72,357,447
1097.76,357,447
1097.8,357,447
1097.84,357,447
1097.88,357,447
1097.92,357,447
1097.96,357,447
1098.0,357,447
1098.04,357,447
1098.08,357,447
1098.12,357,447
1098.16,357,447
1098.2,357,447
1098.24,357,447
1098.28,357,447
1098.32,357,447
1098.36,357,447
1098.4,357,447
1098.44,357,447
1098.48,357,447
1098.52,357,447
1098.56,357,447
1098.6,357,447
1098.64,357,447
1098.68,357,447
1098.72,357,447
1098.76,357,447
1098.8,357,447
1098.84,357,447
1098.88,357,447
1098.92,357,447
1098.96,357,447
1099.0,357,447
1099.04,357,447
1099.08,358,447
1099.12,358,447
1099.16,358,447
1099.2,358,447
1099.24,358,447
1099.28,358,447
1099.32,358,447
1099.36,358,447
1099.4,358,447
1099.44,358,447
1099.48,358,447
1099.52,358,447
1099.56,358,447
1099.6,358,447
1099.64,358,447
1099.68,358,447
1099.72,358,447
1099.76,358,447
1099.8,359,447
1099.84,359,447
1099.88,359,447
1099.92,357,449
1099.96,357,449
1100.0,357,449
1100.04,355,451
1100.08,355,451
1100.12,355,451
1100.16,355,451
1100.2,355,451
1100.24,355,451
1100.28,355,451
1100.32,355,451
1100.36,355,451
1100.4,355,451
1100.44,355,451
1100.48,355,451
1100.52,355,451
1100.56,355,451
1100.6,355,451
1100.64,355,451
1100.68,355,451
1100.72,355,451
1100.76,355,451
1100.8,355,451
1100.84,355,451
1100.88,355,451
1100.92,355,451
1100.96,355,451
1101.0,355,451
1101.04,355,451
1101.08,355,451
1101.12,355,451
1101.16,355,451
1101.2,355,451
1101.24,355,451
1101.28,355,451
1101.32,355,451
1101.36,355,451
1101.4,355,451
1101.44,355,451
1101.48,355,451
1101.52,355,451
1101.56,355,451
1101.6,355,451
1101.64,355,451
1101.68,355,451
1101.72,355,451
1101.76,355,451
1101.8,355,451
1101.84,355,451
1101.88,355,451
1101.92,355,451
1101.96,355,451
1102.0,355,451
1102.04,355,451
1102.08,355,451
1102.12,355,451
1102.16,355,451
1102.2,355,451
1102.24,355,451
1102.28,355,451
1102.32,355,451
1102.36,355,451
1102.4,355,451
1102.44,355,451
1102.48,355,451
1102.52,355,451
1102.56,355,451
1102.6,355,451
1102.64,355,451
1102.68,355,451
1102.72,355,451
1102.76,355,451
1102.8,355,451
1102.84,355,451
1102.88,355,451
1102.92,355,451
1102.96,355,451
1103.0,355,451
1103.04,355,451
1103.08,355,451
1103.12,355,451
1103.16,355,451
1103.2,355,451
1103.24,355,451
1103.28,355,451
1103.32,355,451
1103.36,357,453
1103.4,360,451
1103.44,359,447
1103.48,359,447
1103.52,359,447
1103.56,359,447
1103.6,352,418
1103.64,352,424
1103.68,351,418
1103.72,351,418
1103.76,351,418
1103.8,351,418
1103.84,351,418
1103.88,351,418
1103.92,351,418
1103.96,351,418
1104.0,351,418
1104.04,351,418
1104.08,361,435
1104.12,362,435
1104.16,362,435
1104.2,362,435
1104.24,362,435
1104.28,362,435
1104.32,362,435
1104.36,362,435
1104.4,362,435
1104.44,362,435
1104.48,362,435
1104.52,362,435
1104.56,362,435
1104.6,362,435
1104.64,362,435
1104.68,362,435
1104.72,362,435
1104.76,362,435
1104.8,362,435
1104.84,362,435
1104.88,362,435
1104.92,362,435
1104.96,362,435
1105.0,362,435
1105.04,362,435
1105.08,362,435
1105.12,362,435
1105.16,362,435
1105.2,362,435
1105.24,362,435
1105.28,362,435
1105.32,362,435
1105.36,362,435
1105.4,362,435
1105.44,362,435
1105.48,376,406
1105.52,379,403
1105.56,379,403
1105.6,379,403
1105.64,379,403
1105.68,379,403
1105.72,379,403
1105.76,379,403
1105.8,379,403
1105.84,388,411
1105.88,387,410
1105.92,386,410
1105.96,386,411
1106.0,386,412
1106.04,386,412
1106.08,386,412
1106.12,386,412
1106.16,386,412
1106.2,386,412
1106.24,386,412
1106.28,386,412
1106.32,386,412
1106.36,386,412
1106.4,386,412
1106.44,386,412
1106.48,386,412
1106.52,386,412
1106.56,386,412
1106.6,386,412
1106.64,386,412
1106.68,386,412
1106.72,386,412
1106.76,386,412
1106.8,386,412
1106.84,386,412
1106.88,386,412
1106.92,386,412
1106.96,386,412
1107.0,386,412
1107.04,386,412
1107.08,386,412
1107.12,386,412
1107.16,386,412
1107.2,386,412
1107.24,386,412
1107.28,386,412
1107.32,386,412
1107.36,386,412
1107.4,386,412
1107.44,386,412
1107.48,386,412
1107.52,386,412
1107.56,386,412
1107.6,386,412
1107.64,386,412
1107.68,386,412
1107.72,386,412
1107.76,386,412
1107.8,386,412
1107.84,386,412
1107.88,386,412
1107.92,386,412
1107.96,386,412
1108.0,386,412
1108.04,386,412
1108.08,386,412
1108.12,386,412
1108.16,386,412
1108.2,386,412
1108.24,386,412
1108.28,386,412
1108.32,386,412
1108.36,386,412
1108.4,386,412
1108.44,386,412
1108.48,386,412
1108.52,386,412
1108.56,368,443
1108.6,368,443
1108.64,368,443
1108.68,368,443
1108.72,368,443
1108.76,368,443
1108.8,368,443
1108.84,368,443
1108.88,368,443
1108.92,368,443
1108.96,368,443
1109.0,368,443
1109.04,368,443
1109.08,368,443
1109.12,367,442
1109.16,367,442
1109.2,367,442
1109.24,367,442
1109.28,367,442
1109.32,367,442
1109.36,367,442
1109.4,367,442
1109.44,367,442
1109.48,367,442
1109.52,367,442
1109.56,367,442
1109.6,376,444
1109.64,376,444
1109.68,376,444
1109.72,376,444
1109.76,376,444
1109.8,376,444
1109.84,376,444
1109.88,376,444
1109.92,376,444
1109.96,376,444
1110.0,376,444
1110.04,376,444
1110.08,376,444
1110.12,376,444
1110.16,376,444
1110.2,376,444
1110.24,376,444
1110.28,376,444
1110.32,376,444
1110.36,376,444
1110.4,376,444
1110.44,376,444
1110.48,376,444
1110.52,376,444
1110.56,376,444
1110.6,376,444
1110.64,376,444
1110.68,376,444
1110.72,376,444
1110.76,376,444
1110.8,376,444
1110.84,376,444
1110.88,376,444
1110.92,376,444
1110.96,376,444
1111.0,376,444
1111.04,376,444
1111.08,376,444
1111.12,376,444
1111.16,376,444
1111.2,376,444
1111.24,376,444
1111.28,376,444
1111.32,376,444
1111.36,376,444
1111.4,376,444
1111.44,376,444
1111.48,376,444
1111.52,376,444
1111.56,376,444
1111.6,376,444
1111.64,376,444
1111.68,376,444
1111.72,376,444
1111.76,376,444
1111.8,376,444
1111.84,376,444
1111.88,376,444
1111.92,376,444
1111.96,376,444
1112.0,376,444
1112.04,376,444
1112.08,376,444
1112.12,376,444
1112.16,376,444
1112.2,376,444
1112.24,376,444
1112.28,376,444
1112.32,376,444
1112.36,376,444
1112.4,376,444
1112.44,376,444
1112.48,376,444
1112.52,376,444
1112.56,376,444
1112.6,376,444
1112.64,376,444
1112.68,376,444
1112.72,376,444
1112.76,376,444
1112.8,376,444
1112.84,376,444
1112.88,376,444
1112.92,376,444
1112.96,376,444
1113.0,376,444
1113.04,376,444
1113.08,376,444
1113.12,376,444
1113.16,376,444
1113.2,376,444
1113.24,376,444
1113.28,376,444
1113.32,376,444
1113.36,376,444
1113.4,376,444
1113.44,376,444
1113.48,376,444
1113.52,376,444
1113.56,376,444
1113.6,376,444
1113.64,376,444
1113.68,376,444
1113.72,376,444
1113.76,376,444
1113.8,376,444
1113.84,376,444
1113.88,376,444
1113.92,376,444
1113.96,388,413
1114.0,388,413
1114.04,395,403
1114.08,396,401
1114.12,400,398
1114.16,403,397
1114.2,404,396
1114.24,404,395
1114.28,403,395
1114.32,404,396
1114.36,403,403
1114.4,401,404
1114.44,397,408
1114.48,394,410
1114.52,392,414
1114.56,388,417
1114.6,385,420
1114.64,384,423
1114.68,380,426
1114.72,382,429
1114.76,377,431
1114.8,379,433
1114.84,378,425
1114.88,378,425
1114.92,377,419
1114.96,374,421
1115.0,376,424
1115.04,375,424
1115.08,375,424
1115.12,374,424
1115.16,374,424
1115.2,374,424
1115.24,374,424
1115.28,360,425
1115.32,358,426
1115.36,358,426
1115.4,358,426
1115.44,355,442
1115.48,355,442
1115.52,355,442
1115.56,355,442
1115.6,357,442
1115.64,357,442
1115.68,357,442
1115.72,357,442
1115.76,370,428
1115.8,370,428
1115.84,370,428
1115.88,370,428
1115.92,370,428
1115.96,370,428
1116.0,370,428
1116.04,370,428
1116.08,370,428
1116.12,370,428
1116.16,370,428
1116.2,370,428
1116.24,370,428
1116.28,370,428
1116.32,370,428
1116.36,370,428
1116.4,370,428
1116.44,370,428
1116.48,370,428
1116.52,370,428
1116.56,370,428
1116.6,370,428
1116.64,370,428
1116.68,370,428
1116.72,370,428
1116.76,370,428
1116.8,370,428
1116.84,370,428
1116.88,370,428
1116.92,370,428
1116.96,370,428
1117.0,370,428
1117.04,370,428
1117.08,370,428
1117.12,370,428
1117.16,370,428
1117.2,370,428
1117.24,370,428
1117.28,370,428
1117.32,370,428
1117.36,370,428
1117.4,370,428
1117.44,370,428
1117.48,370,428
1117.52,370,428
1117.56,370,428
1117.6,370,428
1117.64,370,428
1117.68,370,428
1117.72,353,429
1117.76,353,429
1117.8,354,421
1117.84,354,418
1117.88,358,414
1117.92,358,414
1117.96,358,414
1118.0,358,414
1118.04,358,414
1118.08,358,414
1118.12,358,414
1118.16,358,414
1118.2,358,414
1118.24,358,414
1118.28,358,414
1118.32,358,414
1118.36,358,414
1118.4,358,414
1118.44,358,414
1118.48,358,414
1118.52,358,414
1118.56,358,414
1118.6,358,414
1118.64,358,414
1118.68,358,414
1118.72,358,414
1118.76,358,414
1118.8,358,414
1118.84,358,414
1118.88,358,414
1118.92,358,414
1118.96,358,414
1119.0,358,414
1119.04,358,414
1119.08,358,414
1119.12,377,435
1119.16,377,435
1119.2,371,439
1119.24,370,440
1119.28,368,442
1119.32,364,441
1119.36,361,443
1119.4,357,446
1119.44,357,446
1119.48,357,446
1119.52,357,446
1119.56,357,446
1119.6,357,446
1119.64,352,430
1119.68,352,427
1119.72,356,424
1119.76,357,429
1119.8,364,436
1119.84,370,432
1119.88,373,421
1119.92,378,420
1119.96,384,428
1120.0,385,428
1120.04,390,426
1120.08,390,425
1120.12,388,428
1120.16,387,428
1120.2,378,437
1120.24,379,437
1120.28,378,437
1120.32,377,438
1120.36,378,438
1120.4,379,431
1120.44,380,431
1120.48,382,432
1120.52,381,432
1120.56,381,433
1120.6,381,433
1120.64,382,433
1120.68,383,432
1120.72,384,433
1120.76,384,434
1120.8,384,435
1120.84,386,432
1120.88,387,432
1120.92,387,431
1120.96,387,431
1121.0,387,430
1121.04,388,430
1121.08,385,436
1121.12,389,430
1121.16,389,430
1121.2,389,430
1121.24,388,430
1121.28,388,430
1121.32,387,430
1121.36,387,430
1121.4,387,430
1121.44,387,430
1121.48,386,430
1121.52,386,430
1121.56,385,431
1121.6,384,433
1121.64,385,432
1121.68,385,432
1121.72,385,432
1121.76,385,432
1121.8,385,432
1121.84,385,432
1121.88,384,433
1121.92,383,429
1121.96,381,427
1122.0,376,429
1122.04,370,429
1122.08,364,427
1122.12,357,430
1122.16,349,432
1122.2,349,432
1122.24,349,432
1122.28,349,432
1122.32,349,432
1122.36,349,432
1122.4,349,432
1122.44,349,432
1122.48,349,432
1122.52,349,432
1122.56,349,432
1122.6,349,432
1122.64,349,432
1122.68,349,432
1122.72,349,432
1122.76,349,432
1122.8,349,432
1122.84,349,432
1122.88,349,432
1122.92,349,432
1122.96,349,432
1123.0,344,434
1123.04,351,431
1123.08,361,429
1123.12,373,428
1123.16,383,421
1123.2,394,422
1123.24,405,426
1123.28,415,431
1123.32,423,435
1123.36,428,438
1123.4,433,442
1123.44,436,446
1123.48,439,449
1123.52,441,450
1123.56,442,452
1123.6,443,453
1123.64,443,455
1123.68,443,455
1123.72,442,457
1123.76,442,457
1123.8,442,458
1123.84,442,458
1123.88,443,458
1123.92,443,458
1123.96,443,457
1124.0,444,457
1124.04,445,456
1124.08,446,455
1124.12,446,455
1124.16,446,455
1124.2,446,454
1124.24,446,454
1124.28,447,454
1124.32,447,454
1124.36,447,454
1124.4,447,454
1124.44,447,454
1124.48,447,454
1124.52,447,454
1124.56,447,454
1124.6,447,455
1124.64,447,455
1124.68,447,455
1124.72,447,455
1124.76,447,455
1124.8,447,455
1124.84,447,455
1124.88,447,455
1124.92,447,455
1124.96,447,455
1125.0,447,455
1125.04,447,455
1125.08,448,455
1125.12,448,454
1125.16,448,454
1125.2,448,454
1125.24,448,454
1125.28,448,454
1125.32,448,454
1125.36,448,455
1125.4,447,455
1125.44,447,455
1125.48,447,455
1125.52,447,455
1125.56,447,455
1125.6,447,455
1125.64,447,456
1125.68,447,456
1125.72,447,456
1125.76,447,456
1125.8,447,456
1125.84,447,456
1125.88,446,457
1125.92,446,457
1125.96,446,457
1126.0,446,457
1126.04,447,457
1126.08,447,457
1126.12,446,457
1126.16,447,456
1126.2,446,456
1126.24,446,455
1126.28,446,455
1126.32,447,455
1126.36,447,455
1126.4,447,455
1126.44,447,455
1126.48,447,455
1126.52,447,456
1126.56,447,455
1126.6,447,455
1126.64,447,455
1126.68,447,455
1126.72,447,455
1126.76,447,455
1126.8,447,454
1126.84,447,454
1126.88,447,453
1126.92,446,453
1126.96,447,451
1127.0,447,451
1127.04,447,450
1127.08,447,450
1127.12,447,450
1127.16,447,450
1127.2,447,450
1127.24,447,451
1127.28,447,452
1127.32,447,452
1127.36,446,453
1127.4,446,454
1127.44,446,454
1127.48,446,454
1127.52,446,454
1127.56,446,454
1127.6,447,454
1127.64,446,454
1127.68,447,454
1127.72,447,453
1127.76,447,453
1127.8,445,452
1127.84,443,451
1127.88,440,448
1127.92,435,445
1127.96,428,441
1128.0,421,438
1128.04,413,436
1128.08,405,435
1128.12,398,436
1128.16,388,437
1128.2,381,439
1128.24,376,441
1128.28,371,440
1128.32,367,441
1128.36,364,441
1128.4,362,441
1128.44,360,441
1128.48,360,443
1128.52,360,444
1128.56,361,444
1128.6,360,445
1128.64,360,445
1128.68,359,445
1128.72,359,446
1128.76,358,448
1128.8,356,447
1128.84,356,447
1128.88,356,447
1128.92,356,447
1128.96,357,448
1129.0,356,448
1129.04,357,448
1129.08,356,452
1129.12,357,449
1129.16,357,449
1129.2,357,448
1129.24,357,448
1129.28,358,448
1129.32,357,448
1129.36,357,449
1129.4,357,449
1129.44,357,448
1129.48,357,447
1129.52,357,448
1129.56,357,447
1129.6,353,447
1129.64,358,452
1129.68,359,452
1129.72,359,452
1129.76,355,448
1129.8,360,452
1129.84,354,449
1129.88,354,448
1129.92,355,447
1129.96,355,447
1130.0,356,445
1130.04,358,441
1130.08,367,439
1130.12,368,443
1130.16,377,433
1130.2,382,433
1130.24,386,434
1130.28,394,434
1130.32,400,427
1130.36,413,431
1130.4,418,433
1130.44,426,433
1130.48,430,434
1130.52,435,434
1130.56,437,435
1130.6,440,437
1130.64,441,438
1130.68,442,440
1130.72,442,443
1130.76,441,446
1130.8,439,449
1130.84,439,451
1130.88,439,451
1130.92,439,451
1130.96,438,451
1131.0,438,451
1131.04,439,451
1131.08,439,452
1131.12,439,451
1131.16,439,450
1131.2,439,451
1131.24,440,451
1131.28,439,451
1131.32,439,452
1131.36,436,451
1131.4,436,450
1131.44,432,446
1131.48,428,443
1131.52,424,440
1131.56,419,436
1131.6,416,434
1131.64,412,432
1131.68,410,430
1131.72,406,428
1131.76,404,427
1131.8,403,427
1131.84,402,429
1131.88,402,432
1131.92,402,435
1131.96,400,437
1132.0,400,438
1132.04,400,438
1132.08,400,438
1132.12,400,438
1132.16,400,438
1132.2,400,438
1132.24,400,438
1132.28,400,438
1132.32,400,438
1132.36,400,438
1132.4,400,437
1132.44,400,438
1132.48,400,438
1132.52,400,438
1132.56,400,438
1132.6,401,438
1132.64,400,438
1132.68,400,438
1132.72,400,438
1132.76,400,438
1132.8,401,438
1132.84,400,438
1132.88,401,438
1132.92,400,438
1132.96,400,438
1133.0,400,438
1133.04,400,438
1133.08,400,438
1133.12,400,438
1133.16,400,438
1133.2,400,438
1133.24,401,438
1133.28,400,438
1133.32,400,438
1133.36,400,438
1133.4,400,439
1133.44,400,439
1133.48,399,437
1133.52,398,434
1133.56,396,430
1133.6,396,424
1133.64,395,420
1133.68,395,417
1133.72,395,417
1133.76,395,418
1133.8,395,422
1133.84,395,426
1133.88,394,426
1133.92,394,427
1133.96,394,427
1134.0,394,426
1134.04,394,426
1134.08,394,425
1134.12,394,425
1134.16,394,426
1134.2,394,426
1134.24,394,426
1134.28,394,426
1134.32,394,426
1134.36,394,426
1134.4,394,426
1134.44,394,426
1134.48,394,426
1134.52,394,426
1134.56,394,426
1134.6,394,426
1134.64,394,426
1134.68,394,426
1134.72,394,426
1134.76,393,426
1134.8,392,425
1134.84,389,424
1134.88,388,422
1134.92,387,420
1134.96,386,419
1135.0,387,420
1135.04,389,421
1135.08,390,423
1135.12,389,423
1135.16,392,424
1135.2,391,426
1135.24,389,429
1135.28,390,430
1135.32,389,430
1135.36,389,430
1135.4,389,430
1135.44,389,430
1135.48,389,431
1135.52,389,429
1135.56,389,429
1135.6,388,431
1135.64,389,430
1135.68,389,430
1135.72,389,431
1135.76,389,429
1135.8,388,429
1135.84,387,428
1135.88,386,426
1135.92,386,425
1135.96,385,424
1136.0,384,426
1136.04,382,429
1136.08,383,432
1136.12,383,437
1136.16,382,436
1136.2,382,437
1136.24,382,436
1136.28,382,436
1136.32,382,436
1136.36,382,436
1136.4,382,436
1136.44,382,438
1136.48,381,436
1136.52,382,433
1136.56,382,431
1136.6,381,431
1136.64,383,430
1136.68,384,429
1136.72,387,431
1136.76,387,434
1136.8,391,432
1136.84,391,432
1136.88,386,436
1136.92,389,436
1136.96,388,436
1137.0,388,436
1137.04,388,436
1137.08,388,436
1137.12,388,436
1137.16,391,433
1137.2,387,436
1137.24,388,436
1137.28,389,436
1137.32,388,437
1137.36,387,434
1137.4,385,434
1137.44,383,434
1137.48,379,435
1137.52,376,435
1137.56,371,435
1137.6,365,437
1137.64,363,446
1137.68,360,438
1137.72,358,438
1137.76,357,438
1137.8,357,439
1137.84,358,439
1137.88,357,438
1137.92,358,428
1137.96,358,428
1138.0,362,432
1138.04,362,432
1138.08,357,437
1138.12,356,423
1138.16,353,430
1138.2,351,435
1138.24,349,428
1138.28,351,411
1138.32,345,411
1138.36,345,411
1138.4,345,411
1138.44,354,372
1138.48,354,373
1138.52,354,373
1138.56,354,373
1138.6,370,353
1138.64,387,348
1138.68,390,354
1138.72,392,364
1138.76,400,368
1138.8,413,367
1138.84,418,370
1138.88,422,374
1138.92,421,376
1138.96,419,377
1139.0,418,379
1139.04,414,379
1139.08,409,392
1139.12,404,400
1139.16,400,407
1139.2,397,416
1139.24,395,419
1139.28,389,426
1139.32,385,430
1139.36,384,434
1139.4,380,436
1139.44,378,437
1139.48,379,438
1139.52,378,438
1139.56,380,439
1139.6,377,430
1139.64,377,420
1139.68,382,422
1139.72,381,431
1139.76,375,440
1139.8,371,439
1139.84,377,435
1139.88,376,435
1139.92,374,436
1139.96,372,446
1140.0,374,437
1140.04,375,427
1140.08,374,426
1140.12,375,436
1140.16,379,447
1140.2,379,436
1140.24,383,436
1140.28,383,446
1140.32,384,445
1140.36,388,435
1140.4,383,434
1140.44,383,434
1140.48,382,434
1140.52,385,446
1140.56,385,426
1140.6,379,426
1140.64,382,437
1140.68,386,448
1140.72,386,448
1140.76,389,438
1140.8,389,438
1140.84,383,436
1140.88,383,436
1140.92,383,436
1140.96,386,448
1141.0,386,449
1141.04,386,448
1141.08,386,448
1141.12,386,449
1141.16,386,449
1141.2,386,449
1141.24,386,449
1141.28,386,449
1141.32,386,448
1141.36,385,448
1141.4,386,448
1141.44,386,448
1141.48,386,448
1141.52,386,448
1141.56,386,448
1141.6,385,448
1141.64,386,449
1141.68,386,449
1141.72,386,448
1141.76,386,448
1141.8,385,448
1141.84,385,448
1141.88,385,448
1141.92,385,448
1141.96,386,449
1142.0,386,449
1142.04,386,449
1142.08,386,449
1142.12,386,449
1142.16,386,449
1142.2,386,449
1142.24,386,449
1142.28,386,449
1142.32,386,449
1142.36,386,449
1142.4,386,449
1142.44,386,449
1142.48,386,449
1142.52,386,449
1142.56,386,449
1142.6,386,449
1142.64,386,449
1142.68,386,449
1142.72,388,439
1142.76,386,449
1142.8,386,449
1142.84,386,449
1142.88,386,449
1142.92,388,439
1142.96,387,439
1143.0,388,439
1143.04,383,448
1143.08,383,448
1143.12,383,448
1143.16,384,448
1143.2,383,448
1143.24,384,448
1143.28,383,448
1143.32,384,448
1143.36,387,438
1143.4,387,438
1143.44,383,448
1143.48,387,438
1143.52,387,439
1143.56,384,448
1143.6,384,448
1143.64,387,439
1143.68,387,439
1143.72,387,439
1143.76,387,438
1143.8,387,439
1143.84,387,439
1143.88,387,439
1143.92,387,439
1143.96,387,439
1144.0,387,439
1144.04,383,448
1144.08,383,448
1144.12,383,448
1144.16,392,430
1144.2,389,439
1144.24,387,449
1144.28,387,449
1144.32,385,448
1144.36,387,439
1144.4,381,450
1144.44,381,443
1144.48,372,453
1144.52,369,457
1144.56,364,459
1144.6,372,448
1144.64,365,448
1144.68,368,450
1144.72,364,448
1144.76,360,450
1144.8,360,450
1144.84,355,437
1144.88,365,436
1144.92,372,429
1144.96,378,425
1145.0,380,417
1145.04,387,417
1145.08,395,419
1145.12,393,421
1145.16,392,423
1145.2,391,421
1145.24,388,421
1145.28,386,420
1145.32,383,420
1145.36,382,418
1145.4,379,417
1145.44,377,417
1145.48,375,416
1145.52,374,415
1145.56,373,416
1145.6,374,417
1145.64,371,419
1145.68,373,415
1145.72,377,416
1145.76,377,417
1145.8,372,413
1145.84,377,416
1145.88,376,414
1145.92,379,417
1145.96,373,417
1146.0,375,419
1146.04,375,417
1146.08,374,417
1146.12,374,418
1146.16,374,418
1146.2,375,418
1146.24,377,418
1146.28,378,417
1146.32,377,419
1146.36,382,420
1146.4,383,419
1146.44,384,419
1146.48,388,420
1146.52,389,420
1146.56,392,422
1146.6,393,423
1146.64,394,423
1146.68,395,423
1146.72,397,424
1146.76,399,425
1146.8,398,426
1146.84,401,427
1146.88,402,428
1146.92,404,428
1146.96,404,429
1147.0,405,429
1147.04,405,429
1147.08,404,429
1147.12,404,429
1147.16,404,429
1147.2,404,429
1147.24,404,429
1147.28,404,430
1147.32,404,430
1147.36,404,430
1147.4,404,431
1147.44,403,431
1147.48,404,431
1147.52,403,432
1147.56,403,432
1147.6,403,432
1147.64,403,433
1147.68,403,434
1147.72,403,435
1147.76,403,434
1147.8,403,435
1147.84,403,435
1147.88,403,435
1147.92,403,434
1147.96,403,434
1148.0,403,434
1148.04,402,433
1148.08,402,431
1148.12,402,429
1148.16,403,427
1148.2,405,426
1148.24,407,427
1148.28,409,429
1148.32,410,432
1148.36,410,432
1148.4,410,432
1148.44,410,433
1148.48,408,432
1148.52,407,432
1148.56,405,431
1148.6,404,431
1148.64,401,429
1148.68,399,428
1148.72,398,426
1148.76,395,425
1148.8,393,424
1148.84,391,423
1148.88,389,421
1148.92,387,420
1148.96,385,419
1149.0,384,418
1149.04,384,418
1149.08,384,418
1149.12,384,419
1149.16,385,419
1149.2,385,419
1149.24,386,420
1149.28,387,420
1149.32,389,421
1149.36,391,422
1149.4,392,423
1149.44,394,424
1149.48,395,426
1149.52,398,426
1149.56,399,428
1149.6,401,429
1149.64,403,431
1149.68,405,432
1149.72,407,433
1149.76,409,435
1149.8,410,436
1149.84,412,437
1149.88,414,438
1149.92,416,439
1149.96,418,440
1150.0,419,442
1150.04,420,443
1150.08,421,444
1150.12,422,445
1150.16,424,446
1150.2,425,447
1150.24,426,448
1150.28,427,448
1150.32,427,448
1150.36,426,448
1150.4,426,448
1150.44,426,447
1150.48,425,447
1150.52,425,447
1150.56,424,446
1150.6,423,445
1150.64,421,444
1150.68,420,443
1150.72,418,442
1150.76,416,441
1150.8,415,440
1150.84,413,439
1150.88,411,437
1150.92,409,436
1150.96,407,435
1151.0,405,433
1151.04,404,432
1151.08,402,432
1151.12,400,431
1151.16,398,429
1151.2,397,429
1151.24,394,428
1151.28,392,426
1151.32,390,424
1151.36,388,423
1151.4,386,423
1151.44,385,422
1151.48,384,421
1151.52,383,421
1151.56,382,421
1151.6,382,421
1151.64,380,421
1151.68,379,420
1151.72,378,419
1151.76,378,419
1151.8,377,419
1151.84,378,419
1151.88,378,419
1151.92,378,419
1151.96,377,419
1152.0,378,419
1152.04,379,419
1152.08,379,419
1152.12,380,420
1152.16,381,419
1152.2,381,421
1152.24,382,420
1152.28,382,421
1152.32,383,421
1152.36,383,422
1152.4,383,422
1152.44,385,424
1152.48,386,424
1152.52,388,424
1152.56,389,425
1152.6,390,426
1152.64,391,426
1152.68,393,427
1152.72,394,428
1152.76,396,428
1152.8,397,429
1152.84,398,430
1152.88,399,431
1152.92,401,432
1152.96,402,432
1153.0,403,433
1153.04,404,434
1153.08,405,436
1153.12,407,437
1153.16,408,437
1153.2,409,438
1153.24,411,439
1153.28,412,439
1153.32,413,440
1153.36,414,441
1153.4,415,442
1153.44,417,442
1153.48,418,444
1153.52,418,443
1153.56,418,443
1153.6,418,443
1153.64,418,443
1153.68,418,443
1153.72,418,442
1153.76,417,442
1153.8,417,442
1153.84,416,441
1153.88,415,441
1153.92,414,440
1153.96,412,440
1154.0,411,439
1154.04,410,438
1154.08,409,437
1154.12,407,436
1154.16,406,435
1154.2,405,434
1154.24,403,433
1154.28,402,433
1154.32,400,432
1154.36,399,430
1154.4,397,430
1154.44,396,429
1154.48,394,428
1154.52,392,427
1154.56,392,426
1154.6,390,425
1154.64,389,424
1154.68,387,423
1154.72,385,421
1154.76,384,421
1154.8,383,419
1154.84,383,419
1154.88,382,419
1154.92,381,419
1154.96,381,418
1155.0,381,418
1155.04,382,419
1155.08,382,419
1155.12,382,419
1155.16,382,419
1155.2,383,420
1155.24,385,420
1155.28,386,421
1155.32,387,421
1155.36,388,422
1155.4,389,423
1155.44,390,424
1155.48,391,425
1155.52,393,425
1155.56,394,427
1155.6,395,427
1155.64,396,428
1155.68,398,429
1155.72,399,430
1155.76,401,431
1155.8,402,432
1155.84,404,433
1155.88,405,434
1155.92,407,435
1155.96,409,437
1156.0,410,437
1156.04,412,439
1156.08,413,439
1156.12,415,440
1156.16,416,441
1156.2,417,442
1156.24,418,442
1156.28,418,442
1156.32,418,442
1156.36,418,442
1156.4,418,442
1156.44,418,442
1156.48,417,442
1156.52,416,441
1156.56,415,440
1156.6,414,440
1156.64,413,439
1156.68,410,438
1156.72,410,436
1156.76,408,436
1156.8,406,434
1156.84,405,433
1156.88,402,432
1156.92,401,431
1156.96,399,429
1157.0,398,428
1157.04,396,426
1157.08,394,425
1157.12,393,424
1157.16,391,423
1157.2,390,422
1157.24,388,421
1157.28,387,420
1157.32,385,419
1157.36,384,418
1157.4,383,417
1157.44,382,417
1157.48,381,417
1157.52,381,416
1157.56,381,417
1157.6,381,417
1157.64,382,417
1157.68,382,417
1157.72,382,419
1157.76,383,419
1157.8,383,419
1157.84,385,419
1157.88,386,419
1157.92,387,420
1157.96,388,420
1158.0,390,422
1158.04,392,422
1158.08,393,424
1158.12,395,425
1158.16,397,426
1158.2,398,427
1158.24,400,428
1158.28,401,429
1158.32,403,430
1158.36,404,431
1158.4,405,431
1158.44,406,432
1158.48,407,433
1158.52,408,434
1158.56,409,434
1158.6,410,435
1158.64,410,435
1158.68,409,435
1158.72,408,435
1158.76,406,434
1158.8,403,433
1158.84,398,433
1158.88,393,433
1158.92,387,434
1158.96,377,436
1159.0,375,441
1159.04,369,445
1159.08,368,445
1159.12,365,450
1159.16,365,446
1159.2,363,448
1159.24,364,446
1159.28,365,444
1159.32,364,444
1159.36,362,442
1159.4,359,440
1159.44,356,434
1159.48,357,416
1159.52,349,419
1159.56,345,415
1159.6,341,399
1159.64,344,385
1159.68,346,373
1159.72,356,354
1159.76,361,345
1159.8,368,340
1159.84,374,337
1159.88,381,338
1159.92,389,338
1159.96,392,345
1160.0,400,353
1160.04,406,360
1160.08,406,365
1160.12,408,371
1160.16,409,376
1160.2,409,380
1160.24,408,382
1160.28,405,382
1160.32,403,383
1160.36,399,386
1160.4,395,395
1160.44,396,397
1160.48,389,414
1160.52,388,420
1160.56,385,426
1160.6,381,430
1160.64,383,433
1160.68,380,426
1160.72,382,437
1160.76,382,438
1160.8,378,437
1160.84,374,425
1160.88,374,425
1160.92,374,425
1160.96,374,425
1161.0,374,425
1161.04,379,424
1161.08,374,435
1161.12,373,433
1161.16,372,431
1161.2,371,430
1161.24,371,430
1161.28,371,430
1161.32,371,430
1161.36,371,430
1161.4,371,430
1161.44,371,430
1161.48,371,430
1161.52,371,430
1161.56,371,430
1161.6,371,430
1161.64,371,430
1161.68,371,430
1161.72,386,414
1161.76,386,414
1161.8,386,414
1161.84,388,430
1161.88,388,430
1161.92,386,431
1161.96,386,431
1162.0,381,434
1162.04,380,437
1162.08,373,438
1162.12,368,439
1162.16,363,440
1162.2,363,440
1162.24,353,435
1162.28,353,435
1162.32,353,435
1162.36,349,409
1162.4,354,385
1162.44,358,388
1162.48,365,378
1162.52,372,374
1162.56,379,373
1162.6,389,373
1162.64,395,376
1162.68,400,376
1162.72,405,383
1162.76,407,387
1162.8,409,391
1162.84,410,393
1162.88,409,394
1162.92,406,395
1162.96,403,396
1163.0,400,397
1163.04,396,400
1163.08,389,409
1163.12,383,417
1163.16,377,413
1163.2,375,419
1163.24,374,425
1163.28,374,428
1163.32,374,430
1163.36,374,431
1163.4,374,432
1163.44,375,432
1163.48,375,431
1163.52,375,428
1163.56,371,435
1163.6,372,435
1163.64,371,411
1163.68,373,433
1163.72,378,422
1163.76,373,411
1163.8,373,411
1163.84,373,411
1163.88,373,411
1163.92,373,411
1163.96,373,411
1164.0,386,439
1164.04,386,443
1164.08,386,443
1164.12,386,443
1164.16,386,443
1164.2,386,443
1164.24,386,443
1164.28,386,443
1164.32,386,443
1164.36,386,443
1164.4,386,443
1164.44,386,443
1164.48,386,443
1164.52,386,443
1164.56,386,443
1164.6,386,443
1164.64,386,443
1164.68,386,443
1164.72,386,443
1164.76,386,443
1164.8,386,443
1164.84,386,443
1164.88,386,443
1164.92,386,443
1164.96,386,443
1165.0,386,443
1165.04,386,443
1165.08,386,443
1165.12,386,443
1165.16,386,443
1165.2,386,443
1165.24,386,443
1165.28,382,440
1165.32,382,440
1165.36,382,440
1165.4,382,440
1165.44,386,442
1165.48,393,436
1165.52,392,438
1165.56,393,440
1165.6,394,440
1165.64,395,440
1165.68,394,440
1165.72,395,439
1165.76,402,444
1165.8,404,444
1165.84,404,445
1165.88,406,447
1165.92,411,444
1165.96,410,449
1166.0,414,443
1166.04,415,445
1166.08,415,446
1166.12,415,445
1166.16,414,445
1166.2,414,445
1166.24,414,446
1166.28,413,445
1166.32,412,445
1166.36,411,445
1166.4,408,445
1166.44,407,444
1166.48,405,443
1166.52,403,443
1166.56,402,444
1166.6,397,440
1166.64,396,437
1166.68,393,437
1166.72,392,436
1166.76,391,434
1166.8,384,431
1166.84,384,430
1166.88,382,431
1166.92,382,423
1166.96,374,424
1167.0,377,424
1167.04,375,422
1167.08,373,422
1167.12,372,420
1167.16,366,412
1167.2,368,410
1167.24,368,410
1167.28,368,410
1167.32,368,410
1167.36,365,410
1167.4,371,412
1167.44,372,413
1167.48,373,414
1167.52,375,416
1167.56,377,419
1167.6,377,418
1167.64,377,419
1167.68,380,419
1167.72,386,422
1167.76,385,422
1167.8,386,424
1167.84,387,424
1167.88,389,426
1167.92,392,428
1167.96,393,429
1168.0,398,431
1168.04,400,433
1168.08,402,435
1168.12,404,436
1168.16,407,438
1168.2,407,438
1168.24,409,439
1168.28,412,441
1168.32,414,444
1168.36,414,447
1168.4,413,452
1168.44,412,451
1168.48,413,453
1168.52,413,452
1168.56,412,451
1168.6,414,445
1168.64,414,444
1168.68,412,444
1168.72,410,444
1168.76,408,441
1168.8,406,439
1168.84,404,438
1168.88,402,436
1168.92,399,435
1168.96,396,434
1169.0,394,433
1169.04,391,431
1169.08,386,432
1169.12,385,431
1169.16,382,430
1169.2,381,429
1169.24,381,420
1169.28,379,419
1169.32,376,417
1169.36,375,423
1169.4,374,422
1169.44,374,421
1169.48,371,421
1169.52,367,418
1169.56,370,411
1169.6,370,412
1169.64,367,411
1169.68,369,412
1169.72,369,420
1169.76,367,412
1169.8,379,416
1169.84,381,418
1169.88,378,417
1169.92,378,418
1169.96,382,419
1170.0,383,420
1170.04,383,421
1170.08,389,426
1170.12,391,437
1170.16,386,436
1170.2,390,438
1170.24,400,432
1170.28,401,434
1170.32,403,436
1170.36,406,437
1170.4,408,439
1170.44,410,441
1170.48,413,442
1170.52,415,443
1170.56,416,444
1170.6,416,444
1170.64,416,443
1170.68,416,443
1170.72,416,443
1170.76,415,442
1170.8,414,441
1170.84,406,447
1170.88,411,441
1170.92,408,439
1170.96,407,437
1171.0,404,436
1171.04,400,434
1171.08,396,440
1171.12,393,439
1171.16,391,428
1171.2,388,426
1171.24,381,432
1171.28,379,430
1171.32,383,428
1171.36,378,420
1171.4,373,426
1171.44,376,418
1171.48,371,415
1171.52,373,416
1171.56,368,414
1171.6,365,413
1171.64,366,412
1171.68,368,412
1171.72,367,412
1171.76,368,411
1171.8,368,413
1171.84,372,413
1171.88,373,415
1171.92,376,416
1171.96,374,416
1172.0,377,418
1172.04,378,418
1172.08,381,419
1172.12,382,420
1172.16,385,422
1172.2,387,423
1172.24,390,425
1172.28,391,426
1172.32,394,428
1172.36,397,431
1172.4,398,432
1172.44,401,433
1172.48,405,436
1172.52,407,437
1172.56,409,437
1172.6,411,439
1172.64,413,441
1172.68,414,441
1172.72,415,441
1172.76,415,441
1172.8,415,441
1172.84,413,440
1172.88,414,440
1172.92,414,440
1172.96,411,438
1173.0,409,437
1173.04,408,437
1173.08,405,434
1173.12,401,433
1173.16,398,430
1173.2,396,430
1173.24,393,428
1173.28,388,425
1173.32,385,424
1173.36,384,424
1173.4,380,421
1173.44,377,420
1173.48,374,418
1173.52,372,417
1173.56,372,416
1173.6,375,415
1173.64,375,415
1173.68,358,429
1173.72,357,430
1173.76,366,424
1173.8,363,432
1173.84,372,424
1173.88,369,433
1173.92,371,433
1173.96,366,432
1174.0,366,434
1174.04,369,424
1174.08,369,424
1174.12,349,434
1174.16,344,434
1174.2,344,434
1174.24,344,434
1174.28,344,434
1174.32,344,434
1174.36,326,399
1174.4,326,389
1174.44,332,375
1174.48,335,365
1174.52,345,348
1174.56,355,344
1174.6,363,344
1174.64,376,346
1174.68,388,350
1174.72,394,357
1174.76,399,364
1174.8,407,375
1174.84,414,383
1174.88,416,389
1174.92,415,391
1174.96,413,393
1175.0,410,394
1175.04,407,394
1175.08,404,395
1175.12,402,395
1175.16,395,395
1175.2,390,400
1175.24,390,400
1175.28,386,399
1175.32,386,400
1175.36,381,398
1175.4,380,398
1175.44,381,396
1175.48,381,394
1175.52,379,394
1175.56,379,395
1175.6,380,400
1175.64,374,400
1175.68,374,404
1175.72,370,400
1175.76,373,415
1175.8,369,421
1175.84,371,427
1175.88,371,427
1175.92,371,427
1175.96,371,427
1176.0,371,427
1176.04,371,427
1176.08,371,427
1176.12,372,403
1176.16,357,396
1176.2,357,394
1176.24,357,394
1176.28,357,394
1176.32,369,398
1176.36,370,397
1176.4,368,407
1176.44,368,407
1176.48,368,407
1176.52,362,418
1176.56,362,418
1176.6,362,418
1176.64,358,420
1176.68,356,420
1176.72,356,420
1176.76,365,413
1176.8,366,407
1176.84,366,407
1176.88,366,407
1176.92,366,407
1176.96,366,407
1177.0,366,407
1177.04,361,418
1177.08,365,425
1177.12,368,430
1177.16,371,417
1177.2,372,421
1177.24,370,433
1177.28,372,425
1177.32,370,425
1177.36,373,427
1177.4,373,427
1177.44,373,440
1177.48,376,432
1177.52,375,430
1177.56,375,431
1177.6,368,449
1177.64,369,450
1177.68,369,438
1177.72,371,439
1177.76,369,449
1177.8,369,449
1177.84,369,449
1177.88,369,450
1177.92,369,450
1177.96,370,440
1178.0,370,439
1178.04,370,439
1178.08,369,439
1178.12,369,449
1178.16,369,449
1178.2,370,448
1178.24,369,449
1178.28,369,449
1178.32,368,449
1178.36,367,449
1178.4,368,449
1178.44,369,450
1178.48,369,449
1178.52,369,449
1178.56,367,449
1178.6,369,438
1178.64,370,439
1178.68,368,449
1178.72,369,448
1178.76,369,448
1178.8,368,448
1178.84,368,450
1178.88,368,450
1178.92,368,449
1178.96,368,449
1179.0,368,449
1179.04,368,449
1179.08,368,444
1179.12,375,431
1179.16,377,429
1179.2,383,429
1179.24,387,431
1179.28,393,434
1179.32,395,437
1179.36,395,439
1179.4,394,437
1179.44,393,436
1179.48,392,435
1179.52,390,434
1179.56,388,433
1179.6,386,431
1179.64,383,430
1179.68,381,428
1179.72,379,426
1179.76,376,425
1179.8,374,424
1179.84,372,422
1179.88,372,420
1179.92,370,420
1179.96,369,419
1180.0,368,420
1180.04,368,420
1180.08,369,420
1180.12,370,421
1180.16,371,422
1180.2,372,423
1180.24,375,424
1180.28,377,425
1180.32,379,427
1180.36,380,428
1180.4,383,429
1180.44,386,430
1180.48,388,432
1180.52,392,432
1180.56,394,435
1180.6,397,436
1180.64,399,438
1180.68,402,440
1180.72,404,442
1180.76,407,443
1180.8,409,444
1180.84,411,445
1180.88,413,447
1180.92,415,448
1180.96,417,450
1181.0,418,450
1181.04,419,451
1181.08,419,451
1181.12,419,451
1181.16,419,451
1181.2,418,451
1181.24,418,450
1181.28,416,449
1181.32,415,448
1181.36,413,447
1181.4,410,445
1181.44,407,444
1181.48,404,442
1181.52,401,440
1181.56,397,438
1181.6,394,436
1181.64,390,434
1181.68,387,432
1181.72,384,429
1181.76,380,428
1181.8,377,426
1181.84,375,424
1181.88,373,422
1181.92,371,424
1181.96,369,423
1182.0,365,418
1182.04,363,418
1182.08,360,419
1182.12,361,418
1182.16,361,419
1182.2,362,419
1182.24,367,430
1182.28,369,431
1182.32,367,422
1182.36,370,433
1182.4,371,426
1182.44,379,429
1182.48,378,431
1182.52,382,434
1182.56,388,432
1182.6,388,435
1182.64,392,436
1182.68,395,436
1182.72,397,439
1182.76,401,440
1182.8,405,444
1182.84,408,447
1182.88,412,448
1182.92,414,450
1182.96,416,452
1183.0,419,453
1183.04,420,454
1183.08,421,454
1183.12,421,455
1183.16,419,455
1183.2,419,454
1183.24,419,453
1183.28,418,453
1183.32,416,451
1183.36,413,451
1183.4,410,448
1183.44,408,446
1183.48,404,445
1183.52,402,443
1183.56,398,441
1183.6,394,438
1183.64,391,436
1183.68,388,434
1183.72,385,432
1183.76,381,430
1183.8,378,428
1183.84,375,426
1183.88,372,424
1183.92,370,424
1183.96,368,423
1184.0,363,417
1184.04,361,415
1184.08,360,415
1184.12,360,415
1184.16,359,426
1184.2,362,426
1184.24,365,422
1184.28,366,425
1184.32,367,429
1184.36,369,432
1184.4,371,432
1184.44,374,434
1184.48,376,438
1184.52,377,439
1184.56,385,439
1184.6,384,432
1184.64,388,436
1184.68,393,438
1184.72,399,441
1184.76,403,443
1184.8,405,444
1184.84,407,446
1184.88,410,447
1184.92,412,449
1184.96,414,450
1185.0,416,451
1185.04,417,452
1185.08,419,452
1185.12,420,453
1185.16,420,453
1185.2,419,453
1185.24,419,453
1185.28,418,452
1185.32,417,451
1185.36,415,451
1185.4,414,450
1185.44,411,448
1185.48,408,447
1185.52,406,445
1185.56,403,445
1185.6,400,441
1185.64,397,439
1185.68,394,437
1185.72,391,435
1185.76,389,433
1185.8,386,431
1185.84,383,430
1185.88,380,428
1185.92,379,427
1185.96,377,426
1186.0,375,425
1186.04,374,424
1186.08,372,424
1186.12,371,425
1186.16,371,424
1186.2,371,424
1186.24,371,424
1186.28,370,424
1186.32,370,424
1186.36,370,424
1186.4,371,424
1186.44,370,424
1186.48,371,424
1186.52,372,424
1186.56,372,424
1186.6,372,424
1186.64,373,424
1186.68,373,425
1186.72,373,425
1186.76,374,426
1186.8,375,426
1186.84,375,426
1186.88,376,426
1186.92,376,426
1186.96,377,427
1187.0,378,427
1187.04,379,428
1187.08,380,428
1187.12,381,429
1187.16,382,429
1187.2,383,430
1187.24,384,430
1187.28,384,431
1187.32,385,431
1187.36,386,432
1187.4,388,432
1187.44,388,433
1187.48,390,434
1187.52,391,435
1187.56,392,435
1187.6,393,436
1187.64,393,437
1187.68,394,437
1187.72,394,437
1187.76,395,437
1187.8,395,437
1187.84,397,438
1187.88,396,438
1187.92,397,439
1187.96,397,438
1188.0,397,438
1188.04,397,438
1188.08,397,438
1188.12,397,439
1188.16,397,438
1188.2,397,438
1188.24,397,438
1188.28,396,438
1188.32,396,438
1188.36,395,438
1188.4,396,437
1188.44,394,436
1188.48,394,437
1188.52,393,436
1188.56,393,435
1188.6,393,435
1188.64,392,435
1188.68,392,435
1188.72,392,434
1188.76,392,434
1188.8,391,433
1188.84,391,433
1188.88,390,432
1188.92,390,432
1188.96,389,431
1189.0,388,430
1189.04,387,430
1189.08,387,429
1189.12,385,428
1189.16,384,428
1189.2,383,427
1189.24,381,426
1189.28,381,425
1189.32,380,424
1189.36,379,424
1189.4,378,423
1189.44,377,422
1189.48,376,422
1189.52,374,423
1189.56,374,426
1189.6,372,424
1189.64,369,420
1189.68,373,425
1189.72,372,425
1189.76,369,424
1189.8,370,426
1189.84,368,425
1189.88,369,419
1189.92,368,418
1189.96,365,417
1190.0,367,422
1190.04,366,423
1190.08,366,422
1190.12,365,422
1190.16,366,423
1190.2,367,422
1190.24,369,419
1190.28,367,416
1190.32,368,417
1190.36,369,417
1190.4,370,419
1190.44,373,420
1190.48,375,421
1190.52,374,432
1190.56,377,424
1190.6,380,426
1190.64,381,428
1190.68,384,429
1190.72,386,431
1190.76,388,435
1190.8,390,435
1190.84,392,436
1190.88,394,435
1190.92,395,436
1190.96,392,436
1191.0,398,436
1191.04,398,440
1191.08,400,441
1191.12,400,439
1191.16,400,439
1191.2,404,441
1191.24,404,441
1191.28,404,441
1191.32,403,441
1191.36,403,440
1191.4,401,437
1191.44,399,433
1191.48,395,427
1191.52,391,426
1191.56,388,424
1191.6,383,419
1191.64,385,422
1191.68,382,421
1191.72,382,422
1191.76,376,425
1191.8,376,427
1191.84,380,425
1191.88,380,425
1191.92,381,425
1191.96,378,428
1192.0,381,427
1192.04,379,428
1192.08,379,428
1192.12,381,429
1192.16,380,429
1192.2,383,429
1192.24,380,425
1192.28,379,431
1192.32,387,429
1192.36,385,429
1192.4,385,429
1192.44,385,433
1192.48,388,432
1192.52,388,433
1192.56,390,433
1192.6,391,434
1192.64,392,434
1192.68,394,434
1192.72,393,435
1192.76,395,435
1192.8,396,435
1192.84,397,436
1192.88,398,437
1192.92,398,437
1192.96,399,437
1193.0,400,438
1193.04,399,438
1193.08,401,438
1193.12,400,437
1193.16,399,437
1193.2,398,435
1193.24,397,433
1193.28,397,432
1193.32,395,431
1193.36,394,429
1193.4,393,429
1193.44,392,428
1193.48,390,427
1193.52,390,428
1193.56,389,429
1193.6,389,429
1193.64,390,430
1193.68,390,429
1193.72,389,430
1193.76,391,431
1193.8,390,431
1193.84,391,430
1193.88,392,430
1193.92,392,431
1193.96,393,431
1194.0,394,431
1194.04,395,431
1194.08,395,432
1194.12,397,432
1194.16,398,432
1194.2,399,433
1194.24,399,434
1194.28,400,433
1194.32,401,434
1194.36,401,434
1194.4,401,434
1194.44,400,433
1194.48,399,433
1194.52,398,432
1194.56,395,431
1194.6,392,431
1194.64,388,428
1194.68,384,426
1194.72,379,423
1194.76,376,420
1194.8,371,418
1194.84,368,413
1194.88,363,413
1194.92,356,422
1194.96,355,425
1195.0,354,430
1195.04,352,434
1195.08,353,438
1195.12,348,438
1195.16,356,435
1195.2,350,438
1195.24,350,438
1195.28,350,438
1195.32,350,438
1195.36,350,438
1195.4,350,438
1195.44,350,438
1195.48,350,438
1195.52,350,438
1195.56,350,438
1195.6,350,438
1195.64,336,381
1195.68,341,371
1195.72,350,364
1195.76,359,362
1195.8,360,356
1195.84,378,364
1195.88,387,368
1195.92,395,376
1195.96,400,384
1196.0,402,392
1196.04,402,395
1196.08,400,399
1196.12,397,399
1196.16,394,400
1196.2,390,404
1196.24,384,413
1196.28,386,416
1196.32,381,422
1196.36,375,426
1196.4,372,427
1196.44,369,431
1196.48,371,433
1196.52,374,426
1196.56,375,425
1196.6,377,426
1196.64,377,435
1196.68,377,424
1196.72,375,430
1196.76,369,427
1196.8,366,419
1196.84,366,419
1196.88,366,419
1196.92,362,386
1196.96,362,386
1197.0,362,386
1197.04,376,358
1197.08,386,352
1197.12,395,340
1197.16,407,340
1197.2,419,346
1197.24,426,354
1197.28,426,360
1197.32,426,369
1197.36,427,373
1197.4,413,378
1197.44,407,389
1197.48,398,401
1197.52,393,404
1197.56,384,418
1197.6,381,423
1197.64,374,423
1197.68,366,434
1197.72,365,435
1197.76,361,424
1197.8,361,432
1197.84,359,430
1197.88,358,429
1197.92,359,420
1197.96,362,425
1198.0,363,425
1198.04,365,424
1198.08,365,414
1198.12,365,414
1198.16,369,421
1198.2,371,419
1198.24,372,417
1198.28,370,409
1198.32,373,416
1198.36,369,409
1198.4,368,409
1198.44,369,408
1198.48,369,418
1198.52,369,420
1198.56,369,420
1198.6,369,420
1198.64,362,423
1198.68,361,426
1198.72,360,427
1198.76,361,429
1198.8,361,429
1198.84,361,429
1198.88,361,429
1198.92,361,429
1198.96,361,429
1199.0,361,429
1199.04,361,429
1199.08,361,429
1199.12,361,429
1199.16,361,429
1199.2,361,429
1199.24,361,429
1199.28,361,429
1199.32,361,429
1199.36,361,429
1199.4,361,429
1199.44,361,429
1199.48,361,429
1199.52,361,429
1199.56,361,429
1199.6,361,429
1199.64,371,428
1199.68,371,428
1199.72,366,429
1199.76,365,429
1199.8,362,430
1199.84,363,431
1199.88,361,433
1199.92,360,434
1199.96,360,434
1200.0,360,435
1200.04,360,435
1200.08,369,441
1200.12,373,443
1200.16,375,442
1200.2,378,441
1200.24,377,438
1200.28,378,435
1200.32,378,432
1200.36,378,432
1200.4,378,432
1200.44,378,432
1200.48,377,405
1200.52,377,405
1200.56,377,405
1200.6,377,405
1200.64,392,418
1200.68,392,418
1200.72,395,423
1200.76,395,423
1200.8,395,423
1200.84,395,423
1200.88,395,423
1200.92,395,423
1200.96,395,423
1201.0,395,423
1201.04,376,410
1201.08,376,410
1201.12,376,410
1201.16,367,424
1201.2,368,425
1201.24,368,428
1201.28,368,428
1201.32,369,429
1201.36,368,429
1201.4,368,429
1201.44,368,429
1201.48,369,429
1201.52,369,429
1201.56,369,429
1201.6,369,429
1201.64,369,429
1201.68,369,429
1201.72,369,429
1201.76,369,429
1201.8,369,429
1201.84,369,429
1201.88,369,429
1201.92,369,429
1201.96,388,423
1202.0,388,422
1202.04,387,424
1202.08,387,423
1202.12,388,423
1202.16,388,424
1202.2,389,423
1202.24,389,423
1202.28,393,423
1202.32,393,423
1202.36,385,419
1202.4,385,419
1202.44,397,425
1202.48,398,426
1202.52,398,427
1202.56,400,428
1202.6,398,429
1202.64,399,430
1202.68,399,429
1202.72,401,430
1202.76,401,431
1202.8,403,432
1202.84,403,432
1202.88,405,433
1202.92,406,434
1202.96,406,434
1203.0,407,435
1203.04,408,435
1203.08,409,436
1203.12,409,436
1203.16,410,437
1203.2,411,437
1203.24,411,438
1203.28,411,437
1203.32,410,436
1203.36,409,434
1203.4,406,432
1203.44,403,439
1203.48,397,424
1203.52,392,420
1203.56,389,436
1203.6,386,423
1203.64,384,412
1203.68,383,411
1203.72,383,411
1203.76,383,411
1203.8,383,411
1203.84,383,411
1203.88,383,411
1203.92,384,418
1203.96,384,418
1204.0,384,418
1204.04,384,418
1204.08,384,418
1204.12,384,418
1204.16,384,418
1204.2,384,418
1204.24,391,423
1204.28,391,423
1204.32,391,423
1204.36,391,423
1204.4,391,423
1204.44,391,423
1204.48,391,423
1204.52,396,425
1204.56,392,424
1204.6,394,426
1204.64,391,424
1204.68,396,430
1204.72,397,428
1204.76,400,430
1204.8,399,428
1204.84,399,428
1204.88,399,428
1204.92,401,430
1204.96,403,431
1205.0,401,431
1205.04,402,430
1205.08,404,432
1205.12,404,432
1205.16,405,433
1205.2,405,433
1205.24,404,434
1205.28,406,434
1205.32,402,441
1205.36,401,430
1205.4,399,428
1205.44,393,423
1205.48,388,419
1205.52,382,415
1205.56,379,412
1205.6,375,411
1205.64,374,411
1205.68,370,412
1205.72,370,412
1205.76,374,416
1205.8,367,415
1205.84,375,419
1205.88,379,421
1205.92,375,428
1205.96,369,426
1206.0,374,418
1206.04,383,424
1206.08,378,419
1206.12,387,420
1206.16,374,418
1206.2,381,421
1206.24,383,421
1206.28,384,420
1206.32,386,422
1206.36,389,422
1206.4,390,424
1206.44,391,424
1206.48,392,425
1206.52,393,427
1206.56,394,435
1206.6,393,435
1206.64,395,435
1206.68,396,437
1206.72,396,436
1206.76,396,437
1206.8,398,437
1206.84,398,438
1206.88,398,438
1206.92,397,438
1206.96,399,430
1207.0,398,430
1207.04,398,439
1207.08,398,430
1207.12,398,440
1207.16,398,431
1207.2,398,431
1207.24,393,438
1207.28,392,438
1207.32,392,438
1207.36,393,438
1207.4,398,431
1207.44,396,439
1207.48,395,439
1207.52,398,436
1207.56,396,439
1207.6,396,439
1207.64,398,431
1207.68,395,439
1207.72,395,438
1207.76,395,438
1207.8,399,434
1207.84,400,436
1207.88,402,440
1207.92,405,440
1207.96,411,434
1208.0,413,437
1208.04,414,436
1208.08,412,431
1208.12,408,439
1208.16,403,437
1208.2,406,428
1208.24,405,427
1208.28,399,424
1208.32,396,425
1208.36,403,434
1208.4,405,431
1208.44,397,428
1208.48,400,439
1208.52,401,440
1208.56,403,438
1208.6,402,425
1208.64,402,423
1208.68,399,426
1208.72,397,423
1208.76,397,422
1208.8,395,421
1208.84,394,424
1208.88,393,427
1208.92,391,422
1208.96,393,422
1209.0,388,422
1209.04,389,422
1209.08,389,422
1209.12,388,422
1209.16,392,423
1209.2,391,424
1209.24,390,423
1209.28,391,424
1209.32,392,424
1209.36,394,425
1209.4,395,425
1209.44,394,425
1209.48,396,426
1209.52,397,426
1209.56,398,427
1209.6,400,426
1209.64,399,426
1209.68,404,434
1209.72,402,428
1209.76,405,435
1209.8,407,435
1209.84,407,436
1209.88,407,433
1209.92,409,436
1209.96,409,435
1210.0,410,435
1210.04,410,436
1210.08,411,436
1210.12,412,437
1210.16,413,437
1210.2,412,437
1210.24,413,436
1210.28,412,435
1210.32,410,432
1210.36,407,431
1210.4,404,428
1210.44,399,425
1210.48,394,423
1210.52,391,421
1210.56,390,422
1210.6,386,427
1210.64,382,419
1210.68,385,428
1210.72,384,429
1210.76,384,430
1210.8,384,431
1210.84,385,430
1210.88,385,430
1210.92,385,430
1210.96,385,430
1211.0,384,431
1211.04,384,431
1211.08,384,431
1211.12,384,431
1211.16,385,431
1211.2,390,424
1211.24,386,431
1211.28,386,432
1211.32,387,433
1211.36,387,433
1211.4,390,424
1211.44,388,434
1211.48,389,434
1211.52,389,434
1211.56,391,427
1211.6,392,427
1211.64,391,435
1211.68,392,428
1211.72,393,428
1211.76,394,429
1211.8,396,428
1211.84,395,431
1211.88,395,430
1211.92,397,430
1211.96,398,431
1212.0,398,431
1212.04,399,432
1212.08,399,432
1212.12,401,434
1212.16,400,432
1212.2,400,432
1212.24,400,432
1212.28,402,434
1212.32,402,434
1212.36,402,433
1212.4,402,434
1212.44,401,433
1212.48,400,433
1212.52,398,432
1212.56,395,431
1212.6,395,431
1212.64,392,428
1212.68,390,428
1212.72,390,428
1212.76,389,428
1212.8,388,428
1212.84,387,430
1212.88,386,430
1212.92,386,430
1212.96,385,430
1213.0,386,431
1213.04,386,432
1213.08,386,434
1213.12,384,435
1213.16,387,439
1213.2,384,437
1213.24,385,437
1213.28,383,435
1213.32,384,433
1213.36,381,418
1213.4,380,424
1213.44,381,412
1213.48,372,419
1213.52,378,429
1213.56,369,413
1213.6,369,413
1213.64,369,413
1213.68,369,413
1213.72,369,413
1213.76,369,413
1213.8,369,413
1213.84,369,413
1213.88,369,413
1213.92,369,413
1213.96,369,413
1214.0,369,413
1214.04,369,413
1214.08,369,413
1214.12,369,413
1214.16,369,413
1214.2,369,413
1214.24,369,413
1214.28,369,413
1214.32,369,413
1214.36,369,413
1214.4,369,413
1214.44,369,413
1214.48,369,413
1214.52,369,413
1214.56,369,413
1214.6,369,413
1214.64,369,413
1214.68,369,413
1214.72,369,413
1214.76,369,413
1214.8,369,413
1214.84,381,423
1214.88,381,423
1214.92,381,423
1214.96,381,423
1215.0,381,423
1215.04,381,423
1215.08,381,423
1215.12,381,423
1215.16,381,423
1215.2,381,423
1215.24,381,423
1215.28,381,423
1215.32,381,423
1215.36,381,423
1215.4,381,423
1215.44,381,423
1215.48,381,423
1215.52,381,423
1215.56,381,423
1215.6,381,423
1215.64,381,423
1215.68,381,423
1215.72,381,423
1215.76,381,423
1215.8,381,423
1215.84,381,423
1215.88,381,423
1215.92,381,423
1215.96,381,423
1216.0,381,423
1216.04,381,423
1216.08,381,423
1216.12,392,419
1216.16,394,421
1216.2,393,420
1216.24,394,421
1216.28,396,425
1216.32,396,425
1216.36,395,423
1216.4,395,423
1216.44,393,429
1216.48,398,424
1216.52,399,426
1216.56,400,425
1216.6,400,426
1216.64,400,429
1216.68,401,427
1216.72,401,428
1216.76,401,430
1216.8,394,422
1216.84,402,429
1216.88,402,430
1216.92,394,432
1216.96,397,425
1217.0,405,429
1217.04,405,429
1217.08,405,429
1217.12,405,429
1217.16,405,429
1217.2,398,424
1217.24,397,424
1217.28,402,436
1217.32,401,435
1217.36,400,436
1217.4,403,427
1217.44,398,425
1217.48,398,425
1217.52,403,428
1217.56,405,437
1217.6,405,437
1217.64,403,427
1217.68,404,435
1217.72,401,427
1217.76,398,429
1217.8,395,429
1217.84,394,427
1217.88,391,426
1217.92,389,425
1217.96,387,424
1218.0,386,423
1218.04,385,424
1218.08,386,426
1218.12,386,424
1218.16,386,426
1218.2,387,427
1218.24,387,427
1218.28,387,427
1218.32,387,427
1218.36,386,429
1218.4,386,430
1218.44,388,427
1218.48,389,427
1218.52,390,429
1218.56,388,426
1218.6,391,428
1218.64,392,430
1218.68,391,429
1218.72,392,431
1218.76,393,432
1218.8,394,433
1218.84,393,432
1218.88,394,433
1218.92,395,433
1218.96,395,432
1219.0,395,433
1219.04,396,433
1219.08,397,433
1219.12,396,434
1219.16,396,433
1219.2,397,433
1219.24,398,434
1219.28,398,435
1219.32,399,435
1219.36,400,436
1219.4,400,435
1219.44,401,434
1219.48,401,436
1219.52,403,434
1219.56,403,440
1219.6,403,441
1219.64,404,441
1219.68,404,441
1219.72,405,442
1219.76,407,435
1219.8,407,435
1219.84,408,436
1219.88,408,436
1219.92,409,436
1219.96,409,436
1220.0,410,436
1220.04,411,436
1220.08,411,436
1220.12,411,435
1220.16,411,434
1220.2,411,435
1220.24,409,434
1220.28,408,430
1220.32,404,426
1220.36,401,424
1220.4,397,421
1220.44,393,421
1220.48,383,416
1220.52,384,425
1220.56,383,426
1220.6,386,430
1220.64,385,422
1220.68,384,424
1220.72,379,420
1220.76,379,420
1220.8,379,421
1220.84,379,421
1220.88,381,421
1220.92,385,429
1220.96,392,430
1221.0,392,430
1221.04,384,433
1221.08,387,439
1221.12,389,440
1221.16,394,436
1221.2,392,432
1221.24,392,432
1221.28,392,433
1221.32,394,443
1221.36,398,437
1221.4,399,436
1221.44,392,433
1221.48,399,437
1221.52,399,435
1221.56,395,431
1221.6,399,436
1221.64,401,437
1221.68,399,436
1221.72,399,436
1221.76,405,429
1221.8,405,430
1221.84,405,429
1221.88,404,429
1221.92,402,429
1221.96,400,427
1222.0,400,425
1222.04,395,421
1222.08,393,419
1222.12,390,417
1222.16,387,415
1222.2,387,413
1222.24,384,411
1222.28,382,409
1222.32,378,407
1222.36,375,406
1222.4,376,406
1222.44,379,407
1222.48,386,409
1222.52,384,410
1222.56,376,410
1222.6,377,409
1222.64,382,413
1222.68,383,413
1222.72,383,415
1222.76,388,419
1222.8,388,419
1222.84,388,419
1222.88,388,419
1222.92,393,436
1222.96,395,431
1223.0,389,427
1223.04,397,430
1223.08,391,428
1223.12,392,429
1223.16,399,433
1223.2,395,430
1223.24,399,433
1223.28,400,433
1223.32,400,434
1223.36,401,435
1223.4,402,434
1223.44,401,435
1223.48,404,436
1223.52,403,435
1223.56,409,433
1223.6,403,436
1223.64,407,437
1223.68,407,437
1223.72,407,438
1223.76,408,438
1223.8,407,439
1223.84,407,438
1223.88,407,439
1223.92,411,431
1223.96,411,430
1224.0,410,430
1224.04,410,430
1224.08,408,439
1224.12,408,439
1224.16,406,437
1224.2,408,429
1224.24,408,429
1224.28,407,428
1224.32,406,427
1224.36,405,426
1224.4,405,426
1224.44,405,425
1224.48,403,424
1224.52,403,422
1224.56,403,421
1224.6,402,420
1224.64,401,419
1224.68,402,420
1224.72,401,420
1224.76,398,420
1224.8,398,420
1224.84,397,421
1224.88,398,423
1224.92,400,425
1224.96,393,432
1225.0,390,429
1225.04,387,424
1225.08,387,424
1225.12,387,424
1225.16,387,424
1225.2,387,424
1225.24,382,428
1225.28,382,428
1225.32,382,428
1225.36,382,428
1225.4,382,428
1225.44,382,428
1225.48,382,428
1225.52,382,428
1225.56,388,440
1225.6,388,440
1225.64,383,440
1225.68,383,439
1225.72,382,440
1225.76,384,441
1225.8,383,431
1225.84,379,442
1225.88,381,443
1225.92,378,440
1225.96,376,438
1226.0,377,436
1226.04,377,436
1226.08,377,436
1226.12,377,436
1226.16,377,436
1226.2,377,436
1226.24,377,436
1226.28,377,436
1226.32,377,436
1226.36,377,436
1226.4,377,436
1226.44,377,436
1226.48,380,414
1226.52,380,414
1226.56,380,414
1226.6,380,414
1226.64,380,414
1226.68,380,414
1226.72,380,414
1226.76,380,414
1226.8,380,414
1226.84,380,414
1226.88,380,414
1226.92,380,414
1226.96,380,414
1227.0,380,414
1227.04,380,414
1227.08,380,414
1227.12,380,414
1227.16,380,414
1227.2,380,414
1227.24,380,414
1227.28,380,414
1227.32,380,414
1227.36,380,414
1227.4,392,443
1227.44,392,443
1227.48,392,443
1227.52,392,443
1227.56,404,436
1227.6,404,440
1227.64,402,443
1227.68,406,436
1227.72,403,445
1227.76,408,438
1227.8,405,435
1227.84,408,441
1227.88,408,442
1227.92,408,442
1227.96,410,443
1228.0,411,445
1228.04,413,444
1228.08,407,439
1228.12,407,450
1228.16,414,443
1228.2,414,443
1228.24,412,442
1228.28,410,442
1228.32,407,440
1228.36,402,435
1228.4,398,432
1228.44,397,431
1228.48,395,428
1228.52,392,425
1228.56,391,425
1228.6,390,424
1228.64,390,429
1228.68,389,428
1228.72,389,431
1228.76,389,432
1228.8,389,433
1228.84,390,432
1228.88,391,432
1228.92,393,431
1228.96,392,432
1229.0,392,433
1229.04,391,429
1229.08,392,429
1229.12,393,430
1229.16,392,430
1229.2,394,433
1229.24,394,432
1229.28,394,432
1229.32,396,433
1229.36,397,433
1229.4,397,442
1229.44,397,442
1229.48,398,443
1229.52,401,435
1229.56,406,436
1229.6,397,424
1229.64,406,448
1229.68,402,425
1229.72,402,425
1229.76,410,431
1229.8,410,441
1229.84,410,434
1229.88,411,432
1229.92,411,433
1229.96,411,433
1230.0,413,435
1230.04,414,434
1230.08,414,443
1230.12,416,435
1230.16,414,443
1230.2,412,433
1230.24,410,434
1230.28,408,431
1230.32,403,428
1230.36,399,425
1230.4,398,423
1230.44,392,422
1230.48,392,422
1230.52,391,423
1230.56,391,423
1230.6,391,423
1230.64,389,438
1230.68,391,422
1230.72,389,439
1230.76,385,439
1230.8,382,439
1230.84,383,439
1230.88,385,439
1230.92,386,439
1230.96,388,440
1231.0,388,440
1231.04,388,440
1231.08,392,442
1231.12,392,443
1231.16,392,443
1231.2,393,444
1231.24,393,444
1231.28,393,444
1231.32,395,445
1231.36,397,446
1231.4,404,439
1231.44,405,440
1231.48,406,440
1231.52,405,440
1231.56,403,439
1231.6,404,440
1231.64,403,439
1231.68,402,437
1231.72,401,435
1231.76,399,431
1231.8,397,431
1231.84,396,430
1231.88,395,430
1231.92,396,430
1231.96,396,432
1232.0,396,432
1232.04,397,436
1232.08,400,436
1232.12,401,435
1232.16,401,435
1232.2,404,435
1232.24,405,438
1232.28,408,441
1232.32,410,441
1232.36,410,442
1232.4,411,434
1232.44,408,441
1232.48,406,439
1232.52,411,442
1232.56,408,440
1232.6,406,439
1232.64,405,438
1232.68,406,438
1232.72,405,440
1232.76,404,441
1232.8,404,442
1232.84,404,443
1232.88,402,437
1232.92,402,438
1232.96,402,438
1233.0,402,436
1233.04,402,442
1233.08,402,437
1233.12,401,437
1233.16,400,436
1233.2,400,435
1233.24,400,435
1233.28,399,437
1233.32,399,436
1233.36,399,441
1233.4,399,437
1233.44,398,441
1233.48,400,437
1233.52,400,439
1233.56,400,440
1233.6,399,440
1233.64,399,441
1233.68,401,441
1233.72,402,444
1233.76,402,443
1233.8,401,443
1233.84,400,442
1233.88,401,443
1233.92,400,442
1233.96,401,444
1234.0,399,444
1234.04,399,444
1234.08,399,443
1234.12,400,443
1234.16,399,442
1234.2,402,439
1234.24,400,443
1234.28,399,443
1234.32,400,443
1234.36,400,443
1234.4,400,443
1234.44,400,443
1234.48,400,444
1234.52,397,446
1234.56,397,446
1234.6,398,447
1234.64,398,447
1234.68,399,447
1234.72,398,444
1234.76,397,445
1234.8,398,443
1234.84,398,443
1234.88,399,443
1234.92,399,443
1234.96,399,439
1235.0,399,441
1235.04,398,439
1235.08,397,435
1235.12,397,432
1235.16,396,430
1235.2,398,428
1235.24,400,422
1235.28,401,423
1235.32,400,434
1235.36,402,426
1235.4,399,435
1235.44,399,435
1235.48,398,434
1235.52,399,423
1235.56,396,433
1235.6,395,422
1235.64,396,423
1235.68,396,423
1235.72,398,423
1235.76,398,424
1235.8,398,424
1235.84,399,424
1235.88,399,424
1235.92,403,426
1235.96,404,427
1236.0,402,424
1236.04,404,428
1236.08,404,428
1236.12,404,428
1236.16,404,428
1236.2,404,428
1236.24,407,444
1236.28,407,444
1236.32,407,444
1236.36,404,440
1236.4,397,436
1236.44,397,436
1236.48,397,436
1236.52,397,436
1236.56,397,436
1236.6,415,436
1236.64,416,435
1236.68,416,435
1236.72,417,435
1236.76,412,438
1236.8,419,437
1236.84,420,438
1236.88,414,440
1236.92,421,439
1236.96,422,439
1237.0,424,440
1237.04,426,441
1237.08,426,442
1237.12,427,442
1237.16,425,441
1237.2,428,442
1237.24,427,442
1237.28,427,442
1237.32,427,442
1237.36,425,452
1237.4,419,446
1237.44,419,441
1237.48,413,440
1237.52,411,435
1237.56,407,434
1237.6,406,424
1237.64,400,429
1237.68,400,425
1237.72,397,423
1237.76,397,428
1237.8,396,429
1237.84,398,434
1237.88,400,435
1237.92,400,436
1237.96,402,432
1238.0,395,432
1238.04,396,432
1238.08,403,432
1238.12,404,431
1238.16,402,431
1238.2,403,440
1238.24,405,437
1238.28,405,441
1238.32,411,437
1238.36,407,435
1238.4,407,434
1238.44,415,440
1238.48,415,439
1238.52,418,442
1238.56,412,439
1238.6,416,442
1238.64,418,443
1238.68,420,444
1238.72,419,444
1238.76,423,446
1238.8,424,444
1238.84,425,447
1238.88,425,447
1238.92,426,448
1238.96,427,448
1239.0,426,448
1239.04,423,445
1239.08,424,445
1239.12,417,440
1239.16,415,437
1239.2,408,433
1239.24,404,430
1239.28,399,428
1239.32,396,428
1239.36,396,428
1239.4,393,427
1239.44,394,428
1239.48,390,428
1239.52,391,429
1239.56,393,430
1239.6,394,428
1239.64,393,431
1239.68,396,431
1239.72,398,430
1239.76,397,434
1239.8,399,430
1239.84,395,425
1239.88,403,437
1239.92,406,432
1239.96,397,432
1240.0,403,430
1240.04,408,436
1240.08,409,432
1240.12,409,434
1240.16,412,435
1240.2,409,439
1240.24,412,435
1240.28,411,439
1240.32,412,440
1240.36,413,440
1240.4,414,439
1240.44,419,443
1240.48,416,438
1240.52,419,434
1240.56,418,432
1240.6,413,437
1240.64,417,431
1240.68,413,436
1240.72,412,424
1240.76,408,431
1240.8,409,422
1240.84,404,431
1240.88,407,423
1240.92,400,429
1240.96,411,425
1241.0,407,424
1241.04,409,427
1241.08,409,435
1241.12,409,435
1241.16,412,446
1241.2,408,435
1241.24,408,435
1241.28,408,434
1241.32,409,433
1241.36,403,431
1241.4,401,436
1241.44,403,424
1241.48,401,421
1241.52,401,415
1241.56,397,405
1241.6,395,413
1241.64,400,405
1241.68,396,405
1241.72,397,416
1241.76,399,419
1241.8,400,422
1241.84,401,422
1241.88,403,426
1241.92,402,433
1241.96,401,431
1242.0,401,431
1242.04,394,429
1242.08,394,425
1242.12,396,428
1242.16,395,424
1242.2,394,432
1242.24,395,430
1242.28,396,430
1242.32,397,433
1242.36,398,428
1242.4,398,432
1242.44,397,435
1242.48,397,434
1242.52,395,433
1242.56,396,433
1242.6,393,430
1242.64,394,429
1242.68,395,429
1242.72,395,428
1242.76,395,428
1242.8,395,430
1242.84,390,428
1242.88,395,431
1242.92,395,439
1242.96,397,432
1243.0,397,431
1243.04,397,432
1243.08,397,432
1243.12,397,432
1243.16,398,432
1243.2,399,433
1243.24,397,432
1243.28,399,433
1243.32,400,433
1243.36,400,434
1243.4,398,433
1243.44,400,433
1243.48,399,433
1243.52,399,433
1243.56,399,433
1243.6,399,433
1243.64,403,426
1243.68,404,436
1243.72,403,430
1243.76,401,438
1243.8,404,449
1243.84,404,449
1243.88,400,436
1243.92,403,447
1243.96,400,436
1244.0,403,439
1244.04,410,443
1244.08,412,439
1244.12,406,439
1244.16,412,443
1244.2,408,437
1244.24,414,445
1244.28,409,437
1244.32,409,438
1244.36,414,446
1244.4,411,437
1244.44,411,437
1244.48,412,440
1244.52,412,440
1244.56,413,440
1244.6,418,442
1244.64,417,441
1244.68,417,441
1244.72,414,445
1244.76,413,442
1244.8,416,444
1244.84,411,437
1244.88,408,434
1244.92,403,431
1244.96,403,430
1245.0,398,427
1245.04,395,427
1245.08,395,427
1245.12,393,427
1245.16,393,428
1245.2,392,430
1245.24,391,430
1245.28,394,422
1245.32,390,430
1245.36,389,430
1245.4,391,430
1245.44,393,430
1245.48,395,430
1245.52,396,429
1245.56,396,429
1245.6,401,437
1245.64,397,430
1245.68,403,436
1245.72,400,430
1245.76,404,437
1245.8,402,438
1245.84,403,438
1245.88,404,438
1245.92,406,439
1245.96,407,439
1246.0,408,439
1246.04,408,439
1246.08,409,437
1246.12,408,434
1246.16,408,428
1246.2,408,419
1246.24,410,412
1246.28,413,405
1246.32,416,400
1246.36,421,396
1246.4,422,399
1246.44,423,400
1246.48,421,403
1246.52,418,405
1246.56,412,407
1246.6,404,410
1246.64,398,414
1246.68,385,417
1246.72,376,426
1246.76,361,428
1246.8,349,426
1246.84,349,426
1246.88,330,404
1246.92,330,404
1246.96,330,404
1247.0,330,404
1247.04,330,404
1247.08,330,404
1247.12,311,381
1247.16,311,381
1247.2,316,362
1247.24,316,362
1247.28,316,362
1247.32,316,362
1247.36,316,362
1247.4,316,362
1247.44,316,362
1247.48,357,338
1247.52,369,340
1247.56,378,345
1247.6,385,356
1247.64,392,365
1247.68,395,374
1247.72,398,383
1247.76,399,388
1247.8,399,393
1247.84,396,396
1247.88,394,399
1247.92,389,403
1247.96,386,404
1248.0,381,404
1248.04,376,410
1248.08,372,408
1248.12,368,418
1248.16,368,421
1248.2,369,417
1248.24,369,425
1248.28,371,423
1248.32,373,420
1248.36,373,409
1248.4,374,407
1248.44,374,407
1248.48,374,418
1248.52,369,410
1248.56,365,419
1248.6,362,419
1248.64,363,409
1248.68,357,412
1248.72,355,423
1248.76,357,412
1248.8,358,412
1248.84,363,411
1248.88,356,421
1248.92,355,422
1248.96,352,423
1249.0,356,414
1249.04,353,426
1249.08,355,430
1249.12,356,435
1249.16,357,439
1249.2,364,432
1249.24,361,445
1249.28,362,446
1249.32,365,438
1249.36,363,447
1249.4,366,446
1249.44,365,443
1249.48,367,441
1249.52,369,439
1249.56,370,438
1249.6,371,437
1249.64,371,434
1249.68,371,433
1249.72,367,431
1249.76,370,429
1249.8,373,429
1249.84,371,433
1249.88,374,436
1249.92,377,429
1249.96,379,427
1250.0,381,436
1250.04,383,427
1250.08,383,426
1250.12,383,426
1250.16,381,424
1250.2,383,422
1250.24,381,430
1250.28,382,420
1250.32,386,422
1250.36,387,427
1250.4,386,431
1250.44,387,424
1250.48,386,424
1250.52,386,426
1250.56,381,434
1250.6,379,424
1250.64,379,423
1250.68,378,423
1250.72,380,423
1250.76,380,423
1250.8,379,432
1250.84,380,432
1250.88,380,432
1250.92,381,432
1250.96,380,432
1251.0,381,432
1251.04,382,433
1251.08,383,433
1251.12,383,433
1251.16,382,434
1251.2,383,435
1251.24,385,433
1251.28,384,434
1251.32,385,433
1251.36,385,434
1251.4,386,433
1251.44,387,435
1251.48,388,436
1251.52,388,437
1251.56,388,438
1251.6,388,438
1251.64,389,438
1251.68,390,438
1251.72,390,439
1251.76,391,439
1251.8,390,429
1251.84,390,431
1251.88,392,440
1251.92,395,436
1251.96,395,433
1252.0,397,440
1252.04,393,434
1252.08,399,438
1252.12,400,436
1252.16,399,432
1252.2,402,441
1252.24,403,441
1252.28,404,442
1252.32,405,442
1252.36,406,443
1252.4,407,443
1252.44,408,443
1252.48,408,443
1252.52,409,444
1252.56,410,444
1252.6,411,445
1252.64,411,445
1252.68,412,445
1252.72,412,445
1252.76,412,444
1252.8,411,443
1252.84,410,443
1252.88,407,442
1252.92,405,440
1252.96,401,434
1253.0,396,431
1253.04,393,429
1253.08,390,427
1253.12,387,426
1253.16,386,425
1253.2,385,425
1253.24,385,426
1253.28,385,428
1253.32,384,429
1253.36,385,429
1253.4,385,429
1253.44,386,429
1253.48,386,429
1253.52,386,429
1253.56,383,429
1253.6,387,432
1253.64,389,430
1253.68,389,430
1253.72,390,430
1253.76,391,431
1253.8,392,434
1253.84,392,435
1253.88,392,435
1253.92,392,432
1253.96,392,432
1254.0,394,432
1254.04,394,432
1254.08,395,432
1254.12,396,434
1254.16,396,434
1254.2,398,434
1254.24,398,436
1254.28,399,435
1254.32,400,435
1254.36,400,435
1254.4,401,435
1254.44,405,443
1254.48,406,443
1254.52,407,443
1254.56,407,443
1254.6,408,443
1254.64,408,444
1254.68,408,444
1254.72,409,444
1254.76,410,445
1254.8,411,445
1254.84,411,445
1254.88,411,444
1254.92,410,444
1254.96,409,443
1255.0,406,442
1255.04,404,441
1255.08,401,440
1255.12,398,440
1255.16,395,440
1255.2,393,440
1255.24,391,438
1255.28,390,442
1255.32,389,436
1255.36,388,434
1255.4,387,432
1255.44,385,436
1255.48,384,431
1255.52,384,434
1255.56,384,433
1255.6,383,433
1255.64,382,434
1255.68,379,427
1255.72,380,432
1255.76,380,431
1255.8,380,431
1255.84,380,430
1255.88,380,429
1255.92,381,425
1255.96,380,432
1256.0,381,423
1256.04,380,422
1256.08,381,423
1256.12,381,425
1256.16,381,417
1256.2,379,425
1256.24,380,424
1256.28,380,423
1256.32,379,424
1256.36,379,424
1256.4,379,423
1256.44,380,425
1256.48,379,424
1256.52,379,425
1256.56,379,425
1256.6,379,425
1256.64,373,428
1256.68,373,428
1256.72,373,428
1256.76,373,428
1256.8,373,428
1256.84,378,431
1256.88,382,428
1256.92,389,426
1256.96,387,417
1257.0,390,409
1257.04,396,417
1257.08,397,419
1257.12,401,424
1257.16,398,417
1257.2,397,414
1257.24,395,412
1257.28,393,409
1257.32,388,403
1257.36,383,397
1257.4,383,390
1257.44,383,386
1257.48,383,386
1257.52,384,401
1257.56,384,401
1257.6,387,416
1257.64,387,416
1257.68,387,416
1257.72,394,425
1257.76,391,428
1257.8,390,427
1257.84,390,427
1257.88,382,434
1257.92,378,432
1257.96,380,429
1258.0,384,423
1258.04,382,425
1258.08,382,427
1258.12,379,429
1258.16,376,429
1258.2,376,429
1258.24,382,422
1258.28,373,426
1258.32,373,426
1258.36,373,426
1258.4,373,426
1258.44,373,426
1258.48,373,426
1258.52,388,426
1258.56,390,427
1258.6,389,428
1258.64,389,428
1258.68,386,426
1258.72,387,425
1258.76,385,426
1258.8,384,421
1258.84,383,422
1258.88,381,420
1258.92,384,421
1258.96,387,421
1259.0,384,420
1259.04,383,420
1259.08,381,423
1259.12,387,423
1259.16,388,423
1259.2,387,423
1259.24,387,423
1259.28,389,423
1259.32,390,426
1259.36,390,426
1259.4,390,428
1259.44,390,426
1259.48,391,425
1259.52,388,424
1259.56,390,423
1259.6,390,424
1259.64,390,424
1259.68,391,424
1259.72,390,424
1259.76,391,424
1259.8,391,424
1259.84,392,425
1259.88,393,425
1259.92,392,425
1259.96,393,425
1260.0,393,425
1260.04,394,425
1260.08,395,426
1260.12,395,426
1260.16,395,426
1260.2,395,427
1260.24,396,427
1260.28,397,427
1260.32,397,428
1260.36,397,428
1260.4,398,429
1260.44,399,429
1260.48,399,430
1260.52,400,430
1260.56,401,430
1260.6,401,431
1260.64,402,432
1260.68,403,432
1260.72,403,432
1260.76,404,433
1260.8,405,433
1260.84,406,434
1260.88,407,434
1260.92,407,435
1260.96,408,435
1261.0,408,436
1261.04,409,436
1261.08,410,436
1261.12,410,436
1261.16,409,437
1261.2,409,436
1261.24,407,435
1261.28,404,433
1261.32,401,429
1261.36,399,426
1261.4,395,424
1261.44,393,422
1261.48,390,422
1261.52,389,422
1261.56,386,418
1261.6,387,423
1261.64,388,425
1261.68,388,426
1261.72,389,425
1261.76,389,425
1261.8,389,425
1261.84,389,425
1261.88,389,425
1261.92,389,426
1261.96,390,426
1262.0,390,426
1262.04,391,427
1262.08,392,427
1262.12,393,428
1262.16,394,427
1262.2,394,428
1262.24,395,428
1262.28,397,430
1262.32,397,430
1262.36,397,430
1262.4,398,430
1262.44,400,431
1262.48,401,432
1262.52,402,433
1262.56,403,433
1262.6,403,433
1262.64,403,433
1262.68,404,434
1262.72,405,434
1262.76,405,434
1262.8,406,434
1262.84,406,433
1262.88,406,433
1262.92,405,432
1262.96,404,431
1263.0,403,430
1263.04,399,428
1263.08,396,422
1263.12,393,419
1263.16,389,417
1263.2,384,417
1263.24,377,410
1263.28,386,429
1263.32,377,410
1263.36,385,430
1263.4,385,430
1263.44,385,430
1263.48,385,430
1263.52,386,424
1263.56,386,424
1263.6,386,424
1263.64,386,424
1263.68,386,424
1263.72,386,424
1263.76,386,424
1263.8,386,424
1263.84,399,419
1263.88,399,419
1263.92,399,419
1263.96,406,423
1264.0,401,432
1264.04,403,433
1264.08,404,433
1264.12,398,433
1264.16,403,433
1264.2,403,434
1264.24,405,434
1264.28,403,435
1264.32,404,434
1264.36,405,435
1264.4,405,435
1264.44,406,434
1264.48,404,434
1264.52,408,436
1264.56,407,435
1264.6,407,435
1264.64,406,435
1264.68,404,435
1264.72,403,435
1264.76,403,436
1264.8,404,437
1264.84,405,437
1264.88,405,436
1264.92,405,435
1264.96,397,442
1265.0,401,434
1265.04,399,434
1265.08,400,437
1265.12,399,440
1265.16,399,443
1265.2,395,453
1265.24,399,445
1265.28,395,444
1265.32,388,441
1265.36,390,443
1265.4,386,443
1265.44,386,443
1265.48,377,442
1265.52,370,441
1265.56,368,432
1265.6,368,432
1265.64,368,432
1265.68,350,434
1265.72,350,434
1265.76,350,434
1265.8,350,434
1265.84,350,434
1265.88,350,434
1265.92,350,434
1265.96,350,434
1266.0,350,434
1266.04,350,434
1266.08,350,434
1266.12,350,434
1266.16,350,434
1266.2,350,434
1266.24,350,434
1266.28,350,434
1266.32,350,434
1266.36,395,366
1266.4,399,366
1266.44,404,368
1266.48,406,373
1266.52,412,379
1266.56,413,384
1266.6,413,388
1266.64,411,391
1266.68,408,393
1266.72,404,394
1266.76,401,395
1266.8,395,400
1266.84,393,401
1266.88,392,408
1266.92,388,413
1266.96,392,423
1267.0,391,417
1267.04,398,420
1267.08,396,427
1267.12,397,416
1267.16,398,410
1267.2,399,402
1267.24,393,398
1267.28,406,390
1267.32,407,386
1267.36,411,385
1267.4,421,384
1267.44,423,389
1267.48,434,387
1267.52,438,397
1267.56,442,404
1267.6,445,413
1267.64,444,421
1267.68,443,428
1267.72,442,432
1267.76,440,436
1267.8,438,435
1267.84,435,433
1267.88,432,429
1267.92,430,422
1267.96,426,411
1268.0,423,402
1268.04,420,394
1268.08,418,386
1268.12,418,382
1268.16,419,380
1268.2,420,379
1268.24,421,378
1268.28,421,377
1268.32,420,377
1268.36,420,375
1268.4,421,373
1268.44,422,373
1268.48,422,373
1268.52,422,374
1268.56,423,376
1268.6,423,378
1268.64,423,379
1268.68,423,379
1268.72,423,379
1268.76,423,378
1268.8,423,377
1268.84,424,376
1268.88,424,376
1268.92,424,376
1268.96,423,378
1269.0,421,380
1269.04,420,384
1269.08,419,388
1269.12,416,393
1269.16,414,399
1269.2,415,407
1269.24,415,415
1269.28,415,421
1269.32,413,426
1269.36,413,429
1269.4,413,431
1269.44,412,432
1269.48,412,431
1269.52,411,432
1269.56,412,433
1269.6,411,435
1269.64,411,435
1269.68,412,436
1269.72,412,436
1269.76,414,438
1269.8,415,439
1269.84,417,439
1269.88,419,439
1269.92,421,441
1269.96,425,440
1270.0,428,440
1270.04,431,442
1270.08,434,444
1270.12,436,445
1270.16,437,446
1270.2,437,447
1270.24,437,447
1270.28,436,448
1270.32,435,448
1270.36,435,448
1270.4,434,448
1270.44,433,447
1270.48,431,447
1270.52,430,446
1270.56,428,446
1270.6,426,446
1270.64,425,445
1270.68,424,444
1270.72,423,443
1270.76,421,441
1270.8,418,440
1270.84,414,438
1270.88,410,435
1270.92,406,430
1270.96,401,426
1271.0,396,424
1271.04,396,426
1271.08,396,428
1271.12,398,428
1271.16,399,428
1271.2,406,430
1271.24,409,429
1271.28,421,431
1271.32,428,431
1271.36,435,434
1271.4,442,432
1271.44,442,429
1271.48,449,434
1271.52,452,442
1271.56,455,443
1271.6,456,446
1271.64,457,446
1271.68,454,445
1271.72,449,441
1271.76,439,438
1271.8,429,434
1271.84,420,433
1271.88,411,432
1271.92,402,430
1271.96,397,429
1272.0,392,429
1272.04,387,426
1272.08,382,424
1272.12,376,423
1272.16,371,423
1272.2,369,421
1272.24,365,425
1272.28,362,424
1272.32,362,424
1272.36,362,424
1272.4,362,424
1272.44,362,424
1272.48,362,424
1272.52,362,424
1272.56,362,424
1272.6,362,424
1272.64,362,424
1272.68,362,424
1272.72,362,424
1272.76,362,424
1272.8,362,424
1272.84,362,424
1272.88,362,424
1272.92,362,424
1272.96,362,424
1273.0,362,424
1273.04,362,424
1273.08,362,424
1273.12,362,424
1273.16,362,424
1273.2,362,424
1273.24,362,424
1273.28,362,424
1273.32,362,424
1273.36,362,424
1273.4,362,424
1273.44,362,424
1273.48,362,424
1273.52,362,424
1273.56,362,424
1273.6,362,424
1273.64,362,424
1273.68,362,424
1273.72,362,424
1273.76,394,418
1273.8,394,418
1273.84,394,418
1273.88,394,418
1273.92,394,418
1273.96,394,415
1274.0,394,415
1274.04,394,415
1274.08,394,415
1274.12,394,415
1274.16,394,415
1274.2,394,415
1274.24,394,415
1274.28,394,415
1274.32,394,415
1274.36,394,415
1274.4,394,415
1274.44,394,415
1274.48,394,415
1274.52,394,415
1274.56,394,415
1274.6,394,415
1274.64,394,415
1274.68,394,415
1274.72,394,415
1274.76,394,415
1274.8,394,415
1274.84,394,415
1274.88,394,415
1274.92,394,415
1274.96,394,415
1275.0,394,415
1275.04,394,415
1275.08,394,415
1275.12,394,415
1275.16,407,441
1275.2,407,442
1275.24,407,442
1275.28,407,442
1275.32,407,442
1275.36,407,442
1275.4,407,442
1275.44,417,435
1275.48,418,435
1275.52,413,430
1275.56,417,432
1275.6,417,432
1275.64,419,433
1275.68,419,434
1275.72,419,434
1275.76,420,434
1275.8,420,435
1275.84,420,435
1275.88,421,435
1275.92,423,437
1275.96,423,437
1276.0,424,438
1276.04,426,439
1276.08,426,440
1276.12,427,440
1276.16,428,440
1276.2,429,440
1276.24,430,441
1276.28,431,442
1276.32,431,442
1276.36,430,442
1276.4,430,442
1276.44,429,441
1276.48,427,439
1276.52,418,444
1276.56,420,435
1276.6,416,433
1276.64,413,430
1276.68,408,427
1276.72,405,426
1276.76,403,424
1276.8,398,423
1276.84,399,432
1276.88,400,426
1276.92,398,421
1276.96,397,421
1277.0,397,421
1277.04,397,421
1277.08,397,421
1277.12,397,421
1277.16,397,421
1277.2,397,421
1277.24,397,421
1277.28,404,429
1277.32,404,429
1277.36,404,429
1277.4,404,429
1277.44,407,430
1277.48,405,427
1277.52,405,428
1277.56,407,428
1277.6,408,430
1277.64,410,430
1277.68,411,432
1277.72,412,432
1277.76,414,432
1277.8,416,433
1277.84,419,435
1277.88,413,439
1277.92,418,434
1277.96,420,436
1278.0,421,437
1278.04,422,438
1278.08,424,439
1278.12,424,439
1278.16,427,441
1278.2,427,443
1278.24,428,442
1278.28,429,441
1278.32,429,441
1278.36,429,441
1278.4,429,441
1278.44,429,441
1278.48,428,442
1278.52,427,447
1278.56,424,439
1278.6,421,435
1278.64,418,432
1278.68,413,434
1278.72,409,433
1278.76,403,430
1278.8,402,430
1278.84,398,430
1278.88,396,438
1278.92,393,439
1278.96,388,430
1279.0,392,440
1279.04,392,440
1279.08,390,441
1279.12,391,441
1279.16,390,442
1279.2,393,442
1279.24,393,442
1279.28,393,442
1279.32,394,442
1279.36,394,442
1279.4,394,442
1279.44,395,442
1279.48,396,442
1279.52,397,442
1279.56,402,437
1279.6,397,443
1279.64,397,443
1279.68,404,438
1279.72,399,443
1279.76,405,434
1279.8,408,436
1279.84,407,434
1279.88,408,435
1279.92,408,434
1279.96,407,437
1280.0,408,439
1280.04,408,438
1280.08,410,435
1280.12,412,436
1280.16,412,437
1280.2,418,441
1280.24,414,437
1280.28,414,438
1280.32,413,439
1280.36,416,439
1280.4,422,439
1280.44,418,440
1280.48,416,440
1280.52,417,442
1280.56,419,446
1280.6,418,447
1280.64,417,441
1280.68,414,439
1280.72,412,439
1280.76,411,435
1280.8,406,435
1280.84,402,428
1280.88,394,426
1280.92,396,431
1280.96,394,429
1281.0,394,429
1281.04,394,429
1281.08,388,432
1281.12,387,432
1281.16,386,432
1281.2,386,432
1281.24,386,432
1281.28,386,432
1281.32,386,432
1281.36,386,432
1281.4,386,432
1281.44,386,432
1281.48,386,432
1281.52,386,432
1281.56,386,432
1281.6,386,432
1281.64,386,432
1281.68,386,432
1281.72,386,432
1281.76,386,432
1281.8,386,432
1281.84,386,432
1281.88,386,432
1281.92,390,439
1281.96,390,439
1282.0,390,439
1282.04,390,439
1282.08,393,441
1282.12,395,442
1282.16,397,442
1282.2,408,428
1282.24,407,429
1282.28,401,435
1282.32,409,429
1282.36,410,430
1282.4,410,430
1282.44,410,430
1282.48,411,430
1282.52,412,439
1282.56,413,430
1282.6,412,430
1282.64,413,431
1282.68,414,431
1282.72,414,431
1282.76,415,431
1282.8,415,431
1282.84,415,431
1282.88,416,431
1282.92,416,431
1282.96,416,431
1283.0,416,431
1283.04,416,431
1283.08,416,431
1283.12,413,431
1283.16,409,439
1283.2,408,429
1283.24,405,427
1283.28,404,427
1283.32,402,426
1283.36,401,425
1283.4,400,425
1283.44,402,424
1283.48,403,423
1283.52,404,422
1283.56,405,423
1283.6,405,422
1283.64,407,424
1283.68,407,426
1283.72,406,427
1283.76,403,435
1283.8,403,435
1283.84,402,426
1283.88,390,423
1283.92,391,418
1283.96,388,411
1284.0,381,402
1284.04,374,394
1284.08,369,386
1284.12,375,379
1284.16,375,379
1284.2,363,354
1284.24,354,349
1284.28,351,344
1284.32,353,335
1284.36,355,329
1284.4,359,321
1284.44,360,318
1284.48,360,315
1284.52,360,314
1284.56,359,312
1284.6,362,315
1284.64,363,319
1284.68,366,325
1284.72,373,328
1284.76,379,335
1284.8,379,335
1284.84,379,335
1284.88,391,370
1284.92,397,384
1284.96,394,406
1285.0,393,414
1285.04,391,419
1285.08,393,413
1285.12,391,425
1285.16,392,426
1285.2,391,429
1285.24,389,421
1285.28,389,422
1285.32,391,422
1285.36,392,423
1285.4,392,422
1285.44,391,423
1285.48,392,422
1285.52,391,421
1285.56,387,421
1285.6,385,421
1285.64,386,430
1285.68,387,430
1285.72,386,429
1285.76,386,428
1285.8,384,427
1285.84,386,428
1285.88,386,429
1285.92,386,420
1285.96,386,427
1286.0,385,426
1286.04,383,417
1286.08,386,425
1286.12,381,433
1286.16,386,417
1286.2,386,417
1286.24,379,431
1286.28,378,431
1286.32,380,430
1286.36,380,431
1286.4,383,430
1286.44,384,430
1286.48,383,430
1286.52,383,430
1286.56,383,430
1286.6,383,430
1286.64,383,430
1286.68,383,430
1286.72,383,430
1286.76,383,430
1286.8,383,430
1286.84,383,430
1286.88,383,430
1286.92,383,430
1286.96,383,430
1287.0,383,430
1287.04,383,430
1287.08,383,430
1287.12,383,430
1287.16,383,430
1287.2,383,430
1287.24,383,430
1287.28,383,430
1287.32,383,430
1287.36,383,430
1287.4,383,430
1287.44,383,430
1287.48,383,430
1287.52,383,430
1287.56,383,430
1287.6,383,430
1287.64,383,430
1287.68,400,429
1287.72,401,429
1287.76,402,428
1287.8,404,427
1287.84,404,426
1287.88,405,427
1287.92,405,429
1287.96,405,429
1288.0,406,437
1288.04,408,434
1288.08,409,431
1288.12,408,428
1288.16,410,430
1288.2,409,429
1288.24,409,429
1288.28,410,429
1288.32,410,430
1288.36,411,431
1288.4,412,431
1288.44,412,430
1288.48,410,429
1288.52,410,429
1288.56,416,431
1288.6,417,433
1288.64,418,433
1288.68,419,443
1288.72,417,432
1288.76,417,432
1288.8,414,431
1288.84,409,428
1288.88,406,425
1288.92,400,432
1288.96,401,420
1289.0,401,420
1289.04,388,434
1289.08,388,434
1289.12,388,434
1289.16,388,434
1289.2,387,434
1289.24,387,434
1289.28,385,434
1289.32,386,435
1289.36,386,435
1289.4,386,435
1289.44,383,435
1289.48,383,435
1289.52,383,435
1289.56,383,435
1289.6,383,435
1289.64,383,435
1289.68,383,435
1289.72,383,435
1289.76,383,435
1289.8,383,435
1289.84,383,435
1289.88,383,435
1289.92,383,435
1289.96,383,435
1290.0,383,435
1290.04,383,435
1290.08,383,435
1290.12,383,435
1290.16,408,426
1290.2,408,426
1290.24,403,442
1290.28,408,434
1290.32,407,435
1290.36,404,443
1290.4,408,435
1290.44,404,443
1290.48,404,434
1290.52,405,434
1290.56,413,439
1290.6,406,435
1290.64,413,439
1290.68,413,439
1290.72,413,438
1290.76,414,439
1290.8,413,439
1290.84,415,441
1290.88,414,440
1290.92,410,438
1290.96,408,435
1291.0,404,433
1291.04,403,431
1291.08,396,437
1291.12,393,436
1291.16,393,437
1291.2,393,437
1291.24,393,437
1291.28,393,437
1291.32,393,437
1291.36,393,437
1291.4,393,437
1291.44,393,437
1291.48,393,437
1291.52,393,437
1291.56,393,437
1291.6,393,437
1291.64,393,437
1291.68,393,437
1291.72,393,437
1291.76,393,437
1291.8,393,437
1291.84,393,437
1291.88,393,437
1291.92,393,437
1291.96,393,437
1292.0,394,437
1292.04,394,437
1292.08,394,437
1292.12,394,437
1292.16,394,437
1292.2,394,437
1292.24,394,437
1292.28,394,437
1292.32,394,437
1292.36,394,437
1292.4,394,437
1292.44,394,437
1292.48,394,437
1292.52,394,437
1292.56,394,437
1292.6,394,437
1292.64,394,437
1292.68,403,424
1292.72,409,426
1292.76,410,426
1292.8,405,424
1292.84,405,424
1292.88,405,424
1292.92,412,426
1292.96,406,424
1293.0,417,429
1293.04,412,429
1293.08,411,438
1293.12,403,425
1293.16,400,422
1293.2,391,419
1293.24,391,419
1293.28,388,438
1293.32,381,415
1293.36,388,436
1293.4,381,435
1293.44,380,434
1293.48,380,434
1293.52,380,434
1293.56,380,434
1293.6,380,434
1293.64,380,434
1293.68,380,434
1293.72,380,434
1293.76,380,434
1293.8,384,424
1293.84,385,426
1293.88,385,426
1293.92,385,426
1293.96,385,426
1294.0,385,426
1294.04,385,426
1294.08,385,426
1294.12,385,426
1294.16,380,417
1294.2,381,417
1294.24,389,438
1294.28,389,438
1294.32,397,421
1294.36,397,421
1294.4,397,421
1294.44,402,421
1294.48,402,421
1294.52,402,421
1294.56,400,442
1294.6,400,442
1294.64,404,434
1294.68,404,444
1294.72,407,425
1294.76,401,434
1294.8,407,425
1294.84,406,436
1294.88,402,435
1294.92,403,435
1294.96,410,426
1295.0,410,427
1295.04,410,427
1295.08,404,425
1295.12,406,428
1295.16,405,426
1295.2,406,425
1295.24,399,424
1295.28,398,421
1295.32,384,433
1295.36,387,423
1295.4,390,416
1295.44,384,415
1295.48,384,415
1295.52,380,415
1295.56,381,415
1295.6,382,416
1295.64,382,417
1295.68,379,416
1295.72,379,416
1295.76,382,418
1295.8,382,417
1295.84,382,417
1295.88,381,417
1295.92,384,417
1295.96,385,417
1296.0,385,417
1296.04,386,418
1296.08,387,418
1296.12,388,418
1296.16,389,419
1296.2,389,419
1296.24,397,431
1296.28,393,442
1296.32,393,442
1296.36,393,442
1296.4,393,442
1296.44,393,442
1296.48,393,442
1296.52,406,434
1296.56,407,435
1296.6,407,428
1296.64,407,428
1296.68,406,429
1296.72,407,429
1296.76,398,424
1296.8,402,424
1296.84,402,424
1296.88,407,426
1296.92,407,426
1296.96,399,424
1297.0,398,425
1297.04,403,428
1297.08,399,425
1297.12,402,430
1297.16,397,427
1297.2,398,427
1297.24,392,436
1297.28,388,425
1297.32,388,425
1297.36,386,426
1297.4,380,434
1297.44,377,432
1297.48,376,430
1297.52,376,430
1297.56,376,430
1297.6,376,430
1297.64,376,430
1297.68,376,430
1297.72,376,430
1297.76,376,430
1297.8,376,430
1297.84,376,430
1297.88,376,430
1297.92,376,430
1297.96,404,432
1298.0,405,432
1298.04,408,430
1298.08,412,431
1298.12,414,424
1298.16,414,425
1298.2,414,424
1298.24,415,425
1298.28,415,424
1298.32,415,431
1298.36,414,431
1298.4,410,432
1298.44,409,432
1298.48,414,432
1298.52,414,433
1298.56,411,426
1298.6,413,434
1298.64,414,434
1298.68,412,429
1298.72,411,431
1298.76,410,433
1298.8,411,433
1298.84,411,433
1298.88,413,431
1298.92,417,428
1298.96,420,425
1299.0,424,420
1299.04,429,415
1299.08,433,411
1299.12,435,406
1299.16,437,403
1299.2,438,399
1299.24,436,399
1299.28,433,402
1299.32,428,408
1299.36,417,424
1299.4,411,421
1299.44,406,430
1299.48,404,437
1299.52,401,442
1299.56,398,444
1299.6,396,444
1299.64,395,441
1299.68,394,439
1299.72,393,437
1299.76,392,434
1299.8,387,433
1299.84,392,434
1299.88,388,426
1299.92,397,417
1299.96,398,418
1300.0,397,429
1300.04,399,421
1300.08,400,433
1300.12,398,434
1300.16,399,435
1300.2,398,428
1300.24,396,438
1300.28,394,438
1300.32,391,437
1300.36,391,436
1300.4,390,425
1300.44,392,425
1300.48,384,431
1300.52,381,438
1300.56,381,438
1300.6,380,434
1300.64,380,434
1300.68,379,434
1300.72,381,434
1300.76,381,434
1300.8,381,434
1300.84,382,423
1300.88,382,423
1300.92,390,430
1300.96,390,430
1301.0,390,430
1301.04,390,430
1301.08,390,430
1301.12,390,430
1301.16,392,429
1301.2,392,429
1301.24,392,429
1301.28,392,429
1301.32,392,429
1301.36,392,429
1301.4,392,429
1301.44,392,429
1301.48,392,429
1301.52,392,429
1301.56,392,429
1301.6,392,429
1301.64,392,429
1301.68,392,429
1301.72,392,429
1301.76,392,429
1301.8,392,429
1301.84,392,429
1301.88,392,429
1301.92,392,429
1301.96,392,429
1302.0,392,429
1302.04,392,429
1302.08,397,439
1302.12,397,439
1302.16,397,439
1302.2,397,439
1302.24,401,425
1302.28,402,425
1302.32,402,425
1302.36,402,425
1302.4,404,426
1302.44,406,427
1302.48,406,427
1302.52,406,427
1302.56,407,427
1302.6,408,428
1302.64,409,429
1302.68,409,429
1302.72,411,430
1302.76,411,430
1302.8,412,430
1302.84,412,430
1302.88,411,429
1302.92,409,427
1302.96,406,425
1303.0,399,426
1303.04,397,418
1303.08,398,416
1303.12,393,424
1303.16,393,424
1303.2,389,416
1303.24,389,416
1303.28,389,416
1303.32,389,416
1303.36,389,417
1303.4,389,417
1303.44,389,417
1303.48,389,417
1303.52,378,428
1303.56,378,428
1303.6,387,435
1303.64,378,427
1303.68,380,429
1303.72,380,428
1303.76,380,428
1303.8,380,428
1303.84,396,423
1303.88,394,420
1303.92,394,420
1303.96,394,420
1304.0,393,420
1304.04,395,421
1304.08,394,420
1304.12,394,420
1304.16,402,422
1304.2,402,422
1304.24,405,424
1304.28,397,422
1304.32,404,424
1304.36,404,424
1304.4,404,424
1304.44,404,424
1304.48,404,424
1304.52,404,425
1304.56,404,425
1304.6,404,425
1304.64,399,423
1304.68,401,423
1304.72,399,421
1304.76,401,419
1304.8,390,415
1304.84,386,414
1304.88,387,421
1304.92,381,409
1304.96,381,409
1305.0,381,409
1305.04,381,409
1305.08,381,409
1305.12,381,409
1305.16,381,409
1305.2,381,409
1305.24,387,416
1305.28,387,416
1305.32,387,416
1305.36,387,416
1305.4,387,416
1305.44,386,419
1305.48,386,419
1305.52,386,419
1305.56,386,419
1305.6,386,419
1305.64,386,419
1305.68,386,419
1305.72,386,419
1305.76,386,419
1305.8,386,419
1305.84,386,419
1305.88,386,419
1305.92,386,419
1305.96,386,419
1306.0,386,419
1306.04,386,419
1306.08,386,419
1306.12,386,419
1306.16,386,419
1306.2,386,419
1306.24,386,419
1306.28,386,419
1306.32,386,419
1306.36,386,419
1306.4,386,419
1306.44,386,419
1306.48,386,419
1306.52,386,419
1306.56,386,419
1306.6,386,419
1306.64,386,419
1306.68,407,429
1306.72,407,429
1306.76,408,430
1306.8,408,429
1306.84,408,430
1306.88,408,430
1306.92,408,430
1306.96,408,430
1307.0,409,430
1307.04,408,430
1307.08,406,440
1307.12,408,431
1307.16,408,431
1307.2,408,431
1307.24,409,431
1307.28,409,431
1307.32,409,432
1307.36,408,431
1307.4,409,431
1307.44,409,431
1307.48,409,431
1307.52,404,439
1307.56,406,440
1307.6,405,430
1307.64,401,431
1307.68,404,430
1307.72,404,430
1307.76,403,430
1307.8,403,430
1307.84,404,439
1307.88,403,430
1307.92,402,429
1307.96,400,428
1308.0,398,427
1308.04,398,424
1308.08,397,422
1308.12,382,415
1308.16,382,415
1308.2,382,415
1308.24,382,415
1308.28,382,415
1308.32,385,434
1308.36,385,434
1308.4,385,434
1308.44,384,433
1308.48,385,434
1308.52,385,434
1308.56,385,434
1308.6,385,434
1308.64,387,436
1308.68,388,438
1308.72,390,441
1308.76,394,442
1308.8,395,444
1308.84,395,444
1308.88,395,444
1308.92,395,444
1308.96,395,444
1309.0,395,444
1309.04,395,444
1309.08,410,444
1309.12,418,446
1309.16,416,444
1309.2,418,444
1309.24,421,434
1309.28,417,442
1309.32,419,442
1309.36,413,438
1309.4,418,446
1309.44,419,436
1309.48,418,448
1309.52,416,450
1309.56,416,450
1309.6,417,446
1309.64,416,446
1309.68,416,446
1309.72,415,450
1309.76,415,446
1309.8,414,447
1309.84,413,446
1309.88,410,443
1309.92,407,440
1309.96,401,432
1310.0,394,436
1310.04,392,433
1310.08,389,432
1310.12,389,419
1310.16,386,417
1310.2,387,414
1310.24,391,416
1310.28,389,418
1310.32,386,419
1310.36,386,419
1310.4,389,420
1310.44,386,419
1310.48,386,419
1310.52,387,419
1310.56,387,419
1310.6,387,419
1310.64,387,419
1310.68,386,419
1310.72,385,419
1310.76,385,419
1310.8,385,419
1310.84,385,419
1310.88,384,419
1310.92,384,419
1310.96,384,418
1311.0,384,418
1311.04,384,418
1311.08,384,418
1311.12,384,418
1311.16,384,418
1311.2,384,418
1311.24,384,418
1311.28,384,418
1311.32,384,418
1311.36,384,418
1311.4,384,418
1311.44,384,418
1311.48,384,418
1311.52,384,418
1311.56,384,418
1311.6,384,418
1311.64,384,418
1311.68,384,418
1311.72,384,418
1311.76,384,418
1311.8,384,418
1311.84,384,418
1311.88,384,418
1311.92,384,418
1311.96,384,418
1312.0,384,418
1312.04,393,431
1312.08,393,431
1312.12,393,431
1312.16,393,431
1312.2,393,431
1312.24,393,431
1312.28,393,431
1312.32,393,431
1312.36,393,431
1312.4,393,431
1312.44,393,431
1312.48,393,431
1312.52,402,422
1312.56,402,423
1312.6,401,423
1312.64,401,423
1312.68,401,423
1312.72,405,423
1312.76,405,424
1312.8,404,424
1312.84,405,424
1312.88,405,424
1312.92,406,424
1312.96,408,426
1313.0,409,427
1313.04,408,426
1313.08,410,427
1313.12,413,438
1313.16,414,438
1313.2,411,437
1313.24,411,427
1313.28,405,424
1313.32,400,422
1313.36,397,420
1313.4,393,418
1313.44,388,416
1313.48,390,417
1313.52,390,417
1313.56,388,435
1313.6,383,435
1313.64,383,435
1313.68,383,435
1313.72,383,435
1313.76,383,435
1313.8,383,435
1313.84,383,435
1313.88,383,435
1313.92,383,435
1313.96,383,435
1314.0,383,435
1314.04,383,435
1314.08,383,435
1314.12,383,435
1314.16,397,419
1314.2,398,419
1314.24,399,420
1314.28,401,421
1314.32,401,421
1314.36,401,421
1314.4,400,421
1314.44,403,421
1314.48,404,423
1314.52,406,425
1314.56,400,431
1314.6,408,427
1314.64,409,427
1314.68,408,427
1314.72,410,427
1314.76,409,427
1314.8,407,426
1314.84,406,425
1314.88,407,425
1314.92,407,425
1314.96,408,425
1315.0,414,427
1315.04,412,427
1315.08,417,430
1315.12,410,428
1315.16,408,427
1315.2,401,434
1315.24,402,423
1315.28,398,420
1315.32,398,429
1315.36,393,416
1315.4,392,414
1315.44,389,414
1315.48,388,413
1315.52,388,413
1315.56,387,413
1315.6,385,413
1315.64,386,413
1315.68,385,413
1315.72,385,413
1315.76,391,416
1315.8,389,414
1315.84,391,415
1315.88,390,415
1315.92,390,415
1315.96,390,415
1316.0,390,415
1316.04,393,417
1316.08,398,418
1316.12,398,418
1316.16,398,418
1316.2,395,420
1316.24,402,424
1316.28,402,424
1316.32,402,424
1316.36,404,420
1316.4,402,420
1316.44,400,419
1316.48,400,420
1316.52,401,420
1316.56,401,431
1316.6,403,421
1316.64,404,422
1316.68,402,421
1316.72,402,421
1316.76,405,422
1316.8,409,423
1316.84,409,423
1316.88,410,434
1316.92,405,423
1316.96,407,434
1317.0,403,433
1317.04,407,424
1317.08,407,424
1317.12,406,424
1317.16,405,424
1317.2,401,422
1317.24,396,419
1317.28,396,419
1317.32,384,414
1317.36,384,414
1317.4,384,414
1317.44,384,414
1317.48,376,410
1317.52,376,410
1317.56,381,410
1317.6,379,410
1317.64,381,410
1317.68,386,411
1317.72,386,411
1317.76,388,411
1317.8,382,411
1317.84,382,412
1317.88,378,413
1317.92,378,413
1317.96,379,413
1318.0,385,412
1318.04,385,412
1318.08,392,415
1318.12,392,415
1318.16,393,438
1318.2,396,438
1318.24,397,439
1318.28,397,439
1318.32,397,439
1318.36,397,439
1318.4,401,444
1318.44,401,444
1318.48,403,446
1318.52,403,446
1318.56,408,448
1318.6,406,449
1318.64,407,450
1318.68,410,451
1318.72,412,453
1318.76,411,452
1318.8,418,446
1318.84,421,444
1318.88,421,446
1318.92,420,443
1318.96,420,444
1319.0,417,437
1319.04,410,442
1319.08,406,432
1319.12,404,433
1319.16,403,432
1319.2,403,442
1319.24,409,435
1319.28,405,434
1319.32,403,435
1319.36,404,436
1319.4,404,440
1319.44,398,432
1319.48,399,431
1319.52,400,430
1319.56,397,428
1319.6,398,428
1319.64,397,427
1319.68,398,428
1319.72,394,427
1319.76,397,428
1319.8,394,429
1319.84,394,430
1319.88,395,432
1319.92,396,432
1319.96,397,432
1320.0,397,433
1320.04,396,432
1320.08,396,432
1320.12,402,433
1320.16,398,433
1320.2,405,434
1320.24,403,434
1320.28,405,435
1320.32,407,435
1320.36,408,436
1320.4,409,437
1320.44,412,438
1320.48,412,438
1320.52,413,438
1320.56,415,439
1320.6,418,439
1320.64,417,440
1320.68,418,440
1320.72,419,443
1320.76,420,439
1320.8,423,443
1320.84,423,443
1320.88,423,440
1320.92,421,439
1320.96,421,440
1321.0,418,439
1321.04,415,437
1321.08,410,435
1321.12,406,432
1321.16,403,431
1321.2,397,430
1321.24,398,421
1321.28,402,434
1321.32,394,433
1321.36,395,432
1321.4,396,433
1321.44,395,433
1321.48,396,433
1321.52,394,425
1321.56,400,434
1321.6,397,433
1321.64,398,423
1321.68,406,428
1321.72,401,433
1321.76,401,435
1321.8,401,436
1321.84,398,433
1321.88,401,434
1321.92,400,433
1321.96,403,434
1322.0,405,430
1322.04,405,430
1322.08,405,430
1322.12,411,439
1322.16,411,438
1322.2,408,432
1322.24,408,432
1322.28,407,432
1322.32,406,425
1322.36,409,432
1322.4,407,426
1322.44,407,426
1322.48,411,432
1322.52,411,432
1322.56,409,432
1322.6,405,435
1322.64,408,425
1322.68,409,425
1322.72,409,436
1322.76,410,436
1322.8,413,436
1322.84,413,438
1322.88,416,440
1322.92,420,440
1322.96,422,440
1323.0,424,441
1323.04,424,441
1323.08,420,439
1323.12,417,437
1323.16,412,434
1323.2,409,433
1323.24,402,428
1323.28,399,435
1323.32,398,435
1323.36,397,433
1323.4,396,433
1323.44,394,429
1323.48,395,437
1323.52,391,428
1323.56,393,428
1323.6,393,429
1323.64,396,439
1323.68,393,429
1323.72,394,429
1323.76,401,430
1323.8,398,439
1323.84,401,431
1323.88,402,429
1323.92,402,433
1323.96,402,432
1324.0,403,435
1324.04,403,433
1324.08,403,432
1324.12,405,433
1324.16,407,435
1324.2,405,432
1324.24,410,433
1324.28,406,435
1324.32,408,435
1324.36,403,434
1324.4,397,434
1324.44,397,434
1324.48,397,434
1324.52,397,434
1324.56,397,434
1324.6,397,434
1324.64,397,434
1324.68,397,434
1324.72,397,434
1324.76,397,434
1324.8,397,434
1324.84,397,434
1324.88,397,434
1324.92,397,434
1324.96,397,434
1325.0,397,434
1325.04,397,434
1325.08,397,434
1325.12,397,434
1325.16,397,434
1325.2,397,434
1325.24,397,434
1325.28,397,434
1325.32,397,434
1325.36,397,434
1325.4,397,434
1325.44,397,434
1325.48,397,434
1325.52,397,434
1325.56,397,434
1325.6,397,434
1325.64,397,434
1325.68,397,434
1325.72,397,434
1325.76,397,434
1325.8,397,434
1325.84,397,434
1325.88,397,434
1325.92,397,434
1325.96,397,434
1326.0,397,434
1326.04,397,434
1326.08,397,434
1326.12,397,434
1326.16,397,434
1326.2,397,434
1326.24,397,434
1326.28,397,434
1326.32,397,434
1326.36,397,434
1326.4,397,434
1326.44,397,434
1326.48,397,434
1326.52,313,389
1326.56,313,389
1326.6,313,382
1326.64,319,373
1326.68,325,365
1326.72,325,365
1326.76,325,365
1326.8,325,365
1326.84,325,365
1326.88,325,365
1326.92,374,378
1326.96,383,384
1327.0,390,391
1327.04,391,398
1327.08,399,391
1327.12,399,396
1327.16,395,400
1327.2,391,402
1327.24,387,402
1327.28,390,402
1327.32,390,402
1327.36,390,402
1327.4,367,415
1327.44,367,415
1327.48,358,427
1327.52,356,430
1327.56,356,430
1327.6,356,430
1327.64,356,430
1327.68,356,430
1327.72,356,430
1327.76,356,430
1327.8,356,430
1327.84,356,430
1327.88,356,430
1327.92,356,430
1327.96,356,430
1328.0,356,430
1328.04,356,430
1328.08,356,430
1328.12,356,430
1328.16,356,430
1328.2,356,430
1328.24,356,430
1328.28,356,430
1328.32,356,430
1328.36,356,430
1328.4,356,430
1328.44,356,430
1328.48,356,430
1328.52,356,430
1328.56,356,430
1328.6,356,430
1328.64,356,430
1328.68,356,430
1328.72,356,430
1328.76,356,430
1328.8,356,430
1328.84,356,430
1328.88,356,430
1328.92,356,430
1328.96,356,430
1329.0,356,430
1329.04,356,430
1329.08,356,430
1329.12,360,438
1329.16,360,438
1329.2,360,438
1329.24,360,438
1329.28,360,438
1329.32,360,438
1329.36,360,438
1329.4,360,438
1329.44,360,438
1329.48,357,439
1329.52,353,438
1329.56,351,434
1329.6,351,434
1329.64,351,431
1329.68,351,431
1329.72,340,415
1329.76,342,409
1329.8,342,409
1329.84,342,409
1329.88,342,409
1329.92,342,409
1329.96,342,409
1330.0,342,409
1330.04,342,409
1330.08,342,409
1330.12,342,427
1330.16,344,427
1330.2,345,429
1330.24,348,431
1330.28,348,431
1330.32,346,433
1330.36,346,433
1330.4,346,433
1330.44,346,433
1330.48,346,433
1330.52,346,433
1330.56,346,433
1330.6,346,433
1330.64,346,433
1330.68,383,431
1330.72,383,431
1330.76,383,431
1330.8,383,431
1330.84,383,431
1330.88,383,431
1330.92,376,418
1330.96,375,414
1331.0,376,414
1331.04,374,423
1331.08,376,415
1331.12,371,437
1331.16,371,437
1331.2,371,437
1331.24,371,437
1331.28,371,437
1331.32,371,437
1331.36,371,437
1331.4,371,437
1331.44,371,437
1331.48,371,437
1331.52,369,440
1331.56,368,438
1331.6,372,438
1331.64,368,436
1331.68,370,436
1331.72,370,436
1331.76,370,436
1331.8,390,426
1331.84,391,426
1331.88,391,426
1331.92,382,443
1331.96,374,440
1332.0,371,438
1332.04,371,438
1332.08,371,438
1332.12,371,438
1332.16,371,438
1332.2,371,438
1332.24,371,438
1332.28,371,438
1332.32,371,438
1332.36,371,438
1332.4,371,438
1332.44,371,438
1332.48,371,438
1332.52,371,438
1332.56,371,438
1332.6,371,438
1332.64,371,438
1332.68,371,438
1332.72,371,438
1332.76,371,438
1332.8,371,438
1332.84,371,438
1332.88,371,438
1332.92,371,438
1332.96,371,438
1333.0,371,438
1333.04,371,438
1333.08,371,438
1333.12,371,438
1333.16,371,438
1333.2,371,438
1333.24,371,438
1333.28,371,438
1333.32,371,438
1333.36,371,438
1333.4,371,438
1333.44,371,438
1333.48,371,438
1333.52,371,438
1333.56,371,438
1333.6,371,438
1333.64,371,438
1333.68,371,438
1333.72,371,438
1333.76,371,438
1333.8,371,438
1333.84,371,438
1333.88,371,438
1333.92,371,438
1333.96,371,438
1334.0,371,438
1334.04,387,423
1334.08,388,424
1334.12,386,434
1334.16,388,424
1334.2,386,435
1334.24,386,435
1334.28,391,426
1334.32,390,426
1334.36,391,428
1334.4,392,427
1334.44,392,428
1334.48,392,428
1334.52,392,429
1334.56,389,436
1334.6,392,430
1334.64,390,425
1334.68,390,425
1334.72,390,425
1334.76,390,425
1334.8,374,437
1334.84,374,437
1334.88,374,437
1334.92,365,434
1334.96,365,434
1335.0,365,434
1335.04,365,434
1335.08,365,434
1335.12,365,434
1335.16,365,434
1335.2,365,434
1335.24,365,434
1335.28,365,434
1335.32,365,434
1335.36,365,434
1335.4,365,434
1335.44,365,434
1335.48,365,434
1335.52,365,434
1335.56,365,434
1335.6,383,441
1335.64,383,444
1335.68,384,444
1335.72,386,444
1335.76,388,442
1335.8,389,443
1335.84,388,443
1335.88,390,446
1335.92,390,434
1335.96,389,443
1336.0,389,443
1336.04,389,443
1336.08,394,430
1336.12,393,437
1336.16,386,436
1336.2,386,437
1336.24,393,437
1336.28,386,437
1336.32,385,437
1336.36,383,430
1336.4,390,446
1336.44,391,436
1336.48,391,436
1336.52,372,425
1336.56,381,440
1336.6,381,440
1336.64,381,440
1336.68,377,417
1336.72,375,431
1336.76,375,431
1336.8,375,431
1336.84,375,431
1336.88,375,431
1336.92,375,431
1336.96,375,431
1337.0,374,430
1337.04,374,430
1337.08,374,430
1337.12,374,430
1337.16,374,430
1337.2,374,430
1337.24,374,430
1337.28,374,430
1337.32,374,430
1337.36,374,430
1337.4,374,430
1337.44,374,430
1337.48,374,430
1337.52,374,430
1337.56,374,430
1337.6,374,430
1337.64,374,430
1337.68,374,430
1337.72,374,430
1337.76,374,430
1337.8,374,430
1337.84,374,430
1337.88,374,430
1337.92,374,430
1337.96,374,430
1338.0,374,430
1338.04,374,430
1338.08,374,430
1338.12,374,430
1338.16,374,430
1338.2,374,430
1338.24,374,430
1338.28,374,430
1338.32,374,430
1338.36,374,430
1338.4,374,430
1338.44,374,430
1338.48,374,430
1338.52,374,430
1338.56,374,430
1338.6,374,430
1338.64,374,430
1338.68,374,430
1338.72,374,430
1338.76,374,430
1338.8,374,430
1338.84,374,430
1338.88,374,430
1338.92,374,430
1338.96,374,430
1339.0,374,430
1339.04,374,430
1339.08,374,430
1339.12,374,430
1339.16,374,430
1339.2,374,430
1339.24,374,430
1339.28,374,430
1339.32,374,430
1339.36,374,430
1339.4,374,430
1339.44,374,430
1339.48,374,430
1339.52,374,430
1339.56,374,430
1339.6,374,430
1339.64,374,430
1339.68,391,430
1339.72,391,430
1339.76,386,438
1339.8,386,438
1339.84,386,438
1339.88,386,438
1339.92,386,438
1339.96,386,438
1340.0,386,438
1340.04,386,438
1340.08,386,438
1340.12,386,438
1340.16,386,438
1340.2,386,438
1340.24,386,438
1340.28,386,438
1340.32,386,438
1340.36,386,438
1340.4,386,438
1340.44,386,438
1340.48,386,438
1340.52,386,438
1340.56,386,438
1340.6,386,438
1340.64,386,438
1340.68,386,438
1340.72,386,438
1340.76,324,373
1340.8,329,361
1340.84,343,356
1340.88,353,359
1340.92,363,362
1340.96,377,359
1341.0,389,362
1341.04,397,368
1341.08,403,373
1341.12,404,379
1341.16,405,381
1341.2,402,381
1341.24,399,382
1341.28,395,383
1341.32,390,386
1341.36,383,390
1341.4,378,397
1341.44,374,402
1341.48,367,414
1341.52,364,417
1341.56,364,421
1341.6,364,426
1341.64,362,428
1341.68,360,430
1341.72,357,430
1341.76,355,433
1341.8,356,437
1341.84,354,439
1341.88,355,442
1341.92,353,442
1341.96,353,442
1342.0,354,442
1342.04,358,444
1342.08,361,444
1342.12,362,442
1342.16,366,442
1342.2,369,441
1342.24,372,440
1342.28,372,440
1342.32,372,440
1342.36,376,442
1342.4,376,442
1342.44,376,442
1342.48,370,439
1342.52,370,439
1342.56,370,439
1342.6,370,439
1342.64,370,439
1342.68,370,439
1342.72,370,439
1342.76,370,439
1342.8,370,439
1342.84,370,439
1342.88,370,439
1342.92,370,439
1342.96,370,439
1343.0,370,439
1343.04,370,439
1343.08,370,439
1343.12,370,439
1343.16,370,439
1343.2,370,439
1343.24,370,439
1343.28,370,439
1343.32,370,439
1343.36,370,439
1343.4,370,439
1343.44,370,439
1343.48,370,439
1343.52,370,439
1343.56,370,439
1343.6,370,439
1343.64,370,439
1343.68,370,439
1343.72,370,439
1343.76,370,439
1343.8,370,439
1343.84,370,439
1343.88,370,439
1343.92,370,439
1343.96,370,439
1344.0,370,439
1344.04,370,439
1344.08,370,439
1344.12,370,439
1344.16,370,439
1344.2,370,439
1344.24,370,439
1344.28,370,439
1344.32,370,439
1344.36,370,439
1344.4,370,439
1344.44,370,439
1344.48,370,439
1344.52,370,439
1344.56,370,439
1344.6,370,439
1344.64,370,439
1344.68,370,439
1344.72,370,439
1344.76,370,439
1344.8,370,439
1344.84,370,439
1344.88,370,439
1344.92,370,439
1344.96,370,439
1345.0,370,439
1345.04,370,439
1345.08,381,445
1345.12,381,445
1345.16,381,445
1345.2,381,445
1345.24,381,445
1345.28,381,445
1345.32,381,445
1345.36,381,445
1345.4,381,445
1345.44,381,445
1345.48,381,445
1345.52,381,445
1345.56,381,445
1345.6,381,445
1345.64,381,445
1345.68,381,445
1345.72,381,445
1345.76,381,445
1345.8,381,445
1345.84,381,445
1345.88,381,445
1345.92,381,445
1345.96,381,445
1346.0,381,445
1346.04,381,445
1346.08,381,445
1346.12,381,445
1346.16,381,445
1346.2,381,445
1346.24,381,445
1346.28,381,445
1346.32,381,445
1346.36,381,445
1346.4,381,445
1346.44,381,445
1346.48,381,445
1346.52,381,445
1346.56,381,445
1346.6,381,445
1346.64,381,445
1346.68,381,445
1346.72,381,445
1346.76,381,445
1346.8,381,445
1346.84,381,445
1346.88,381,445
1346.92,381,445
1346.96,381,445
1347.0,381,445
1347.04,381,445
1347.08,381,445
1347.12,381,445
1347.16,381,445
1347.2,381,445
1347.24,381,445
1347.28,381,445
1347.32,381,445
1347.36,381,445
1347.4,381,445
1347.44,381,445
1347.48,391,444
1347.52,391,444
1347.56,391,444
1347.6,391,444
1347.64,391,444
1347.68,391,449
1347.72,391,450
1347.76,391,450
1347.8,392,450
1347.84,392,450
1347.88,394,441
1347.92,394,441
1347.96,378,443
1348.0,378,443
1348.04,378,443
1348.08,383,434
1348.12,381,431
1348.16,381,431
1348.2,377,433
1348.24,375,436
1348.28,375,436
1348.32,375,436
1348.36,375,434
1348.4,375,434
1348.44,372,427
1348.48,372,427
1348.52,372,427
1348.56,370,426
1348.6,375,418
1348.64,378,422
1348.68,378,421
1348.72,377,426
1348.76,377,426
1348.8,379,428
1348.84,380,428
1348.88,380,428
1348.92,380,428
1348.96,383,430
1349.0,375,423
1349.04,386,429
1349.08,390,425
1349.12,384,431
1349.16,386,428
1349.2,385,438
1349.24,385,438
1349.28,388,429
1349.32,389,441
1349.36,389,442
1349.4,389,442
1349.44,387,449
1349.48,394,435
1349.52,396,430
1349.56,395,429
1349.6,394,429
1349.64,394,429
1349.68,395,439
1349.72,395,439
1349.76,390,451
1349.8,388,448
1349.84,385,446
1349.88,382,443
1349.92,382,443
1349.96,382,443
1350.0,382,443
1350.04,382,443
1350.08,382,443
1350.12,382,443
1350.16,382,443
1350.2,382,443
1350.24,382,443
1350.28,382,443
1350.32,382,443
1350.36,382,443
1350.4,382,443
1350.44,382,443
1350.48,382,443
1350.52,382,443
1350.56,382,443
1350.6,382,443
1350.64,382,443
1350.68,382,443
1350.72,382,443
1350.76,382,443
1350.8,382,443
1350.84,382,443
1350.88,382,443
1350.92,382,443
1350.96,382,443
1351.0,382,443
1351.04,382,443
1351.08,382,443
1351.12,382,443
1351.16,382,443
1351.2,382,443
1351.24,382,443
1351.28,382,443
1351.32,382,443
1351.36,382,443
1351.4,382,443
1351.44,382,443
1351.48,382,443
1351.52,394,435
1351.56,394,435
1351.6,394,435
1351.64,394,435
1351.68,394,435
1351.72,394,435
1351.76,394,435
1351.8,394,435
1351.84,394,435
1351.88,392,434
1351.92,392,434
1351.96,392,434
1352.0,392,434
1352.04,392,433
1352.08,392,433
1352.12,392,433
1352.16,392,434
1352.2,393,434
1352.24,392,434
1352.28,392,434
1352.32,390,432
1352.36,387,430
1352.4,384,427
1352.44,387,431
1352.48,387,429
1352.52,387,425
1352.56,387,420
1352.6,386,418
1352.64,386,418
1352.68,388,418
1352.72,388,418
1352.76,390,418
1352.8,388,418
1352.84,388,418
1352.88,400,424
1352.92,400,424
1352.96,401,423
1353.0,400,420
1353.04,394,415
1353.08,392,409
1353.12,390,401
1353.16,389,394
1353.2,385,384
1353.24,384,376
1353.28,384,369
1353.32,382,365
1353.36,383,358
1353.4,381,352
1353.44,378,356
1353.48,385,352
1353.52,371,352
1353.56,375,346
1353.6,375,346
1353.64,371,347
1353.68,371,347
1353.72,371,347
1353.76,373,339
1353.8,373,339
1353.84,373,339
1353.88,373,339
1353.92,373,339
1353.96,373,339
1354.0,373,339
1354.04,373,339
1354.08,373,339
1354.12,380,420
1354.16,378,420
1354.2,377,426
1354.24,379,434
1354.28,376,438
1354.32,378,440
1354.36,379,441
1354.4,381,442
1354.44,383,443
1354.48,384,443
1354.52,388,444
1354.56,389,444
1354.6,389,444
1354.64,390,443
1354.68,388,441
1354.72,388,441
1354.76,388,441
1354.8,387,442
1354.84,387,444
1354.88,384,441
1354.92,382,442
1354.96,381,440
1355.0,380,441
1355.04,381,439
1355.08,382,438
1355.12,382,437
1355.16,381,435
1355.2,383,435
1355.24,384,435
1355.28,383,434
1355.32,382,434
1355.36,380,435
1355.4,380,434
1355.44,380,434
1355.48,380,434
1355.52,380,434
1355.56,380,434
1355.6,378,442
1355.64,378,442
1355.68,378,442
1355.72,378,442
1355.76,378,442
1355.8,378,442
1355.84,378,442
1355.88,378,442
1355.92,378,442
1355.96,378,442
1356.0,378,442
1356.04,378,442
1356.08,378,442
1356.12,378,442
1356.16,378,442
1356.2,378,442
1356.24,378,442
1356.28,378,442
1356.32,378,442
1356.36,378,442
1356.4,378,442
1356.44,378,442
1356.48,378,442
1356.52,378,442
1356.56,378,442
1356.6,378,442
1356.64,378,442
1356.68,378,442
1356.72,378,442
1356.76,378,442
1356.8,378,442
1356.84,378,442
1356.88,378,442
1356.92,378,442
1356.96,378,442
1357.0,378,442
1357.04,378,442
1357.08,378,442
1357.12,378,442
1357.16,378,442
1357.2,378,442
1357.24,378,442
1357.28,378,442
1357.32,378,442
1357.36,378,442
1357.4,378,442
1357.44,378,442
1357.48,395,434
1357.52,396,435
1357.56,397,436
1357.6,397,436
1357.64,400,437
1357.68,397,436
1357.72,398,436
1357.76,403,437
1357.8,403,438
1357.84,400,436
1357.88,400,436
1357.92,400,436
1357.96,400,436
1358.0,390,436
1358.04,386,425
1358.08,385,424
1358.12,384,424
1358.16,382,424
1358.2,384,423
1358.24,383,428
1358.28,382,424
1358.32,385,423
1358.36,385,423
1358.4,385,423
1358.44,386,423
1358.48,386,423
1358.52,386,423
1358.56,386,423
1358.6,386,423
1358.64,389,424
1358.68,389,424
1358.72,390,425
1358.76,391,426
1358.8,391,426
1358.84,391,426
1358.88,391,426
1358.92,391,426
1358.96,391,426
1359.0,391,426
1359.04,391,426
1359.08,391,426
1359.12,391,426
1359.16,397,442
1359.2,398,442
1359.24,398,442
1359.28,401,440
1359.32,391,441
1359.36,402,444
1359.4,399,439
1359.44,401,439
1359.48,401,440
1359.52,401,437
1359.56,401,437
1359.6,404,447
1359.64,403,438
1359.68,403,440
1359.72,402,441
1359.76,400,443
1359.8,400,442
1359.84,396,430
1359.88,389,438
1359.92,386,436
1359.96,385,435
1360.0,384,432
1360.04,382,434
1360.08,377,431
1360.12,382,434
1360.16,380,433
1360.2,376,432
1360.24,376,432
1360.28,381,433
1360.32,376,432
1360.36,382,433
1360.4,377,431
1360.44,383,433
1360.48,384,432
1360.52,383,433
1360.56,385,432
1360.6,386,432
1360.64,387,433
1360.68,384,434
1360.72,386,435
1360.76,387,434
1360.8,388,434
1360.84,390,434
1360.88,389,435
1360.92,393,434
1360.96,392,436
1361.0,393,436
1361.04,395,439
1361.08,393,438
1361.12,397,439
1361.16,399,438
1361.2,399,430
1361.24,399,442
1361.28,398,441
1361.32,401,442
1361.36,402,443
1361.4,402,442
1361.44,401,441
1361.48,397,441
1361.52,394,439
1361.56,393,438
1361.6,393,426
1361.64,392,425
1361.68,392,425
1361.72,382,422
1361.76,385,422
1361.8,378,430
1361.84,381,420
1361.88,381,420
1361.92,381,420
1361.96,379,420
1362.0,373,429
1362.04,374,419
1362.08,372,429
1362.12,372,439
1362.16,376,440
1362.2,375,429
1362.24,375,440
1362.28,376,440
1362.32,376,430
1362.36,377,441
1362.4,379,430
1362.44,379,442
1362.48,379,442
1362.52,382,443
1362.56,384,443
1362.6,384,443
1362.64,390,435
1362.68,390,435
1362.72,390,435
1362.76,385,444
1362.8,400,429
1362.84,400,429
1362.88,399,438
1362.92,404,432
1362.96,398,438
1363.0,395,436
1363.04,395,436
1363.08,394,437
1363.12,392,437
1363.16,394,439
1363.2,391,439
1363.24,389,438
1363.28,393,431
1363.32,389,437
1363.36,390,431
1363.4,390,431
1363.44,388,432
1363.48,387,431
1363.52,385,431
1363.56,385,432
1363.6,384,430
1363.64,380,429
1363.68,380,429
1363.72,373,425
1363.76,373,425
1363.8,373,425
1363.84,373,425
1363.88,373,425
1363.92,373,425
1363.96,373,425
1364.0,373,425
1364.04,373,425
1364.08,373,425
1364.12,373,425
1364.16,373,425
1364.2,373,425
1364.24,373,425
1364.28,373,425
1364.32,373,425
1364.36,373,425
1364.4,373,425
1364.44,373,425
1364.48,373,425
1364.52,373,425
1364.56,373,425
1364.6,373,425
1364.64,373,425
1364.68,373,425
1364.72,364,438
1364.76,365,440
1364.8,364,440
1364.84,364,440
1364.88,364,440
1364.92,364,440
1364.96,364,440
1365.0,364,440
1365.04,364,440
1365.08,364,440
1365.12,364,440
1365.16,364,440
1365.2,364,440
1365.24,364,440
1365.28,364,440
1365.32,364,440
1365.36,364,440
1365.4,364,440
1365.44,364,440
1365.48,364,440
1365.52,364,440
1365.56,355,432
1365.6,355,432
1365.64,355,432
1365.68,355,432
1365.72,355,432
1365.76,355,432
1365.8,384,434
1365.84,391,432
1365.88,393,433
1365.92,392,432
1365.96,390,431
1366.0,388,431
1366.04,379,432
1366.08,374,433
1366.12,373,431
1366.16,369,430
1366.2,368,429
1366.24,368,429
1366.28,368,429
1366.32,369,428
1366.36,369,428
1366.4,369,428
1366.44,364,427
1366.48,366,427
1366.52,366,427
1366.56,366,427
1366.6,366,427
1366.64,366,427
1366.68,366,427
1366.72,366,427
1366.76,368,429
1366.8,368,429
1366.84,368,429
1366.88,369,428
1366.92,368,429
1366.96,368,429
1367.0,368,429
1367.04,368,429
1367.08,368,429
1367.12,368,429
1367.16,370,430
1367.2,370,430
1367.24,370,430
1367.28,370,430
1367.32,371,431
1367.36,371,431
1367.4,373,431
1367.44,373,431
1367.48,373,431
1367.52,373,431
1367.56,373,431
1367.6,372,432
1367.64,373,432
1367.68,374,432
1367.72,374,432
1367.76,374,432
1367.8,374,432
1367.84,374,432
1367.88,374,432
1367.92,374,432
1367.96,376,433
1368.0,376,432
1368.04,376,433
1368.08,376,435
1368.12,376,435
1368.16,375,435
1368.2,377,435
1368.24,376,435
1368.28,376,436
1368.32,377,436
1368.36,378,436
1368.4,379,437
1368.44,380,437
1368.48,379,438
1368.52,381,438
1368.56,382,439
1368.6,380,439
1368.64,383,434
1368.68,385,435
1368.72,388,435
1368.76,383,441
1368.8,387,436
1368.84,385,442
1368.88,391,441
1368.92,392,442
1368.96,384,443
1369.0,391,438
1369.04,384,443
1369.08,387,443
1369.12,393,441
1369.16,394,440
1369.2,392,442
1369.24,393,441
1369.28,395,443
1369.32,396,443
1369.36,396,446
1369.4,396,447
1369.44,396,437
1369.48,400,440
1369.52,398,442
1369.56,397,439
1369.6,389,434
1369.64,389,432
1369.68,387,433
1369.72,382,428
1369.76,381,427
1369.8,376,434
1369.84,375,432
1369.88,372,434
1369.92,368,424
1369.96,372,432
1370.0,372,434
1370.04,372,434
1370.08,367,428
1370.12,372,435
1370.16,372,435
1370.2,367,429
1370.24,372,436
1370.28,371,436
1370.32,371,436
1370.36,371,436
1370.4,371,436
1370.44,371,436
1370.48,371,436
1370.52,372,435
1370.56,372,435
1370.6,373,436
1370.64,373,436
1370.68,372,437
1370.72,374,437
1370.76,373,437
1370.8,372,437
1370.84,375,438
1370.88,374,438
1370.92,375,439
1370.96,374,438
1371.0,376,439
1371.04,377,440
1371.08,379,440
1371.12,378,441
1371.16,384,434
1371.2,377,442
1371.24,383,435
1371.28,380,443
1371.32,380,443
1371.36,386,437
1371.4,390,438
1371.44,385,436
1371.48,387,436
1371.52,391,438
1371.56,392,439
1371.6,393,439
1371.64,391,441
1371.68,394,440
1371.72,394,439
1371.76,394,439
1371.8,394,438
1371.84,393,437
1371.88,391,435
1371.92,390,433
1371.96,387,434
1372.0,385,431
1372.04,384,428
1372.08,382,431
1372.12,382,427
1372.16,380,425
1372.2,374,431
1372.24,373,431
1372.28,374,428
1372.32,373,428
1372.36,370,426
1372.4,371,428
1372.44,372,427
1372.48,371,434
1372.52,371,433
1372.56,376,430
1372.6,374,433
1372.64,374,432
1372.68,374,431
1372.72,373,433
1372.76,373,434
1372.8,373,434
1372.84,374,435
1372.88,373,436
1372.92,373,436
1372.96,375,436
1373.0,374,435
1373.04,374,436
1373.08,375,436
1373.12,376,437
1373.16,376,437
1373.2,377,437
1373.24,375,438
1373.28,377,438
1373.32,378,438
1373.36,378,438
1373.4,377,439
1373.44,377,438
1373.48,378,439
1373.52,379,441
1373.56,379,440
1373.6,382,440
1373.64,377,441
1373.68,378,440
1373.72,379,440
1373.76,379,440
1373.8,379,439
1373.84,379,441
1373.88,393,436
1373.92,385,442
1373.96,386,442
1374.0,392,439
1374.04,392,438
1374.08,393,438
1374.12,391,439
1374.16,391,439
1374.2,391,437
1374.24,388,439
1374.28,388,437
1374.32,389,436
1374.36,385,435
1374.4,383,431
1374.44,384,430
1374.48,381,427
1374.52,378,425
1374.56,376,425
1374.6,375,425
1374.64,371,430
1374.68,369,423
1374.72,370,432
1374.76,370,434
1374.8,370,435
1374.84,370,435
1374.88,371,436
1374.92,371,436
1374.96,371,435
1375.0,371,436
1375.04,371,436
1375.08,371,436
1375.12,371,436
1375.16,372,437
1375.2,372,437
1375.24,372,437
1375.28,372,437
1375.32,374,438
1375.36,374,438
1375.4,376,439
1375.44,377,439
1375.48,376,439
1375.52,377,439
1375.56,380,440
1375.6,380,440
1375.64,381,441
1375.68,384,439
1375.72,383,441
1375.76,383,441
1375.8,387,441
1375.84,386,440
1375.88,389,439
1375.92,385,443
1375.96,388,443
1376.0,391,441
1376.04,390,443
1376.08,392,439
1376.12,393,439
1376.16,395,440
1376.2,396,441
1376.24,395,439
1376.28,389,439
1376.32,387,440
1376.36,382,437
1376.4,378,435
1376.44,372,434
1376.48,368,433
1376.52,365,432
1376.56,365,429
1376.6,361,433
1376.64,360,434
1376.68,358,434
1376.72,358,434
1376.76,358,435
1376.8,358,436
1376.84,358,436
1376.88,358,436
1376.92,358,438
1376.96,358,438
1377.0,356,438
1377.04,357,437
1377.08,354,438
1377.12,356,439
1377.16,357,441
1377.2,356,443
1377.24,356,445
1377.28,357,446
1377.32,359,447
1377.36,356,449
1377.4,355,448
1377.44,355,442
1377.48,355,442
1377.52,345,437
1377.56,341,430
1377.6,341,430
1377.64,341,430
1377.68,341,430
1377.72,341,430
1377.76,341,430
1377.8,341,430
1377.84,341,430
1377.88,341,430
1377.92,341,430
1377.96,341,430
1378.0,341,430
1378.04,341,430
1378.08,341,430
1378.12,341,430
1378.16,341,430
1378.2,350,411
1378.24,356,422
1378.28,360,431
1378.32,366,439
1378.36,367,442
1378.4,368,445
1378.44,369,445
1378.48,369,443
1378.52,365,430
1378.56,362,438
1378.6,359,425
1378.64,357,432
1378.68,351,417
1378.72,357,435
1378.76,353,432
1378.8,370,410
1378.84,371,419
1378.88,372,428
1378.92,373,429
1378.96,367,421
1379.0,372,432
1379.04,371,433
1379.08,370,434
1379.12,369,425
1379.16,368,435
1379.2,370,426
1379.24,370,426
1379.28,370,427
1379.32,373,440
1379.36,373,440
1379.4,381,432
1379.44,386,435
1379.48,389,437
1379.52,392,437
1379.56,394,434
1379.6,393,431
1379.64,393,427
1379.68,392,425
1379.72,391,425
1379.76,389,424
1379.8,388,426
1379.84,387,428
1379.88,388,430
1379.92,387,431
1379.96,385,433
1380.0,385,435
1380.04,385,435
1380.08,385,434
1380.12,385,433
1380.16,385,433
1380.2,385,433
1380.24,384,432
1380.28,384,433
1380.32,384,433
1380.36,383,435
1380.4,383,437
1380.44,382,438
1380.48,383,437
1380.52,383,438
1380.56,383,437
1380.6,382,437
1380.64,382,438
1380.68,383,438
1380.72,383,438
1380.76,383,437
1380.8,383,438
1380.84,383,437
1380.88,383,438
1380.92,383,438
1380.96,383,438
1381.0,383,438
1381.04,382,437
1381.08,382,437
1381.12,383,437
1381.16,383,436
1381.2,382,435
1381.24,383,434
1381.28,382,433
1381.32,383,432
1381.36,383,432
1381.4,384,432
1381.44,384,433
1381.48,384,433
1381.52,383,433
1381.56,383,432
1381.6,382,431
1381.64,382,432
1381.68,382,432
1381.72,382,432
1381.76,381,432
1381.8,382,432
1381.84,382,432
1381.88,381,432
1381.92,383,431
1381.96,383,432
1382.0,383,433
1382.04,384,433
1382.08,383,434
1382.12,384,434
1382.16,384,433
1382.2,384,434
1382.24,384,433
1382.28,384,431
1382.32,384,431
1382.36,384,430
1382.4,384,431
1382.44,384,431
1382.48,382,439
1382.52,382,439
1382.56,381,439
1382.6,382,441
1382.64,382,441
1382.68,384,441
1382.72,384,440
1382.76,385,442
1382.8,385,441
1382.84,386,441
1382.88,391,443
1382.92,387,442
1382.96,390,443
1383.0,387,443
1383.04,395,440
1383.08,395,440
1383.12,397,441
1383.16,396,440
1383.2,397,439
1383.24,399,439
1383.28,397,442
1383.32,396,442
1383.36,396,442
1383.4,399,440
1383.44,398,440
1383.48,398,441
1383.52,397,440
1383.56,395,438
1383.6,391,436
1383.64,388,432
1383.68,385,429
1383.72,382,427
1383.76,380,426
1383.8,378,426
1383.84,376,425
1383.88,378,426
1383.92,376,428
1383.96,376,427
1384.0,376,428
1384.04,375,428
1384.08,375,428
1384.12,376,428
1384.16,376,427
1384.2,376,427
1384.24,376,427
1384.28,377,427
1384.32,377,428
1384.36,377,428
1384.4,379,428
1384.44,379,428
1384.48,380,429
1384.52,381,429
1384.56,381,429
1384.6,382,430
1384.64,383,430
1384.68,384,432
1384.72,384,431
1384.76,385,432
1384.8,385,432
1384.84,386,433
1384.88,387,433
1384.92,387,433
1384.96,388,433
1385.0,388,434
1385.04,389,434
1385.08,390,435
1385.12,390,436
1385.16,392,436
1385.2,391,437
1385.24,393,436
1385.28,392,437
1385.32,394,436
1385.36,394,437
1385.4,395,437
1385.44,395,438
1385.48,395,438
1385.52,395,438
1385.56,395,438
1385.6,395,438
1385.64,394,437
1385.68,391,435
1385.72,389,432
1385.76,386,430
1385.8,384,429
1385.84,381,425
1385.88,379,425
1385.92,378,422
1385.96,377,420
1386.0,376,421
1386.04,375,419
1386.08,377,422
1386.12,377,425
1386.16,374,424
1386.2,376,424
1386.24,375,424
1386.28,375,424
1386.32,373,432
1386.36,374,432
1386.4,374,432
1386.44,375,431
1386.48,375,432
1386.52,374,432
1386.56,374,432
1386.6,376,432
1386.64,379,425
1386.68,379,425
1386.72,376,433
1386.76,378,433
1386.8,378,432
1386.84,376,434
1386.88,377,434
1386.92,379,434
1386.96,379,434
1387.0,378,434
1387.04,379,435
1387.08,380,435
1387.12,380,436
1387.16,380,436
1387.2,379,436
1387.24,379,428
1387.28,380,428
1387.32,382,438
1387.36,383,438
1387.4,387,432
1387.44,387,432
1387.48,387,434
1387.52,387,435
1387.56,389,435
1387.6,389,435
1387.64,392,435
1387.68,390,436
1387.72,392,435
1387.76,392,436
1387.8,394,436
1387.84,395,437
1387.88,395,436
1387.92,395,437
1387.96,396,436
1388.0,394,434
1388.04,390,432
1388.08,389,429
1388.12,383,426
1388.16,384,423
1388.2,382,421
1388.24,381,420
1388.28,377,429
1388.32,378,430
1388.36,375,433
1388.4,373,436
1388.44,377,435
1388.48,377,435
1388.52,378,435
1388.56,379,435
1388.6,379,435
1388.64,378,436
1388.68,378,436
1388.72,378,436
1388.76,378,436
1388.8,380,437
1388.84,380,436
1388.88,379,437
1388.92,381,438
1388.96,380,439
1389.0,380,440
1389.04,382,440
1389.08,384,433
1389.12,384,433
1389.16,386,434
1389.2,387,435
1389.24,388,436
1389.28,387,436
1389.32,388,437
1389.36,390,436
1389.4,390,435
1389.44,387,435
1389.48,385,435
1389.52,380,431
1389.56,372,431
1389.6,361,435
1389.64,353,427
1389.68,334,423
1389.72,312,442
1389.76,303,433
1389.8,289,434
1389.84,274,433
1389.88,260,427
1389.92,244,425
1389.96,228,420
1390.0,218,411
1390.04,218,411
1390.08,218,411
1390.12,218,411
1390.16,221,397
1390.2,227,395
1390.24,234,393
1390.28,246,384
1390.32,251,383
1390.36,255,383
1390.4,259,384
1390.44,260,384
1390.48,260,387
1390.52,260,386
1390.56,260,386
1390.6,260,387
1390.64,260,388
1390.68,260,388
1390.72,260,392
1390.76,260,392
1390.8,261,395
1390.84,262,396
1390.88,265,398
1390.92,265,395
1390.96,265,395
1391.0,265,395
1391.04,265,395
1391.08,265,395
1391.12,284,377
1391.16,284,377
1391.2,284,377
1391.24,284,377
1391.28,284,377
1391.32,284,377
1391.36,284,377
1391.4,284,377
1391.44,284,377
1391.48,284,377
1391.52,284,377
1391.56,284,377
1391.6,284,377
1391.64,284,377
1391.68,284,377
1391.72,284,377
1391.76,284,377
1391.8,284,377
1391.84,284,377
1391.88,284,377
1391.92,284,377
1391.96,284,377
1392.0,284,377
1392.04,284,377
1392.08,284,377
1392.12,284,377
1392.16,284,377
1392.2,284,377
1392.24,284,377
1392.28,284,377
1392.32,284,377
1392.36,284,377
1392.4,284,377
1392.44,284,377
1392.48,284,377
1392.52,284,377
1392.56,284,377
1392.6,284,377
1392.64,284,377
1392.68,284,377
1392.72,284,377
1392.76,284,377
1392.8,284,377
1392.84,284,377
1392.88,284,377
1392.92,284,377
1392.96,284,377
1393.0,284,377
1393.04,284,377
1393.08,284,377
1393.12,284,377
1393.16,284,377
1393.2,284,377
1393.24,284,377
1393.28,284,377
1393.32,284,377
1393.36,284,377
1393.4,284,377
1393.44,284,377
1393.48,284,377
1393.52,284,377
1393.56,284,377
1393.6,284,377
1393.64,284,377
1393.68,284,377
1393.72,284,377
1393.76,284,377
1393.8,284,377
1393.84,284,377
1393.88,284,377
1393.92,284,377
1393.96,284,377
1394.0,284,377
1394.04,284,377
1394.08,284,377
1394.12,284,377
1394.16,284,377
1394.2,284,377
1394.24,284,377
1394.28,284,377
1394.32,284,377
1394.36,284,377
1394.4,284,377
1394.44,284,377
1394.48,284,377
1394.52,284,377
1394.56,284,377
1394.6,284,377
1394.64,284,377
1394.68,284,377
1394.72,284,377
1394.76,284,377
1394.8,284,377
1394.84,284,377
1394.88,284,377
1394.92,284,377
1394.96,284,377
1395.0,284,377
1395.04,284,377
1395.08,284,377
1395.12,284,377
1395.16,284,377
1395.2,284,377
1395.24,284,377
1395.28,284,377
1395.32,284,377
1395.36,284,377
1395.4,284,377
1395.44,284,377
1395.48,284,377
1395.52,284,377
1395.56,284,377
1395.6,284,377
1395.64,284,377
1395.68,284,377
1395.72,284,377
1395.76,284,377
1395.8,284,377
1395.84,284,377
1395.88,284,377
1395.92,284,377
1395.96,284,377
1396.0,284,377
1396.04,284,377
1396.08,284,377
1396.12,284,377
1396.16,284,377
1396.2,284,377
1396.24,284,377
1396.28,284,377
1396.32,284,377
1396.36,284,377
1396.4,284,377
1396.44,284,377
1396.48,284,377
1396.52,284,377
1396.56,284,377
1396.6,284,377
1396.64,284,377
1396.68,284,377
1396.72,284,377
1396.76,284,377
1396.8,284,377
1396.84,284,377
1396.88,284,377
1396.92,284,377
1396.96,284,377
1397.0,284,377
1397.04,284,377
1397.08,284,377
1397.12,284,377
1397.16,284,377
1397.2,284,377
1397.24,284,377
1397.28,284,377
1397.32,284,377
1397.36,284,377
1397.4,284,377
1397.44,284,377
1397.48,284,377
1397.52,284,377
1397.56,284,377
1397.6,284,377
1397.64,284,377
1397.68,284,377
1397.72,284,377
1397.76,284,377
1397.8,284,377
1397.84,284,377
1397.88,284,377
1397.92,284,377
1397.96,284,377
1398.0,284,377
1398.04,284,377
1398.08,284,377
1398.12,284,377
1398.16,284,377
1398.2,284,377
1398.24,284,377
1398.28,284,377
1398.32,284,377
1398.36,284,377
1398.4,284,377
1398.44,284,377
1398.48,284,377
1398.52,284,377
1398.56,284,377
1398.6,284,377
1398.64,284,377
1398.68,284,377
1398.72,284,377
1398.76,284,377
1398.8,284,377
1398.84,284,377
1398.88,284,377
1398.92,284,377
1398.96,284,377
1399.0,284,377
1399.04,284,377
1399.08,284,377
1399.12,284,377
1399.16,284,377
1399.2,284,377
1399.24,284,377
1399.28,284,377
1399.32,284,377
1399.36,284,377
1399.4,284,377
1399.44,284,377
1399.48,284,377
1399.52,284,377
1399.56,284,377
1399.6,284,377
1399.64,284,377
1399.68,284,377
1399.72,284,377
1399.76,284,377
1399.8,284,377
1399.84,284,377
1399.88,284,377
1399.92,284,377
1399.96,284,377
1400.0,284,377
1400.04,284,377
1400.08,284,377
1400.12,284,377
1400.16,284,377
1400.2,284,377
1400.24,284,377
1400.28,284,377
1400.32,284,377
1400.36,284,377
1400.4,284,377
1400.44,284,377
1400.48,284,377
1400.52,284,377
1400.56,284,377
1400.6,284,377
1400.64,284,377
1400.68,284,377
1400.72,284,377
1400.76,284,377
1400.8,284,377
1400.84,284,377
1400.88,284,377
1400.92,284,377
1400.96,284,377
1401.0,284,377
1401.04,284,377
1401.08,284,377
1401.12,284,377
1401.16,284,377
1401.2,284,377
1401.24,284,377
1401.28,284,377
1401.32,284,377
1401.36,284,377
1401.4,284,377
1401.44,284,377
1401.48,284,377
1401.52,284,377
1401.56,284,377
1401.6,284,377
1401.64,284,377
1401.68,284,377
1401.72,284,377
1401.76,284,377
1401.8,284,377
1401.84,284,377
1401.88,284,377
1401.92,284,377
1401.96,284,377
1402.0,284,377
1402.04,284,377
1402.08,284,377
1402.12,284,377
1402.16,284,377
1402.2,284,377
1402.24,284,377
1402.28,284,377
1402.32,284,377
1402.36,284,377
1402.4,284,377
1402.44,284,377
1402.48,284,377
1402.52,284,377
1402.56,284,377
1402.6,284,377
1402.64,284,377
1402.68,284,377
1402.72,284,377
1402.76,284,377
1402.8,284,377
1402.84,284,377
1402.88,284,377
1402.92,284,377
1402.96,284,377
1403.0,284,377
1403.04,284,377
1403.08,284,377
1403.12,284,377
1403.16,284,377
1403.2,284,377
1403.24,284,377
1403.28,284,377
1403.32,284,377
1403.36,284,377
1403.4,284,377
1403.44,284,377
1403.48,284,377
1403.52,284,377
1403.56,284,377
1403.6,284,377
1403.64,284,377
1403.68,284,377
1403.72,284,377
1403.76,284,377
1403.8,284,377
1403.84,284,377
1403.88,284,377
1403.92,284,377
1403.96,284,377
1404.0,284,377
1404.04,284,377
1404.08,284,377
1404.12,284,377
1404.16,284,377
1404.2,284,377
1404.24,284,377
1404.28,284,377
1404.32,284,377
1404.36,284,377
1404.4,284,377
1404.44,284,377
1404.48,284,377
1404.52,284,377
1404.56,284,377
1404.6,284,377
1404.64,284,377
1404.68,284,377
1404.72,284,377
1404.76,284,377
1404.8,284,377
1404.84,284,377
1404.88,284,377
1404.92,284,377
1404.96,284,377
1405.0,284,377
1405.04,284,377
1405.08,284,377
1405.12,284,377
1405.16,284,377
1405.2,284,377
1405.24,284,377
1405.28,284,377
1405.32,284,377
1405.36,284,377
1405.4,284,377
1405.44,284,377
1405.48,284,377
1405.52,284,377
1405.56,284,377
1405.6,284,377
1405.64,284,377
1405.68,284,377
1405.72,284,377
1405.76,284,377
1405.8,284,377
1405.84,284,377
1405.88,284,377
1405.92,284,377
1405.96,284,377
1406.0,284,377
1406.04,284,377
1406.08,284,377
1406.12,284,377
1406.16,284,377
1406.2,284,377
1406.24,284,377
1406.28,284,377
1406.32,284,377
1406.36,284,377
1406.4,284,377
1406.44,284,377
1406.48,284,377
1406.52,284,377
1406.56,284,377
1406.6,284,377
1406.64,284,377
1406.68,284,377
1406.72,284,377
1406.76,284,377
1406.8,284,377
1406.84,284,377
1406.88,284,377
1406.92,284,377
1406.96,284,377
1407.0,284,377
1407.04,284,377
1407.08,284,377
1407.12,284,377
1407.16,284,377
1407.2,284,377
1407.24,284,377
1407.28,284,377
1407.32,284,377
1407.36,284,377
1407.4,284,377
1407.44,284,377
1407.48,284,377
1407.52,284,377
1407.56,284,377
1407.6,284,377
1407.64,284,377
1407.68,284,377
1407.72,284,377
1407.76,284,377
1407.8,284,377
1407.84,284,377
1407.88,284,377
1407.92,284,377
1407.96,284,377
1408.0,284,377
1408.04,284,377
1408.08,284,377
1408.12,284,377
1408.16,284,377
1408.2,284,377
1408.24,284,377
1408.28,284,377
1408.32,284,377
1408.36,284,377
1408.4,284,377
1408.44,284,377
1408.48,284,377
1408.52,284,377
1408.56,284,377
1408.6,284,377
1408.64,284,377
1408.68,284,377
1408.72,284,377
1408.76,284,377
1408.8,284,377
1408.84,284,377
1408.88,284,377
1408.92,284,377
1408.96,284,377
1409.0,284,377
1409.04,284,377
1409.08,284,377
1409.12,284,377
1409.16,284,377
1409.2,284,377
1409.24,284,377
1409.28,284,377
1409.32,284,377
1409.36,284,377
1409.4,284,377
1409.44,284,377
1409.48,284,377
1409.52,284,377
1409.56,284,377
1409.6,284,377
1409.64,284,377
1409.68,284,377
1409.72,284,377
1409.76,284,377
1409.8,284,377
1409.84,284,377
1409.88,284,377
1409.92,284,377
1409.96,284,377
1410.0,284,377
1410.04,284,377
1410.08,284,377
1410.12,284,377
1410.16,284,377
1410.2,284,377
1410.24,284,377
1410.28,284,377
1410.32,284,377
1410.36,284,377
1410.4,284,377
1410.44,284,377
1410.48,284,377
1410.52,284,377
1410.56,284,377
1410.6,284,377
1410.64,284,377
1410.68,284,377
1410.72,284,377
1410.76,284,377
1410.8,284,377
1410.84,284,377
1410.88,284,377
1410.92,284,377
1410.96,284,377
1411.0,284,377
1411.04,284,377
1411.08,284,377
1411.12,284,377
1411.16,284,377
1411.2,284,377
1411.24,284,377
1411.28,284,377
1411.32,284,377
1411.36,284,377
1411.4,284,377
1411.44,284,377
1411.48,284,377
1411.52,284,377
1411.56,284,377
1411.6,284,377
1411.64,284,377
1411.68,284,377
1411.72,284,377
1411.76,284,377
1411.8,284,377
1411.84,284,377
1411.88,284,377
1411.92,284,377
1411.96,284,377
1412.0,284,377
1412.04,284,377
1412.08,284,377
1412.12,284,377
1412.16,284,377
1412.2,284,377
1412.24,284,377
1412.28,284,377
1412.32,284,377
1412.36,284,377
1412.4,284,377
1412.44,284,377
1412.48,284,377
1412.52,284,377
1412.56,284,377
1412.6,284,377
1412.64,284,377
1412.68,284,377
1412.72,284,377
1412.76,284,377
1412.8,284,377
1412.84,284,377
1412.88,284,377
1412.92,284,377
1412.96,284,377
1413.0,284,377
1413.04,284,377
1413.08,284,377
1413.12,284,377
1413.16,284,377
1413.2,284,377
1413.24,284,377
1413.28,284,377
1413.32,284,377
1413.36,284,377
1413.4,284,377
1413.44,284,377
1413.48,284,377
1413.52,284,377
1413.56,284,377
1413.6,284,377
1413.64,284,377
1413.68,284,377
1413.72,284,377
1413.76,284,377
1413.8,284,377
1413.84,284,377
1413.88,284,377
1413.92,284,377
1413.96,284,377
1414.0,284,377
1414.04,284,377
1414.08,284,377
1414.12,284,377
1414.16,284,377
1414.2,284,377
1414.24,284,377
1414.28,284,377
1414.32,284,377
1414.36,284,377
1414.4,284,377
1414.44,284,377
1414.48,284,377
1414.52,284,377
1414.56,284,377
1414.6,284,377
1414.64,284,377
1414.68,284,377
1414.72,284,377
1414.76,284,377
1414.8,284,377
1414.84,284,377
1414.88,284,377
1414.92,284,377
1414.96,284,377
1415.0,284,377
1415.04,284,377
1415.08,284,377
1415.12,284,377
1415.16,284,377
1415.2,284,377
1415.24,284,377
1415.28,284,377
1415.32,284,377
1415.36,284,377
1415.4,284,377
1415.44,284,377
1415.48,284,377
1415.52,284,377
1415.56,284,377
1415.6,284,377
1415.64,284,377
1415.68,284,377
1415.72,284,377
1415.76,284,377
1415.8,284,377
1415.84,284,377
1415.88,284,377
1415.92,284,377
1415.96,284,377
1416.0,284,377
1416.04,284,377
1416.08,284,377
1416.12,284,377
1416.16,284,377
1416.2,284,377
1416.24,284,377
1416.28,284,377
1416.32,284,377
1416.36,284,377
1416.4,284,377
1416.44,284,377
1416.48,284,377
1416.52,284,377
1416.56,284,377
1416.6,284,377
1416.64,284,377
1416.68,284,377
1416.72,284,377
1416.76,284,377
1416.8,284,377
1416.84,284,377
1416.88,284,377
1416.92,284,377
1416.96,284,377
1417.0,284,377
1417.04,284,377
1417.08,284,377
1417.12,284,377
1417.16,284,377
1417.2,284,377
1417.24,284,377
1417.28,284,377
1417.32,284,377
1417.36,284,377
1417.4,284,377
1417.44,284,377
1417.48,284,377
1417.52,284,377
1417.56,284,377
1417.6,284,377
1417.64,284,377
1417.68,284,377
1417.72,284,377
1417.76,284,377
1417.8,284,377
1417.84,284,377
1417.88,284,377
1417.92,284,377
1417.96,284,377
1418.0,284,377
1418.04,284,377
1418.08,284,377
1418.12,284,377
1418.16,284,377
1418.2,284,377
1418.24,284,377
1418.28,284,377
1418.32,284,377
1418.36,284,377
1418.4,284,377
1418.44,284,377
1418.48,284,377
1418.52,284,377
1418.56,284,377
1418.6,284,377
1418.64,284,377
1418.68,284,377
1418.72,284,377
1418.76,284,377
1418.8,284,377
1418.84,284,377
1418.88,284,377
1418.92,284,377
1418.96,284,377
1419.0,284,377
1419.04,284,377
1419.08,284,377
1419.12,284,377
1419.16,284,377
1419.2,284,377
1419.24,284,377
1419.28,284,377
1419.32,284,377
1419.36,284,377
1419.4,284,377
1419.44,284,377
1419.48,284,377
1419.52,284,377
1419.56,284,377
1419.6,284,377
1419.64,284,377
1419.68,284,377
1419.72,284,377
1419.76,284,377
1419.8,284,377
1419.84,284,377
1419.88,284,377
1419.92,284,377
1419.96,284,377
1420.0,284,377
1420.04,284,377
1420.08,284,377
1420.12,284,377
1420.16,284,377
1420.2,284,377
1420.24,284,377
1420.28,284,377
1420.32,284,377
1420.36,284,377
1420.4,284,377
1420.44,284,377
1420.48,284,377
1420.52,284,377
1420.56,284,377
1420.6,284,377
1420.64,284,377
1420.68,284,377
1420.72,284,377
1420.76,284,377
1420.8,284,377
1420.84,284,377
1420.88,284,377
1420.92,284,377
1420.96,284,377
1421.0,284,377
1421.04,284,377
1421.08,284,377
1421.12,284,377
1421.16,284,377
1421.2,284,377
1421.24,284,377
1421.28,284,377
1421.32,284,377
1421.36,284,377
1421.4,284,377
1421.44,284,377
1421.48,284,377
1421.52,284,377
1421.56,284,377
1421.6,284,377
1421.64,284,377
1421.68,284,377
1421.72,284,377
1421.76,284,377
1421.8,284,377
1421.84,284,377
1421.88,284,377
1421.92,284,377
1421.96,284,377
1422.0,284,377
1422.04,284,377
1422.08,284,377
1422.12,284,377
1422.16,284,377
1422.2,284,377
1422.24,284,377
1422.28,284,377
1422.32,284,377
1422.36,284,377
1422.4,284,377
1422.44,284,377
1422.48,284,377
1422.52,284,377
1422.56,284,377
1422.6,284,377
1422.64,284,377
1422.68,284,377
1422.72,284,377
1422.76,284,377
1422.8,284,377
1422.84,284,377
1422.88,284,377
1422.92,284,377
1422.96,284,377
1423.0,284,377
1423.04,284,377
1423.08,284,377
1423.12,284,377
1423.16,284,377
1423.2,284,377
1423.24,284,377
1423.28,284,377
1423.32,284,377
1423.36,284,377
1423.4,284,377
1423.44,284,377
1423.48,284,377
1423.52,284,377
1423.56,284,377
1423.6,284,377
1423.64,284,377
1423.68,284,377
1423.72,284,377
1423.76,284,377
1423.8,284,377
1423.84,284,377
1423.88,284,377
1423.92,284,377
1423.96,284,377
1424.0,284,377
1424.04,284,377
1424.08,284,377
1424.12,284,377
1424.16,284,377
1424.2,284,377
1424.24,284,377
1424.28,284,377
1424.32,284,377
1424.36,284,377
1424.4,284,377
1424.44,284,377
1424.48,284,377
1424.52,284,377
1424.56,284,377
1424.6,284,377
1424.64,284,377
1424.68,284,377
1424.72,284,377
1424.76,284,377
1424.8,284,377
1424.84,284,377
1424.88,284,377
1424.92,284,377
1424.96,284,377
1425.0,284,377
1425.04,284,377
1425.08,284,377
1425.12,284,377
1425.16,284,377
1425.2,284,377
1425.24,284,377
1425.28,284,377
1425.32,284,377
1425.36,284,377
1425.4,284,377
1425.44,284,377
1425.48,284,377
1425.52,284,377
1425.56,284,377
1425.6,284,377
1425.64,284,377
1425.68,284,377
1425.72,284,377
1425.76,284,377
1425.8,284,377
1425.84,284,377
1425.88,284,377
1425.92,284,377
1425.96,284,377
1426.0,284,377
1426.04,284,377
1426.08,284,377
1426.12,284,377
1426.16,284,377
1426.2,284,377
1426.24,284,377
1426.28,284,377
1426.32,284,377
1426.36,284,377
1426.4,284,377
1426.44,284,377
1426.48,284,377
1426.52,284,377
1426.56,284,377
1426.6,284,377
1426.64,284,377
1426.68,284,377
1426.72,284,377
1426.76,284,377
1426.8,284,377
1426.84,284,377
1426.88,284,377
1426.92,284,377
1426.96,284,377
1427.0,284,377
1427.04,284,377
1427.08,284,377
1427.12,284,377
1427.16,284,377
1427.2,284,377
1427.24,284,377
1427.28,284,377
1427.32,284,377
1427.36,284,377
1427.4,284,377
1427.44,284,377
1427.48,284,377
1427.52,284,377
1427.56,284,377
1427.6,284,377
1427.64,284,377
1427.68,284,377
1427.72,284,377
1427.76,284,377
1427.8,284,377
1427.84,284,377
1427.88,284,377
1427.92,284,377
1427.96,284,377
1428.0,284,377
1428.04,284,377
1428.08,284,377
1428.12,284,377
1428.16,284,377
1428.2,284,377
1428.24,284,377
1428.28,284,377
1428.32,284,377
1428.36,284,377
1428.4,284,377
1428.44,284,377
1428.48,284,377
1428.52,284,377
1428.56,284,377
1428.6,284,377
1428.64,284,377
1428.68,284,377
1428.72,284,377
1428.76,284,377
1428.8,284,377
1428.84,284,377
1428.88,284,377
1428.92,284,377
1428.96,284,377
1429.0,284,377
1429.04,284,377
1429.08,284,377
1429.12,284,377
1429.16,284,377
1429.2,284,377
1429.24,284,377
1429.28,284,377
1429.32,284,377
1429.36,284,377
1429.4,284,377
1429.44,284,377
1429.48,284,377
1429.52,284,377
1429.56,284,377
1429.6,284,377
1429.64,284,377
1429.68,284,377
1429.72,284,377
1429.76,284,377
1429.8,284,377
1429.84,284,377
1429.88,284,377
1429.92,284,377
1429.96,284,377
1430.0,284,377
1430.04,284,377
1430.08,284,377
1430.12,284,377
1430.16,284,377
1430.2,284,377
1430.24,284,377
1430.28,284,377
1430.32,284,377
1430.36,284,377
1430.4,284,377
1430.44,284,377
1430.48,284,377
1430.52,284,377
1430.56,284,377
1430.6,284,377
1430.64,284,377
1430.68,284,377
1430.72,284,377
1430.76,284,377
1430.8,284,377
1430.84,284,377
1430.88,284,377
1430.92,284,377
1430.96,284,377
1431.0,284,377
1431.04,284,377
1431.08,284,377
1431.12,284,377
1431.16,284,377
1431.2,338,473
1431.24,338,473
1431.28,338,473
1431.32,338,473
1431.36,338,473
1431.4,338,473
1431.44,338,473
1431.48,338,473
1431.52,338,473
1431.56,338,473
1431.6,338,473
1431.64,338,473
1431.68,338,473
1431.72,338,473
1431.76,338,473
1431.8,338,473
1431.84,338,473
1431.88,338,473
1431.92,338,473
1431.96,338,473
1432.0,338,473
1432.04,338,473
1432.08,338,473
1432.12,338,473
1432.16,338,473
1432.2,338,473
1432.24,338,473
1432.28,338,473
1432.32,338,473
1432.36,338,473
1432.4,338,473
1432.44,338,473
1432.48,338,473
1432.52,338,473
1432.56,338,473
1432.6,338,473
1432.64,338,473
1432.68,338,473
1432.72,338,473
1432.76,338,473
1432.8,338,473
1432.84,338,473
1432.88,338,473
1432.92,338,473
1432.96,338,473
1433.0,338,473
1433.04,338,473
1433.08,338,473
1433.12,338,473
1433.16,338,473
1433.2,338,473
1433.24,338,473
1433.28,338,473
1433.32,338,473
1433.36,338,473
1433.4,338,473
1433.44,338,473
1433.48,338,473
1433.52,338,473
1433.56,338,473
1433.6,338,473
1433.64,338,473
1433.68,338,473
1433.72,338,473
1433.76,338,473
1433.8,338,473
1433.84,338,473
1433.88,338,473
1433.92,338,473
1433.96,338,473
1434.0,338,473
1434.04,338,473
1434.08,338,473
1434.12,338,473
1434.16,338,473
1434.2,338,473
1434.24,338,473
1434.28,338,473
1434.32,338,473
1434.36,338,473
1434.4,338,473
1434.44,338,473
1434.48,338,473
1434.52,338,473
1434.56,338,473
1434.6,338,473
1434.64,338,473
1434.68,338,473
1434.72,338,473
1434.76,338,473
1434.8,338,473
1434.84,338,473
1434.88,338,473
1434.92,338,473
1434.96,338,473
1435.0,338,473
1435.04,338,473
1435.08,338,473
1435.12,338,473
1435.16,338,473
1435.2,338,473
1435.24,338,473
1435.28,338,473
1435.32,338,473
1435.36,338,473
1435.4,338,473
1435.44,338,473
1435.48,338,473
1435.52,338,473
1435.56,338,473
1435.6,338,473
1435.64,338,473
1435.68,338,473
1435.72,338,473
1435.76,338,473
1435.8,338,473
1435.84,338,473
1435.88,338,473
1435.92,338,473
1435.96,338,473
1436.0,338,473
1436.04,338,473
1436.08,338,473
1436.12,338,473
1436.16,338,473
1436.2,338,473
1436.24,338,473
1436.28,338,473
1436.32,338,473
1436.36,338,473
1436.4,338,473
1436.44,338,473
1436.48,338,473
1436.52,338,473
1436.56,338,473
1436.6,338,473
1436.64,338,473
1436.68,338,473
1436.72,338,473
1436.76,338,473
1436.8,338,473
1436.84,338,473
1436.88,338,473
1436.92,338,473
1436.96,338,473
1437.0,338,473
1437.04,338,473
1437.08,338,473
1437.12,338,473
1437.16,338,473
1437.2,338,473
1437.24,338,473
1437.28,338,473
1437.32,338,473
1437.36,338,473
1437.4,338,473
1437.44,338,473
1437.48,338,473
1437.52,338,473
1437.56,338,473
1437.6,338,473
1437.64,338,473
1437.68,338,473
1437.72,338,473
1437.76,338,473
1437.8,338,473
1437.84,338,473
1437.88,338,473
1437.92,338,473
1437.96,338,473
1438.0,338,473
1438.04,338,473
1438.08,338,473
1438.12,338,473
1438.16,338,473
1438.2,338,473
1438.24,338,473
1438.28,338,473
1438.32,338,473
1438.36,338,473
1438.4,338,473
1438.44,338,473
1438.48,338,473
1438.52,338,473
1438.56,338,473
1438.6,338,473
1438.64,338,473
1438.68,338,473
1438.72,338,473
1438.76,338,473
1438.8,338,473
1438.84,338,473
1438.88,338,473
1438.92,338,473
1438.96,338,473
1439.0,338,473
1439.04,338,473
1439.08,338,473
1439.12,338,473
1439.16,338,473
1439.2,338,473
1439.24,338,473
1439.28,338,473
1439.32,338,473
1439.36,338,473
1439.4,338,473
1439.44,338,473
1439.48,338,473
1439.52,338,473
1439.56,338,473
1439.6,338,473
1439.64,338,473
1439.68,338,473
1439.72,338,473
1439.76,338,473
1439.8,338,473
1439.84,338,473
1439.88,338,473
1439.92,338,473
1439.96,338,473
1440.0,338,473
1440.04,338,473
1440.08,338,473
1440.12,338,473
1440.16,338,473
1440.2,338,473
1440.24,338,473
1440.28,338,473
1440.32,338,473
1440.36,338,473
1440.4,338,473
1440.44,338,473
1440.48,338,473
1440.52,338,473
1440.56,338,473
1440.6,338,473
1440.64,338,473
1440.68,338,473
1440.72,338,473
1440.76,338,473
1440.8,338,473
1440.84,338,473
1440.88,338,473
1440.92,338,473
1440.96,338,473
1441.0,338,473
1441.04,338,473
1441.08,338,473
1441.12,338,473
1441.16,338,473
1441.2,338,473
1441.24,338,473
1441.28,338,473
1441.32,338,473
1441.36,338,473
1441.4,338,473
1441.44,338,473
1441.48,338,473
1441.52,338,473
1441.56,338,473
1441.6,338,473
1441.64,338,473
1441.68,338,473
1441.72,338,473
1441.76,338,473
1441.8,338,473
1441.84,338,473
1441.88,338,473
1441.92,338,473
1441.96,338,473
1442.0,338,473
1442.04,338,473
1442.08,338,473
1442.12,338,473
1442.16,338,473
1442.2,338,473
1442.24,338,473
1442.28,338,473
1442.32,338,473
1442.36,338,473
1442.4,338,473
1442.44,338,473
1442.48,338,473
1442.52,338,473
1442.56,338,473
1442.6,338,473
1442.64,338,473
1442.68,338,473
1442.72,338,473
1442.76,338,473
1442.8,338,473
1442.84,338,473
1442.88,338,473
1442.92,338,473
1442.96,338,473
1443.0,338,473
1443.04,338,473
1443.08,338,473
1443.12,338,473
1443.16,338,473
1443.2,338,473
1443.24,338,473
1443.28,338,473
1443.32,338,473
1443.36,338,473
1443.4,338,473
1443.44,338,473
1443.48,338,473
1443.52,338,473
1443.56,338,473
1443.6,338,473
1443.64,338,473
1443.68,338,473
1443.72,338,473
1443.76,338,473
1443.8,338,473
1443.84,338,473
1443.88,338,473
1443.92,338,473
1443.96,338,473
1444.0,338,473
1444.04,338,473
1444.08,338,473
1444.12,338,473
1444.16,338,473
1444.2,338,473
1444.24,338,473
1444.28,338,473
1444.32,338,473
1444.36,338,473
1444.4,338,473
1444.44,338,473
1444.48,338,473
1444.52,338,473
1444.56,338,473
1444.6,338,473
1444.64,338,473
1444.68,338,473
1444.72,338,473
1444.76,338,473
1444.8,338,473
1444.84,338,473
1444.88,338,473
1444.92,338,473
1444.96,338,473
1445.0,338,473
1445.04,338,473
1445.08,338,473
1445.12,338,473
1445.16,338,473
1445.2,338,473
1445.24,338,473
1445.28,338,473
1445.32,338,473
1445.36,338,473
1445.4,338,473
1445.44,338,473
1445.48,338,473
1445.52,338,473
1445.56,338,473
1445.6,338,473
1445.64,338,473
1445.68,338,473
1445.72,338,473
1445.76,338,473
1445.8,338,473
1445.84,338,473
1445.88,338,473
1445.92,338,473
1445.96,338,473
1446.0,338,473
1446.04,338,473
1446.08,338,473
1446.12,338,473
1446.16,338,473
1446.2,338,473
1446.24,338,473
1446.28,338,473
1446.32,338,473
1446.36,338,473
1446.4,338,473
1446.44,338,473
1446.48,338,473
1446.52,338,473
1446.56,338,473
1446.6,338,473
1446.64,338,473
1446.68,338,473
1446.72,338,473
1446.76,338,473
1446.8,338,473
1446.84,338,473
1446.88,338,473
1446.92,338,473
1446.96,338,473
1447.0,338,473
1447.04,338,473
1447.08,338,473
1447.12,338,473
1447.16,338,473
1447.2,338,473
1447.24,338,473
1447.28,338,473
1447.32,338,473
1447.36,338,473
1447.4,338,473
1447.44,338,473
1447.48,338,473
1447.52,338,473
1447.56,338,473
1447.6,338,473
1447.64,338,473
1447.68,338,473
1447.72,338,473
1447.76,338,473
1447.8,338,473
1447.84,338,473
1447.88,338,473
1447.92,338,473
1447.96,338,473
1448.0,338,473
1448.04,338,473
1448.08,338,473
1448.12,338,473
1448.16,338,473
1448.2,338,473
1448.24,338,473
1448.28,338,473
1448.32,338,473
1448.36,338,473
1448.4,338,473
1448.44,338,473
1448.48,338,473
1448.52,338,473
1448.56,338,473
1448.6,338,473
1448.64,338,473
1448.68,338,473
1448.72,338,473
1448.76,338,473
1448.8,338,473
1448.84,338,473
1448.88,338,473
1448.92,338,473
1448.96,338,473
1449.0,338,473
1449.04,338,473
1449.08,338,473
1449.12,338,473
1449.16,338,473
1449.2,338,473
1449.24,338,473
1449.28,338,473
1449.32,338,473
1449.36,338,473
1449.4,338,473
1449.44,338,473
1449.48,338,473
1449.52,338,473
1449.56,338,473
1449.6,338,473
1449.64,338,473
1449.68,338,473
1449.72,338,473
1449.76,338,473
1449.8,338,473
1449.84,338,473
1449.88,338,473
1449.92,338,473
1449.96,338,473
1450.0,338,473
1450.04,338,473
1450.08,338,473
1450.12,338,473
1450.16,338,473
1450.2,338,473
1450.24,338,473
1450.28,338,473
1450.32,338,473
1450.36,338,473
1450.4,338,473
1450.44,338,473
1450.48,338,473
1450.52,338,473
1450.56,338,473
1450.6,338,473
1450.64,338,473
1450.68,338,473
1450.72,338,473
1450.76,338,473
1450.8,338,473
1450.84,338,473
1450.88,338,473
1450.92,338,473
1450.96,338,473
1451.0,338,473
1451.04,338,473
1451.08,338,473
1451.12,338,473
1451.16,338,473
1451.2,338,473
1451.24,338,473
1451.28,338,473
1451.32,338,473
1451.36,338,473
1451.4,338,473
1451.44,338,473
1451.48,338,473
1451.52,338,473
1451.56,338,473
1451.6,338,473
1451.64,338,473
1451.68,338,473
1451.72,338,473
1451.76,338,473
1451.8,338,473
1451.84,338,473
1451.88,338,473
1451.92,338,473
1451.96,338,473
1452.0,338,473
1452.04,338,473
1452.08,338,473
1452.12,338,473
1452.16,338,473
1452.2,338,473
1452.24,338,473
1452.28,338,473
1452.32,338,473
1452.36,338,473
1452.4,338,473
1452.44,338,473
1452.48,338,473
1452.52,338,473
1452.56,338,473
1452.6,338,473
1452.64,338,473
1452.68,338,473
1452.72,338,473
1452.76,338,473
1452.8,338,473
1452.84,338,473
1452.88,338,473
1452.92,338,473
1452.96,338,473
1453.0,338,473
1453.04,338,473
1453.08,338,473
1453.12,338,473
1453.16,338,473
1453.2,338,473
1453.24,338,473
1453.28,338,473
1453.32,338,473
1453.36,338,473
1453.4,338,473
1453.44,338,473
1453.48,338,473
1453.52,338,473
1453.56,338,473
1453.6,338,473
1453.64,338,473
1453.68,338,473
1453.72,338,473
1453.76,338,473
1453.8,338,473
1453.84,338,473
1453.88,338,473
1453.92,338,473
1453.96,338,473
1454.0,338,473
1454.04,338,473
1454.08,338,473
1454.12,338,473
1454.16,338,473
1454.2,338,473
1454.24,338,473
1454.28,338,473
1454.32,338,473
1454.36,338,473
1454.4,338,473
1454.44,338,473
1454.48,338,473
1454.52,338,473
1454.56,338,473
1454.6,338,473
1454.64,338,473
1454.68,338,473
1454.72,338,473
1454.76,338,473
1454.8,338,473
1454.84,338,473
1454.88,338,473
1454.92,338,473
1454.96,338,473
1455.0,338,473
1455.04,338,473
1455.08,338,473
1455.12,338,473
1455.16,338,473
1455.2,338,473
1455.24,338,473
1455.28,338,473
1455.32,338,473
1455.36,338,473
1455.4,338,473
1455.44,338,473
1455.48,338,473
1455.52,338,473
1455.56,338,473
1455.6,338,473
1455.64,338,473
1455.68,338,473
1455.72,338,473
1455.76,338,473
1455.8,338,473
1455.84,338,473
1455.88,338,473
1455.92,338,473
1455.96,338,473
1456.0,338,473
1456.04,338,473
1456.08,338,473
1456.12,338,473
1456.16,338,473
1456.2,338,473
1456.24,338,473
1456.28,338,473
1456.32,338,473
1456.36,338,473
1456.4,338,473
1456.44,338,473
1456.48,338,473
1456.52,338,473
1456.56,338,473
1456.6,338,473
1456.64,338,473
1456.68,338,473
1456.72,338,473
1456.76,338,473
1456.8,338,473
1456.84,338,473
1456.88,338,473
1456.92,338,473
1456.96,338,473
1457.0,338,473
1457.04,338,473
1457.08,338,473
1457.12,338,473
1457.16,338,473
1457.2,338,473
1457.24,338,473
1457.28,338,473
1457.32,338,473
1457.36,338,473
1457.4,338,473
1457.44,338,473
1457.48,338,473
1457.52,338,473
1457.56,338,473
1457.6,338,473
1457.64,338,473
1457.68,338,473
1457.72,338,473
1457.76,338,473
1457.8,338,473
1457.84,338,473
1457.88,338,473
1457.92,338,473
1457.96,338,473
1458.0,338,473
1458.04,338,473
1458.08,338,473
1458.12,338,473
1458.16,338,473
1458.2,338,473
1458.24,338,473
1458.28,338,473
1458.32,338,473
1458.36,338,473
1458.4,338,473
1458.44,338,473
1458.48,338,473
1458.52,338,473
1458.56,338,473
1458.6,338,473
1458.64,338,473
1458.68,338,473
1458.72,338,473
1458.76,338,473
1458.8,338,473
1458.84,338,473
1458.88,338,473
1458.92,338,473
1458.96,338,473
1459.0,338,473
1459.04,338,473
1459.08,338,473
1459.12,338,473
1459.16,338,473
1459.2,338,473
1459.24,338,473
1459.28,338,473
1459.32,338,473
1459.36,338,473
1459.4,338,473
1459.44,338,473
1459.48,338,473
1459.52,338,473
1459.56,338,473
1459.6,382,597
1459.64,385,580
1459.68,383,571
1459.72,381,562
1459.76,378,554
1459.8,378,554
1459.84,378,554
1459.88,378,554
1459.92,378,554
1459.96,378,554
1460.0,378,554
1460.04,378,554
1460.08,378,554
1460.12,378,554
1460.16,378,554
1460.2,378,554
1460.24,378,554
1460.28,378,554
1460.32,378,554
1460.36,378,554
1460.4,378,554
1460.44,378,554
1460.48,378,554
1460.52,378,554
1460.56,378,554
1460.6,378,554
1460.64,378,554
1460.68,378,554
1460.72,378,554
1460.76,378,554
1460.8,378,554
1460.84,378,554
1460.88,378,554
1460.92,378,554
1460.96,378,554
1461.0,378,554
1461.04,378,554
1461.08,378,554
1461.12,378,554
1461.16,378,554
1461.2,378,554
1461.24,378,554
1461.28,378,554
1461.32,378,554
1461.36,378,554
1461.4,378,554
1461.44,378,554
1461.48,378,554
1461.52,378,554
1461.56,378,554
1461.6,378,554
1461.64,378,554
1461.68,378,554
1461.72,378,554
1461.76,378,554
1461.8,378,554
1461.84,378,554
1461.88,378,554
1461.92,378,554
1461.96,378,554
1462.0,378,554
1462.04,378,554
1462.08,378,554
1462.12,378,554
1462.16,378,554
1462.2,378,554
1462.24,378,554
1462.28,378,554
1462.32,378,554
1462.36,378,554
1462.4,378,554
1462.44,378,554
1462.48,378,554
1462.52,378,554
1462.56,378,554
1462.6,378,554
1462.64,378,554
1462.68,378,554
1462.72,378,554
1462.76,378,554
1462.8,378,554
1462.84,378,554
1462.88,378,554
1462.92,378,554
1462.96,378,554
1463.0,378,554
1463.04,378,554
1463.08,378,554
1463.12,378,554
1463.16,378,554
1463.2,378,554
1463.24,378,554
1463.28,378,554
1463.32,378,554
1463.36,378,554
1463.4,378,554
1463.44,378,554
1463.48,378,554
1463.52,378,554
1463.56,378,554
1463.6,378,554
1463.64,378,554
1463.68,378,554
1463.72,378,554
1463.76,378,554
1463.8,378,554
1463.84,378,554
1463.88,378,554
1463.92,378,554
1463.96,378,554
1464.0,378,554
1464.04,378,554
1464.08,378,554
1464.12,378,554
1464.16,378,554
1464.2,378,554
1464.24,378,554
1464.28,378,554
1464.32,378,554
1464.36,378,554
1464.4,378,554
1464.44,378,554
1464.48,378,554
1464.52,378,554
1464.56,378,554
1464.6,378,554
1464.64,378,554
1464.68,378,554
1464.72,378,554
1464.76,378,554
1464.8,378,554
1464.84,378,554
1464.88,378,554
1464.92,378,554
1464.96,378,554
1465.0,337,485
1465.04,337,485
1465.08,348,471
1465.12,346,471
1465.16,346,472
1465.2,345,471
1465.24,347,475
1465.28,346,475
1465.32,346,475
1465.36,348,475
1465.4,343,481
1465.44,344,479
1465.48,345,477
1465.52,351,477
1465.56,353,468
1465.6,350,458
1465.64,352,451
1465.68,354,445
1465.72,356,445
1465.76,358,446
1465.8,355,447
1465.84,356,448
1465.88,357,447
1465.92,358,447
1465.96,358,447
1466.0,358,448
1466.04,358,447
1466.08,357,447
1466.12,356,446
1466.16,354,446
1466.2,351,446
1466.24,345,444
1466.28,335,440
1466.32,328,422
1466.36,328,422
1466.4,328,422
1466.44,328,422
1466.48,328,422
1466.52,328,422
1466.56,328,422
1466.6,328,422
1466.64,328,422
1466.68,328,422
1466.72,328,422
1466.76,328,422
1466.8,328,422
1466.84,328,422
1466.88,328,422
1466.92,328,422
1466.96,328,422
1467.0,328,422
1467.04,328,422
1467.08,328,422
1467.12,328,422
1467.16,328,422
1467.2,328,422
1467.24,328,422
1467.28,328,422
1467.32,328,422
1467.36,328,422
1467.4,328,422
1467.44,328,422
1467.48,328,422
1467.52,328,422
1467.56,328,422
1467.6,328,422
1467.64,328,422
1467.68,328,422
1467.72,328,422
1467.76,328,422
1467.8,328,422
1467.84,328,422
1467.88,328,422
1467.92,328,422
1467.96,328,422
1468.0,328,422
1468.04,328,422
1468.08,328,422
1468.12,328,422
1468.16,328,422
1468.2,328,422
1468.24,328,422
1468.28,328,422
1468.32,328,422
1468.36,328,422
1468.4,328,422
1468.44,328,422
1468.48,328,422
1468.52,328,422
1468.56,328,422
1468.6,328,422
1468.64,328,422
1468.68,328,422
1468.72,328,422
1468.76,328,422
1468.8,328,422
1468.84,328,422
1468.88,328,422
1468.92,328,422
1468.96,328,422
1469.0,328,422
1469.04,328,422
1469.08,328,422
1469.12,328,422
1469.16,328,422
1469.2,328,422
1469.24,328,422
1469.28,328,422
1469.32,328,422
1469.36,328,422
1469.4,328,422
1469.44,328,422
1469.48,328,422
1469.52,328,422
1469.56,328,422
1469.6,328,422
1469.64,328,422
1469.68,328,422
1469.72,328,422
1469.76,328,422
1469.8,328,422
1469.84,328,422
1469.88,328,422
1469.92,328,422
1469.96,328,422
1470.0,328,422
1470.04,328,422
1470.08,328,422
1470.12,328,422
1470.16,328,422
1470.2,328,422
1470.24,328,422
1470.28,328,422
1470.32,328,422
1470.36,328,422
1470.4,328,422
1470.44,328,422
1470.48,328,422
1470.52,328,422
1470.56,328,422
1470.6,328,422
1470.64,328,422
1470.68,328,422
1470.72,328,422
1470.76,328,422
1470.8,328,422
1470.84,328,422
1470.88,328,422
1470.92,328,422
1470.96,328,422
1471.0,328,422
1471.04,328,422
1471.08,328,422
1471.12,328,422
1471.16,328,422
1471.2,328,422
1471.24,328,422
1471.28,328,422
1471.32,328,422
1471.36,328,422
1471.4,328,422
1471.44,328,422
1471.48,328,422
1471.52,328,422
1471.56,328,422
1471.6,328,422
1471.64,328,422
1471.68,328,422
1471.72,328,422
1471.76,328,422
1471.8,328,422
1471.84,328,422
1471.88,328,422
1471.92,328,422
1471.96,328,422
1472.0,328,422
1472.04,328,422
1472.08,328,422
1472.12,328,422
1472.16,328,422
1472.2,328,422
1472.24,328,422
1472.28,328,422
1472.32,328,422
1472.36,328,422
1472.4,328,422
1472.44,328,422
1472.48,328,422
1472.52,328,422
1472.56,328,422
1472.6,328,422
1472.64,328,422
1472.68,328,422
1472.72,328,422
1472.76,328,422
1472.8,328,422
1472.84,328,422
1472.88,328,422
1472.92,328,422
1472.96,328,422
1473.0,328,422
1473.04,328,422
1473.08,328,422
1473.12,328,422
1473.16,303,400
1473.2,303,400
1473.24,303,400
1473.28,303,400
1473.32,303,400
1473.36,303,400
1473.4,303,400
1473.44,303,400
1473.48,303,400
1473.52,303,400
1473.56,303,400
1473.6,303,400
1473.64,303,400
1473.68,303,400
1473.72,303,400
1473.76,303,400
1473.8,303,400
1473.84,303,400
1473.88,303,400
1473.92,303,400
1473.96,303,400
1474.0,303,400
1474.04,303,400
1474.08,303,400
1474.12,303,400
1474.16,303,400
1474.2,303,400
1474.24,303,400
1474.28,303,400
1474.32,303,400
1474.36,303,400
1474.4,303,400
1474.44,303,400
1474.48,303,400
1474.52,303,400
1474.56,303,400
1474.6,303,400
1474.64,303,400
1474.68,303,400
1474.72,303,400
1474.76,303,400
1474.8,303,400
1474.84,303,400
1474.88,303,400
1474.92,303,400
1474.96,303,400
1475.0,303,400
1475.04,303,400
1475.08,303,400
1475.12,303,400
1475.16,303,400
1475.2,303,400
1475.24,303,400
1475.28,303,400
1475.32,303,400
1475.36,303,400
1475.4,303,400
1475.44,303,400
1475.48,303,400
1475.52,303,400
1475.56,303,400
1475.6,303,400
1475.64,303,400
1475.68,303,400
1475.72,303,400
1475.76,303,400
1475.8,303,400
1475.84,303,400
1475.88,303,400
1475.92,303,400
1475.96,303,400
1476.0,303,400
1476.04,303,400
1476.08,303,400
1476.12,303,400
1476.16,303,400
1476.2,303,400
1476.24,303,400
1476.28,303,400
1476.32,303,400
1476.36,303,400
1476.4,303,400
1476.44,303,400
1476.48,303,400
1476.52,303,400
1476.56,303,400
1476.6,303,400
1476.64,303,400
1476.68,303,400
1476.72,303,400
1476.76,303,400
1476.8,303,400
1476.84,303,400
1476.88,303,400
1476.92,303,400
1476.96,303,400
1477.0,303,400
1477.04,303,400
1477.08,303,400
1477.12,303,400
1477.16,303,400
1477.2,303,400
1477.24,303,400
1477.28,303,400
1477.32,303,400
1477.36,303,400
1477.4,303,400
1477.44,303,400
1477.48,303,400
1477.52,303,400
1477.56,303,400
1477.6,303,400
1477.64,303,400
1477.68,303,400
1477.72,303,400
1477.76,303,400
1477.8,303,400
1477.84,303,400
1477.88,303,400
1477.92,303,400
1477.96,303,400
1478.0,303,400
1478.04,303,400
1478.08,303,400
1478.12,303,400
1478.16,303,400
1478.2,303,400
1478.24,303,400
1478.28,303,400
1478.32,303,400
1478.36,303,400
1478.4,303,400
1478.44,303,400
1478.48,303,400
1478.52,303,400
1478.56,303,400
1478.6,303,400
1478.64,303,400
1478.68,303,400
1478.72,303,400
1478.76,303,400
1478.8,303,400
1478.84,303,400
1478.88,303,400
1478.92,303,400
1478.96,303,400
1479.0,303,400
1479.04,303,400
1479.08,303,400
1479.12,303,400
1479.16,303,400
1479.2,303,400
1479.24,303,400
1479.28,303,400
1479.32,303,400
1479.36,303,400
1479.4,303,400
1479.44,303,400
1479.48,303,400
1479.52,303,400
1479.56,303,400
1479.6,303,400
1479.64,303,400
1479.68,303,400
1479.72,303,400
1479.76,303,400
1479.8,303,400
1479.84,303,400
1479.88,303,400
1479.92,303,400
1479.96,303,400
1480.0,303,400
1480.04,303,400
1480.08,303,400
1480.12,303,400
1480.16,303,400
1480.2,303,400
1480.24,303,400
1480.28,303,400
1480.32,303,400
1480.36,303,400
1480.4,303,400
1480.44,303,400
1480.48,303,400
1480.52,303,400
1480.56,303,400
1480.6,303,400
1480.64,303,400
1480.68,303,400
1480.72,303,400
1480.76,303,400
1480.8,303,400
1480.84,303,400
1480.88,303,400
1480.92,303,400
1480.96,303,400
1481.0,303,400
1481.04,303,400
1481.08,303,400
1481.12,303,400
1481.16,303,400
1481.2,303,400
1481.24,303,400
1481.28,303,400
1481.32,303,400
1481.36,303,400
1481.4,357,455
1481.44,372,451
1481.48,372,451
1481.52,372,451
1481.56,372,451
1481.6,372,451
1481.64,372,451
1481.68,372,451
1481.72,372,451
1481.76,372,451
1481.8,372,451
1481.84,372,451
1481.88,372,451
1481.92,372,451
1481.96,372,451
1482.0,372,451
1482.04,372,451
1482.08,372,451
1482.12,372,451
1482.16,372,451
1482.2,372,451
1482.24,372,451
1482.28,372,451
1482.32,372,451
1482.36,372,451
1482.4,372,451
1482.44,372,451
1482.48,372,451
1482.52,372,451
1482.56,372,451
1482.6,372,451
1482.64,372,451
1482.68,372,451
1482.72,372,451
1482.76,372,451
1482.8,372,451
1482.84,372,451
1482.88,372,451
1482.92,372,451
1482.96,372,451
1483.0,372,451
1483.04,372,451
1483.08,372,451
1483.12,372,451
1483.16,372,451
1483.2,372,451
1483.24,372,451
1483.28,372,451
1483.32,372,451
1483.36,372,451
1483.4,372,451
1483.44,372,451
1483.48,372,451
1483.52,372,451
1483.56,372,451
1483.6,372,451
1483.64,372,451
1483.68,372,451
1483.72,372,451
1483.76,372,451
1483.8,372,451
1483.84,372,451
1483.88,372,451
1483.92,372,451
1483.96,372,451
1484.0,372,451
1484.04,372,451
1484.08,372,451
1484.12,372,451
1484.16,372,451
1484.2,372,451
1484.24,372,451
1484.28,372,451
1484.32,372,451
1484.36,372,451
1484.4,372,451
1484.44,372,451
1484.48,372,451
1484.52,372,451
1484.56,372,451
1484.6,372,451
1484.64,372,451
1484.68,372,451
1484.72,372,451
1484.76,372,451
1484.8,372,451
1484.84,372,451
1484.88,372,451
1484.92,372,451
1484.96,372,451
1485.0,372,451
1485.04,372,451
1485.08,372,451
1485.12,372,451
1485.16,372,451
1485.2,372,451
1485.24,372,451
1485.28,372,451
1485.32,372,451
1485.36,372,451
1485.4,372,451
1485.44,372,451
1485.48,372,451
1485.52,372,451
1485.56,372,451
1485.6,372,451
1485.64,372,451
1485.68,372,451
1485.72,372,451
1485.76,372,451
1485.8,372,451
1485.84,372,451
1485.88,372,451
1485.92,372,451
1485.96,372,451
1486.0,372,451
1486.04,372,451
1486.08,372,451
1486.12,372,451
1486.16,372,451
1486.2,372,451
1486.24,372,451
1486.28,372,451
1486.32,372,451
1486.36,372,451
1486.4,372,451
1486.44,372,451
1486.48,372,451
1486.52,372,451
1486.56,372,451
1486.6,372,451
1486.64,372,451
1486.68,372,451
1486.72,372,451
1486.76,372,451
1486.8,372,451
1486.84,372,451
1486.88,372,451
1486.92,372,451
1486.96,372,451
1487.0,372,451
1487.04,372,451
1487.08,372,451
1487.12,372,451
1487.16,372,451
1487.2,372,451
1487.24,372,451
1487.28,372,451
1487.32,372,451
1487.36,372,451
1487.4,372,451
1487.44,372,451
1487.48,372,451
1487.52,372,451
1487.56,372,451
1487.6,372,451
1487.64,372,451
1487.68,372,451
1487.72,372,451
1487.76,372,451
1487.8,372,451
1487.84,372,451
1487.88,372,451
1487.92,372,451
1487.96,372,451
1488.0,372,451
1488.04,372,451
1488.08,372,451
1488.12,372,451
1488.16,372,451
1488.2,372,451
1488.24,372,451
1488.28,372,451
1488.32,372,451
1488.36,372,451
1488.4,372,451
1488.44,372,451
1488.48,372,451
1488.52,372,451
1488.56,372,451
1488.6,372,451
1488.64,372,451
1488.68,372,451
1488.72,372,451
1488.76,372,451
1488.8,372,451
1488.84,372,451
1488.88,372,451
1488.92,372,451
1488.96,372,451
1489.0,372,451
1489.04,372,451
1489.08,372,451
1489.12,372,451
1489.16,372,451
1489.2,372,451
1489.24,372,451
1489.28,372,451
1489.32,372,451
1489.36,372,451
1489.4,372,451
1489.44,372,451
1489.48,372,451
1489.52,372,451
1489.56,372,451
1489.6,372,451
1489.64,372,451
1489.68,372,451
1489.72,372,451
1489.76,372,451
1489.8,372,451
1489.84,372,451
1489.88,372,451
1489.92,372,451
1489.96,372,451
1490.0,372,451
1490.04,372,451
1490.08,372,451
1490.12,372,451
1490.16,372,451
1490.2,372,451
1490.24,372,451
1490.28,372,451
1490.32,372,451
1490.36,372,451
1490.4,372,451
1490.44,372,451
1490.48,372,451
1490.52,372,451
1490.56,372,451
1490.6,372,451
1490.64,372,451
1490.68,372,451
1490.72,372,451
1490.76,372,451
1490.8,372,451
1490.84,372,451
1490.88,367,450
1490.92,369,449
1490.96,369,449
1491.0,369,449
1491.04,370,450
1491.08,371,451
1491.12,371,451
1491.16,371,451
1491.2,367,450
1491.24,368,450
1491.28,367,450
1491.32,369,451
1491.36,369,451
1491.4,369,451
1491.44,371,450
1491.48,372,451
1491.52,372,451
1491.56,372,451
1491.6,372,451
1491.64,372,451
1491.68,372,451
1491.72,372,451
1491.76,371,450
1491.8,371,450
1491.84,371,450
1491.88,372,450
1491.92,372,450
1491.96,373,450
1492.0,373,450
1492.04,372,451
1492.08,372,451
1492.12,370,450
1492.16,372,451
1492.2,371,451
1492.24,371,451
1492.28,371,451
1492.32,371,451
1492.36,371,451
1492.4,371,451
1492.44,371,451
1492.48,371,451
1492.52,371,451
1492.56,371,451
1492.6,371,451
1492.64,368,449
1492.68,368,449
1492.72,370,450
1492.76,371,450
1492.8,371,450
1492.84,371,450
1492.88,369,449
1492.92,369,449
1492.96,369,449
1493.0,369,449
1493.04,369,449
1493.08,369,448
1493.12,370,447
1493.16,369,448
1493.2,369,448
1493.24,370,448
1493.28,370,448
1493.32,370,448
1493.36,370,448
1493.4,370,448
1493.44,370,448
1493.48,369,449
1493.52,369,449
1493.56,369,449
1493.6,369,449
1493.64,368,449
1493.68,369,449
1493.72,370,449
1493.76,370,446
1493.8,370,447
1493.84,370,447
1493.88,371,445
1493.92,369,447
1493.96,370,447
1494.0,370,448
1494.04,369,446
1494.08,369,448
1494.12,370,447
1494.16,371,448
1494.2,370,448
1494.24,370,447
1494.28,371,446
1494.32,372,446
1494.36,371,446
1494.4,372,446
1494.44,371,445
1494.48,372,447
1494.52,372,447
1494.56,373,448
1494.6,371,448
1494.64,371,451
1494.68,372,451
1494.72,372,448
1494.76,373,449
1494.8,372,450
1494.84,371,450
1494.88,371,449
1494.92,371,448
1494.96,370,449
1495.0,371,451
1495.04,369,452
1495.08,368,452
1495.12,366,452
1495.16,366,453
1495.2,366,455
1495.24,365,453
1495.28,365,454
1495.32,365,454
1495.36,365,455
1495.4,365,455
1495.44,365,455
1495.48,365,455
1495.52,365,455
1495.56,365,455
1495.6,365,455
1495.64,365,455
1495.68,365,455
1495.72,365,455
1495.76,365,455
1495.8,365,455
1495.84,365,455
1495.88,365,455
1495.92,365,455
1495.96,365,455
1496.0,365,455
1496.04,365,455
1496.08,365,455
1496.12,365,455
1496.16,365,455
1496.2,365,455
1496.24,365,455
1496.28,365,455
1496.32,365,455
1496.36,365,455
1496.4,365,455
1496.44,365,455
1496.48,365,455
1496.52,365,455
1496.56,365,455
1496.6,365,455
1496.64,365,455
1496.68,365,455
1496.72,365,455
1496.76,365,455
1496.8,365,455
1496.84,365,455
1496.88,365,455
1496.92,365,455
1496.96,365,455
1497.0,365,455
1497.04,365,455
1497.08,365,455
1497.12,365,455
1497.16,365,455
1497.2,365,455
1497.24,365,455
1497.28,365,455
1497.32,365,455
1497.36,365,455
1497.4,365,455
1497.44,365,455
1497.48,365,455
1497.52,365,455
1497.56,365,455
1497.6,365,455
1497.64,365,455
1497.68,365,455
1497.72,365,455
1497.76,365,455
1497.8,365,455
1497.84,365,455
1497.88,365,455
1497.92,365,455
1497.96,365,455
1498.0,365,455
1498.04,365,455
1498.08,365,455
1498.12,365,455
1498.16,365,455
1498.2,365,455
1498.24,365,455
1498.28,365,455
1498.32,365,455
1498.36,365,455
1498.4,365,455
1498.44,365,455
1498.48,365,455
1498.52,365,455
1498.56,365,455
1498.6,365,455
1498.64,365,455
1498.68,365,455
1498.72,365,455
1498.76,365,455
1498.8,365,455
1498.84,365,455
1498.88,365,455
1498.92,365,455
1498.96,365,455
1499.0,365,455
1499.04,365,455
1499.08,365,455
1499.12,365,455
1499.16,365,455
1499.2,365,455
1499.24,365,455
1499.28,365,455
1499.32,365,455
1499.36,365,455
1499.4,365,455
1499.44,365,455
1499.48,365,455
1499.52,365,455
1499.56,365,455
1499.6,365,455
1499.64,365,455
1499.68,365,455
1499.72,365,455
1499.76,365,455
1499.8,365,455
1499.84,365,455
1499.88,365,455
1499.92,365,455
1499.96,365,455
1500.0,365,455
1500.04,365,455
1500.08,365,455
1500.12,365,455
1500.16,365,455
1500.2,365,455
1500.24,365,455
1500.28,365,455
1500.32,365,455
1500.36,365,455
1500.4,365,455
1500.44,365,455
1500.48,365,455
1500.52,365,455
1500.56,365,455
1500.6,365,455
1500.64,365,455
1500.68,365,455
1500.72,365,455
1500.76,365,455
1500.8,365,455
1500.84,365,455
1500.88,365,455
1500.92,365,455
1500.96,364,454
1501.0,363,454
1501.04,363,454
1501.08,363,454
1501.12,363,454
1501.16,364,454
1501.2,364,454
1501.24,364,454
1501.28,365,454
1501.32,365,454
1501.36,365,454
1501.4,365,454
1501.44,365,454
1501.48,365,454
1501.52,365,454
1501.56,365,454
1501.6,365,454
1501.64,365,454
1501.68,365,454
1501.72,365,454
1501.76,365,454
1501.8,365,454
1501.84,365,454
1501.88,365,454
1501.92,365,454
1501.96,365,454
1502.0,365,454
1502.04,365,454
1502.08,365,454
1502.12,365,454
1502.16,365,454
1502.2,365,454
1502.24,365,454
1502.28,365,454
1502.32,365,454
1502.36,365,454
1502.4,365,454
1502.44,365,454
1502.48,365,454
1502.52,365,454
1502.56,365,454
1502.6,365,454
1502.64,365,454
1502.68,365,454
1502.72,365,454
1502.76,365,454
1502.8,365,454
1502.84,365,454
1502.88,365,454
1502.92,365,454
1502.96,365,454
1503.0,365,454
1503.04,365,454
1503.08,365,454
1503.12,365,454
1503.16,365,454
1503.2,365,454
1503.24,365,454
1503.28,365,454
1503.32,365,454
1503.36,365,454
1503.4,365,454
1503.44,365,454
1503.48,365,454
1503.52,365,454
1503.56,365,454
1503.6,365,454
1503.64,365,454
1503.68,365,454
1503.72,365,454
1503.76,365,454
1503.8,365,454
1503.84,365,454
1503.88,365,454
1503.92,365,454
1503.96,365,454
1504.0,365,454
1504.04,365,454
1504.08,365,454
1504.12,365,454
1504.16,365,454
1504.2,365,454
1504.24,365,454
1504.28,365,454
1504.32,365,454
1504.36,365,454
1504.4,365,454
1504.44,365,454
1504.48,365,454
1504.52,365,454
1504.56,365,454
1504.6,365,454
1504.64,365,454
1504.68,365,454
1504.72,365,454
1504.76,365,454
1504.8,366,453
1504.84,366,453
1504.88,366,453
1504.92,366,453
1504.96,366,453
1505.0,366,453
1505.04,366,453
1505.08,366,453
1505.12,366,453
1505.16,366,453
1505.2,366,453
1505.24,366,453
1505.28,366,453
1505.32,366,453
1505.36,366,453
1505.4,366,453
1505.44,366,453
1505.48,366,453
1505.52,366,453
1505.56,366,453
1505.6,366,453
1505.64,366,453
1505.68,366,453
1505.72,366,453
1505.76,366,453
1505.8,366,453
1505.84,366,453
1505.88,366,453
1505.92,366,453
1505.96,366,453
1506.0,366,453
1506.04,366,453
1506.08,365,455
1506.12,366,454
1506.16,366,454
1506.2,366,454
1506.24,365,454
1506.28,365,454
1506.32,365,454
1506.36,365,454
1506.4,365,454
1506.44,365,454
1506.48,366,453
1506.52,366,454
1506.56,366,454
1506.6,366,454
1506.64,366,454
1506.68,366,453
1506.72,366,452
1506.76,366,452
1506.8,366,453
1506.84,366,453
1506.88,366,453
1506.92,366,453
1506.96,366,453
1507.0,366,453
1507.04,366,454
1507.08,366,454
1507.12,366,454
1507.16,366,454
1507.2,366,454
1507.24,366,454
1507.28,366,454
1507.32,366,454
1507.36,366,454
1507.4,366,454
1507.44,366,454
1507.48,366,454
1507.52,366,454
1507.56,366,454
1507.6,366,454
1507.64,366,454
1507.68,366,453
1507.72,366,453
1507.76,366,453
1507.8,366,453
1507.84,366,453
1507.88,366,453
1507.92,367,453
1507.96,366,453
1508.0,366,453
1508.04,367,453
1508.08,367,453
1508.12,367,454
1508.16,367,454
1508.2,367,454
1508.24,367,454
1508.28,367,453
1508.32,367,454
1508.36,367,453
1508.4,367,454
1508.44,367,453
1508.48,367,454
1508.52,367,454
1508.56,367,454
1508.6,367,454
1508.64,367,454
1508.68,366,453
1508.72,367,454
1508.76,366,453
1508.8,366,453
1508.84,366,453
1508.88,366,453
1508.92,367,454
1508.96,367,454
1509.0,367,454
1509.04,366,453
1509.08,366,453
1509.12,367,453
1509.16,367,453
1509.2,367,453
1509.24,367,453
1509.28,367,453
1509.32,367,453
1509.36,367,453
1509.4,367,453
1509.44,367,453
1509.48,367,453
1509.52,367,453
1509.56,367,453
1509.6,367,453
1509.64,367,453
1509.68,367,453
1509.72,367,453
1509.76,367,453
1509.8,366,453
1509.84,366,453
1509.88,366,453
1509.92,366,453
1509.96,366,453
1510.0,366,453
1510.04,366,453
1510.08,366,453
1510.12,366,453
1510.16,366,453
1510.2,366,453
1510.24,366,453
1510.28,366,453
1510.32,366,453
1510.36,366,453
1510.4,366,453
1510.44,366,453
1510.48,366,453
1510.52,366,453
1510.56,366,453
1510.6,366,453
1510.64,366,453
1510.68,366,453
1510.72,366,453
1510.76,366,453
1510.8,366,453
1510.84,366,453
1510.88,366,453
1510.92,366,453
1510.96,366,453
1511.0,366,453
1511.04,366,453
1511.08,366,453
1511.12,366,453
1511.16,366,453
1511.2,366,453
1511.24,366,453
1511.28,366,453
1511.32,366,453
1511.36,366,453
1511.4,366,453
1511.44,366,453
1511.48,366,453
1511.52,366,453
1511.56,366,453
1511.6,366,453
1511.64,366,453
1511.68,366,453
1511.72,366,453
1511.76,366,453
1511.8,366,453
1511.84,366,453
1511.88,366,453
1511.92,366,453
1511.96,366,453
1512.0,366,453
1512.04,366,453
1512.08,366,453
1512.12,366,453
1512.16,366,453
1512.2,366,453
1512.24,366,453
1512.28,366,453
1512.32,366,453
1512.36,366,453
1512.4,366,453
1512.44,366,453
1512.48,366,453
1512.52,366,453
1512.56,366,453
1512.6,366,453
1512.64,366,453
1512.68,366,453
1512.72,366,453
1512.76,366,453
1512.8,366,453
1512.84,366,453
1512.88,366,453
1512.92,366,453
1512.96,366,453
1513.0,366,453
1513.04,366,453
1513.08,366,453
1513.12,366,453
1513.16,366,453
1513.2,366,453
1513.24,366,453
1513.28,366,453
1513.32,366,453
1513.36,366,453
1513.4,366,453
1513.44,366,453
1513.48,366,453
1513.52,366,453
1513.56,366,453
1513.6,366,453
1513.64,366,453
1513.68,366,453
1513.72,366,453
1513.76,366,453
1513.8,366,453
1513.84,366,453
1513.88,366,453
1513.92,366,453
1513.96,366,453
1514.0,366,453
1514.04,366,453
1514.08,366,453
1514.12,366,453
1514.16,366,453
1514.2,366,453
1514.24,366,453
1514.28,366,453
1514.32,366,453
1514.36,366,453
1514.4,366,453
1514.44,366,453
1514.48,366,453
1514.52,366,453
1514.56,366,453
1514.6,366,453
1514.64,366,453
1514.68,366,453
1514.72,366,453
1514.76,366,453
1514.8,366,453
1514.84,366,453
1514.88,366,453
1514.92,366,453
1514.96,366,453
1515.0,366,453
1515.04,366,453
1515.08,366,453
1515.12,366,453
1515.16,366,453
1515.2,366,453
1515.24,366,453
1515.28,366,453
1515.32,366,453
1515.36,366,453
1515.4,366,453
1515.44,366,453
1515.48,366,453
1515.52,366,453
1515.56,366,453
1515.6,366,453
1515.64,366,453
1515.68,366,453
1515.72,366,453
1515.76,366,453
1515.8,366,453
1515.84,366,453
1515.88,366,453
1515.92,366,453
1515.96,366,453
1516.0,366,453
1516.04,366,453
1516.08,366,453
1516.12,365,456
1516.16,364,456
1516.2,364,456
1516.24,364,456
1516.28,364,456
1516.32,364,456
1516.36,364,456
1516.4,364,456
1516.44,364,456
1516.48,364,456
1516.52,364,456
1516.56,364,456
1516.6,364,456
1516.64,364,456
1516.68,364,456
1516.72,364,456
1516.76,364,456
1516.8,364,456
1516.84,364,456
1516.88,364,456
1516.92,364,456
1516.96,364,456
1517.0,364,456
1517.04,364,456
1517.08,364,456
1517.12,364,456
1517.16,364,456
1517.2,364,456
1517.24,364,456
1517.28,364,456
1517.32,364,456
1517.36,364,456
1517.4,364,456
1517.44,364,456
1517.48,364,456
1517.52,364,456
1517.56,364,456
1517.6,364,456
1517.64,364,456
1517.68,364,456
1517.72,364,456
1517.76,364,456
1517.8,364,456
1517.84,364,456
1517.88,364,456
1517.92,364,456
1517.96,364,456
1518.0,364,456
1518.04,364,456
1518.08,364,456
1518.12,364,456
1518.16,364,456
1518.2,364,456
1518.24,364,456
1518.28,364,456
1518.32,364,456
1518.36,364,456
1518.4,364,456
1518.44,364,456
1518.48,364,456
1518.52,364,456
1518.56,364,456
1518.6,364,456
1518.64,364,456
1518.68,364,456
1518.72,364,456
1518.76,364,456
1518.8,364,456
1518.84,364,456
1518.88,364,456
1518.92,364,456
1518.96,364,456
1519.0,364,456
1519.04,364,456
1519.08,364,456
1519.12,364,456
1519.16,364,456
1519.2,364,456
1519.24,364,456
1519.28,364,456
1519.32,364,456
1519.36,364,456
1519.4,364,456
1519.44,364,456
1519.48,364,456
1519.52,364,456
1519.56,364,456
1519.6,364,456
1519.64,364,456
1519.68,364,456
1519.72,364,456
1519.76,364,456
1519.8,364,456
1519.84,364,456
1519.88,364,456
1519.92,364,456
1519.96,364,456
1520.0,364,456
1520.04,364,456
1520.08,364,456
1520.12,364,456
1520.16,364,456
1520.2,364,456
1520.24,364,456
1520.28,364,456
1520.32,364,456
1520.36,364,456
1520.4,364,456
1520.44,364,456
1520.48,364,456
1520.52,364,456
1520.56,364,456
1520.6,364,456
1520.64,364,456
1520.68,364,456
1520.72,364,456
1520.76,364,456
1520.8,364,456
1520.84,364,456
1520.88,364,456
1520.92,364,456
1520.96,364,456
1521.0,364,456
1521.04,364,456
1521.08,338,358
1521.12,341,352
1521.16,342,353
1521.2,345,351
1521.24,345,350
1521.28,347,348
1521.32,348,348
1521.36,347,349
1521.4,347,349
1521.44,347,347
1521.48,350,343
1521.52,346,343
1521.56,347,338
1521.6,346,333
1521.64,343,328
1521.68,343,328
1521.72,343,328
1521.76,343,328
1521.8,343,328
1521.84,343,328
1521.88,343,328
1521.92,343,328
1521.96,343,328
1522.0,343,328
1522.04,343,328
1522.08,343,328
1522.12,343,328
1522.16,343,328
1522.2,343,328
1522.24,343,328
1522.28,377,355
1522.32,381,358
1522.36,387,358
1522.4,388,379
1522.44,391,365
1522.48,390,359
1522.52,390,359
1522.56,390,359
1522.6,384,349
1522.64,382,348
1522.68,377,359
1522.72,377,359
1522.76,377,359
1522.8,377,359
1522.84,377,359
1522.88,377,359
1522.92,354,410
1522.96,349,421
1523.0,345,429
1523.04,344,435
1523.08,342,440
1523.12,340,444
1523.16,338,447
1523.2,338,447
1523.24,338,447
1523.28,338,447
1523.32,338,447
1523.36,338,447
1523.4,338,447
1523.44,338,447
1523.48,338,447
1523.52,338,447
1523.56,338,447
1523.6,338,447
1523.64,338,447
1523.68,338,447
1523.72,338,447
1523.76,338,447
1523.8,338,447
1523.84,338,447
1523.88,338,447
1523.92,338,447
1523.96,338,447
1524.0,338,447
1524.04,338,447
1524.08,338,447
1524.12,338,447
1524.16,338,447
1524.2,338,447
1524.24,338,447
1524.28,338,447
1524.32,338,447
1524.36,338,447
1524.4,338,447
1524.44,338,447
1524.48,338,447
1524.52,338,447
1524.56,338,447
1524.6,338,447
1524.64,338,447
1524.68,338,447
1524.72,338,447
1524.76,338,447
1524.8,338,447
1524.84,338,447
1524.88,338,447
1524.92,338,447
1524.96,338,447
1525.0,338,447
1525.04,338,447
1525.08,338,447
1525.12,338,447
1525.16,338,447
1525.2,338,447
1525.24,338,447
1525.28,338,447
1525.32,338,447
1525.36,338,447
1525.4,338,447
1525.44,338,447
1525.48,338,447
1525.52,338,447
1525.56,338,447
1525.6,338,447
1525.64,338,447
1525.68,338,447
1525.72,338,447
1525.76,338,447
1525.8,338,447
1525.84,338,447
1525.88,338,447
1525.92,338,447
1525.96,338,447
1526.0,338,447
1526.04,338,447
1526.08,338,447
1526.12,338,447
1526.16,338,447
1526.2,338,447
1526.24,338,447
1526.28,338,447
1526.32,338,447
1526.36,338,447
1526.4,338,447
1526.44,338,447
1526.48,338,447
1526.52,338,447
1526.56,338,447
1526.6,338,447
1526.64,338,447
1526.68,338,447
1526.72,338,447
1526.76,338,447
1526.8,338,447
1526.84,338,447
1526.88,338,447
1526.92,338,447
1526.96,338,447
1527.0,338,447
1527.04,338,447
1527.08,338,447
1527.12,338,447
1527.16,338,447
1527.2,338,447
1527.24,338,447
1527.28,338,447
1527.32,338,447
1527.36,338,447
1527.4,338,447
1527.44,338,447
1527.48,338,447
1527.52,338,447
1527.56,338,447
1527.6,338,447
1527.64,338,447
1527.68,311,411
1527.72,311,411
1527.76,311,411
1527.8,311,411
1527.84,311,411
1527.88,311,411
1527.92,311,411
1527.96,360,433
1528.0,364,436
1528.04,362,435
1528.08,362,434
1528.12,360,434
1528.16,358,433
1528.2,356,433
1528.24,354,433
1528.28,357,432
1528.32,355,432
1528.36,357,431
1528.4,358,431
1528.44,357,431
1528.48,356,432
1528.52,356,433
1528.56,357,433
1528.6,357,434
1528.64,357,434
1528.68,353,433
1528.72,356,433
1528.76,356,432
1528.8,355,432
1528.84,355,432
1528.88,355,432
1528.92,354,432
1528.96,354,431
1529.0,355,431
1529.04,355,431
1529.08,355,431
1529.12,354,431
1529.16,355,431
1529.2,355,431
1529.24,355,431
1529.28,356,430
1529.32,357,431
1529.36,356,431
1529.4,356,432
1529.44,356,432
1529.48,358,432
1529.52,357,432
1529.56,357,433
1529.6,358,433
1529.64,359,433
1529.68,359,433
1529.72,362,433
1529.76,363,434
1529.8,365,434
1529.84,364,434
1529.88,362,434
1529.92,363,434
1529.96,363,435
1530.0,367,435
1530.04,367,428
1530.08,364,436
1530.12,366,436
1530.16,366,436
1530.2,367,436
1530.24,366,436
1530.28,367,436
1530.32,367,437
1530.36,368,437
1530.4,369,438
1530.44,370,438
1530.48,371,439
1530.52,371,439
1530.56,371,439
1530.6,371,439
1530.64,371,439
1530.68,371,440
1530.72,373,440
1530.76,373,440
1530.8,373,441
1530.84,373,441
1530.88,375,442
1530.92,375,442
1530.96,375,442
1531.0,379,436
1531.04,380,436
1531.08,381,436
1531.12,381,437
1531.16,383,438
1531.2,383,438
1531.24,383,438
1531.28,383,438
1531.32,384,439
1531.36,384,438
1531.4,385,440
1531.44,385,440
1531.48,386,441
1531.52,386,440
1531.56,387,441
1531.6,386,441
1531.64,386,441
1531.68,386,440
1531.72,382,439
1531.76,381,436
1531.8,379,434
1531.84,380,433
1531.88,380,424
1531.92,377,434
1531.96,377,434
1532.0,368,431
1532.04,363,432
1532.08,361,433
1532.12,363,434
1532.16,366,435
1532.2,364,437
1532.24,363,437
1532.28,369,437
1532.32,364,437
1532.36,367,437
1532.4,366,437
1532.44,366,437
1532.48,368,436
1532.52,371,436
1532.56,373,435
1532.6,367,434
1532.64,367,432
1532.68,365,431
1532.72,366,431
1532.76,365,432
1532.8,364,434
1532.84,363,435
1532.88,363,435
1532.92,365,435
1532.96,364,435
1533.0,366,435
1533.04,365,436
1533.08,364,436
1533.12,365,436
1533.16,364,436
1533.2,365,436
1533.24,365,436
1533.28,365,436
1533.32,367,437
1533.36,367,436
1533.4,370,429
1533.44,368,437
1533.48,370,429
1533.52,370,429
1533.56,373,429
1533.6,373,429
1533.64,374,430
1533.68,375,430
1533.72,374,431
1533.76,375,431
1533.8,378,432
1533.84,376,432
1533.88,382,426
1533.92,381,434
1533.96,383,434
1534.0,385,434
1534.04,379,435
1534.08,380,436
1534.12,381,435
1534.16,385,436
1534.2,381,434
1534.24,385,436
1534.28,386,437
1534.32,387,438
1534.36,389,438
1534.4,389,439
1534.44,390,439
1534.48,388,439
1534.52,389,439
1534.56,385,439
1534.6,390,439
1534.64,387,439
1534.68,383,438
1534.72,379,437
1534.76,379,434
1534.8,375,430
1534.84,374,426
1534.88,373,424
1534.92,370,422
1534.96,367,421
1535.0,364,419
1535.04,364,413
1535.08,362,415
1535.12,358,417
1535.16,363,420
1535.2,363,420
1535.24,362,419
1535.28,366,427
1535.32,361,419
1535.36,361,419
1535.4,359,419
1535.44,360,419
1535.48,365,428
1535.52,366,428
1535.56,361,420
1535.6,367,429
1535.64,369,429
1535.68,367,429
1535.72,368,430
1535.76,369,431
1535.8,369,431
1535.84,371,432
1535.88,375,433
1535.92,371,433
1535.96,372,433
1536.0,376,435
1536.04,375,435
1536.08,375,435
1536.12,380,436
1536.16,381,437
1536.2,380,437
1536.24,382,438
1536.28,384,438
1536.32,383,438
1536.36,384,439
1536.4,384,439
1536.44,384,438
1536.48,384,438
1536.52,383,438
1536.56,382,438
1536.6,381,436
1536.64,378,432
1536.68,375,429
1536.72,371,424
1536.76,370,422
1536.8,366,427
1536.84,363,426
1536.88,362,427
1536.92,361,428
1536.96,361,431
1537.0,362,434
1537.04,360,435
1537.08,361,434
1537.12,362,435
1537.16,360,435
1537.2,362,435
1537.24,362,435
1537.28,362,436
1537.32,363,436
1537.36,363,436
1537.4,369,437
1537.44,366,429
1537.48,372,437
1537.52,373,422
1537.56,365,437
1537.6,365,437
1537.64,375,441
1537.68,375,424
1537.72,377,433
1537.76,377,433
1537.8,380,444
1537.84,375,424
1537.88,380,426
1537.92,381,427
1537.96,382,438
1538.0,382,437
1538.04,382,438
1538.08,382,438
1538.12,384,439
1538.16,385,439
1538.2,385,439
1538.24,386,440
1538.28,388,441
1538.32,389,441
1538.36,388,441
1538.4,388,440
1538.44,386,441
1538.48,387,441
1538.52,385,440
1538.56,383,438
1538.6,381,435
1538.64,379,432
1538.68,374,429
1538.72,375,427
1538.76,376,426
1538.8,371,416
1538.84,372,426
1538.88,372,426
1538.92,372,426
1538.96,372,426
1539.0,372,426
1539.04,372,426
1539.08,372,426
1539.12,372,426
1539.16,372,426
1539.2,372,426
1539.24,372,426
1539.28,372,426
1539.32,372,426
1539.36,372,426
1539.4,372,426
1539.44,372,426
1539.48,372,426
1539.52,382,425
1539.56,382,425
1539.6,382,425
1539.64,382,425
1539.68,386,427
1539.72,386,427
1539.76,388,428
1539.8,389,428
1539.84,389,429
1539.88,388,438
1539.92,390,430
1539.96,391,431
1540.0,392,432
1540.04,391,440
1540.08,392,440
1540.12,394,432
1540.16,396,433
1540.2,398,433
1540.24,400,433
1540.28,400,434
1540.32,401,434
1540.36,401,434
1540.4,402,434
1540.44,401,434
1540.48,401,434
1540.52,401,434
1540.56,402,434
1540.6,402,435
1540.64,402,435
1540.68,403,436
1540.72,404,437
1540.76,403,436
1540.8,402,436
1540.84,402,436
1540.88,401,436
1540.92,398,433
1540.96,396,432
1541.0,386,427
1541.04,381,424
1541.08,378,421
1541.12,372,417
1541.16,366,413
1541.2,366,413
1541.24,361,409
1541.28,356,410
1541.32,350,412
1541.36,344,414
1541.4,344,414
1541.44,340,423
1541.48,339,424
1541.52,336,424
1541.56,330,424
1541.6,330,424
1541.64,330,432
1541.68,330,422
1541.72,330,422
1541.76,330,422
1541.8,330,422
1541.84,339,424
1541.88,339,424
1541.92,343,438
1541.96,347,440
1542.0,347,441
1542.04,347,442
1542.08,346,442
1542.12,345,442
1542.16,343,451
1542.2,341,451
1542.24,339,440
1542.28,335,429
1542.32,333,437
1542.36,336,445
1542.4,344,423
1542.44,349,421
1542.48,355,428
1542.52,368,424
1542.56,375,407
1542.6,378,412
1542.64,378,412
1542.68,378,412
1542.72,379,388
1542.76,379,388
1542.8,379,388
1542.84,363,415
1542.88,356,424
1542.92,356,424
1542.96,344,425
1543.0,345,448
1543.04,345,449
1543.08,344,449
1543.12,344,449
1543.16,340,449
1543.2,340,449
1543.24,340,449
1543.28,328,429
1543.32,328,429
1543.36,328,429
1543.4,328,429
1543.44,328,429
1543.48,328,429
1543.52,328,429
1543.56,328,429
1543.6,328,429
1543.64,328,429
1543.68,328,429
1543.72,328,429
1543.76,328,429
1543.8,328,429
1543.84,328,429
1543.88,328,429
1543.92,328,429
1543.96,328,429
1544.0,328,429
1544.04,328,429
1544.08,328,429
1544.12,328,429
1544.16,328,429
1544.2,328,429
1544.24,328,429
1544.28,328,429
1544.32,328,429
1544.36,328,429
1544.4,328,429
1544.44,328,429
1544.48,328,429
1544.52,328,429
1544.56,328,429
1544.6,328,429
1544.64,328,429
1544.68,328,429
1544.72,288,435
1544.76,283,430
1544.8,278,425
1544.84,278,425
1544.88,278,425
1544.92,278,425
1544.96,278,425
1545.0,284,387
1545.04,284,387
1545.08,284,387
1545.12,310,353
1545.16,325,336
1545.2,337,330
1545.24,348,324
1545.28,359,322
1545.32,368,324
1545.36,373,329
1545.4,374,337
1545.44,382,343
1545.48,386,350
1545.52,389,358
1545.56,389,367
1545.6,390,373
1545.64,390,377
1545.68,388,382
1545.72,388,385
1545.76,386,387
1545.8,383,388
1545.84,380,389
1545.88,374,390
1545.92,369,390
1545.96,365,399
1546.0,365,399
1546.04,365,399
1546.08,365,399
1546.12,365,399
1546.16,365,399
1546.2,325,420
1546.24,327,421
1546.28,328,422
1546.32,331,423
1546.36,333,423
1546.4,335,422
1546.44,335,421
1546.48,336,420
1546.52,334,419
1546.56,334,419
1546.6,334,419
1546.64,334,419
1546.68,334,419
1546.72,334,419
1546.76,334,419
1546.8,334,419
1546.84,334,419
1546.88,334,419
1546.92,334,419
1546.96,334,419
1547.0,334,419
1547.04,334,419
1547.08,334,419
1547.12,334,419
1547.16,334,419
1547.2,334,419
1547.24,334,419
1547.28,334,419
1547.32,334,419
1547.36,334,419
1547.4,334,419
1547.44,334,419
1547.48,334,419
1547.52,334,419
1547.56,334,419
1547.6,334,419
1547.64,334,419
1547.68,334,419
1547.72,334,419
1547.76,334,419
1547.8,334,419
1547.84,334,419
1547.88,334,419
1547.92,334,419
1547.96,334,419
1548.0,334,419
1548.04,334,419
1548.08,334,419
1548.12,334,419
1548.16,334,419
1548.2,334,419
1548.24,334,419
1548.28,334,419
1548.32,334,419
1548.36,334,419
1548.4,334,419
1548.44,334,419
1548.48,334,419
1548.52,334,419
1548.56,334,419
1548.6,334,419
1548.64,334,419
1548.68,367,335
1548.72,367,335
1548.76,367,335
1548.8,367,335
1548.84,372,355
1548.88,372,355
1548.92,372,355
1548.96,379,391
1549.0,380,402
1549.04,386,414
1549.08,385,430
1549.12,374,439
1549.16,379,449
1549.2,378,457
1549.24,376,463
1549.28,375,466
1549.32,375,466
1549.36,376,467
1549.4,378,467
1549.44,378,468
1549.48,378,468
1549.52,377,466
1549.56,378,467
1549.6,378,466
1549.64,378,467
1549.68,377,467
1549.72,378,464
1549.76,379,465
1549.8,378,465
1549.84,379,464
1549.88,379,462
1549.92,380,461
1549.96,379,461
1550.0,379,460
1550.04,379,460
1550.08,379,461
1550.12,379,461
1550.16,379,461
1550.2,379,461
1550.24,379,463
1550.28,378,461
1550.32,374,458
1550.36,368,453
1550.4,354,442
1550.44,354,442
1550.48,354,442
1550.52,354,442
1550.56,354,442
1550.6,354,442
1550.64,354,442
1550.68,354,442
1550.72,354,442
1550.76,354,442
1550.8,354,442
1550.84,354,442
1550.88,316,442
1550.92,316,442
1550.96,317,441
1551.0,317,441
1551.04,317,441
1551.08,317,438
1551.12,318,437
1551.16,318,435
1551.2,318,435
1551.24,318,435
1551.28,318,435
1551.32,318,435
1551.36,318,435
1551.4,318,435
1551.44,318,435
1551.48,318,435
1551.52,318,435
1551.56,318,435
1551.6,318,435
1551.64,318,435
1551.68,318,435
1551.72,318,435
1551.76,318,435
1551.8,318,435
1551.84,318,435
1551.88,318,435
1551.92,318,435
1551.96,318,435
1552.0,318,435
1552.04,318,435
1552.08,318,435
1552.12,318,435
1552.16,318,435
1552.2,318,435
1552.24,318,435
1552.28,318,435
1552.32,318,435
1552.36,318,435
1552.4,318,435
1552.44,318,435
1552.48,318,435
1552.52,318,435
1552.56,318,435
1552.6,318,435
1552.64,318,435
1552.68,318,435
1552.72,318,435
1552.76,318,435
1552.8,318,435
1552.84,318,435
1552.88,318,435
1552.92,318,435
1552.96,318,435
1553.0,318,435
1553.04,318,435
1553.08,318,435
1553.12,318,435
1553.16,318,435
1553.2,318,435
1553.24,318,435
1553.28,318,435
1553.32,318,435
1553.36,318,435
1553.4,318,435
1553.44,318,435
1553.48,318,435
1553.52,318,435
1553.56,318,435
1553.6,318,435
1553.64,318,435
1553.68,318,435
1553.72,318,435
1553.76,318,435
1553.8,318,435
1553.84,364,414
1553.88,368,427
1553.92,370,433
1553.96,374,440
1554.0,377,445
1554.04,379,449
1554.08,381,452
1554.12,382,455
1554.16,384,454
1554.2,384,453
1554.24,384,453
1554.28,383,447
1554.32,382,447
1554.36,382,444
1554.4,382,440
1554.44,382,439
1554.48,383,442
1554.52,383,443
1554.56,382,445
1554.6,383,449
1554.64,385,453
1554.68,385,455
1554.72,383,455
1554.76,380,454
1554.8,377,453
1554.84,373,450
1554.88,371,449
1554.92,370,448
1554.96,366,446
1555.0,365,445
1555.04,363,446
1555.08,358,447
1555.12,362,447
1555.16,359,444
1555.2,358,440
1555.24,358,440
1555.28,358,440
1555.32,358,440
1555.36,358,440
1555.4,363,443
1555.44,370,440
1555.48,368,444
1555.52,380,434
1555.56,384,438
1555.6,386,443
1555.64,387,445
1555.68,386,443
1555.72,385,443
1555.76,384,443
1555.8,379,441
1555.84,380,440
1555.88,378,439
1555.92,377,441
1555.96,371,436
1556.0,369,436
1556.04,370,433
1556.08,367,433
1556.12,369,435
1556.16,369,434
1556.2,364,435
1556.24,366,439
1556.28,370,435
1556.32,370,435
1556.36,369,437
1556.4,369,430
1556.44,365,429
1556.48,367,432
1556.52,370,439
1556.56,371,431
1556.6,372,434
1556.64,371,436
1556.68,371,436
1556.72,373,435
1556.76,373,433
1556.8,378,435
1556.84,374,434
1556.88,376,435
1556.92,379,435
1556.96,378,435
1557.0,381,436
1557.04,378,435
1557.08,382,436
1557.12,382,437
1557.16,382,437
1557.2,384,438
1557.24,386,439
1557.28,386,439
1557.32,386,440
1557.36,386,440
1557.4,389,440
1557.44,389,441
1557.48,391,441
1557.52,393,442
1557.56,393,443
1557.6,393,443
1557.64,394,443
1557.68,395,444
1557.72,396,444
1557.76,395,444
1557.8,395,445
1557.84,395,445
1557.88,395,445
1557.92,393,443
1557.96,391,441
1558.0,388,438
1558.04,383,435
1558.08,381,431
1558.12,376,428
1558.16,374,427
1558.2,370,427
1558.24,368,429
1558.28,368,430
1558.32,369,429
1558.36,369,430
1558.4,369,430
1558.44,370,430
1558.48,369,430
1558.52,369,430
1558.56,370,432
1558.6,370,431
1558.64,370,431
1558.68,370,430
1558.72,369,430
1558.76,370,430
1558.8,372,430
1558.84,372,430
1558.88,377,431
1558.92,374,431
1558.96,372,432
1559.0,375,432
1559.04,377,432
1559.08,376,432
1559.12,377,433
1559.16,377,433
1559.2,378,433
1559.24,379,433
1559.28,381,433
1559.32,382,435
1559.36,382,434
1559.4,383,435
1559.44,383,436
1559.48,385,436
1559.52,386,437
1559.56,387,438
1559.6,388,437
1559.64,388,438
1559.68,388,438
1559.72,389,439
1559.76,389,439
1559.8,390,439
1559.84,391,439
1559.88,390,440
1559.92,390,440
1559.96,390,440
1560.0,390,440
1560.04,389,440
1560.08,388,439
1560.12,382,440
1560.16,380,433
1560.2,375,438
1560.24,371,434
1560.28,369,430
1560.32,366,427
1560.36,360,428
1560.4,358,428
1560.44,358,429
1560.48,358,433
1560.52,356,436
1560.56,356,438
1560.6,356,438
1560.64,356,438
1560.68,356,438
1560.72,356,438
1560.76,356,438
1560.8,356,438
1560.84,356,438
1560.88,356,438
1560.92,356,438
1560.96,356,438
1561.0,356,438
1561.04,356,438
1561.08,356,438
1561.12,356,438
1561.16,356,438
1561.2,356,438
1561.24,356,438
1561.28,356,438
1561.32,380,424
1561.36,380,424
1561.4,376,434
1561.44,374,444
1561.48,374,444
1561.52,380,426
1561.56,379,426
1561.6,381,427
1561.64,384,438
1561.68,385,439
1561.72,384,439
1561.76,385,439
1561.8,386,440
1561.84,387,440
1561.88,386,440
1561.92,386,441
1561.96,387,442
1562.0,386,444
1562.04,383,442
1562.08,377,441
1562.12,375,440
1562.16,368,429
1562.2,365,440
1562.24,362,437
1562.28,363,437
1562.32,361,428
1562.36,360,438
1562.4,361,437
1562.44,364,437
1562.48,362,436
1562.52,363,437
1562.56,364,438
1562.6,365,440
1562.64,363,442
1562.68,362,433
1562.72,360,438
1562.76,352,423
1562.8,341,426
1562.84,341,426
1562.88,341,426
1562.92,341,426
1562.96,341,426
1563.0,341,426
1563.04,341,426
1563.08,341,426
1563.12,341,426
1563.16,341,426
1563.2,341,426
1563.24,341,426
1563.28,341,426
1563.32,341,426
1563.36,341,426
1563.4,341,426
1563.44,341,426
1563.48,341,426
1563.52,341,426
1563.56,341,426
1563.6,341,426
1563.64,341,426
1563.68,341,426
1563.72,351,424
1563.76,351,432
1563.8,354,434
1563.84,356,446
1563.88,359,437
1563.92,356,446
1563.96,362,448
1564.0,359,456
1564.04,358,455
1564.08,359,454
1564.12,358,451
1564.16,361,449
1564.2,362,446
1564.24,359,441
1564.28,361,440
1564.32,371,430
1564.36,372,433
1564.4,371,435
1564.44,364,436
1564.48,364,436
1564.52,362,436
1564.56,362,436
1564.6,367,421
1564.64,367,421
1564.68,356,435
1564.72,356,435
1564.76,364,420
1564.8,368,428
1564.84,364,420
1564.88,361,427
1564.92,364,420
1564.96,364,420
1565.0,365,420
1565.04,364,420
1565.08,364,420
1565.12,364,420
1565.16,364,420
1565.2,364,420
1565.24,369,422
1565.28,371,423
1565.32,374,424
1565.36,375,433
1565.4,376,433
1565.44,376,434
1565.48,378,435
1565.52,377,435
1565.56,379,436
1565.6,380,436
1565.64,381,437
1565.68,382,437
1565.72,383,438
1565.76,382,439
1565.8,383,440
1565.84,385,439
1565.88,386,440
1565.92,386,441
1565.96,386,441
1566.0,387,441
1566.04,387,442
1566.08,386,442
1566.12,386,442
1566.16,385,442
1566.2,385,439
1566.24,381,436
1566.28,380,432
1566.32,377,428
1566.36,375,424
1566.4,370,422
1566.44,369,423
1566.48,368,422
1566.52,368,424
1566.56,366,423
1566.6,366,426
1566.64,364,430
1566.68,364,429
1566.72,365,437
1566.76,366,437
1566.8,365,429
1566.84,363,429
1566.88,364,429
1566.92,364,428
1566.96,364,429
1567.0,363,429
1567.04,367,429
1567.08,367,429
1567.12,369,422
1567.16,368,431
1567.2,370,431
1567.24,373,431
1567.28,372,432
1567.32,374,432
1567.36,374,432
1567.4,377,433
1567.44,376,434
1567.48,377,435
1567.52,378,435
1567.56,379,436
1567.6,379,436
1567.64,381,437
1567.68,380,437
1567.72,381,439
1567.76,381,439
1567.8,383,439
1567.84,384,440
1567.88,385,440
1567.92,386,441
1567.96,387,442
1568.0,388,442
1568.04,389,443
1568.08,389,443
1568.12,390,443
1568.16,389,443
1568.2,388,443
1568.24,389,442
1568.28,385,441
1568.32,384,437
1568.36,382,434
1568.4,378,430
1568.44,375,425
1568.48,372,423
1568.52,368,422
1568.56,368,422
1568.6,367,424
1568.64,368,427
1568.68,369,429
1568.72,368,429
1568.76,363,429
1568.8,369,429
1568.84,367,430
1568.88,367,430
1568.92,367,430
1568.96,368,430
1569.0,369,430
1569.04,370,430
1569.08,370,430
1569.12,371,430
1569.16,373,440
1569.2,370,431
1569.24,371,432
1569.28,372,432
1569.32,374,433
1569.36,375,434
1569.4,376,434
1569.44,376,435
1569.48,377,436
1569.52,376,436
1569.56,379,438
1569.6,382,439
1569.64,382,438
1569.68,380,438
1569.72,381,438
1569.76,379,438
1569.8,384,440
1569.84,383,440
1569.88,383,439
1569.92,383,440
1569.96,383,440
1570.0,382,440
1570.04,382,440
1570.08,382,440
1570.12,381,439
1570.16,380,437
1570.2,378,433
1570.24,376,428
1570.28,372,423
1570.32,372,428
1570.36,366,426
1570.4,365,425
1570.44,365,417
1570.48,364,428
1570.52,364,432
1570.56,365,437
1570.6,365,435
1570.64,363,435
1570.68,363,435
1570.72,363,435
1570.76,363,435
1570.8,363,435
1570.84,363,435
1570.88,369,420
1570.92,369,421
1570.96,369,420
1571.0,370,420
1571.04,367,428
1571.08,373,421
1571.12,375,430
1571.16,375,430
1571.2,371,430
1571.24,373,423
1571.28,377,432
1571.32,378,432
1571.36,376,433
1571.4,379,434
1571.44,379,435
1571.48,381,435
1571.52,380,436
1571.56,380,436
1571.6,382,436
1571.64,383,437
1571.68,383,437
1571.72,384,437
1571.76,385,438
1571.8,385,438
1571.84,387,438
1571.88,387,439
1571.92,388,440
1571.96,389,440
1572.0,389,439
1572.04,389,439
1572.08,389,439
1572.12,387,439
1572.16,384,439
1572.2,382,438
1572.24,379,437
1572.28,377,436
1572.32,373,434
1572.36,364,433
1572.4,360,432
1572.44,360,432
1572.48,360,432
1572.52,360,432
1572.56,360,432
1572.6,360,432
1572.64,360,432
1572.68,360,432
1572.72,360,432
1572.76,360,432
1572.8,360,432
1572.84,360,432
1572.88,360,432
1572.92,360,432
1572.96,360,432
1573.0,360,432
1573.04,360,432
1573.08,360,432
1573.12,360,432
1573.16,360,432
1573.2,360,432
1573.24,360,432
1573.28,360,432
1573.32,360,432
1573.36,360,432
1573.4,360,432
1573.44,360,432
1573.48,360,432
1573.52,360,432
1573.56,360,432
1573.6,360,432
1573.64,360,432
1573.68,360,432
1573.72,360,432
1573.76,360,432
1573.8,360,432
1573.84,360,432
1573.88,360,432
1573.92,360,432
1573.96,360,432
1574.0,360,432
1574.04,360,432
1574.08,360,432
1574.12,360,432
1574.16,360,432
1574.2,360,432
1574.24,360,432
1574.28,360,432
1574.32,360,432
1574.36,360,432
1574.4,369,431
1574.44,374,417
1574.48,377,439
1574.52,382,451
1574.56,388,456
1574.6,388,463
1574.64,389,468
1574.68,388,470
1574.72,388,471
1574.76,387,471
1574.8,388,471
1574.84,388,470
1574.88,388,469
1574.92,387,468
1574.96,387,465
1575.0,382,464
1575.04,377,460
1575.08,367,443
1575.12,352,434
1575.16,352,434
1575.2,352,434
1575.24,352,434
1575.28,352,434
1575.32,352,434
1575.36,352,434
1575.4,352,434
1575.44,352,434
1575.48,352,434
1575.52,352,434
1575.56,352,434
1575.6,352,434
1575.64,352,434
1575.68,352,434
1575.72,352,434
1575.76,352,434
1575.8,352,434
1575.84,352,434
1575.88,352,434
1575.92,352,434
1575.96,352,434
1576.0,352,434
1576.04,352,434
1576.08,328,359
1576.12,338,348
1576.16,341,339
1576.2,352,328
1576.24,363,328
1576.28,378,327
1576.32,389,330
1576.36,399,338
1576.4,407,348
1576.44,414,359
1576.48,419,370
1576.52,421,380
1576.56,423,389
1576.6,424,392
1576.64,410,390
1576.68,411,391
1576.72,407,391
1576.76,405,390
1576.8,402,387
1576.84,392,389
1576.88,387,391
1576.92,383,392
1576.96,376,395
1577.0,373,397
1577.04,363,401
1577.08,362,415
1577.12,359,418
1577.16,351,420
1577.2,350,424
1577.24,351,429
1577.28,348,431
1577.32,353,434
1577.36,347,434
1577.4,347,434
1577.44,347,434
1577.48,347,434
1577.52,347,434
1577.56,347,434
1577.6,347,434
1577.64,347,434
1577.68,347,434
1577.72,347,434
1577.76,347,434
1577.8,347,434
1577.84,347,434
1577.88,347,434
1577.92,347,434
1577.96,347,434
1578.0,347,434
1578.04,347,434
1578.08,347,434
1578.12,347,434
1578.16,347,434
1578.2,347,434
1578.24,347,434
1578.28,347,434
1578.32,347,434
1578.36,347,434
1578.4,347,434
1578.44,372,434
1578.48,370,434
1578.52,369,437
1578.56,370,440
1578.6,367,443
1578.64,365,444
1578.68,365,445
1578.72,363,445
1578.76,363,445
1578.8,363,445
1578.84,363,445
1578.88,363,445
1578.92,363,445
1578.96,363,445
1579.0,363,445
1579.04,363,445
1579.08,363,445
1579.12,363,445
1579.16,363,445
1579.2,363,445
1579.24,363,445
1579.28,363,445
1579.32,363,447
1579.36,363,447
1579.4,363,447
1579.44,363,447
1579.48,363,447
1579.52,363,455
1579.56,363,455
1579.6,363,455
1579.64,366,457
1579.68,367,457
1579.72,368,457
1579.76,368,457
1579.8,380,436
1579.84,380,435
1579.88,384,435
1579.92,383,434
1579.96,383,434
1580.0,383,433
1580.04,377,431
1580.08,372,430
1580.12,378,430
1580.16,378,439
1580.2,378,439
1580.24,380,439
1580.28,381,440
1580.32,381,440
1580.36,382,429
1580.4,381,439
1580.44,379,449
1580.48,376,438
1580.52,372,437
1580.56,372,435
1580.6,371,424
1580.64,367,433
1580.68,369,432
1580.72,369,432
1580.76,370,430
1580.8,376,439
1580.84,379,430
1580.88,379,440
1580.92,382,441
1580.96,384,434
1581.0,382,440
1581.04,383,440
1581.08,383,440
1581.12,383,440
1581.16,384,440
1581.2,381,440
1581.24,382,440
1581.28,382,440
1581.32,382,439
1581.36,381,439
1581.4,379,439
1581.44,377,439
1581.48,381,440
1581.52,381,441
1581.56,380,440
1581.6,381,440
1581.64,381,440
1581.68,381,440
1581.72,381,439
1581.76,380,439
1581.8,380,439
1581.84,377,437
1581.88,378,437
1581.92,376,435
1581.96,374,435
1582.0,372,433
1582.04,369,432
1582.08,368,429
1582.12,363,419
1582.16,360,424
1582.2,360,424
1582.24,360,424
1582.28,360,424
1582.32,360,424
1582.36,360,424
1582.4,360,424
1582.44,360,424
1582.48,360,424
1582.52,360,424
1582.56,360,424
1582.6,360,424
1582.64,360,424
1582.68,360,424
1582.72,360,424
1582.76,360,424
1582.8,360,424
1582.84,360,424
1582.88,360,424
1582.92,360,424
1582.96,360,424
1583.0,360,424
1583.04,360,424
1583.08,360,424
1583.12,360,424
1583.16,360,424
1583.2,360,424
1583.24,360,424
1583.28,360,424
1583.32,360,424
1583.36,360,424
1583.4,360,424
1583.44,360,424
1583.48,360,424
1583.52,360,424
1583.56,360,424
1583.6,360,424
1583.64,360,424
1583.68,360,424
1583.72,360,424
1583.76,360,424
1583.8,360,424
1583.84,360,424
1583.88,360,424
1583.92,360,424
1583.96,360,424
1584.0,360,424
1584.04,360,424
1584.08,374,435
1584.12,374,435
1584.16,374,435
1584.2,375,438
1584.24,373,436
1584.28,372,436
1584.32,373,428
1584.36,374,428
1584.4,372,428
1584.44,374,428
1584.48,373,429
1584.52,374,429
1584.56,374,429
1584.6,376,430
1584.64,375,430
1584.68,376,431
1584.72,379,432
1584.76,378,433
1584.8,379,424
1584.84,377,424
1584.88,378,426
1584.92,378,426
1584.96,387,435
1585.0,388,443
1585.04,388,435
1585.08,390,435
1585.12,383,436
1585.16,388,436
1585.2,387,429
1585.24,384,437
1585.28,383,435
1585.32,381,433
1585.36,380,430
1585.4,375,427
1585.44,374,431
1585.48,374,428
1585.52,367,419
1585.56,364,419
1585.6,363,419
1585.64,362,430
1585.68,362,432
1585.72,359,426
1585.76,363,426
1585.8,360,426
1585.84,360,426
1585.88,360,426
1585.92,360,425
1585.96,359,424
1586.0,362,431
1586.04,364,422
1586.08,362,430
1586.12,364,431
1586.16,364,432
1586.2,365,433
1586.24,363,434
1586.28,363,433
1586.32,364,433
1586.36,363,434
1586.4,364,433
1586.44,362,434
1586.48,360,434
1586.52,360,434
1586.56,362,434
1586.6,360,434
1586.64,361,434
1586.68,362,434
1586.72,361,434
1586.76,366,435
1586.8,366,436
1586.84,368,436
1586.88,369,437
1586.92,372,437
1586.96,371,438
1587.0,371,438
1587.04,371,438
1587.08,372,439
1587.12,376,431
1587.16,373,440
1587.2,379,432
1587.24,377,433
1587.28,380,434
1587.32,375,430
1587.36,381,436
1587.4,382,434
1587.44,382,434
1587.48,383,435
1587.52,381,437
1587.56,383,435
1587.6,384,435
1587.64,385,436
1587.68,386,436
1587.72,387,436
1587.76,386,437
1587.8,388,438
1587.84,389,438
1587.88,389,438
1587.92,388,439
1587.96,387,440
1588.0,388,440
1588.04,386,438
1588.08,383,436
1588.12,380,432
1588.16,375,429
1588.2,374,426
1588.24,371,423
1588.28,369,422
1588.32,369,422
1588.36,369,421
1588.4,365,432
1588.44,366,433
1588.48,368,433
1588.52,367,435
1588.56,368,437
1588.6,369,436
1588.64,369,436
1588.68,371,436
1588.72,371,435
1588.76,369,436
1588.8,370,436
1588.84,368,428
1588.88,368,428
1588.92,369,428
1588.96,368,428
1589.0,369,437
1589.04,368,428
1589.08,372,438
1589.12,370,438
1589.16,374,438
1589.2,373,438
1589.24,375,439
1589.28,375,440
1589.32,374,440
1589.36,370,432
1589.4,371,432
1589.44,374,433
1589.48,374,432
1589.52,378,441
1589.56,378,442
1589.6,376,433
1589.64,377,433
1589.68,384,436
1589.72,382,443
1589.76,381,444
1589.8,385,437
1589.84,383,445
1589.88,384,445
1589.92,381,437
1589.96,380,437
1590.0,383,437
1590.04,384,437
1590.08,383,437
1590.12,383,437
1590.16,384,438
1590.2,382,436
1590.24,378,442
1590.28,376,439
1590.32,372,436
1590.36,365,423
1590.4,369,420
1590.44,365,418
1590.48,360,427
1590.52,359,428
1590.56,359,429
1590.6,359,429
1590.64,359,429
1590.68,359,429
1590.72,359,429
1590.76,359,429
1590.8,359,429
1590.84,359,429
1590.88,359,429
1590.92,359,429
1590.96,359,429
1591.0,359,429
1591.04,359,429
1591.08,359,429
1591.12,359,429
1591.16,359,429
1591.2,359,429
1591.24,359,429
1591.28,359,429
1591.32,359,429
1591.36,359,429
1591.4,359,429
1591.44,359,429
1591.48,359,429
1591.52,379,433
1591.56,379,442
1591.6,383,424
1591.64,379,443
1591.68,381,444
1591.72,380,445
1591.76,381,444
1591.8,380,446
1591.84,381,446
1591.88,382,446
1591.92,384,447
1591.96,384,447
1592.0,384,447
1592.04,385,447
1592.08,387,448
1592.12,389,449
1592.16,387,448
1592.2,389,449
1592.24,389,449
1592.28,389,450
1592.32,390,450
1592.36,391,450
1592.4,390,439
1592.44,389,451
1592.48,386,440
1592.52,384,439
1592.56,378,447
1592.6,372,435
1592.64,368,435
1592.68,363,436
1592.72,357,445
1592.76,358,440
1592.8,356,442
1592.84,354,443
1592.88,355,442
1592.92,354,441
1592.96,351,448
1593.0,355,450
1593.04,354,438
1593.08,354,438
1593.12,349,444
1593.16,345,442
1593.2,344,439
1593.24,343,439
1593.28,340,437
1593.32,340,437
1593.36,340,437
1593.4,340,437
1593.44,340,437
1593.48,340,437
1593.52,340,437
1593.56,340,437
1593.6,340,437
1593.64,340,437
1593.68,340,437
1593.72,340,437
1593.76,340,437
1593.8,340,437
1593.84,340,437
1593.88,340,437
1593.92,340,437
1593.96,340,437
1594.0,340,437
1594.04,340,437
1594.08,340,437
1594.12,340,437
1594.16,340,437
1594.2,340,437
1594.24,340,437
1594.28,340,437
1594.32,340,437
1594.36,340,437
1594.4,340,437
1594.44,340,437
1594.48,340,437
1594.52,340,437
1594.56,340,437
1594.6,340,437
1594.64,340,437
1594.68,340,437
1594.72,340,437
1594.76,340,437
1594.8,340,437
1594.84,340,437
1594.88,359,434
1594.92,362,424
1594.96,364,440
1595.0,367,446
1595.04,369,450
1595.08,369,451
1595.12,369,454
1595.16,369,453
1595.2,370,452
1595.24,372,453
1595.28,372,453
1595.32,373,453
1595.36,375,453
1595.4,376,452
1595.44,378,452
1595.48,378,453
1595.52,379,454
1595.56,380,449
1595.6,379,448
1595.64,379,444
1595.68,381,440
1595.72,382,436
1595.76,385,432
1595.8,387,431
1595.84,387,433
1595.88,387,436
1595.92,387,438
1595.96,385,437
1596.0,383,436
1596.04,378,435
1596.08,375,432
1596.12,374,430
1596.16,368,428
1596.2,367,423
1596.24,366,425
1596.28,363,424
1596.32,361,422
1596.36,359,422
1596.4,359,422
1596.44,361,422
1596.48,360,415
1596.52,362,428
1596.56,366,429
1596.6,366,429
1596.64,364,429
1596.68,360,429
1596.72,364,429
1596.76,363,429
1596.8,363,429
1596.84,366,430
1596.88,364,429
1596.92,364,429
1596.96,364,429
1597.0,367,430
1597.04,369,431
1597.08,366,430
1597.12,367,430
1597.16,369,431
1597.2,368,431
1597.24,372,433
1597.28,371,432
1597.32,372,433
1597.36,375,425
1597.4,372,425
1597.44,374,434
1597.48,373,426
1597.52,379,428
1597.56,380,428
1597.6,380,428
1597.64,380,429
1597.68,381,429
1597.72,381,429
1597.76,383,430
1597.8,384,430
1597.84,385,430
1597.88,385,430
1597.92,386,431
1597.96,387,432
1598.0,388,432
1598.04,388,432
1598.08,389,433
1598.12,389,433
1598.16,391,434
1598.2,392,434
1598.24,394,434
1598.28,393,434
1598.32,394,435
1598.36,394,435
1598.4,394,434
1598.44,394,435
1598.48,394,435
1598.52,394,435
1598.56,394,435
1598.6,394,435
1598.64,394,435
1598.68,394,434
1598.72,394,432
1598.76,388,433
1598.8,385,431
1598.84,386,426
1598.88,382,421
1598.92,380,418
1598.96,376,415
1599.0,373,414
1599.04,370,415
1599.08,370,417
1599.12,368,421
1599.16,371,426
1599.2,368,422
1599.24,370,421
1599.28,370,421
1599.32,366,420
1599.36,366,420
1599.4,366,420
1599.44,366,420
1599.48,377,432
1599.52,377,432
1599.56,373,434
1599.6,372,434
1599.64,374,427
1599.68,375,434
1599.72,376,434
1599.76,376,435
1599.8,377,428
1599.84,377,428
1599.88,377,428
1599.92,376,435
1599.96,377,435
1600.0,377,436
1600.04,377,435
1600.08,379,436
1600.12,379,436
1600.16,380,436
1600.2,387,430
1600.24,381,437
1600.28,383,437
1600.32,389,431
1600.36,390,432
1600.4,385,439
1600.44,388,432
1600.48,386,439
1600.52,386,431
1600.56,389,432
1600.6,391,433
1600.64,392,434
1600.68,392,434
1600.72,393,441
1600.76,396,435
1600.8,396,436
1600.84,397,437
1600.88,398,437
1600.92,399,438
1600.96,399,438
1601.0,398,438
1601.04,397,437
1601.08,392,433
1601.12,391,429
1601.16,388,424
1601.2,380,429
1601.24,382,420
1601.28,378,415
1601.32,374,413
1601.36,372,421
1601.4,373,420
1601.44,370,421
1601.48,362,414
1601.52,362,415
1601.56,357,410
1601.6,357,410
1601.64,357,410
1601.68,357,410
1601.72,357,410
1601.76,357,410
1601.8,357,410
1601.84,357,410
1601.88,357,410
1601.92,357,410
1601.96,357,410
1602.0,357,410
1602.04,357,410
1602.08,357,410
1602.12,357,410
1602.16,357,410
1602.2,357,410
1602.24,357,410
1602.28,357,410
1602.32,357,410
1602.36,357,410
1602.4,357,410
1602.44,357,410
1602.48,357,410
1602.52,357,410
1602.56,357,410
1602.6,357,410
1602.64,357,410
1602.68,357,410
1602.72,357,410
1602.76,357,410
1602.8,357,410
1602.84,374,434
1602.88,374,434
1602.92,378,434
1602.96,379,427
1603.0,378,428
1603.04,379,436
1603.08,378,428
1603.12,378,427
1603.16,376,427
1603.2,381,429
1603.24,382,429
1603.28,380,430
1603.32,382,430
1603.36,382,430
1603.4,384,430
1603.44,385,431
1603.48,386,431
1603.52,386,432
1603.56,387,432
1603.6,388,433
1603.64,388,433
1603.68,389,434
1603.72,389,433
1603.76,391,434
1603.8,390,434
1603.84,392,435
1603.88,393,435
1603.92,394,436
1603.96,393,436
1604.0,395,436
1604.04,394,436
1604.08,395,437
1604.12,391,436
1604.16,387,437
1604.2,385,437
1604.24,383,438
1604.28,379,433
1604.32,381,440
1604.36,378,433
1604.4,378,432
1604.44,382,441
1604.48,382,438
1604.52,387,428
1604.56,387,426
1604.6,389,426
1604.64,389,424
1604.68,381,432
1604.72,376,431
1604.76,372,431
1604.8,368,431
1604.84,359,427
1604.88,355,422
1604.92,350,406
1604.96,344,396
1605.0,344,396
1605.04,344,396
1605.08,344,396
1605.12,344,396
1605.16,344,396
1605.2,348,341
1605.24,346,325
1605.28,357,326
1605.32,362,323
1605.36,367,314
1605.4,376,318
1605.44,385,325
1605.48,392,333
1605.52,398,346
1605.56,406,355
1605.6,410,366
1605.64,413,377
1605.68,415,385
1605.72,414,390
1605.76,413,392
1605.8,411,392
1605.84,408,390
1605.88,406,387
1605.92,400,385
1605.96,397,382
1606.0,388,387
1606.04,386,387
1606.08,378,382
1606.12,370,392
1606.16,368,402
1606.2,361,406
1606.24,354,409
1606.28,351,412
1606.32,348,415
1606.36,344,418
1606.4,343,420
1606.44,340,422
1606.48,339,423
1606.52,338,424
1606.56,337,426
1606.6,338,427
1606.64,338,427
1606.68,341,428
1606.72,342,428
1606.76,340,429
1606.8,340,429
1606.84,340,429
1606.88,340,429
1606.92,340,429
1606.96,340,429
1607.0,340,429
1607.04,340,429
1607.08,340,429
1607.12,340,429
1607.16,340,429
1607.2,340,429
1607.24,340,429
1607.28,340,429
1607.32,340,429
1607.36,340,429
1607.4,340,429
1607.44,340,429
1607.48,340,429
1607.52,340,429
1607.56,340,429
1607.6,340,429
1607.64,312,426
1607.68,306,425
1607.72,306,425
1607.76,306,425
1607.8,306,425
1607.84,306,425
1607.88,306,425
1607.92,306,425
1607.96,306,425
1608.0,306,425
1608.04,306,425
1608.08,307,329
1608.12,314,312
1608.16,325,305
1608.2,333,297
1608.24,340,298
1608.28,348,296
1608.32,355,301
1608.36,361,307
1608.4,366,314
1608.44,369,323
1608.48,372,332
1608.52,374,341
1608.56,376,351
1608.6,376,358
1608.64,377,365
1608.68,376,371
1608.72,379,375
1608.76,379,377
1608.8,378,378
1608.84,377,380
1608.88,375,382
1608.92,374,381
1608.96,371,389
1609.0,368,389
1609.04,365,384
1609.08,358,393
1609.12,358,393
1609.16,348,405
1609.2,346,414
1609.24,348,419
1609.28,349,422
1609.32,344,424
1609.36,344,424
1609.4,344,424
1609.44,344,424
1609.48,344,424
1609.52,344,424
1609.56,344,424
1609.6,344,424
1609.64,344,424
1609.68,344,424
1609.72,344,424
1609.76,344,424
1609.8,344,424
1609.84,344,424
1609.88,344,424
1609.92,344,424
1609.96,344,424
1610.0,344,424
1610.04,344,424
1610.08,344,424
1610.12,344,424
1610.16,344,424
1610.2,344,424
1610.24,344,424
1610.28,344,424
1610.32,344,424
1610.36,344,424
1610.4,344,424
1610.44,344,424
1610.48,344,424
1610.52,344,424
1610.56,344,424
1610.6,344,424
1610.64,344,424
1610.68,344,424
1610.72,344,424
1610.76,344,424
1610.8,344,424
1610.84,344,424
1610.88,344,424
1610.92,344,424
1610.96,344,424
1611.0,344,424
1611.04,344,424
1611.08,344,424
1611.12,344,424
1611.16,344,424
1611.2,344,424
1611.24,344,424
1611.28,344,424
1611.32,344,424
1611.36,344,424
1611.4,344,424
1611.44,344,424
1611.48,344,424
1611.52,344,424
1611.56,344,424
1611.6,344,424
1611.64,344,424
1611.68,344,424
1611.72,344,424
1611.76,344,424
1611.8,344,424
1611.84,344,424
1611.88,344,424
1611.92,344,424
1611.96,344,424
1612.0,344,424
1612.04,344,424
1612.08,344,424
1612.12,344,424
1612.16,344,424
1612.2,344,424
1612.24,344,424
1612.28,344,424
1612.32,344,424
1612.36,344,424
1612.4,344,424
1612.44,344,424
1612.48,344,424
1612.52,344,424
1612.56,344,424
1612.6,333,416
1612.64,333,416
1612.68,333,416
1612.72,333,416
1612.76,301,357
1612.8,301,357
1612.84,301,357
1612.88,301,357
1612.92,301,357
1612.96,315,273
1613.0,323,260
1613.04,335,247
1613.08,345,246
1613.12,355,248
1613.16,364,256
1613.2,374,262
1613.24,374,262
1613.28,375,295
1613.32,387,306
1613.36,393,323
1613.4,395,340
1613.44,396,354
1613.48,396,363
1613.52,396,371
1613.56,395,374
1613.6,391,377
1613.64,387,378
1613.68,388,383
1613.72,382,386
1613.76,382,386
1613.8,382,386
1613.84,382,386
1613.88,359,408
1613.92,352,414
1613.96,351,416
1614.0,351,416
1614.04,349,418
1614.08,349,419
1614.12,348,419
1614.16,348,419
1614.2,346,418
1614.24,346,418
1614.28,341,415
1614.32,341,415
1614.36,341,415
1614.4,341,415
1614.44,341,415
1614.48,341,415
1614.52,341,415
1614.56,341,415
1614.6,341,415
1614.64,341,415
1614.68,341,415
1614.72,341,415
1614.76,341,415
1614.8,341,415
1614.84,341,415
1614.88,341,415
1614.92,341,415
1614.96,341,415
1615.0,341,415
1615.04,341,415
1615.08,341,415
1615.12,341,415
1615.16,341,415
1615.2,341,415
1615.24,341,415
1615.28,341,415
1615.32,341,415
1615.36,341,415
1615.4,306,402
1615.44,306,402
1615.48,306,402
1615.52,305,346
1615.56,311,333
1615.6,320,312
1615.64,327,304
1615.68,340,296
1615.72,347,297
1615.76,347,297
1615.8,347,297
1615.84,347,297
1615.88,347,297
1615.92,347,297
1615.96,395,356
1616.0,395,356
1616.04,395,356
1616.08,387,383
1616.12,396,388
1616.16,393,387
1616.2,390,389
1616.24,390,389
1616.28,390,389
1616.32,390,389
1616.36,366,399
1616.4,366,404
1616.44,365,412
1616.48,363,420
1616.52,365,428
1616.56,364,433
1616.6,363,434
1616.64,365,435
1616.68,365,436
1616.72,366,435
1616.76,367,435
1616.8,366,434
1616.84,365,427
1616.88,365,427
1616.92,365,427
1616.96,365,427
1617.0,365,427
1617.04,365,427
1617.08,365,427
1617.12,365,427
1617.16,365,427
1617.2,365,427
1617.24,365,427
1617.28,365,427
1617.32,365,427
1617.36,365,427
1617.4,365,427
1617.44,365,427
1617.48,365,427
1617.52,365,427
1617.56,365,427
1617.6,365,427
1617.64,365,427
1617.68,365,427
1617.72,365,427
1617.76,365,427
1617.8,365,427
1617.84,365,427
1617.88,365,427
1617.92,365,427
1617.96,365,427
1618.0,365,427
1618.04,365,427
1618.08,365,427
1618.12,365,427
1618.16,343,421
1618.2,343,421
1618.24,343,421
1618.28,343,421
1618.32,343,421
1618.36,343,421
1618.4,343,421
1618.44,343,421
1618.48,343,421
1618.52,343,421
1618.56,343,421
1618.6,343,421
1618.64,343,421
1618.68,343,421
1618.72,343,421
1618.76,343,421
1618.8,343,421
1618.84,343,421
1618.88,343,421
1618.92,343,421
1618.96,343,421
1619.0,343,421
1619.04,343,421
1619.08,343,421
1619.12,343,421
1619.16,343,421
1619.2,343,421
1619.24,343,421
1619.28,343,421
1619.32,343,421
1619.36,343,421
1619.4,343,421
1619.44,343,421
1619.48,343,421
1619.52,343,421
1619.56,343,421
1619.6,343,421
1619.64,343,421
1619.68,343,421
1619.72,343,421
1619.76,343,421
1619.8,343,421
1619.84,343,421
1619.88,343,421
1619.92,343,421
1619.96,343,421
1620.0,343,421
1620.04,343,421
1620.08,343,421
1620.12,343,421
1620.16,343,421
1620.2,343,421
1620.24,343,421
1620.28,343,421
1620.32,343,421
1620.36,343,421
1620.4,343,421
1620.44,343,421
1620.48,343,421
1620.52,343,421
1620.56,369,438
1620.6,373,446
1620.64,373,446
1620.68,373,446
1620.72,391,435
1620.76,388,445
1620.8,388,444
1620.84,389,444
1620.88,391,445
1620.92,389,444
1620.96,389,443
1621.0,391,444
1621.04,392,444
1621.08,393,445
1621.12,397,448
1621.16,399,450
1621.2,400,452
1621.24,401,454
1621.28,401,455
1621.32,402,455
1621.36,401,454
1621.4,401,454
1621.44,400,453
1621.48,400,453
1621.52,400,454
1621.56,399,454
1621.6,399,454
1621.64,399,451
1621.68,398,452
1621.72,399,450
1621.76,399,449
1621.8,399,449
1621.84,400,449
1621.88,400,448
1621.92,400,449
1621.96,400,448
1622.0,400,448
1622.04,400,450
1622.08,400,450
1622.12,400,448
1622.16,401,450
1622.2,400,449
1622.24,400,449
1622.28,400,449
1622.32,399,452
1622.36,399,448
1622.4,399,450
1622.44,400,449
1622.48,402,447
1622.52,401,447
1622.56,402,446
1622.6,401,445
1622.64,401,446
1622.68,401,447
1622.72,399,446
1622.76,400,447
1622.8,399,448
1622.84,398,448
1622.88,396,449
1622.92,393,447
1622.96,391,449
1623.0,389,448
1623.04,392,450
1623.08,391,451
1623.12,391,450
1623.16,392,452
1623.2,392,451
1623.24,392,451
1623.28,392,451
1623.32,392,450
1623.36,391,451
1623.4,391,450
1623.44,391,452
1623.48,390,451
1623.52,391,450
1623.56,392,451
1623.6,392,452
1623.64,391,451
1623.68,392,451
1623.72,392,452
1623.76,392,452
1623.8,392,452
1623.84,392,452
1623.88,392,452
1623.92,392,451
1623.96,392,452
1624.0,392,451
1624.04,392,451
1624.08,393,451
1624.12,393,452
1624.16,393,451
1624.2,393,452
1624.24,393,451
1624.28,394,452
1624.32,393,452
1624.36,394,452
1624.4,394,452
1624.44,394,452
1624.48,395,452
1624.52,394,452
1624.56,394,452
1624.6,394,452
1624.64,394,452
1624.68,394,452
1624.72,392,449
1624.76,393,450
1624.8,394,450
1624.84,394,452
1624.88,394,451
1624.92,394,451
1624.96,395,451
1625.0,394,451
1625.04,396,452
1625.08,394,451
1625.12,394,451
1625.16,396,451
1625.2,392,449
1625.24,394,450
1625.28,394,450
1625.32,395,450
1625.36,395,449
1625.4,395,449
1625.44,396,449
1625.48,396,449
1625.52,398,450
1625.56,397,448
1625.6,398,449
1625.64,398,448
1625.68,398,448
1625.72,398,445
1625.76,399,448
1625.8,400,447
1625.84,401,448
1625.88,403,448
1625.92,403,446
1625.96,403,447
1626.0,402,444
1626.04,399,441
1626.08,397,437
1626.12,395,432
1626.16,394,429
1626.2,396,429
1626.24,396,430
1626.28,398,433
1626.32,400,436
1626.36,400,438
1626.4,404,440
1626.44,404,443
1626.48,402,443
1626.52,404,444
1626.56,404,444
1626.6,405,445
1626.64,406,446
1626.68,408,449
1626.72,411,452
1626.76,409,455
1626.8,411,452
1626.84,409,454
1626.88,410,454
1626.92,410,453
1626.96,410,453
1627.0,409,453
1627.04,407,451
1627.08,405,450
1627.12,400,449
1627.16,398,446
1627.2,396,444
1627.24,394,442
1627.28,387,438
1627.32,383,435
1627.36,378,433
1627.4,376,430
1627.44,371,418
1627.48,370,417
1627.52,368,415
1627.56,368,415
1627.6,368,415
1627.64,368,415
1627.68,352,430
1627.72,353,429
1627.76,353,429
1627.8,353,429
1627.84,353,429
1627.88,353,429
1627.92,353,429
1627.96,353,429
1628.0,353,429
1628.04,353,429
1628.08,353,429
1628.12,353,429
1628.16,353,429
1628.2,353,429
1628.24,353,429
1628.28,353,429
1628.32,353,429
1628.36,353,429
1628.4,353,429
1628.44,353,429
1628.48,353,429
1628.52,353,429
1628.56,353,429
1628.6,353,429
1628.64,353,429
1628.68,353,429
1628.72,353,429
1628.76,353,429
1628.8,353,429
1628.84,353,429
1628.88,353,429
1628.92,353,429
1628.96,353,429
1629.0,353,429
1629.04,353,429
1629.08,353,429
1629.12,353,429
1629.16,353,429
1629.2,353,429
1629.24,353,429
1629.28,353,429
1629.32,353,429
1629.36,353,429
1629.4,353,429
1629.44,353,429
1629.48,353,429
1629.52,353,429
1629.56,353,429
1629.6,353,429
1629.64,353,429
1629.68,353,429
1629.72,353,429
1629.76,353,429
1629.8,353,429
1629.84,353,429
1629.88,353,429
1629.92,353,429
1629.96,353,429
1630.0,353,429
1630.04,353,429
1630.08,353,429
1630.12,353,429
1630.16,353,429
1630.2,353,429
1630.24,353,429
1630.28,353,429
1630.32,353,429
1630.36,353,429
1630.4,353,429
1630.44,353,429
1630.48,353,429
1630.52,353,429
1630.56,353,429
1630.6,353,429
1630.64,353,429
1630.68,353,429
1630.72,353,429
1630.76,353,429
1630.8,353,429
1630.84,353,429
1630.88,353,429
1630.92,353,429
1630.96,353,429
1631.0,353,429
1631.04,353,429
1631.08,353,429
1631.12,353,429
1631.16,353,429
1631.2,353,429
1631.24,353,429
1631.28,353,429
1631.32,353,429
1631.36,353,429
1631.4,353,429
1631.44,353,429
1631.48,353,429
1631.52,353,429
1631.56,353,429
1631.6,353,429
1631.64,353,429
1631.68,353,429
1631.72,353,429
1631.76,353,429
1631.8,353,429
1631.84,353,429
1631.88,376,435
1631.92,375,435
1631.96,375,435
1632.0,375,435
1632.04,375,435
1632.08,376,436
1632.12,376,435
1632.16,378,427
1632.2,376,436
1632.24,377,436
1632.28,376,436
1632.32,376,436
1632.36,379,429
1632.4,378,437
1632.44,378,436
1632.48,377,437
1632.52,378,437
1632.56,379,437
1632.6,380,438
1632.64,383,430
1632.68,378,429
1632.72,379,430
1632.76,381,431
1632.8,383,431
1632.84,383,432
1632.88,382,431
1632.92,384,432
1632.96,385,433
1633.0,387,434
1633.04,387,434
1633.08,387,434
1633.12,390,435
1633.16,390,435
1633.2,390,428
1633.24,390,436
1633.28,388,436
1633.32,387,435
1633.36,387,436
1633.4,387,437
1633.44,388,437
1633.48,389,437
1633.52,391,435
1633.56,390,436
1633.6,393,442
1633.64,392,437
1633.68,392,437
1633.72,392,437
1633.76,391,438
1633.8,391,439
1633.84,390,439
1633.88,389,439
1633.92,388,437
1633.96,386,434
1634.0,384,429
1634.04,381,424
1634.08,380,419
1634.12,377,416
1634.16,373,415
1634.2,370,415
1634.24,366,416
1634.28,368,416
1634.32,368,416
1634.36,368,416
1634.4,368,416
1634.44,366,419
1634.48,366,419
1634.52,366,419
1634.56,366,419
1634.6,366,419
1634.64,366,419
1634.68,366,419
1634.72,366,419
1634.76,366,419
1634.8,366,419
1634.84,361,415
1634.88,361,415
1634.92,361,415
1634.96,361,415
1635.0,361,415
1635.04,361,415
1635.08,361,415
1635.12,361,415
1635.16,361,415
1635.2,361,415
1635.24,361,415
1635.28,361,415
1635.32,361,415
1635.36,374,434
1635.4,366,415
1635.44,370,425
1635.48,370,425
1635.52,367,416
1635.56,371,425
1635.6,370,425
1635.64,371,426
1635.68,372,426
1635.72,378,435
1635.76,377,435
1635.8,373,426
1635.84,373,426
1635.88,377,436
1635.92,376,435
1635.96,377,435
1636.0,375,435
1636.04,376,436
1636.08,377,436
1636.12,377,436
1636.16,376,436
1636.2,378,436
1636.24,380,437
1636.28,381,437
1636.32,382,437
1636.36,381,437
1636.4,386,430
1636.44,382,438
1636.48,382,438
1636.52,382,438
1636.56,382,437
1636.6,386,432
1636.64,383,438
1636.68,384,438
1636.72,389,432
1636.76,385,438
1636.8,389,432
1636.84,389,432
1636.88,389,433
1636.92,389,434
1636.96,389,434
1637.0,389,434
1637.04,390,434
1637.08,390,434
1637.12,390,434
1637.16,388,433
1637.2,389,434
1637.24,389,434
1637.28,389,434
1637.32,388,433
1637.36,389,434
1637.4,388,434
1637.44,389,434
1637.48,388,435
1637.52,389,435
1637.56,388,435
1637.6,387,434
1637.64,386,434
1637.68,385,436
1637.72,382,434
1637.76,380,430
1637.8,377,433
1637.84,376,429
1637.88,374,424
1637.92,371,421
1637.96,365,419
1638.0,364,418
1638.04,362,421
1638.08,364,424
1638.12,360,427
1638.16,363,429
1638.2,363,430
1638.24,364,429
1638.28,362,428
1638.32,362,428
1638.36,362,428
1638.4,362,428
1638.44,362,428
1638.48,362,428
1638.52,362,428
1638.56,362,428
1638.6,362,428
1638.64,362,428
1638.68,362,428
1638.72,362,428
1638.76,362,428
1638.8,362,428
1638.84,362,428
1638.88,362,428
1638.92,362,428
1638.96,362,428
1639.0,362,428
1639.04,362,428
1639.08,362,428
1639.12,362,428
1639.16,361,416
1639.2,361,416
1639.24,361,416
1639.28,361,416
1639.32,361,416
1639.36,361,416
1639.4,361,416
1639.44,361,416
1639.48,361,416
1639.52,361,416
1639.56,361,416
1639.6,361,416
1639.64,361,416
1639.68,366,419
1639.72,377,436
1639.76,377,437
1639.8,378,437
1639.84,378,437
1639.88,378,437
1639.92,375,437
1639.96,381,437
1640.0,380,438
1640.04,379,438
1640.08,380,431
1640.12,379,439
1640.16,380,439
1640.2,382,439
1640.24,380,439
1640.28,382,431
1640.32,381,440
1640.36,384,432
1640.4,388,434
1640.44,388,434
1640.48,387,435
1640.52,383,433
1640.56,385,433
1640.6,385,434
1640.64,390,444
1640.68,386,434
1640.72,386,435
1640.76,388,435
1640.8,388,435
1640.84,388,435
1640.88,388,436
1640.92,390,437
1640.96,388,436
1641.0,388,436
1641.04,387,435
1641.08,385,433
1641.12,382,429
1641.16,379,425
1641.2,375,428
1641.24,372,418
1641.28,371,423
1641.32,371,423
1641.36,371,423
1641.4,371,423
1641.44,371,423
1641.48,371,423
1641.52,371,423
1641.56,371,423
1641.6,371,423
1641.64,371,423
1641.68,371,423
1641.72,361,414
1641.76,365,414
1641.8,365,414
1641.84,365,414
1641.88,365,414
1641.92,365,414
1641.96,365,414
1642.0,365,414
1642.04,365,414
1642.08,365,414
1642.12,365,414
1642.16,365,414
1642.2,365,414
1642.24,365,414
1642.28,365,414
1642.32,365,414
1642.36,371,434
1642.4,371,434
1642.44,371,434
1642.48,373,435
1642.52,376,436
1642.56,375,437
1642.6,378,438
1642.64,378,438
1642.68,379,438
1642.72,381,439
1642.76,382,439
1642.8,383,439
1642.84,384,441
1642.88,385,441
1642.92,385,441
1642.96,385,441
1643.0,385,441
1643.04,385,441
1643.08,385,442
1643.12,385,442
1643.16,385,442
1643.2,385,443
1643.24,385,443
1643.28,383,433
1643.32,384,433
1643.36,384,433
1643.4,384,433
1643.44,384,433
1643.48,386,433
1643.52,385,434
1643.56,392,437
1643.6,392,437
1643.64,392,437
1643.68,393,437
1643.72,393,438
1643.76,388,435
1643.8,391,436
1643.84,390,436
1643.88,392,436
1643.92,386,435
1643.96,386,434
1644.0,384,433
1644.04,382,433
1644.08,382,434
1644.12,383,433
1644.16,384,438
1644.2,385,441
1644.24,384,440
1644.28,384,438
1644.32,388,427
1644.36,388,426
1644.4,387,434
1644.44,386,432
1644.48,385,422
1644.52,383,433
1644.56,381,426
1644.6,379,427
1644.64,378,429
1644.68,377,429
1644.72,376,428
1644.76,377,428
1644.8,378,426
1644.84,378,424
1644.88,377,422
1644.92,378,421
1644.96,378,421
1645.0,378,421
1645.04,378,421
1645.08,378,421
1645.12,381,423
1645.16,379,422
1645.2,379,422
1645.24,387,424
1645.28,383,421
1645.32,388,422
1645.36,389,421
1645.4,389,420
1645.44,389,420
1645.48,388,420
1645.52,386,420
1645.56,386,423
1645.6,380,425
1645.64,377,429
1645.68,377,429
1645.72,363,449
1645.76,363,449
1645.8,363,449
1645.84,363,449
1645.88,363,449
1645.92,363,449
1645.96,363,449
1646.0,363,449
1646.04,309,419
1646.08,309,419
1646.12,309,419
1646.16,298,399
1646.2,299,399
1646.24,299,399
1646.28,299,399
1646.32,299,399
1646.36,308,373
1646.4,315,369
1646.44,332,363
1646.48,341,358
1646.52,348,358
1646.56,358,350
1646.6,363,352
1646.64,376,354
1646.68,382,361
1646.72,387,367
1646.76,392,373
1646.8,395,378
1646.84,398,383
1646.88,398,386
1646.92,397,387
1646.96,397,387
1647.0,395,387
1647.04,392,387
1647.08,389,387
1647.12,385,389
1647.16,381,390
1647.2,378,401
1647.24,376,403
1647.28,376,403
1647.32,376,403
1647.36,376,403
1647.4,376,403
1647.44,376,403
1647.48,376,403
1647.52,376,403
1647.56,376,403
1647.6,376,403
1647.64,376,403
1647.68,376,403
1647.72,376,403
1647.76,376,403
1647.8,376,403
1647.84,376,403
1647.88,376,403
1647.92,376,403
1647.96,376,403
1648.0,376,403
1648.04,376,403
1648.08,376,403
1648.12,376,403
1648.16,376,403
1648.2,376,403
1648.24,376,403
1648.28,376,403
1648.32,376,403
1648.36,376,403
1648.4,376,403
1648.44,376,403
1648.48,376,403
1648.52,376,403
1648.56,376,403
1648.6,376,403
1648.64,376,403
1648.68,376,403
1648.72,376,403
1648.76,376,403
1648.8,376,403
1648.84,376,403
1648.88,376,403
1648.92,376,403
1648.96,376,403
1649.0,376,403
1649.04,376,403
1649.08,376,403
1649.12,376,403
1649.16,376,403
1649.2,376,403
1649.24,376,403
1649.28,376,403
1649.32,376,403
1649.36,376,403
1649.4,376,403
1649.44,376,403
1649.48,376,403
1649.52,376,403
1649.56,376,403
1649.6,376,403
1649.64,376,403
1649.68,376,403
1649.72,376,403
1649.76,376,403
1649.8,376,403
1649.84,376,403
1649.88,376,403
1649.92,376,403
1649.96,376,403
1650.0,376,403
1650.04,376,403
1650.08,376,403
1650.12,376,403
1650.16,376,403
1650.2,376,403
1650.24,376,403
1650.28,376,403
1650.32,376,403
1650.36,376,403
1650.4,376,403
1650.44,376,403
1650.48,376,403
1650.52,376,403
1650.56,376,403
1650.6,376,403
1650.64,376,403
1650.68,376,403
1650.72,376,403
1650.76,376,403
1650.8,376,403
1650.84,376,403
1650.88,376,403
1650.92,376,403
1650.96,376,403
1651.0,376,403
1651.04,376,403
1651.08,376,403
1651.12,376,403
1651.16,376,403
1651.2,376,403
1651.24,376,403
1651.28,376,403
1651.32,376,403
1651.36,376,403
1651.4,376,403
1651.44,376,403
1651.48,376,403
1651.52,376,403
1651.56,376,403
1651.6,376,403
1651.64,376,403
1651.68,376,403
1651.72,376,403
1651.76,376,403
1651.8,376,403
1651.84,376,403
1651.88,374,422
1651.92,374,422
1651.96,376,423
1652.0,381,421
1652.04,381,421
1652.08,381,421
1652.12,382,418
1652.16,382,419
1652.2,382,419
1652.24,381,420
1652.28,377,420
1652.32,376,419
1652.36,376,419
1652.4,377,419
1652.44,377,419
1652.48,377,419
1652.52,377,419
1652.56,377,419
1652.6,377,419
1652.64,377,419
1652.68,370,426
1652.72,370,426
1652.76,368,429
1652.8,367,431
1652.84,363,433
1652.88,364,434
1652.92,362,437
1652.96,362,439
1653.0,364,442
1653.04,363,441
1653.08,363,441
1653.12,363,441
1653.16,362,442
1653.2,362,442
1653.24,364,443
1653.28,364,443
1653.32,364,443
1653.36,364,443
1653.4,364,443
1653.44,364,443
1653.48,364,443
1653.52,364,443
1653.56,364,443
1653.6,363,443
1653.64,363,443
1653.68,364,443
1653.72,364,443
1653.76,364,444
1653.8,364,444
1653.84,364,444
1653.88,364,444
1653.92,364,444
1653.96,364,444
1654.0,364,444
1654.04,364,444
1654.08,362,442
1654.12,362,442
1654.16,362,442
1654.2,362,442
1654.24,362,442
1654.28,362,442
1654.32,362,442
1654.36,362,442
1654.4,360,443
1654.44,360,443
1654.48,360,443
1654.52,360,443
1654.56,360,443
1654.6,360,443
1654.64,360,443
1654.68,360,443
1654.72,360,443
1654.76,360,443
1654.8,360,443
1654.84,360,443
1654.88,360,443
1654.92,360,443
1654.96,360,443
1655.0,360,443
1655.04,360,443
1655.08,360,443
1655.12,360,443
1655.16,360,443
1655.2,362,443
1655.24,362,443
1655.28,362,443
1655.32,362,443
1655.36,362,443
1655.4,362,443
1655.44,362,443
1655.48,362,443
1655.52,362,443
1655.56,362,443
1655.6,362,443
1655.64,362,443
1655.68,362,443
1655.72,362,443
1655.76,362,443
1655.8,362,443
1655.84,362,443
1655.88,362,443
1655.92,362,443
1655.96,362,443
1656.0,362,443
1656.04,362,443
1656.08,362,443
1656.12,362,443
1656.16,362,443
1656.2,362,443
1656.24,362,443
1656.28,362,443
1656.32,362,443
1656.36,362,443
1656.4,362,443
1656.44,362,443
1656.48,362,443
1656.52,362,443
1656.56,362,443
1656.6,362,443
1656.64,362,443
1656.68,362,443
1656.72,362,443
1656.76,362,443
1656.8,362,443
1656.84,362,443
1656.88,362,443
1656.92,362,443
1656.96,362,443
1657.0,362,443
1657.04,362,443
1657.08,362,443
1657.12,362,443
1657.16,362,443
1657.2,362,443
1657.24,362,443
1657.28,362,443
1657.32,362,443
1657.36,362,443
1657.4,362,443
1657.44,362,443
1657.48,362,443
1657.52,362,443
1657.56,362,443
1657.6,362,443
1657.64,362,443
1657.68,362,443
1657.72,362,443
1657.76,362,443
1657.8,362,443
1657.84,362,443
1657.88,362,443
1657.92,362,443
1657.96,362,443
1658.0,362,443
1658.04,362,443
1658.08,362,443
1658.12,362,443
1658.16,362,443
1658.2,362,443
1658.24,362,443
1658.28,362,443
1658.32,362,443
1658.36,362,443
1658.4,362,443
1658.44,362,443
1658.48,362,443
1658.52,362,443
1658.56,362,443
1658.6,362,443
1658.64,362,443
1658.68,362,443
1658.72,362,443
1658.76,362,443
1658.8,362,443
1658.84,362,443
1658.88,362,443
1658.92,362,443
1658.96,362,443
1659.0,362,443
1659.04,362,443
1659.08,362,443
1659.12,362,443
1659.16,362,443
1659.2,362,443
1659.24,362,443
1659.28,362,443
1659.32,362,443
1659.36,362,443
1659.4,362,443
1659.44,362,443
1659.48,362,443
1659.52,362,443
1659.56,362,443
1659.6,362,443
1659.64,362,443
1659.68,362,443
1659.72,362,443
1659.76,362,443
1659.8,362,443
1659.84,362,443
1659.88,362,443
1659.92,362,443
1659.96,362,443
1660.0,362,443
1660.04,362,443
1660.08,362,443
1660.12,362,443
1660.16,362,443
1660.2,362,443
1660.24,362,443
1660.28,362,443
1660.32,362,443
1660.36,362,443
1660.4,362,443
1660.44,362,443
1660.48,362,443
1660.52,362,443
1660.56,362,443
1660.6,362,443
1660.64,362,443
1660.68,362,443
1660.72,362,443
1660.76,362,443
1660.8,362,443
1660.84,362,443
1660.88,362,443
1660.92,362,443
1660.96,362,443
1661.0,362,443
1661.04,362,443
1661.08,362,443
1661.12,362,443
1661.16,362,443
1661.2,362,443
1661.24,362,443
1661.28,362,443
1661.32,362,443
1661.36,362,443
1661.4,362,443
1661.44,362,443
1661.48,362,443
1661.52,362,443
1661.56,362,443
1661.6,362,443
1661.64,362,443
1661.68,362,443
1661.72,362,443
1661.76,362,443
1661.8,362,443
1661.84,362,443
1661.88,362,443
1661.92,362,443
1661.96,362,443
1662.0,362,443
1662.04,362,443
1662.08,362,443
1662.12,362,443
1662.16,362,443
1662.2,362,443
1662.24,362,443
1662.28,362,443
1662.32,362,443
1662.36,362,443
1662.4,362,443
1662.44,362,443
1662.48,362,443
1662.52,362,443
1662.56,362,443
1662.6,362,443
1662.64,362,443
1662.68,362,443
1662.72,362,443
1662.76,362,443
1662.8,362,443
1662.84,362,443
1662.88,362,443
1662.92,362,443
1662.96,362,443
1663.0,362,443
1663.04,362,443
1663.08,362,443
1663.12,362,443
1663.16,362,443
1663.2,362,443
1663.24,362,443
1663.28,362,443
1663.32,362,443
1663.36,362,443
1663.4,362,443
1663.44,362,443
1663.48,362,443
1663.52,362,443
1663.56,362,443
1663.6,362,443
1663.64,362,443
1663.68,362,443
1663.72,362,443
1663.76,362,443
1663.8,362,443
1663.84,362,443
1663.88,362,443
1663.92,362,443
1663.96,362,443
1664.0,362,443
1664.04,362,443
1664.08,362,443
1664.12,362,443
1664.16,362,443
1664.2,362,443
1664.24,362,443
1664.28,362,443
1664.32,362,443
1664.36,362,443
1664.4,362,443
1664.44,362,443
1664.48,362,443
1664.52,362,443
1664.56,362,443
1664.6,362,443
1664.64,362,443
1664.68,362,443
1664.72,362,443
1664.76,362,443
1664.8,362,443
1664.84,362,443
1664.88,362,443
1664.92,362,443
1664.96,362,443
1665.0,362,443
1665.04,362,443
1665.08,362,443
1665.12,362,443
1665.16,362,443
1665.2,362,443
1665.24,341,470
1665.28,341,470
1665.32,341,470
1665.36,341,470
1665.4,341,470
1665.44,341,470
1665.48,341,470
1665.52,341,470
1665.56,341,470
1665.6,341,470
1665.64,341,470
1665.68,341,470
1665.72,341,470
1665.76,341,470
1665.8,341,470
1665.84,341,470
1665.88,341,471
1665.92,341,471
1665.96,341,471
1666.0,341,471
1666.04,341,471
1666.08,341,471
1666.12,340,471
1666.16,340,471
1666.2,341,471
1666.24,341,471
1666.28,340,471
1666.32,340,471
1666.36,340,471
1666.4,340,471
1666.44,340,471
1666.48,340,471
1666.52,340,471
1666.56,340,471
1666.6,340,471
1666.64,340,471
1666.68,340,471
1666.72,340,471
1666.76,340,471
1666.8,340,471
1666.84,340,470
1666.88,340,470
1666.92,340,470
1666.96,340,470
1667.0,340,470
1667.04,340,470
1667.08,340,470
1667.12,340,470
1667.16,340,470
1667.2,340,470
1667.24,340,470
1667.28,340,470
1667.32,340,470
1667.36,340,470
1667.4,340,470
1667.44,340,470
1667.48,340,470
1667.52,340,470
1667.56,340,470
1667.6,340,470
1667.64,340,470
1667.68,340,470
1667.72,340,470
1667.76,340,470
1667.8,340,470
1667.84,340,470
1667.88,340,470
1667.92,340,470
1667.96,340,470
1668.0,340,470
1668.04,340,470
1668.08,340,470
1668.12,340,470
1668.16,340,470
1668.2,340,470
1668.24,340,470
1668.28,340,470
1668.32,340,470
1668.36,340,470
1668.4,340,470
1668.44,340,470
1668.48,340,470
1668.52,340,470
1668.56,340,470
1668.6,340,470
1668.64,340,470
1668.68,340,470
1668.72,340,470
1668.76,340,470
1668.8,340,470
1668.84,340,470
1668.88,340,470
1668.92,340,470
1668.96,340,470
1669.0,340,470
1669.04,340,470
1669.08,340,470
1669.12,340,470
1669.16,340,470
1669.2,340,470
1669.24,340,470
1669.28,340,470
1669.32,340,470
1669.36,340,470
1669.4,340,470
1669.44,340,470
1669.48,340,470
1669.52,340,470
1669.56,340,470
1669.6,340,470
1669.64,340,470
1669.68,340,470
1669.72,340,470
1669.76,340,473
1669.8,340,473
1669.84,340,473
1669.88,340,473
1669.92,339,470
1669.96,340,470
1670.0,340,470
1670.04,340,470
1670.08,340,470
1670.12,340,470
1670.16,340,470
1670.2,340,470
1670.24,340,470
1670.28,340,470
1670.32,340,470
1670.36,340,470
1670.4,340,470
1670.44,340,470
1670.48,340,470
1670.52,340,470
1670.56,340,469
1670.6,340,469
1670.64,340,469
1670.68,340,469
1670.72,339,469
1670.76,339,469
1670.8,339,469
1670.84,340,470
1670.88,340,470
1670.92,340,470
1670.96,340,470
1671.0,340,470
1671.04,340,470
1671.08,340,470
1671.12,340,470
1671.16,340,470
1671.2,340,470
1671.24,340,470
1671.28,340,470
1671.32,341,469
1671.36,341,469
1671.4,341,469
1671.44,341,469
1671.48,341,469
1671.52,341,469
1671.56,341,469
1671.6,341,469
1671.64,341,469
1671.68,341,469
1671.72,341,469
1671.76,341,469
1671.8,341,469
1671.84,341,469
1671.88,341,469
1671.92,341,469
1671.96,341,469
1672.0,340,469
1672.04,340,469
1672.08,340,469
1672.12,339,470
1672.16,339,470
1672.2,339,470
1672.24,339,470
1672.28,339,470
1672.32,339,470
1672.36,339,470
1672.4,339,470
1672.44,339,470
1672.48,339,470
1672.52,339,470
1672.56,339,470
1672.6,339,470
1672.64,339,470
1672.68,341,470
1672.72,341,470
1672.76,340,470
1672.8,340,470
1672.84,340,470
1672.88,340,470
1672.92,340,470
1672.96,340,470
1673.0,339,470
1673.04,340,470
1673.08,339,470
1673.12,339,470
1673.16,339,470
1673.2,339,470
1673.24,340,470
1673.28,340,470
1673.32,340,470
1673.36,340,470
1673.4,340,470
1673.44,340,470
1673.48,340,470
1673.52,340,470
1673.56,340,470
1673.6,340,470
1673.64,340,470
1673.68,340,470
1673.72,340,470
1673.76,340,470
1673.8,340,470
1673.84,340,470
1673.88,340,470
1673.92,340,470
1673.96,340,470
1674.0,340,470
1674.04,340,470
1674.08,340,470
1674.12,340,470
1674.16,340,470
1674.2,340,470
1674.24,340,470
1674.28,340,470
1674.32,340,470
1674.36,340,470
1674.4,340,470
1674.44,340,470
1674.48,340,470
1674.52,340,470
1674.56,340,470
1674.6,340,470
1674.64,340,470
1674.68,340,470
1674.72,340,470
1674.76,340,470
1674.8,340,470
1674.84,340,470
1674.88,340,470
1674.92,340,470
1674.96,340,470
1675.0,340,470
1675.04,340,470
1675.08,340,470
1675.12,340,470
1675.16,340,470
1675.2,340,470
1675.24,340,470
1675.28,340,470
1675.32,338,469
1675.36,338,469
1675.4,338,469
1675.44,338,469
1675.48,338,469
1675.52,338,469
1675.56,338,469
1675.6,338,469
1675.64,338,469
1675.68,338,469
1675.72,338,469
1675.76,338,469
1675.8,338,469
1675.84,338,469
1675.88,338,469
1675.92,338,469
1675.96,338,469
1676.0,338,469
1676.04,338,469
1676.08,338,468
1676.12,337,468
1676.16,337,468
1676.2,337,468
1676.24,337,468
1676.28,338,470
1676.32,338,470
1676.36,337,468
1676.4,337,468
1676.44,338,469
1676.48,338,469
1676.52,338,469
1676.56,338,469
1676.6,338,469
1676.64,338,469
1676.68,338,469
1676.72,338,469
1676.76,338,469
1676.8,338,469
1676.84,338,469
1676.88,338,469
1676.92,338,469
1676.96,338,469
1677.0,338,469
1677.04,338,469
1677.08,338,469
1677.12,338,469
1677.16,338,469
1677.2,338,469
1677.24,338,469
1677.28,338,469
1677.32,338,469
1677.36,338,469
1677.4,337,468
1677.44,337,468
1677.48,338,469
1677.52,338,469
1677.56,338,469
1677.6,338,469
1677.64,339,470
1677.68,339,470
1677.72,339,470
1677.76,339,470
1677.8,338,470
1677.84,338,468
1677.88,338,468
1677.92,338,469
1677.96,338,469
1678.0,339,469
1678.04,339,469
1678.08,339,469
1678.12,338,469
1678.16,338,469
1678.2,338,469
1678.24,339,469
1678.28,339,469
1678.32,339,469
1678.36,339,469
1678.4,338,469
1678.44,339,469
1678.48,338,469
1678.52,338,469
1678.56,338,469
1678.6,338,469
1678.64,338,469
1678.68,338,469
1678.72,339,469
1678.76,338,469
1678.8,338,469
1678.84,338,469
1678.88,338,469
1678.92,338,469
1678.96,338,469
1679.0,338,469
1679.04,338,469
1679.08,338,469
1679.12,338,470
1679.16,339,470
1679.2,339,470
1679.24,338,469
1679.28,340,470
1679.32,341,471
1679.36,341,472
1679.4,341,471
1679.44,341,471
1679.48,341,471
1679.52,341,471
1679.56,342,472
1679.6,342,472
1679.64,341,471
1679.68,341,472
1679.72,341,471
1679.76,341,471
1679.8,341,472
1679.84,341,471
1679.88,341,471
1679.92,341,471
1679.96,341,471
1680.0,341,471
1680.04,341,471
1680.08,341,471
1680.12,341,472
1680.16,342,472
1680.2,341,472
1680.24,341,472
1680.28,341,472
1680.32,341,472
1680.36,341,472
1680.4,341,472
1680.44,341,472
1680.48,341,472
1680.52,341,472
1680.56,341,472
1680.6,341,472
1680.64,341,472
1680.68,341,472
1680.72,341,472
1680.76,341,472
1680.8,341,472
1680.84,341,472
1680.88,341,472
1680.92,341,472
1680.96,341,472
1681.0,341,472
1681.04,341,472
1681.08,341,472
1681.12,341,472
1681.16,341,472
1681.2,342,472
1681.24,341,472
1681.28,341,472
1681.32,341,472
1681.36,341,472
1681.4,341,472
1681.44,341,472
1681.48,341,472
1681.52,341,472
1681.56,341,472
1681.6,342,472
1681.64,342,472
1681.68,342,472
1681.72,342,472
1681.76,342,472
1681.8,342,472
1681.84,342,472
1681.88,342,472
1681.92,342,472
1681.96,342,472
1682.0,342,472
1682.04,342,472
1682.08,342,472
1682.12,342,472
1682.16,342,472
1682.2,342,472
1682.24,342,472
1682.28,342,472
1682.32,342,472
1682.36,342,472
1682.4,342,472
1682.44,342,472
1682.48,342,472
1682.52,342,472
1682.56,342,472
1682.6,342,472
1682.64,342,472
1682.68,342,472
1682.72,342,472
1682.76,342,472
1682.8,342,472
1682.84,342,472
1682.88,342,472
1682.92,342,472
1682.96,342,472
1683.0,342,472
1683.04,342,472
1683.08,342,472
1683.12,342,472
1683.16,342,472
1683.2,342,472
1683.24,342,472
1683.28,342,472
1683.32,342,472
1683.36,342,472
1683.4,342,472
1683.44,342,472
1683.48,342,472
1683.52,342,472
1683.56,342,472
1683.6,342,472
1683.64,342,472
1683.68,342,472
1683.72,342,472
1683.76,342,472
1683.8,342,472
1683.84,342,472
1683.88,342,472
1683.92,342,472
1683.96,342,472
1684.0,342,472
1684.04,342,472
1684.08,342,472
1684.12,342,472
1684.16,342,472
1684.2,342,472
1684.24,342,472
1684.28,342,472
1684.32,342,472
1684.36,342,472
1684.4,342,472
1684.44,342,472
1684.48,342,472
1684.52,342,472
1684.56,342,472
1684.6,342,472
1684.64,342,472
1684.68,342,472
1684.72,342,472
1684.76,342,472
1684.8,342,472
1684.84,342,472
1684.88,342,472
1684.92,342,472
1684.96,342,472
1685.0,342,472
1685.04,342,472
1685.08,342,472
1685.12,342,472
1685.16,342,472
1685.2,342,472
1685.24,341,470
1685.28,341,470
1685.32,341,472
1685.36,341,472
1685.4,342,473
1685.44,342,473
1685.48,342,473
1685.52,342,473
1685.56,342,473
1685.6,342,473
1685.64,342,473
1685.68,342,473
1685.72,342,473
1685.76,342,473
1685.8,342,473
1685.84,342,473
1685.88,342,473
1685.92,342,473
1685.96,342,473
1686.0,342,473
1686.04,342,473
1686.08,342,473
1686.12,342,473
1686.16,339,471
1686.2,342,473
1686.24,342,473
1686.28,342,473
1686.32,342,473
1686.36,342,473
1686.4,342,473
1686.44,342,473
1686.48,342,473
1686.52,342,473
1686.56,342,473
1686.6,342,473
1686.64,342,473
1686.68,342,473
1686.72,342,473
1686.76,342,473
1686.8,342,473
1686.84,342,473
1686.88,342,473
1686.92,342,473
1686.96,388,439
1687.0,396,433
1687.04,401,436
1687.08,408,438
1687.12,413,439
1687.16,416,441
1687.2,416,443
1687.24,417,447
1687.28,417,451
1687.32,416,451
1687.36,414,451
1687.4,412,450
1687.44,409,448
1687.48,406,448
1687.52,400,446
1687.56,394,443
1687.6,387,440
1687.64,380,437
1687.68,377,435
1687.72,362,431
1687.76,358,432
1687.8,348,421
1687.84,348,421
1687.88,348,421
1687.92,348,421
1687.96,348,421
1688.0,348,421
1688.04,348,421
1688.08,348,421
1688.12,348,421
1688.16,348,421
1688.2,348,421
1688.24,348,421
1688.28,348,421
1688.32,348,421
1688.36,348,421
1688.4,348,421
1688.44,348,421
1688.48,348,421
1688.52,348,421
1688.56,348,421
1688.6,348,421
1688.64,348,421
1688.68,348,421
1688.72,348,421
1688.76,348,421
1688.8,348,421
1688.84,348,421
1688.88,348,421
1688.92,348,421
1688.96,348,421
1689.0,348,421
1689.04,348,421
1689.08,348,421
1689.12,348,421
1689.16,348,421
1689.2,348,421
1689.24,348,421
1689.28,348,421
1689.32,348,421
1689.36,355,429
1689.4,354,429
1689.44,355,429
1689.48,356,429
1689.52,355,429
1689.56,355,429
1689.6,355,429
1689.64,355,429
1689.68,355,429
1689.72,355,429
1689.76,355,429
1689.8,355,429
1689.84,355,429
1689.88,355,429
1689.92,355,429
1689.96,355,429
1690.0,355,429
1690.04,355,429
1690.08,355,429
1690.12,355,429
1690.16,355,429
1690.2,355,429
1690.24,355,429
1690.28,355,429
1690.32,355,429
1690.36,355,429
1690.4,355,429
1690.44,355,429
1690.48,372,437
1690.52,372,437
1690.56,373,438
1690.6,373,438
1690.64,373,437
1690.68,373,438
1690.72,376,439
1690.76,375,438
1690.8,376,439
1690.84,379,433
1690.88,380,434
1690.92,381,434
1690.96,381,434
1691.0,379,440
1691.04,380,434
1691.08,381,434
1691.12,381,434
1691.16,378,440
1691.2,376,439
1691.24,380,432
1691.28,376,439
1691.32,376,439
1691.36,373,439
1691.4,374,439
1691.44,372,439
1691.48,372,438
1691.52,371,437
1691.56,371,438
1691.6,371,438
1691.64,369,437
1691.68,370,436
1691.72,369,437
1691.76,370,436
1691.8,366,435
1691.84,367,434
1691.88,365,434
1691.92,367,434
1691.96,364,433
1692.0,364,432
1692.04,365,432
1692.08,365,432
1692.12,364,431
1692.16,362,431
1692.2,360,430
1692.24,363,431
1692.28,363,431
1692.32,360,429
1692.36,359,428
1692.4,360,427
1692.44,354,426
1692.48,356,426
1692.52,356,426
1692.56,358,425
1692.6,358,425
1692.64,358,425
1692.68,358,425
1692.72,358,425
1692.76,358,425
1692.8,358,425
1692.84,358,425
1692.88,358,425
1692.92,358,425
1692.96,360,425
1693.0,360,425
1693.04,360,425
1693.08,360,425
1693.12,360,425
1693.16,360,425
1693.2,360,425
1693.24,360,425
1693.28,360,425
1693.32,360,425
1693.36,360,425
1693.4,360,425
1693.44,360,425
1693.48,372,434
1693.52,372,434
1693.56,374,436
1693.6,374,437
1693.64,373,434
1693.68,373,435
1693.72,375,436
1693.76,376,436
1693.8,377,437
1693.84,377,438
1693.88,378,438
1693.92,378,439
1693.96,378,438
1694.0,380,431
1694.04,382,432
1694.08,381,432
1694.12,382,433
1694.16,383,433
1694.2,384,434
1694.24,384,434
1694.28,386,435
1694.32,386,435
1694.36,383,435
1694.4,386,436
1694.44,386,436
1694.48,386,436
1694.52,386,437
1694.56,389,438
1694.6,384,437
1694.64,384,436
1694.68,382,432
1694.72,381,430
1694.76,380,426
1694.8,376,423
1694.84,376,420
1694.88,373,419
1694.92,372,419
1694.96,368,420
1695.0,367,422
1695.04,370,426
1695.08,369,428
1695.12,369,427
1695.16,368,428
1695.2,370,428
1695.24,370,428
1695.28,370,427
1695.32,370,427
1695.36,369,428
1695.4,369,427
1695.44,369,427
1695.48,369,428
1695.52,371,428
1695.56,370,428
1695.6,370,428
1695.64,372,438
1695.68,373,438
1695.72,371,429
1695.76,374,439
1695.8,374,439
1695.84,374,439
1695.88,376,439
1695.92,376,439
1695.96,377,440
1696.0,378,440
1696.04,379,440
1696.08,378,440
1696.12,379,441
1696.16,379,441
1696.2,380,441
1696.24,384,433
1696.28,384,442
1696.32,382,433
1696.36,387,435
1696.4,386,435
1696.44,383,434
1696.48,386,434
1696.52,387,444
1696.56,385,443
1696.6,388,444
1696.64,388,436
1696.68,389,437
1696.72,389,436
1696.76,389,437
1696.8,389,437
1696.84,390,437
1696.88,391,437
1696.92,390,437
1696.96,389,438
1697.0,392,439
1697.04,390,439
1697.08,392,439
1697.12,391,439
1697.16,393,439
1697.2,392,438
1697.24,389,436
1697.28,387,433
1697.32,385,434
1697.36,381,426
1697.4,379,422
1697.44,375,418
1697.48,373,416
1697.52,367,416
1697.56,368,416
1697.6,365,417
1697.64,366,419
1697.68,368,422
1697.72,365,424
1697.76,362,427
1697.8,362,427
1697.84,361,427
1697.88,366,435
1697.92,366,435
1697.96,366,436
1698.0,367,436
1698.04,366,436
1698.08,367,436
1698.12,367,436
1698.16,367,436
1698.2,367,436
1698.24,368,436
1698.28,367,436
1698.32,369,436
1698.36,370,437
1698.4,370,437
1698.44,370,438
1698.48,372,438
1698.52,372,439
1698.56,372,439
1698.6,373,438
1698.64,373,439
1698.68,373,439
1698.72,370,430
1698.76,374,439
1698.8,374,440
1698.84,377,440
1698.88,374,431
1698.92,380,440
1698.96,382,440
1699.0,387,434
1699.04,385,442
1699.08,384,442
1699.12,384,441
1699.16,383,442
1699.2,383,442
1699.24,383,443
1699.28,387,436
1699.32,386,436
1699.36,386,437
1699.4,387,437
1699.44,386,437
1699.48,387,437
1699.52,384,434
1699.56,382,432
1699.6,382,431
1699.64,382,430
1699.68,376,433
1699.72,378,428
1699.76,372,425
1699.8,375,422
1699.84,375,422
1699.88,370,422
1699.92,371,423
1699.96,365,426
1700.0,367,429
1700.04,367,429
1700.08,360,434
1700.12,362,434
1700.16,362,433
1700.2,364,432
1700.24,363,433
1700.28,364,433
1700.32,366,433
1700.36,363,433
1700.4,365,432
1700.44,363,433
1700.48,364,432
1700.52,364,432
1700.56,364,433
1700.6,364,433
1700.64,365,433
1700.68,366,433
1700.72,365,434
1700.76,372,434
1700.8,368,435
1700.84,368,436
1700.88,369,436
1700.92,370,435
1700.96,375,437
1701.0,375,437
1701.04,372,438
1701.08,377,438
1701.12,375,438
1701.16,376,439
1701.2,376,439
1701.24,377,439
1701.28,378,439
1701.32,380,435
1701.36,380,435
1701.4,380,435
1701.44,380,435
1701.48,380,435
1701.52,380,434
1701.56,379,435
1701.6,379,433
1701.64,380,434
1701.68,376,433
1701.72,370,440
1701.76,364,440
1701.8,359,439
1701.84,354,440
1701.88,350,441
1701.92,348,442
1701.96,346,442
1702.0,348,441
1702.04,353,440
1702.08,353,440
1702.12,366,437
1702.16,366,437
1702.2,366,437
1702.24,366,437
1702.28,366,437
1702.32,385,440
1702.36,386,442
1702.4,387,440
1702.44,388,444
1702.48,387,442
1702.52,389,435
1702.56,386,443
1702.6,388,442
1702.64,389,434
1702.68,391,435
1702.72,390,436
1702.76,390,436
1702.8,392,436
1702.84,395,436
1702.88,389,435
1702.92,387,435
1702.96,387,435
1703.0,371,432
1703.04,366,433
1703.08,356,433
1703.12,359,425
1703.16,359,425
1703.2,359,425
1703.24,359,425
1703.28,359,425
1703.32,359,425
1703.36,359,425
1703.4,359,425
1703.44,359,425
1703.48,359,425
1703.52,359,425
1703.56,359,425
1703.6,359,425
1703.64,359,425
1703.68,359,425
1703.72,359,425
1703.76,359,425
1703.8,359,425
1703.84,359,425
1703.88,359,425
1703.92,359,425
1703.96,359,425
1704.0,359,425
1704.04,359,425
1704.08,359,425
1704.12,359,425
1704.16,359,425
1704.2,359,425
1704.24,359,425
1704.28,359,425
1704.32,359,425
1704.36,359,425
1704.4,359,425
1704.44,359,425
1704.48,359,425
1704.52,359,425
1704.56,359,425
1704.6,359,425
1704.64,359,425
1704.68,359,425
1704.72,359,425
1704.76,359,425
1704.8,359,425
1704.84,359,425
1704.88,359,425
1704.92,359,425
1704.96,359,425
1705.0,382,380
1705.04,387,399
1705.08,391,409
1705.12,390,418
1705.16,388,425
1705.2,390,436
1705.24,392,440
1705.28,391,444
1705.32,392,450
1705.36,393,453
1705.4,393,456
1705.44,394,458
1705.48,394,458
1705.52,394,457
1705.56,394,454
1705.6,395,450
1705.64,392,444
1705.68,392,440
1705.72,391,439
1705.76,391,441
1705.8,389,446
1705.84,387,446
1705.88,389,446
1705.92,384,446
1705.96,381,444
1706.0,377,443
1706.04,375,439
1706.08,372,437
1706.12,366,435
1706.16,359,432
1706.2,357,430
1706.24,353,429
1706.28,355,435
1706.32,353,434
1706.36,353,434
1706.4,353,434
1706.44,353,434
1706.48,353,434
1706.52,353,434
1706.56,353,434
1706.6,353,434
1706.64,361,430
1706.68,361,430
1706.72,361,430
1706.76,361,430
1706.8,361,430
1706.84,361,430
1706.88,371,442
1706.92,371,442
1706.96,371,442
1707.0,371,442
1707.04,371,442
1707.08,371,442
1707.12,370,440
1707.16,369,441
1707.2,368,441
1707.24,370,441
1707.28,370,441
1707.32,369,441
1707.36,370,441
1707.4,370,440
1707.44,368,440
1707.48,368,440
1707.52,367,440
1707.56,367,439
1707.6,365,439
1707.64,365,439
1707.68,365,439
1707.72,365,439
1707.76,365,439
1707.8,365,439
1707.84,365,439
1707.88,365,439
1707.92,365,439
1707.96,365,439
1708.0,365,439
1708.04,365,439
1708.08,365,439
1708.12,365,439
1708.16,365,439
1708.2,365,439
1708.24,365,439
1708.28,357,435
1708.32,357,435
1708.36,357,435
1708.4,357,435
1708.44,357,435
1708.48,366,425
1708.52,365,424
1708.56,366,424
1708.6,366,424
1708.64,366,424
1708.68,366,424
1708.72,366,424
1708.76,366,424
1708.8,366,424
1708.84,366,424
1708.88,366,424
1708.92,366,424
1708.96,366,424
1709.0,366,424
1709.04,366,424
1709.08,366,424
1709.12,366,424
1709.16,366,424
1709.2,366,424
1709.24,366,424
1709.28,366,424
1709.32,366,424
1709.36,366,424
1709.4,366,424
1709.44,366,424
1709.48,366,424
1709.52,366,424
1709.56,366,424
1709.6,366,424
1709.64,366,424
1709.68,366,424
1709.72,366,424
1709.76,366,424
1709.8,366,424
1709.84,366,424
1709.88,366,424
1709.92,366,424
1709.96,366,424
1710.0,366,424
1710.04,366,424
1710.08,366,424
1710.12,366,424
1710.16,366,424
1710.2,366,424
1710.24,366,424
1710.28,366,424
1710.32,366,424
1710.36,366,424
1710.4,366,424
1710.44,366,424
1710.48,366,424
1710.52,366,424
1710.56,366,424
1710.6,366,424
1710.64,366,424
1710.68,366,424
1710.72,366,424
1710.76,366,424
1710.8,366,424
1710.84,366,424
1710.88,366,424
1710.92,366,424
1710.96,366,424
1711.0,366,424
1711.04,366,424
1711.08,366,424
1711.12,366,424
1711.16,366,424
1711.2,366,424
1711.24,366,424
1711.28,366,424
1711.32,366,424
1711.36,366,424
1711.4,366,424
1711.44,366,424
1711.48,366,424
1711.52,366,424
1711.56,366,424
1711.6,374,441
1711.64,375,441
1711.68,374,443
1711.72,377,434
1711.76,378,434
1711.8,379,435
1711.84,381,436
1711.88,383,436
1711.92,385,437
1711.96,385,438
1712.0,387,438
1712.04,386,438
1712.08,384,437
1712.12,383,437
1712.16,382,436
1712.2,379,435
1712.24,378,434
1712.28,377,433
1712.32,376,433
1712.36,376,432
1712.4,374,431
1712.44,373,431
1712.48,371,430
1712.52,370,429
1712.56,368,428
1712.6,366,437
1712.64,364,435
1712.68,363,426
1712.72,362,434
1712.76,361,425
1712.8,360,433
1712.84,358,433
1712.88,357,423
1712.92,358,423
1712.96,358,423
1713.0,358,424
1713.04,358,423
1713.08,360,434
1713.12,360,434
1713.16,359,433
1713.2,357,424
1713.24,362,435
1713.28,362,435
1713.32,362,435
1713.36,362,435
1713.4,360,416
1713.44,364,435
1713.48,359,425
1713.52,360,418
1713.56,363,435
1713.6,363,435
1713.64,363,418
1713.68,362,417
1713.72,360,418
1713.76,362,418
1713.8,362,418
1713.84,364,418
1713.88,368,419
1713.92,367,429
1713.96,367,419
1714.0,368,430
1714.04,368,429
1714.08,369,429
1714.12,370,430
1714.16,369,431
1714.2,370,430
1714.24,372,432
1714.28,373,432
1714.32,376,433
1714.36,376,433
1714.4,378,435
1714.44,377,434
1714.48,378,434
1714.52,379,435
1714.56,381,436
1714.6,381,435
1714.64,385,436
1714.68,385,437
1714.72,386,437
1714.76,388,438
1714.8,388,439
1714.84,389,439
1714.88,389,439
1714.92,391,441
1714.96,390,441
1715.0,390,441
1715.04,389,440
1715.08,388,439
1715.12,386,437
1715.16,384,435
1715.2,380,432
1715.24,380,431
1715.28,380,429
1715.32,380,429
1715.36,380,429
1715.4,363,435
1715.44,368,427
1715.48,375,422
1715.52,375,422
1715.56,375,422
1715.6,369,426
1715.64,372,436
1715.68,371,436
1715.72,370,436
1715.76,370,435
1715.8,370,435
1715.84,370,435
1715.88,370,435
1715.92,366,420
1715.96,366,420
1716.0,355,419
1716.04,355,419
1716.08,355,419
1716.12,355,419
1716.16,370,435
1716.2,370,435
1716.24,370,435
1716.28,370,435
1716.32,370,435
1716.36,364,422
1716.4,364,422
1716.44,362,422
1716.48,361,421
1716.52,362,421
1716.56,360,421
1716.6,360,421
1716.64,361,420
1716.68,361,421
1716.72,361,420
1716.76,361,420
1716.8,366,420
1716.84,360,420
1716.88,367,420
1716.92,367,420
1716.96,364,421
1717.0,367,421
1717.04,367,421
1717.08,363,420
1717.12,367,428
1717.16,367,428
1717.2,367,428
1717.24,367,428
1717.28,367,430
1717.32,370,420
1717.36,371,431
1717.4,372,432
1717.44,373,431
1717.48,376,432
1717.52,375,433
1717.56,374,433
1717.6,376,433
1717.64,377,434
1717.68,377,434
1717.72,378,434
1717.76,379,435
1717.8,380,436
1717.84,381,436
1717.88,380,435
1717.92,381,436
1717.96,382,434
1718.0,382,437
1718.04,383,436
1718.08,383,436
1718.12,384,437
1718.16,383,438
1718.2,384,438
1718.24,382,437
1718.28,382,437
1718.32,381,437
1718.36,380,435
1718.4,375,431
1718.44,373,433
1718.48,374,425
1718.52,369,427
1718.56,366,426
1718.6,367,421
1718.64,363,418
1718.68,364,417
1718.72,362,416
1718.76,363,418
1718.8,363,421
1718.84,361,425
1718.88,360,426
1718.92,360,427
1718.96,360,426
1719.0,360,427
1719.04,360,427
1719.08,362,428
1719.12,362,425
1719.16,361,425
1719.2,362,425
1719.24,362,425
1719.28,365,426
1719.32,365,426
1719.36,364,426
1719.4,359,423
1719.44,365,427
1719.48,362,419
1719.52,364,418
1719.56,367,426
1719.6,367,426
1719.64,368,426
1719.68,368,426
1719.72,369,427
1719.76,369,427
1719.8,369,427
1719.84,369,427
1719.88,368,427
1719.92,371,428
1719.96,372,427
1720.0,372,427
1720.04,373,427
1720.08,372,428
1720.12,373,428
1720.16,374,429
1720.2,375,429
1720.24,377,430
1720.28,378,430
1720.32,380,431
1720.36,378,431
1720.4,379,431
1720.44,380,431
1720.48,381,432
1720.52,379,432
1720.56,381,432
1720.6,382,433
1720.64,383,433
1720.68,384,434
1720.72,385,433
1720.76,385,434
1720.8,385,434
1720.84,387,434
1720.88,387,435
1720.92,388,435
1720.96,388,435
1721.0,389,436
1721.04,388,436
1721.08,388,436
1721.12,387,437
1721.16,387,438
1721.2,386,438
1721.24,386,437
1721.28,384,436
1721.32,381,432
1721.36,379,431
1721.4,378,428
1721.44,375,427
1721.48,374,431
1721.52,374,418
1721.56,372,427
1721.6,371,425
1721.64,370,425
1721.68,369,425
1721.72,365,419
1721.76,367,430
1721.8,367,430
1721.84,367,430
1721.88,367,430
1721.92,366,422
1721.96,365,422
1722.0,365,421
1722.04,365,421
1722.08,365,421
1722.12,365,421
1722.16,365,421
1722.2,365,421
1722.24,365,421
1722.28,365,421
1722.32,365,421
1722.36,369,434
1722.4,371,433
1722.44,371,434
1722.48,372,432
1722.52,372,433
1722.56,372,433
1722.6,374,433
1722.64,374,435
1722.68,374,427
1722.72,376,435
1722.76,375,437
1722.8,378,436
1722.84,376,437
1722.88,378,438
1722.92,377,438
1722.96,379,440
1723.0,380,440
1723.04,380,441
1723.08,381,442
1723.12,382,441
1723.16,382,442
1723.2,384,442
1723.24,385,434
1723.28,387,438
1723.32,387,438
1723.36,388,438
1723.4,389,439
1723.44,388,440
1723.48,389,440
1723.52,389,440
1723.56,389,440
1723.6,389,439
1723.64,390,440
1723.68,389,439
1723.72,390,437
1723.76,388,437
1723.8,388,437
1723.84,384,435
1723.88,381,432
1723.92,379,428
1723.96,377,425
1724.0,379,430
1724.04,373,425
1724.08,373,425
1724.12,373,423
1724.16,372,425
1724.2,370,427
1724.24,370,427
1724.28,370,427
1724.32,370,427
1724.36,370,427
1724.4,370,427
1724.44,370,427
1724.48,370,427
1724.52,370,427
1724.56,370,427
1724.6,370,427
1724.64,370,427
1724.68,370,427
1724.72,370,427
1724.76,370,427
1724.8,377,437
1724.84,377,437
1724.88,377,437
1724.92,377,437
1724.96,377,437
1725.0,377,437
1725.04,377,438
1725.08,377,438
1725.12,379,438
1725.16,379,438
1725.2,379,438
1725.24,383,437
1725.28,383,438
1725.32,382,440
1725.36,384,439
1725.4,386,434
1725.44,387,434
1725.48,388,435
1725.52,387,434
1725.56,388,436
1725.6,390,441
1725.64,390,431
1725.68,390,437
1725.72,392,429
1725.76,391,430
1725.8,386,426
1725.84,392,430
1725.88,392,430
1725.92,394,435
1725.96,394,434
1726.0,387,436
1726.04,394,429
1726.08,395,436
1726.12,393,429
1726.16,393,428
1726.2,395,436
1726.24,394,437
1726.28,396,437
1726.32,396,437
1726.36,394,429
1726.4,398,437
1726.44,398,437
1726.48,397,437
1726.52,397,437
1726.56,397,437
1726.6,395,429
1726.64,393,429
1726.68,387,427
1726.72,384,426
1726.76,382,422
1726.8,376,430
1726.84,377,428
1726.88,372,427
1726.92,370,426
1726.96,369,426
1727.0,368,427
1727.04,364,420
1727.08,368,420
1727.12,365,425
1727.16,370,424
1727.2,366,425
1727.24,369,422
1727.28,370,422
1727.32,370,422
1727.36,370,422
1727.4,370,422
1727.44,370,423
1727.48,370,422
1727.52,371,422
1727.56,367,422
1727.6,367,423
1727.64,370,423
1727.68,369,423
1727.72,376,423
1727.76,376,423
1727.8,371,423
1727.84,371,423
1727.88,372,423
1727.92,372,423
1727.96,373,423
1728.0,373,425
1728.04,373,424
1728.08,374,424
1728.12,380,425
1728.16,380,425
1728.2,390,429
1728.24,387,441
1728.28,389,444
1728.32,391,444
1728.36,392,446
1728.4,393,446
1728.44,393,447
1728.48,394,448
1728.52,393,449
1728.56,393,449
1728.6,394,450
1728.64,393,450
1728.68,393,450
1728.72,393,451
1728.76,392,451
1728.8,392,451
1728.84,393,453
1728.88,393,453
1728.92,395,455
1728.96,396,456
1729.0,394,455
1729.04,392,456
1729.08,388,456
1729.12,381,456
1729.16,376,457
1729.2,367,456
1729.24,355,455
1729.28,352,449
1729.32,342,449
1729.36,325,444
1729.4,320,444
1729.44,320,444
1729.48,320,444
1729.52,320,444
1729.56,320,444
1729.6,320,444
1729.64,320,444
1729.68,320,444
1729.72,320,444
1729.76,320,444
1729.8,320,444
1729.84,320,444
1729.88,320,444
1729.92,320,444
1729.96,320,444
1730.0,320,444
1730.04,320,444
1730.08,320,444
1730.12,320,444
1730.16,320,444
1730.2,320,444
1730.24,320,444
1730.28,320,444
1730.32,320,444
1730.36,320,444
1730.4,320,444
1730.44,320,444
1730.48,320,444
1730.52,320,444
1730.56,320,444
1730.6,320,444
1730.64,320,444
1730.68,320,444
1730.72,320,444
1730.76,320,444
1730.8,338,419
1730.84,342,424
1730.88,342,429
1730.92,342,429
1730.96,342,429
1731.0,342,429
1731.04,342,429
1731.08,342,429
1731.12,342,429
1731.16,342,429
1731.2,342,429
1731.24,342,429
1731.28,342,429
1731.32,342,429
1731.36,337,414
1731.4,337,414
1731.44,336,420
1731.48,334,421
1731.52,332,422
1731.56,331,423
1731.6,329,424
1731.64,328,426
1731.68,326,427
1731.72,322,430
1731.76,322,430
1731.8,322,430
1731.84,322,430
1731.88,322,430
1731.92,296,410
1731.96,298,406
1732.0,303,396
1732.04,303,396
1732.08,303,396
1732.12,303,396
1732.16,341,358
1732.2,353,359
1732.24,367,361
1732.28,377,367
1732.32,386,375
1732.36,395,383
1732.4,400,389
1732.44,403,394
1732.48,406,396
1732.52,407,396
1732.56,406,395
1732.6,400,395
1732.64,393,396
1732.68,386,398
1732.72,381,409
1732.76,375,414
1732.8,370,419
1732.84,367,425
1732.88,364,428
1732.92,362,430
1732.96,362,431
1733.0,362,431
1733.04,363,431
1733.08,364,430
1733.12,365,429
1733.16,366,430
1733.2,366,430
1733.24,365,431
1733.28,367,433
1733.32,367,433
1733.36,367,433
1733.4,367,433
1733.44,367,433
1733.48,367,433
1733.52,338,441
1733.56,338,441
1733.6,338,441
1733.64,338,441
1733.68,338,441
1733.72,338,441
1733.76,338,441
1733.8,338,441
1733.84,338,441
1733.88,307,396
1733.92,313,388
1733.96,319,380
1734.0,329,367
1734.04,339,360
1734.08,339,360
1734.12,339,360
1734.16,374,357
1734.2,374,357
1734.24,374,357
1734.28,374,357
1734.32,394,387
1734.36,393,394
1734.4,392,397
1734.44,389,398
1734.48,384,399
1734.52,378,404
1734.56,373,406
1734.6,364,407
1734.64,359,409
1734.68,355,412
1734.72,349,417
1734.76,350,420
1734.8,350,420
1734.84,350,420
1734.88,350,420
1734.92,350,420
1734.96,350,420
1735.0,350,420
1735.04,348,420
1735.08,348,420
1735.12,348,420
1735.16,348,420
1735.2,348,420
1735.24,348,420
1735.28,348,420
1735.32,348,420
1735.36,348,420
1735.4,362,426
1735.44,363,429
1735.48,365,430
1735.52,367,430
1735.56,371,428
1735.6,373,413
1735.64,382,416
1735.68,385,405
1735.72,394,372
1735.76,400,377
1735.8,400,357
1735.84,398,340
1735.88,398,340
1735.92,398,340
1735.96,398,340
1736.0,398,340
1736.04,384,308
1736.08,384,308
1736.12,384,308
1736.16,384,308
1736.2,384,308
1736.24,384,308
1736.28,384,308
1736.32,384,308
1736.36,384,308
1736.4,384,308
1736.44,384,308
1736.48,384,308
1736.52,384,308
1736.56,384,308
1736.6,384,308
1736.64,384,308
1736.68,384,308
1736.72,384,308
1736.76,384,308
1736.8,384,308
1736.84,384,308
1736.88,384,308
1736.92,384,308
1736.96,384,308
1737.0,384,308
1737.04,384,308
1737.08,384,308
1737.12,384,308
1737.16,384,308
1737.2,384,308
1737.24,384,308
1737.28,384,308
1737.32,384,308
1737.36,384,308
1737.4,384,308
1737.44,384,308
1737.48,384,308
1737.52,384,308
1737.56,384,308
1737.6,384,308
1737.64,384,308
1737.68,384,308
1737.72,384,308
1737.76,384,308
1737.8,384,308
1737.84,384,308
1737.88,384,308
1737.92,384,308
1737.96,384,308
1738.0,384,308
1738.04,384,308
1738.08,384,308
1738.12,384,308
1738.16,384,308
1738.2,384,308
1738.24,384,308
1738.28,384,308
1738.32,384,308
1738.36,365,350
1738.4,372,335
1738.44,383,319
1738.48,383,319
1738.52,383,319
1738.56,383,319
1738.6,383,319
1738.64,386,273
1738.68,386,273
1738.72,384,272
1738.76,384,272
1738.8,384,272
1738.84,384,272
1738.88,384,272
1738.92,384,272
1738.96,384,272
1739.0,384,272
1739.04,384,272
1739.08,384,272
1739.12,384,272
1739.16,384,272
1739.2,384,272
1739.24,384,272
1739.28,384,272
1739.32,384,272
1739.36,384,272
1739.4,384,272
1739.44,346,414
1739.48,346,414
1739.52,346,414
1739.56,346,414
1739.6,346,414
1739.64,346,414
1739.68,346,414
1739.72,346,414
1739.76,346,414
1739.8,346,414
1739.84,346,414
1739.88,346,414
1739.92,346,414
1739.96,346,414
1740.0,346,414
1740.04,346,414
1740.08,346,414
1740.12,346,414
1740.16,346,414
1740.2,346,414
1740.24,346,414
1740.28,346,414
1740.32,346,414
1740.36,346,414
1740.4,346,414
1740.44,346,414
1740.48,346,414
1740.52,346,414
1740.56,346,414
1740.6,346,414
1740.64,346,414
1740.68,346,414
1740.72,346,414
1740.76,346,414
1740.8,346,414
1740.84,346,414
1740.88,346,414
1740.92,346,414
1740.96,346,414
1741.0,346,414
1741.04,346,414
1741.08,373,441
1741.12,384,444
1741.16,385,448
1741.2,398,440
1741.24,401,443
1741.28,404,444
1741.32,406,445
1741.36,407,445
1741.4,406,446
1741.44,405,446
1741.48,402,447
1741.52,398,445
1741.56,395,444
1741.6,393,444
1741.64,392,445
1741.68,392,447
1741.72,394,449
1741.76,394,451
1741.8,393,453
1741.84,392,452
1741.88,391,450
1741.92,389,449
1741.96,389,447
1742.0,391,446
1742.04,391,446
1742.08,394,447
1742.12,396,448
1742.16,396,449
1742.2,396,449
1742.24,394,449
1742.28,392,448
1742.32,390,446
1742.36,387,444
1742.4,384,443
1742.44,381,441
1742.48,378,439
1742.52,375,435
1742.56,372,438
1742.6,372,436
1742.64,373,436
1742.68,377,436
1742.72,381,437
1742.76,385,440
1742.8,387,441
1742.84,389,442
1742.88,391,443
1742.92,391,444
1742.96,392,445
1743.0,392,445
1743.04,392,447
1743.08,390,447
1743.12,389,446
1743.16,386,446
1743.2,385,446
1743.24,384,446
1743.28,385,445
1743.32,384,444
1743.36,387,444
1743.4,387,442
1743.44,389,442
1743.48,388,442
1743.52,391,445
1743.56,391,446
1743.6,390,444
1743.64,388,444
1743.68,386,442
1743.72,386,439
1743.76,377,438
1743.8,371,435
1743.84,367,434
1743.88,362,433
1743.92,360,433
1743.96,359,431
1744.0,358,431
1744.04,358,432
1744.08,358,432
1744.12,359,432
1744.16,357,430
1744.2,360,431
1744.24,360,430
1744.28,364,429
1744.32,362,429
1744.36,364,430
1744.4,367,436
1744.44,370,433
1744.48,366,436
1744.52,371,436
1744.56,371,436
1744.6,375,438
1744.64,371,441
1744.68,372,442
1744.72,371,440
1744.76,369,440
1744.8,366,438
1744.84,366,438
1744.88,363,437
1744.92,359,436
1744.96,358,435
1745.0,358,435
1745.04,356,435
1745.08,359,434
1745.12,359,434
1745.16,361,432
1745.2,361,432
1745.24,361,432
1745.28,361,432
1745.32,361,432
1745.36,361,432
1745.4,361,432
1745.44,361,432
1745.48,361,432
1745.52,361,432
1745.56,361,432
1745.6,364,435
1745.64,365,435
1745.68,365,435
1745.72,365,435
1745.76,365,435
1745.8,365,435
1745.84,365,435
1745.88,365,435
1745.92,366,434
1745.96,365,434
1746.0,366,434
1746.04,366,434
1746.08,366,433
1746.12,366,433
1746.16,366,433
1746.2,366,433
1746.24,366,433
1746.28,366,433
1746.32,366,433
1746.36,366,433
1746.4,369,432
1746.44,369,432
1746.48,370,432
1746.52,370,433
1746.56,370,432
1746.6,370,433
1746.64,370,433
1746.68,370,434
1746.72,371,434
1746.76,370,433
1746.8,369,433
1746.84,370,424
1746.88,369,431
1746.92,367,429
1746.96,367,430
1747.0,368,432
1747.04,368,432
1747.08,368,432
1747.12,368,432
1747.16,368,432
1747.2,368,432
1747.24,368,432
1747.28,368,432
1747.32,368,432
1747.36,368,432
1747.4,368,432
1747.44,368,432
1747.48,368,432
1747.52,368,432
1747.56,368,432
1747.6,368,432
1747.64,368,432
1747.68,368,432
1747.72,368,432
1747.76,368,432
1747.8,368,432
1747.84,368,432
1747.88,368,432
1747.92,368,432
1747.96,368,432
1748.0,368,432
1748.04,368,432
1748.08,368,432
1748.12,368,432
1748.16,368,432
1748.2,368,432
1748.24,368,432
1748.28,368,432
1748.32,368,432
1748.36,368,432
1748.4,368,432
1748.44,368,432
1748.48,368,432
1748.52,368,432
1748.56,368,432
1748.6,368,432
1748.64,368,432
1748.68,368,432
1748.72,368,432
1748.76,368,432
1748.8,368,432
1748.84,368,432
1748.88,368,432
1748.92,368,432
1748.96,368,432
1749.0,368,432
1749.04,368,432
1749.08,368,432
1749.12,368,432
1749.16,368,432
1749.2,368,432
1749.24,368,432
1749.28,368,432
1749.32,368,432
1749.36,368,432
1749.4,368,432
1749.44,368,432
1749.48,368,432
1749.52,368,432
1749.56,368,432
1749.6,368,432
1749.64,368,432
1749.68,368,432
1749.72,368,432
1749.76,368,432
1749.8,368,432
1749.84,368,432
1749.88,368,432
1749.92,368,432
1749.96,368,432
1750.0,368,432
1750.04,368,432
1750.08,368,432
1750.12,368,432
1750.16,368,432
1750.2,368,432
1750.24,368,432
1750.28,368,432
1750.32,368,432
1750.36,368,432
1750.4,368,432
1750.44,368,432
1750.48,368,432
1750.52,368,432
1750.56,368,432
1750.6,368,432
1750.64,368,432
1750.68,368,432
1750.72,368,432
1750.76,368,432
1750.8,368,432
1750.84,368,432
1750.88,368,432
1750.92,368,432
1750.96,368,432
1751.0,368,432
1751.04,368,432
1751.08,368,432
1751.12,368,432
1751.16,368,432
1751.2,368,432
1751.24,368,432
1751.28,368,432
1751.32,368,432
1751.36,382,445
1751.4,381,445
1751.44,381,445
1751.48,383,445
1751.52,382,446
1751.56,382,446
1751.6,382,446
1751.64,382,446
1751.68,381,447
1751.72,381,447
1751.76,381,447
1751.8,381,447
1751.84,386,449
1751.88,386,449
1751.92,386,449
1751.96,386,449
1752.0,394,451
1752.04,394,451
1752.08,394,451
1752.12,394,451
1752.16,394,451
1752.2,394,451
1752.24,394,451
1752.28,394,451
1752.32,403,449
1752.36,403,449
1752.4,403,449
1752.44,403,449
1752.48,403,449
1752.52,388,425
1752.56,388,425
1752.6,388,425
1752.64,388,425
1752.68,388,425
1752.72,388,425
1752.76,388,425
1752.8,388,425
1752.84,388,425
1752.88,388,425
1752.92,388,425
1752.96,388,425
1753.0,388,425
1753.04,388,425
1753.08,388,425
1753.12,388,425
1753.16,388,425
1753.2,388,425
1753.24,388,425
1753.28,388,425
1753.32,388,425
1753.36,388,425
1753.4,388,425
1753.44,388,425
1753.48,388,425
1753.52,388,425
1753.56,388,425
1753.6,388,425
1753.64,388,425
1753.68,388,425
1753.72,388,425
1753.76,388,425
1753.8,388,425
1753.84,388,425
1753.88,388,425
1753.92,388,425
1753.96,388,425
1754.0,388,425
1754.04,388,425
1754.08,388,425
1754.12,388,425
1754.16,388,425
1754.2,388,425
1754.24,388,425
1754.28,388,425
1754.32,386,450
1754.36,386,450
1754.4,389,450
1754.44,388,450
1754.48,389,451
1754.52,389,452
1754.56,390,452
1754.6,390,452
1754.64,388,451
1754.68,386,449
1754.72,384,446
1754.76,380,444
1754.8,383,444
1754.84,383,444
1754.88,383,444
1754.92,383,444
1754.96,383,444
1755.0,383,444
1755.04,383,444
1755.08,383,444
1755.12,383,444
1755.16,383,444
1755.2,383,444
1755.24,383,444
1755.28,383,444
1755.32,383,444
1755.36,383,444
1755.4,383,444
1755.44,383,444
1755.48,383,444
1755.52,383,444
1755.56,383,444
1755.6,383,444
1755.64,383,444
1755.68,383,444
1755.72,383,444
1755.76,383,444
1755.8,383,444
1755.84,383,444
1755.88,383,444
1755.92,383,444
1755.96,383,444
1756.0,383,444
1756.04,383,444
1756.08,383,444
1756.12,383,444
1756.16,383,444
1756.2,383,444
1756.24,383,444
1756.28,383,444
1756.32,383,444
1756.36,383,444
1756.4,383,444
1756.44,383,444
1756.48,383,444
1756.52,383,444
1756.56,383,444
1756.6,383,444
1756.64,383,444
1756.68,383,444
1756.72,383,444
1756.76,383,444
1756.8,383,444
1756.84,383,444
1756.88,383,444
1756.92,383,444
1756.96,383,444
1757.0,383,444
1757.04,383,444
1757.08,383,444
1757.12,383,444
1757.16,383,444
1757.2,383,444
1757.24,383,444
