year,week,Barisal,Bhola,Bogra,CoxsBazar,Dhaka,Faridpur,Ishurdi,Mymensingh,Rajshahi,Rangamati,Rangpur,Satkhira,Sylhet
1975,1,0.0,0.0,0.0,0.0,0.0,0.0,0.0,0.0,0.0,0.0,2.0,0.0,0.0
1975,2,0.0,0.0,0.0,0.0,0.0,0.0,0.0,0.0,0.0,0.0,0.0,0.0,0.0
1975,3,0.0,0.0,0.0,0.0,0.0,0.0,0.0,0.0,0.0,0.0,0.0,0.0,0.0
1975,4,0.0,0.0,4.0,0.0,1.0,0.0,4.0,0.0,9.0,0.0,0.0,6.0,0.0
1975,5,0.0,0.0,6.0,0.0,0.0,0.0,0.0,0.0,0.0,0.0,5.0,0.0,0.0
1975,6,0.0,0.0,0.0,0.0,0.0,8.0,0.0,0.0,0.0,0.0,0.0,0.0,0.0
1975,7,1.0,16.0,0.0,0.0,29.0,11.0,0.0,0.0,5.0,0.0,1.0,35.0,31.0
1975,8,0.0,0.0,0.0,0.0,0.0,0.0,0.0,0.0,0.0,0.0,0.0,0.0,0.0
1975,9,0.0,0.0,0.0,0.0,0.0,0.0,0.0,0.0,0.0,0.0,0.0,0.0,0.0
1975,10,0.0,0.0,9.0,0.0,13.0,0.0,8.0,0.0,6.0,6.0,1.0,0.0,62.0
1975,11,0.0,0.0,0.0,0.0,0.0,0.0,0.0,0.0,0.0,0.0,0.0,0.0,2.0
1975,12,0.0,0.0,0.0,0.0,0.0,0.0,0.0,0.0,0.0,0.0,0.0,0.0,0.0
1975,13,0.0,0.0,15.0,0.0,0.0,0.0,3.0,0.0,6.0,0.0,2.0,0.0,0.0
1975,14,0.0,0.0,0.0,0.0,0.0,0.0,0.0,0.0,0.0,0.0,32.0,0.0,0.0
1975,15,0.0,0.0,0.0,0.0,0.0,0.0,0.0,0.0,0.0,0.0,0.0,0.0,10.0
1975,16,0.0,0.0,6.0,10.0,72.0,13.0,13.0,8.0,28.0,32.0,31.0,9.0,141.0
1975,17,0.0,0.0,46.0,1.0,25.0,95.0,165.0,0.0,25.0,151.0,83.0,10.0,79.0
1975,18,0.0,0.0,2.0,0.0,11.0,48.0,5.0,3.0,2.0,0.0,3.0,1.0,93.0
1975,19,0.0,0.0,1.0,3.0,8.0,24.0,0.0,0.0,0.0,0.0,111.0,1.0,156.0
1975,20,116.0,61.0,54.0,138.0,103.0,25.0,60.0,0.0,20.0,17.0,100.0,60.0,91.0
1975,21,54.0,16.0,73.0,7.0,103.0,56.0,44.0,0.0,75.0,2.0,157.0,44.0,127.0
1975,22,84.0,120.0,93.0,106.0,145.0,120.0,29.0,0.0,14.0,90.0,87.0,14.0,125.0
1975,23,159.0,163.0,4.0,212.0,30.0,2.0,5.0,0.0,38.0,217.0,10.0,5.0,0.0
1975,24,9.0,18.0,49.0,76.0,50.0,9.0,12.0,0.0,3.0,77.0,10.0,6.0,0.0
1975,25,106.0,131.0,49.0,52.0,94.0,150.0,158.0,0.0,19.0,134.0,74.0,133.0,0.0
1975,26,38.0,50.0,8.0,59.0,8.0,23.0,15.0,0.0,5.0,77.0,9.0,22.0,0.0
1975,27,72.0,75.0,96.0,244.0,20.0,55.0,34.0,0.0,29.0,71.0,62.0,71.0,87.0
1975,28,33.0,147.0,78.0,145.0,9.0,79.0,15.0,0.0,30.0,37.0,123.0,116.0,75.0
1975,29,195.0,366.0,196.0,531.0,441.0,331.0,407.0,0.0,148.0,209.0,154.0,462.0,228.0
1975,30,26.0,21.0,98.0,337.0,80.0,61.0,161.0,0.0,159.0,264.0,102.0,78.0,485.0
1975,31,12.0,23.0,26.0,123.0,10.0,74.0,76.0,0.0,38.0,111.0,35.0,15.0,203.0
1975,32,105.0,54.0,5.0,313.0,161.0,40.0,31.0,0.0,33.0,48.0,0.0,0.0,58.0
1975,33,96.0,69.0,7.0,35.0,39.0,5.0,15.0,0.0,14.0,85.0,4.0,0.0,116.0
1975,34,62.0,73.0,78.0,54.0,17.0,176.0,63.0,0.0,45.0,57.0,138.0,0.0,451.0
1975,35,88.0,51.0,15.0,58.0,90.0,9.0,57.0,17.0,70.0,31.0,14.0,0.0,95.0
1975,36,0.0,91.0,59.0,54.0,27.0,43.0,38.0,0.0,43.0,52.0,88.0,19.0,139.0
1975,37,0.0,129.0,18.0,60.0,51.0,52.0,15.0,0.0,35.0,92.0,57.0,86.0,111.0
1975,38,0.0,29.0,115.0,76.0,191.0,115.0,7.0,0.0,59.0,23.0,131.0,6.0,153.0
1975,39,0.0,71.0,3.0,90.0,42.0,83.0,117.0,0.0,60.0,44.0,14.0,39.0,11.0
1975,40,5.0,63.0,141.0,5.0,86.0,155.0,39.0,0.0,82.0,28.0,83.0,26.0,81.0
1975,41,28.0,144.0,60.0,556.0,137.0,13.0,134.0,0.0,18.0,99.0,22.0,42.0,111.0
1975,42,0.0,16.0,17.0,35.0,18.0,76.0,5.0,0.0,22.0,77.0,13.0,5.0,31.0
1975,43,56.0,22.0,0.0,56.0,2.0,0.0,0.0,0.0,3.0,0.0,5.0,16.0,0.0
1975,44,61.0,42.0,0.0,49.0,7.0,0.0,0.0,0.0,0.0,7.0,0.0,51.0,0.0
1975,45,14.0,35.0,0.0,54.0,2.0,0.0,0.0,0.0,0.0,69.0,0.0,0.0,0.0
1975,46,30.0,90.0,1.0,202.0,23.0,18.0,60.0,0.0,1.0,39.0,0.0,12.0,92.0
1975,47,0.0,0.0,0.0,0.0,0.0,0.0,0.0,0.0,0.0,0.0,0.0,0.0,0.0
1975,48,0.0,0.0,0.0,10.0,0.0,0.0,0.0,0.0,0.0,0.0,0.0,1.0,0.0
1975,49,0.0,0.0,0.0,25.0,0.0,0.0,0.0,0.0,0.0,0.0,0.0,0.0,0.0
1975,50,0.0,0.0,0.0,0.0,0.0,0.0,0.0,0.0,0.0,0.0,0.0,0.0,0.0
1975,51,0.0,0.0,0.0,0.0,0.0,0.0,0.0,0.0,0.0,0.0,0.0,0.0,0.0
1975,52,0.0,0.0,0.0,0.0,0.0,0.0,0.0,0.0,0.0,0.0,0.0,0.0,0.0
1976,1,0.0,0.0,0.0,0.0,0.0,0.0,0.0,0.0,0.0,0.0,0.0,0.0,0.0
1976,2,0.0,0.0,0.0,0.0,0.0,0.0,0.0,0.0,0.0,0.0,0.0,0.0,0.0
1976,3,0.0,0.0,0.0,0.0,0.0,0.0,0.0,0.0,0.0,0.0,0.0,0.0,0.0
1976,4,0.0,0.0,0.0,0.0,0.0,0.0,0.0,0.0,0.0,0.0,0.0,0.0,0.0
1976,5,0.0,0.0,0.0,0.0,0.0,3.0,2.0,0.0,0.0,0.0,0.0,0.0,0.0
1976,6,12.0,45.0,11.0,0.0,7.0,15.0,15.0,8.0,10.0,0.0,0.0,62.0,7.0
1976,7,8.0,0.0,0.0,0.0,0.0,0.0,0.0,0.0,0.0,0.0,0.0,0.0,0.0
1976,8,0.0,0.0,0.0,0.0,0.0,0.0,0.0,0.0,0.0,0.0,0.0,0.0,4.0
1976,9,0.0,0.0,0.0,0.0,0.0,0.0,0.0,0.0,0.0,0.0,0.0,0.0,0.0
1976,10,0.0,0.0,0.0,0.0,7.0,0.0,0.0,0.0,0.0,0.0,0.0,0.0,106.0
1976,11,2.0,1.0,22.0,0.0,34.0,0.0,0.0,0.0,4.0,0.0,0.0,0.0,127.0
1976,12,0.0,0.0,0.0,0.0,0.0,0.0,4.0,0.0,0.0,0.0,0.0,0.0,0.0
1976,13,0.0,0.0,0.0,0.0,76.0,0.0,4.0,0.0,0.0,0.0,1.0,0.0,90.0
1976,14,0.0,0.0,0.0,0.0,1.0,2.0,0.0,0.0,3.0,0.0,0.0,10.0,0.0
1976,15,18.0,7.0,0.0,48.0,0.0,1.0,3.0,0.0,0.0,54.0,0.0,0.0,23.0
1976,16,0.0,0.0,0.0,0.0,0.0,0.0,0.0,0.0,0.0,57.0,0.0,0.0,30.0
1976,17,38.0,15.0,21.0,0.0,15.0,39.0,20.0,13.0,6.0,4.0,41.0,0.0,23.0
1976,18,44.0,64.0,24.0,38.0,18.0,61.0,20.0,71.0,1.0,8.0,105.0,106.0,28.0
1976,19,58.0,59.0,79.0,5.0,62.0,85.0,150.0,37.0,97.0,0.0,69.0,50.0,137.0
1976,20,19.0,74.0,31.0,63.0,110.0,106.0,36.0,145.0,38.0,56.0,50.0,62.0,144.0
1976,21,38.0,130.0,20.0,43.0,88.0,184.0,122.0,40.0,44.0,79.0,14.0,33.0,39.0
1976,22,25.0,14.0,21.0,83.0,159.0,28.0,24.0,15.0,37.0,10.0,40.0,37.0,99.0
1976,23,99.0,33.0,37.0,98.0,98.0,99.0,107.0,69.0,32.0,133.0,121.0,6.0,126.0
1976,24,26.0,35.0,271.0,628.0,436.0,196.0,178.0,215.0,116.0,462.0,115.0,0.0,552.0
1976,25,117.0,214.0,69.0,133.0,122.0,17.0,148.0,67.0,49.0,215.0,43.0,0.0,97.0
1976,26,10.0,12.0,2.0,24.0,9.0,0.0,0.0,0.0,2.0,100.0,10.0,0.0,155.0
1976,27,153.0,187.0,132.0,56.0,56.0,458.0,78.0,258.0,73.0,254.0,249.0,32.0,648.0
1976,28,147.0,195.0,111.0,0.0,187.0,33.0,439.0,187.0,3.0,295.0,65.0,150.0,324.0
1976,29,94.0,111.0,194.0,0.0,61.0,34.0,232.0,139.0,97.0,113.0,291.0,58.0,196.0
1976,30,17.0,117.0,9.0,0.0,33.0,25.0,2.0,5.0,2.0,38.0,13.0,32.0,148.0
1976,31,42.0,45.0,9.0,54.0,11.0,51.0,102.0,31.0,133.0,83.0,25.0,147.0,49.0
1976,32,111.0,166.0,186.0,167.0,68.0,51.0,157.0,280.0,137.0,102.0,189.0,106.0,212.0
1976,33,96.0,97.0,38.0,299.0,108.0,99.0,94.0,100.0,37.0,45.0,50.0,70.0,211.0
1976,34,61.0,282.0,218.0,137.0,151.0,90.0,242.0,86.0,193.0,106.0,190.0,48.0,291.0
1976,35,99.0,105.0,8.0,36.0,11.0,1.0,0.0,9.0,3.0,122.0,2.0,7.0,47.0
1976,36,45.0,59.0,0.0,44.0,36.0,41.0,61.0,5.0,25.0,77.0,1.0,22.0,142.0
1976,37,78.0,94.0,12.0,7.0,6.0,12.0,40.0,25.0,11.0,24.0,24.0,38.0,92.0
1976,38,129.0,34.0,30.0,9.0,54.0,37.0,30.0,86.0,65.0,6.0,55.0,36.0,31.0
1976,39,14.0,28.0,57.0,13.0,40.0,29.0,156.0,13.0,54.0,247.0,51.0,61.0,3.0
1976,40,70.0,29.0,206.0,4.0,88.0,53.0,56.0,66.0,112.0,37.0,41.0,46.0,42.0
1976,41,47.0,8.0,3.0,2.0,38.0,23.0,64.0,53.0,13.0,0.0,32.0,27.0,92.0
1976,42,0.0,0.0,0.0,0.0,0.0,0.0,0.0,0.0,0.0,0.0,7.0,4.0,0.0
1976,43,80.0,131.0,57.0,233.0,40.0,51.0,20.0,79.0,29.0,160.0,0.0,27.0,166.0
1976,44,0.0,0.0,0.0,0.0,0.0,0.0,0.0,3.0,0.0,0.0,0.0,0.0,2.0
1976,45,0.0,0.0,0.0,3.0,0.0,0.0,2.0,0.0,1.0,0.0,0.0,0.0,0.0
1976,46,0.0,0.0,0.0,0.0,0.0,0.0,0.0,0.0,0.0,0.0,0.0,14.0,0.0
1976,47,8.0,11.0,0.0,0.0,0.0,0.0,0.0,0.0,0.0,0.0,0.0,0.0,0.0
1976,48,15.0,31.0,4.0,173.0,8.0,0.0,1.0,0.0,0.0,137.0,0.0,4.0,45.0
1976,49,0.0,0.0,0.0,99.0,0.0,0.0,0.0,0.0,0.0,6.0,1.0,0.0,0.0
1976,50,0.0,0.0,0.0,0.0,0.0,0.0,0.0,0.0,0.0,0.0,0.0,0.0,0.0
1976,51,0.0,0.0,0.0,0.0,0.0,0.0,0.0,0.0,0.0,0.0,0.0,0.0,0.0
1976,52,25.0,0.0,0.0,0.0,0.0,0.0,0.0,0.0,0.0,0.0,0.0,0.0,0.0
1976,53,0.0,0.0,0.0,0.0,0.0,0.0,0.0,0.0,0.0,0.0,0.0,0.0,0.0
1977,1,0.0,0.0,0.0,0.0,0.0,0.0,0.0,0.0,0.0,0.0,0.0,0.0,0.0
1977,2,0.0,0.0,0.0,0.0,0.0,0.0,0.0,3.0,0.0,0.0,0.0,0.0,0.0
1977,3,9.0,60.0,0.0,0.0,0.0,0.0,0.0,0.0,0.0,20.0,0.0,1.0,16.0
1977,4,0.0,0.0,0.0,0.0,0.0,4.0,0.0,9.0,4.0,0.0,0.0,0.0,0.0
1977,5,0.0,0.0,0.0,0.0,0.0,0.0,0.0,0.0,0.0,0.0,0.0,0.0,17.0
1977,6,0.0,0.0,0.0,0.0,0.0,0.0,0.0,0.0,0.0,0.0,0.0,0.0,0.0
1977,7,0.0,0.0,0.0,0.0,0.0,0.0,0.0,0.0,0.0,0.0,0.0,0.0,0.0
1977,8,36.0,64.0,0.0,22.0,66.0,18.0,0.0,119.0,19.0,29.0,0.0,84.0,26.0
1977,9,0.0,0.0,0.0,0.0,0.0,0.0,0.0,0.0,0.0,0.0,0.0,0.0,0.0
1977,10,0.0,0.0,0.0,0.0,15.0,0.0,0.0,0.0,0.0,0.0,0.0,0.0,39.0
1977,11,0.0,0.0,0.0,0.0,1.0,0.0,0.0,0.0,0.0,0.0,0.0,0.0,37.0
1977,12,0.0,0.0,0.0,0.0,0.0,0.0,0.0,0.0,0.0,0.0,0.0,0.0,8.0
1977,13,44.0,56.0,0.0,210.0,81.0,9.0,0.0,13.0,0.0,37.0,8.0,0.0,131.0
1977,14,98.0,169.0,0.0,170.0,98.0,74.0,4.0,106.0,0.0,142.0,28.0,22.0,341.0
1977,15,143.0,103.0,0.0,167.0,104.0,92.0,181.0,79.0,179.0,153.0,41.0,92.0,81.0
1977,16,1.0,87.0,0.0,14.0,18.0,69.0,6.0,110.0,3.0,33.0,26.0,13.0,83.0
1977,17,33.0,52.0,0.0,85.0,60.0,19.0,81.0,19.0,47.0,55.0,37.0,5.0,183.0
1977,18,17.0,66.0,0.0,30.0,65.0,8.0,68.0,92.0,97.0,32.0,90.0,63.0,44.0
1977,19,44.0,8.0,0.0,89.0,70.0,53.0,138.0,95.0,49.0,51.0,41.0,36.0,119.0
1977,20,21.0,135.0,0.0,94.0,59.0,20.0,5.0,299.0,50.0,122.0,79.0,28.0,85.0
1977,21,30.0,64.0,0.0,1.0,63.0,94.0,44.0,129.0,44.0,4.0,90.0,61.0,34.0
1977,22,133.0,130.0,0.0,135.0,81.0,385.0,26.0,277.0,9.0,93.0,69.0,64.0,232.0
1977,23,28.0,22.0,0.0,2.0,73.0,59.0,221.0,223.0,51.0,65.0,144.0,4.0,189.0
1977,24,110.0,113.0,0.0,138.0,28.0,49.0,217.0,113.0,103.0,65.0,314.0,72.0,175.0
1977,25,132.0,171.0,0.0,526.0,53.0,221.0,524.0,177.0,306.0,72.0,33.0,92.0,187.0
1977,26,191.0,259.0,0.0,198.0,91.0,49.0,181.0,119.0,75.0,230.0,13.0,257.0,136.0
1977,27,71.0,117.0,87.0,205.0,45.0,58.0,23.0,29.0,67.0,22.0,16.0,238.0,130.0
1977,28,44.0,21.0,111.0,256.0,111.0,114.0,185.0,107.0,238.0,228.0,130.0,107.0,122.0
1977,29,28.0,57.0,75.0,27.0,73.0,3.0,96.0,43.0,4.0,126.0,160.0,23.0,140.0
1977,30,152.0,259.0,92.0,580.0,76.0,147.0,214.0,70.0,90.0,131.0,75.0,253.0,86.0
1977,31,51.0,99.0,36.0,196.0,26.0,32.0,36.0,17.0,15.0,34.0,7.0,94.0,122.0
1977,32,9.0,15.0,38.0,80.0,2.0,5.0,104.0,17.0,23.0,108.0,160.0,12.0,142.0
1977,33,31.0,84.0,57.0,80.0,24.0,22.0,70.0,116.0,56.0,184.0,58.0,7.0,280.0
1977,34,23.0,45.0,37.0,68.0,24.0,63.0,12.0,21.0,15.0,129.0,105.0,60.0,195.0
1977,35,37.0,200.0,31.0,243.0,55.0,34.0,28.0,20.0,63.0,67.0,20.0,112.0,6.0
1977,36,22.0,61.0,41.0,20.0,17.0,72.0,14.0,3.0,63.0,55.0,10.0,85.0,14.0
1977,37,97.0,80.0,8.0,147.0,26.0,52.0,12.0,80.0,31.0,31.0,14.0,48.0,51.0
1977,38,105.0,52.0,41.0,41.0,17.0,50.0,9.0,52.0,0.0,43.0,59.0,16.0,37.0
1977,39,7.0,18.0,77.0,18.0,43.0,27.0,45.0,96.0,19.0,8.0,26.0,23.0,49.0
1977,40,27.0,5.0,97.0,0.0,194.0,85.0,105.0,139.0,72.0,21.0,117.0,9.0,258.0
1977,41,14.0,38.0,7.0,0.0,39.0,40.0,12.0,0.0,80.0,0.0,0.0,0.0,10.0
1977,42,0.0,0.0,20.0,1.0,1.0,0.0,13.0,0.0,3.0,1.0,0.0,0.0,0.0
1977,43,21.0,20.0,9.0,1.0,23.0,0.0,0.0,0.0,0.0,4.0,14.0,43.0,80.0
1977,44,14.0,8.0,38.0,23.0,5.0,8.0,0.0,22.0,10.0,33.0,0.0,2.0,52.0
1977,45,4.0,0.0,10.0,0.0,0.0,0.0,0.0,14.0,0.0,4.0,0.0,0.0,2.0
1977,46,0.0,0.0,0.0,0.0,0.0,0.0,0.0,0.0,0.0,0.0,0.0,0.0,0.0
1977,47,35.0,137.0,0.0,48.0,10.0,0.0,1.0,0.0,0.0,40.0,0.0,21.0,0.0
1977,48,0.0,0.0,0.0,0.0,0.0,0.0,0.0,0.0,0.0,0.0,0.0,0.0,0.0
1977,49,0.0,0.0,0.0,0.0,0.0,0.0,0.0,0.0,0.0,0.0,0.0,0.0,0.0
1977,50,0.0,0.0,0.0,0.0,0.0,0.0,0.0,0.0,0.0,0.0,0.0,0.0,0.0
1977,51,0.0,0.0,0.0,0.0,0.0,0.0,0.0,0.0,0.0,0.0,0.0,0.0,0.0
1977,52,0.0,0.0,24.0,31.0,24.0,4.0,67.0,19.0,33.0,0.0,12.0,17.0,4.0
1978,1,0.0,0.0,0.0,0.0,0.0,0.0,0.0,0.0,0.0,0.0,0.0,0.0,0.0
1978,2,0.0,0.0,0.0,0.0,0.0,0.0,0.0,0.0,0.0,0.0,0.0,0.0,0.0
1978,3,0.0,0.0,2.0,0.0,0.0,0.0,0.0,0.0,1.0,0.0,0.0,0.0,0.0
1978,4,0.0,0.0,0.0,0.0,0.0,0.0,0.0,0.0,0.0,0.0,0.0,0.0,0.0
1978,5,0.0,0.0,0.0,0.0,2.0,3.0,0.0,0.0,0.0,0.0,0.0,7.0,0.0
1978,6,0.0,0.0,0.0,0.0,6.0,5.0,0.0,0.0,45.0,0.0,0.0,0.0,0.0
1978,7,0.0,0.0,0.0,0.0,10.0,5.0,0.0,0.0,1.0,0.0,0.0,3.0,0.0
1978,8,0.0,0.0,0.0,0.0,2.0,0.0,0.0,0.0,0.0,0.0,0.0,0.0,0.0
1978,9,0.0,0.0,0.0,0.0,0.0,0.0,0.0,0.0,0.0,0.0,0.0,0.0,0.0
1978,10,0.0,0.0,8.0,0.0,3.0,6.0,0.0,0.0,11.0,0.0,1.0,9.0,2.0
1978,11,0.0,0.0,4.0,0.0,0.0,0.0,13.0,11.0,6.0,0.0,4.0,0.0,1.0
1978,12,0.0,0.0,9.0,0.0,4.0,0.0,0.0,18.0,15.0,0.0,1.0,7.0,27.0
1978,13,32.0,24.0,4.0,0.0,19.0,13.0,21.0,17.0,30.0,0.0,2.0,16.0,25.0
1978,14,73.0,34.0,4.0,0.0,7.0,15.0,0.0,16.0,0.0,0.0,0.0,8.0,8.0
1978,15,50.0,67.0,70.0,47.0,20.0,2.0,33.0,36.0,0.0,0.0,34.0,6.0,13.0
1978,16,99.0,65.0,56.0,223.0,79.0,9.0,104.0,45.0,92.0,0.0,37.0,83.0,105.0
1978,17,2.0,0.0,25.0,0.0,80.0,16.0,21.0,22.0,1.0,0.0,79.0,3.0,68.0
1978,18,0.0,26.0,52.0,110.0,30.0,0.0,0.0,68.0,0.0,0.0,8.0,7.0,80.0
1978,19,164.0,165.0,74.0,46.0,178.0,27.0,19.0,23.0,0.0,50.0,5.0,88.0,83.0
1978,20,4.0,0.0,30.0,75.0,10.0,40.0,29.0,31.0,1.0,97.0,127.0,1.0,330.0
1978,21,145.0,228.0,204.0,213.0,218.0,131.0,182.0,260.0,76.0,238.0,125.0,95.0,171.0
1978,22,75.0,113.0,39.0,130.0,89.0,14.0,61.0,70.0,30.0,158.0,27.0,11.0,192.0
1978,23,86.0,63.0,283.0,93.0,157.0,102.0,65.0,280.0,8.0,168.0,75.0,11.0,233.0
1978,24,48.0,49.0,66.0,7.0,66.0,51.0,62.0,45.0,174.0,66.0,156.0,28.0,78.0
1978,25,405.0,285.0,237.0,325.0,85.0,108.0,36.0,50.0,238.0,170.0,118.0,93.0,355.0
1978,26,97.0,109.0,47.0,141.0,150.0,133.0,94.0,88.0,79.0,151.0,43.0,98.0,141.0
1978,27,101.0,215.0,55.0,32.0,30.0,0.0,3.0,11.0,20.0,23.0,19.0,50.0,181.0
1978,28,32.0,46.0,128.0,24.0,54.0,0.0,45.0,236.0,17.0,60.0,116.0,115.0,132.0
1978,29,126.0,166.0,70.0,181.0,122.0,9.0,51.0,96.0,18.0,125.0,206.0,90.0,246.0
1978,30,144.0,78.0,49.0,297.0,113.0,0.0,5.0,107.0,60.0,124.0,188.0,68.0,129.0
1978,31,108.0,88.0,56.0,131.0,70.0,28.0,0.0,63.0,15.0,26.0,53.0,119.0,61.0
1978,32,37.0,9.0,30.0,121.0,21.0,1.0,0.0,34.0,27.0,33.0,14.0,62.0,85.0
1978,33,85.0,265.0,44.0,13.0,99.0,19.0,0.0,12.0,44.0,16.0,41.0,33.0,85.0
1978,34,60.0,68.0,21.0,91.0,108.0,23.0,0.0,39.0,20.0,79.0,66.0,47.0,56.0
1978,35,163.0,274.0,45.0,288.0,147.0,139.0,7.0,7.0,114.0,188.0,44.0,153.0,3.0
1978,36,27.0,62.0,47.0,144.0,53.0,119.0,140.0,85.0,59.0,64.0,156.0,5.0,149.0
1978,37,46.0,58.0,66.0,22.0,7.0,13.0,1.0,93.0,107.0,40.0,206.0,4.0,85.0
1978,38,50.0,24.0,4.0,218.0,14.0,6.0,0.0,0.0,3.0,116.0,19.0,59.0,0.0
1978,39,132.0,176.0,39.0,22.0,100.0,47.0,103.0,28.0,321.0,221.0,108.0,588.0,99.0
1978,40,62.0,97.0,2.0,81.0,46.0,19.0,39.0,0.0,64.0,138.0,26.0,47.0,1.0
1978,41,60.0,0.0,0.0,45.0,12.0,9.0,0.0,1.0,0.0,14.0,34.0,43.0,134.0
1978,42,0.0,0.0,0.0,0.0,4.0,18.0,0.0,32.0,13.0,3.0,0.0,36.0,0.0
1978,43,0.0,0.0,0.0,0.0,0.0,0.0,0.0,0.0,0.0,0.0,0.0,0.0,0.0
1978,44,3.0,25.0,0.0,61.0,36.0,0.0,0.0,0.0,24.0,3.0,7.0,1.0,37.0
1978,45,0.0,0.0,0.0,0.0,0.0,0.0,0.0,0.0,0.0,0.0,0.0,0.0,0.0
1978,46,0.0,0.0,0.0,0.0,0.0,0.0,0.0,0.0,0.0,2.0,0.0,24.0,0.0
1978,47,0.0,0.0,0.0,0.0,0.0,0.0,0.0,0.0,0.0,0.0,0.0,0.0,0.0
1978,48,0.0,0.0,0.0,0.0,0.0,0.0,0.0,0.0,0.0,0.0,0.0,0.0,1.0
1978,49,0.0,0.0,0.0,0.0,0.0,0.0,0.0,0.0,0.0,0.0,0.0,0.0,0.0
1978,50,0.0,0.0,0.0,0.0,0.0,0.0,0.0,0.0,0.0,0.0,0.0,0.0,0.0
1978,51,0.0,0.0,0.0,0.0,0.0,0.0,0.0,0.0,0.0,0.0,0.0,0.0,0.0
1978,52,0.0,0.0,0.0,0.0,0.0,0.0,0.0,0.0,0.0,0.0,0.0,0.0,0.0
1979,1,0.0,0.0,0.0,0.0,0.0,0.0,0.0,0.0,0.0,0.0,1.0,0.0,0.0
1979,2,0.0,0.0,0.0,0.0,0.0,0.0,0.0,0.0,0.0,0.0,0.0,0.0,0.0
1979,3,0.0,0.0,7.0,0.0,0.0,0.0,5.0,0.0,9.0,0.0,0.0,0.0,0.0
1979,4,0.0,0.0,1.0,0.0,0.0,0.0,1.0,0.0,1.0,0.0,0.0,0.0,0.0
1979,5,14.0,0.0,4.0,0.0,15.0,33.0,35.0,0.0,39.0,2.0,1.0,48.0,3.0
1979,6,1.0,0.0,6.0,0.0,1.0,3.0,8.0,2.0,13.0,0.0,9.0,0.0,4.0
1979,7,0.0,0.0,0.0,0.0,0.0,0.0,0.0,0.0,0.0,0.0,0.0,0.0,0.0
1979,8,0.0,0.0,6.0,0.0,0.0,0.0,0.0,0.0,0.0,0.0,5.0,0.0,0.0
1979,9,0.0,0.0,0.0,0.0,0.0,0.0,0.0,0.0,0.0,0.0,0.0,0.0,0.0
1979,10,0.0,0.0,7.0,0.0,4.0,64.0,1.0,3.0,2.0,0.0,4.0,0.0,5.0
1979,11,0.0,0.0,2.0,0.0,0.0,0.0,0.0,2.0,0.0,0.0,0.0,0.0,11.0
1979,12,0.0,0.0,0.0,0.0,2.0,0.0,1.0,0.0,0.0,0.0,0.0,14.0,21.0
1979,13,30.0,0.0,1.0,0.0,9.0,1.0,3.0,1.0,0.0,0.0,0.0,0.0,40.0
1979,14,29.0,0.0,0.0,0.0,2.0,2.0,0.0,4.0,0.0,38.0,1.0,3.0,0.0
1979,15,0.0,0.0,32.0,0.0,0.0,3.0,2.0,7.0,1.0,0.0,8.0,0.0,46.0
1979,16,9.0,0.0,48.0,0.0,5.0,11.0,11.0,11.0,33.0,19.0,15.0,7.0,15.0
1979,17,0.0,0.0,0.0,0.0,0.0,6.0,4.0,11.0,0.0,0.0,0.0,0.0,39.0
1979,18,36.0,0.0,15.0,7.0,37.0,6.0,1.0,127.0,1.0,40.0,41.0,0.0,125.0
1979,19,0.0,0.0,30.0,1.0,0.0,8.0,0.0,44.0,0.0,0.0,13.0,0.0,116.0
1979,20,0.0,0.0,0.0,7.0,48.0,0.0,0.0,8.0,0.0,136.0,1.0,0.0,44.0
1979,21,12.0,0.0,8.0,1.0,22.0,0.0,4.0,28.0,13.0,0.0,82.0,41.0,71.0
1979,22,19.0,0.0,0.0,9.0,8.0,0.0,0.0,0.0,0.0,0.0,12.0,6.0,0.0
1979,23,54.0,0.0,9.0,13.0,64.0,114.0,76.0,13.0,6.0,91.0,38.0,19.0,313.0
1979,24,199.0,0.0,75.0,12.0,120.0,169.0,192.0,108.0,22.0,185.0,40.0,98.0,257.0
1979,25,7.0,0.0,16.0,2.0,14.0,10.0,54.0,22.0,6.0,127.0,204.0,27.0,103.0
1979,26,344.0,0.0,64.0,22.0,87.0,174.0,61.0,83.0,16.0,182.0,12.0,120.0,416.0
1979,27,191.0,0.0,16.0,76.0,25.0,47.0,66.0,18.0,40.0,196.0,67.0,51.0,252.0
1979,28,70.0,0.0,100.0,30.0,41.0,49.0,23.0,35.0,99.0,82.0,43.0,23.0,158.0
1979,29,95.0,0.0,339.0,67.0,156.0,161.0,199.0,57.0,217.0,352.0,123.0,153.0,333.0
1979,30,36.0,0.0,243.0,8.0,18.0,39.0,124.0,63.0,122.0,7.0,440.0,36.0,414.0
1979,31,23.0,0.0,54.0,6.0,13.0,12.0,39.0,15.0,16.0,81.0,1.0,67.0,29.0
1979,32,100.0,0.0,33.0,67.0,111.0,49.0,19.0,6.0,13.0,109.0,10.0,74.0,7.0
1979,33,450.0,0.0,292.0,172.0,234.0,214.0,287.0,39.0,241.0,250.0,134.0,150.0,27.0
1979,34,68.0,0.0,270.0,69.0,167.0,102.0,78.0,46.0,14.0,148.0,116.0,47.0,135.0
1979,35,17.0,0.0,22.0,23.0,3.0,0.0,50.0,28.0,10.0,24.0,276.0,0.0,113.0
1979,36,37.0,0.0,149.0,41.0,59.0,150.0,43.0,52.0,32.0,68.0,100.0,41.0,233.0
1979,37,68.0,0.0,163.0,38.0,89.0,80.0,49.0,22.0,109.0,200.0,38.0,27.0,236.0
1979,38,0.0,0.0,13.0,0.0,25.0,0.0,5.0,9.0,2.0,36.0,6.0,0.0,22.0
1979,39,211.0,0.0,116.0,18.0,206.0,48.0,66.0,13.0,227.0,51.0,32.0,22.0,78.0
1979,40,81.0,0.0,23.0,17.0,129.0,165.0,1.0,41.0,138.0,58.0,84.0,56.0,139.0
1979,41,46.0,0.0,0.0,0.0,15.0,12.0,5.0,11.0,50.0,5.0,48.0,0.0,74.0
1979,42,0.0,0.0,0.0,0.0,0.0,0.0,0.0,0.0,0.0,0.0,0.0,1.0,0.0
1979,43,0.0,0.0,22.0,0.0,2.0,4.0,0.0,0.0,0.0,0.0,0.0,12.0,18.0
1979,44,0.0,0.0,0.0,0.0,0.0,0.0,0.0,0.0,0.0,0.0,0.0,0.0,18.0
1979,45,0.0,0.0,0.0,0.0,0.0,0.0,0.0,0.0,0.0,0.0,0.0,0.0,0.0
1979,46,0.0,0.0,0.0,0.0,0.0,0.0,0.0,0.0,0.0,0.0,0.0,0.0,0.0
1979,47,18.0,0.0,0.0,0.0,0.0,0.0,0.0,0.0,0.0,61.0,0.0,0.0,1.0
1979,48,60.0,0.0,41.0,1.0,105.0,73.0,43.0,28.0,54.0,56.0,42.0,28.0,31.0
1979,49,0.0,0.0,0.0,0.0,0.0,0.0,0.0,0.0,0.0,0.0,0.0,0.0,7.0
1979,50,0.0,0.0,0.0,0.0,0.0,0.0,0.0,0.0,0.0,0.0,1.0,0.0,0.0
1979,51,0.0,0.0,0.0,9.0,0.0,0.0,0.0,0.0,2.0,0.0,0.0,3.0,0.0
1979,52,0.0,0.0,0.0,0.0,0.0,0.0,0.0,0.0,0.0,0.0,0.0,0.0,0.0
1980,1,0.0,0.0,9.0,0.0,4.0,3.0,13.0,3.0,29.0,0.0,3.0,3.0,0.0
1980,2,0.0,0.0,0.0,0.0,0.0,0.0,0.0,0.0,0.0,0.0,0.0,0.0,0.0
1980,3,0.0,0.0,0.0,0.0,0.0,0.0,0.0,0.0,0.0,0.0,0.0,0.0,0.0
1980,4,0.0,0.0,0.0,0.0,0.0,0.0,0.0,0.0,0.0,0.0,0.0,0.0,0.0
1980,5,0.0,0.0,0.0,0.0,0.0,0.0,0.0,0.0,0.0,15.0,0.0,0.0,0.0
1980,6,28.0,16.0,2.0,0.0,15.0,26.0,0.0,0.0,5.0,23.0,0.0,37.0,0.0
1980,7,10.0,90.0,1.0,0.0,2.0,9.0,6.0,9.0,7.0,2.0,14.0,27.0,10.0
1980,8,17.0,38.0,0.0,2.0,15.0,64.0,0.0,2.0,0.0,2.0,0.0,102.0,23.0
1980,9,40.0,38.0,5.0,4.0,37.0,13.0,0.0,9.0,4.0,51.0,13.0,72.0,9.0
1980,10,0.0,106.0,1.0,23.0,1.0,0.0,0.0,4.0,0.0,83.0,0.0,0.0,45.0
1980,11,0.0,0.0,7.0,0.0,0.0,0.0,1.0,0.0,0.0,0.0,7.0,2.0,0.0
1980,12,7.0,0.0,0.0,0.0,0.0,10.0,5.0,0.0,36.0,0.0,0.0,0.0,56.0
1980,13,0.0,0.0,0.0,0.0,15.0,3.0,0.0,2.0,23.0,0.0,0.0,0.0,1.0
1980,14,2.0,4.0,2.0,0.0,3.0,42.0,0.0,22.0,6.0,0.0,8.0,11.0,18.0
1980,15,1.0,10.0,0.0,0.0,6.0,11.0,0.0,0.0,0.0,0.0,0.0,0.0,80.0
1980,16,0.0,0.0,34.0,0.0,78.0,30.0,0.0,38.0,0.0,0.0,5.0,0.0,31.0
1980,17,7.0,28.0,22.0,0.0,48.0,43.0,0.0,12.0,0.0,4.0,6.0,0.0,353.0
1980,18,9.0,3.0,22.0,0.0,25.0,25.0,27.0,29.0,12.0,79.0,29.0,0.0,111.0
1980,19,90.0,192.0,60.0,64.0,186.0,136.0,87.0,189.0,34.0,449.0,155.0,33.0,239.0
1980,20,51.0,154.0,71.0,35.0,71.0,72.0,88.0,152.0,30.0,66.0,89.0,52.0,201.0
1980,21,0.0,2.0,39.0,0.0,31.0,23.0,20.0,103.0,25.0,23.0,49.0,0.0,101.0
1980,22,98.0,405.0,103.0,53.0,115.0,141.0,160.0,268.0,91.0,83.0,258.0,24.0,173.0
1980,23,64.0,131.0,79.0,125.0,113.0,50.0,22.0,60.0,147.0,172.0,0.0,38.0,172.0
1980,24,77.0,113.0,99.0,15.0,83.0,132.0,186.0,108.0,105.0,105.0,103.0,69.0,118.0
1980,25,100.0,126.0,89.0,62.0,120.0,130.0,55.0,95.0,55.0,82.0,99.0,35.0,76.0
1980,26,21.0,49.0,40.0,21.0,6.0,29.0,5.0,21.0,6.0,33.0,19.0,40.0,63.0
1980,27,129.0,270.0,32.0,62.0,45.0,24.0,21.0,22.0,45.0,67.0,4.0,0.0,38.0
1980,28,55.0,169.0,89.0,25.0,64.0,30.0,43.0,88.0,70.0,115.0,55.0,0.0,94.0
1980,29,105.0,105.0,172.0,66.0,158.0,139.0,46.0,77.0,55.0,500.0,188.0,0.0,169.0
1980,30,165.0,126.0,98.0,19.0,95.0,101.0,91.0,84.0,77.0,300.0,15.0,0.0,56.0
1980,31,90.0,57.0,34.0,91.0,20.0,45.0,10.0,71.0,48.0,38.0,40.0,10.0,111.0
1980,32,88.0,56.0,100.0,98.0,53.0,57.0,64.0,223.0,168.0,76.0,275.0,30.0,119.0
1980,33,72.0,69.0,26.0,8.0,28.0,38.0,13.0,63.0,29.0,41.0,167.0,2.0,102.0
1980,34,65.0,85.0,77.0,40.0,31.0,30.0,0.0,50.0,71.0,74.0,75.0,74.0,29.0
1980,35,54.0,58.0,19.0,43.0,155.0,91.0,19.0,95.0,34.0,242.0,36.0,93.0,39.0
1980,36,129.0,108.0,62.0,0.0,70.0,54.0,96.0,26.0,99.0,37.0,72.0,34.0,48.0
1980,37,7.0,37.0,32.0,0.0,51.0,28.0,0.0,24.0,21.0,55.0,50.0,12.0,17.0
1980,38,38.0,25.0,62.0,0.0,46.0,76.0,66.0,44.0,65.0,123.0,69.0,34.0,7.0
1980,39,18.0,10.0,39.0,0.0,129.0,55.0,26.0,114.0,30.0,26.0,149.0,24.0,82.0
1980,40,91.0,113.0,29.0,0.0,17.0,36.0,65.0,29.0,0.0,209.0,2.0,0.0,40.0
1980,41,29.0,27.0,14.0,0.0,23.0,62.0,0.0,18.0,10.0,10.0,20.0,46.0,6.0
1980,42,120.0,130.0,10.0,0.0,107.0,45.0,35.0,20.0,21.0,60.0,3.0,13.0,17.0
1980,43,42.0,39.0,36.0,0.0,153.0,147.0,142.0,148.0,112.0,8.0,43.0,51.0,426.0
1980,44,0.0,13.0,0.0,0.0,0.0,1.0,28.0,0.0,6.0,0.0,0.0,0.0,0.0
1980,45,0.0,0.0,0.0,0.0,0.0,7.0,0.0,0.0,0.0,0.0,0.0,0.0,0.0
1980,46,0.0,0.0,0.0,0.0,0.0,2.0,0.0,0.0,0.0,0.0,0.0,0.0,0.0
1980,47,0.0,0.0,0.0,0.0,0.0,12.0,0.0,0.0,0.0,0.0,0.0,0.0,0.0
1980,48,0.0,0.0,0.0,0.0,0.0,0.0,0.0,0.0,0.0,0.0,0.0,0.0,0.0
1980,49,0.0,0.0,0.0,0.0,0.0,0.0,0.0,0.0,0.0,0.0,0.0,0.0,0.0
1980,50,0.0,0.0,0.0,0.0,0.0,0.0,0.0,0.0,0.0,0.0,0.0,0.0,0.0
1980,51,0.0,0.0,0.0,0.0,0.0,0.0,0.0,0.0,0.0,0.0,0.0,0.0,0.0
1980,52,0.0,0.0,0.0,0.0,0.0,0.0,0.0,0.0,0.0,0.0,0.0,0.0,0.0
1981,1,0.0,0.0,0.0,0.0,0.0,0.0,0.0,0.0,0.0,0.0,0.0,0.0,0.0
1981,2,24.0,51.0,23.0,31.0,2.0,2.0,23.0,11.0,3.0,0.0,14.0,30.0,21.0
1981,3,0.0,0.0,3.0,0.0,2.0,0.0,3.0,1.0,33.0,0.0,0.0,1.0,0.0
1981,4,0.0,0.0,5.0,0.0,0.0,0.0,4.0,0.0,23.0,0.0,6.0,0.0,0.0
1981,5,34.0,10.0,1.0,0.0,15.0,19.0,30.0,30.0,25.0,0.0,0.0,14.0,8.0
1981,6,2.0,3.0,0.0,0.0,3.0,11.0,5.0,0.0,0.0,0.0,0.0,14.0,0.0
1981,7,7.0,3.0,18.0,0.0,30.0,36.0,46.0,18.0,36.0,0.0,10.0,12.0,31.0
1981,8,0.0,0.0,2.0,0.0,0.0,0.0,0.0,0.0,0.0,0.0,0.0,0.0,0.0
1981,9,0.0,1.0,0.0,0.0,0.0,1.0,12.0,0.0,1.0,0.0,0.0,0.0,0.0
1981,10,0.0,0.0,0.0,0.0,0.0,0.0,0.0,0.0,0.0,0.0,0.0,0.0,15.0
1981,11,32.0,18.0,0.0,0.0,31.0,54.0,17.0,0.0,2.0,0.0,0.0,45.0,32.0
1981,12,6.0,0.0,2.0,0.0,45.0,6.0,0.0,0.0,0.0,0.0,0.0,0.0,0.0
1981,13,64.0,89.0,23.0,40.0,31.0,63.0,35.0,8.0,22.0,0.0,13.0,68.0,10.0
1981,14,121.0,73.0,32.0,0.0,49.0,54.0,43.0,73.0,49.0,41.0,32.0,34.0,181.0
1981,15,0.0,0.0,0.0,0.0,22.0,0.0,0.0,38.0,0.0,0.0,0.0,0.0,34.0
1981,16,223.0,293.0,133.0,164.0,179.0,243.0,230.0,107.0,114.0,134.0,55.0,179.0,168.0
1981,17,41.0,49.0,18.0,55.0,23.0,32.0,55.0,67.0,23.0,55.0,50.0,53.0,14.0
1981,18,60.0,23.0,6.0,0.0,3.0,44.0,32.0,54.0,55.0,12.0,40.0,18.0,103.0
1981,19,37.0,19.0,6.0,0.0,38.0,12.0,28.0,3.0,20.0,43.0,10.0,43.0,29.0
1981,20,18.0,55.0,87.0,27.0,78.0,81.0,43.0,155.0,42.0,65.0,222.0,21.0,406.0
1981,21,23.0,40.0,38.0,78.0,52.0,75.0,54.0,52.0,29.0,83.0,26.0,43.0,325.0
1981,22,182.0,132.0,109.0,135.0,104.0,95.0,198.0,143.0,199.0,141.0,134.0,60.0,212.0
1981,23,191.0,210.0,22.0,196.0,103.0,119.0,105.0,25.0,103.0,151.0,39.0,48.0,114.0
1981,24,2.0,4.0,24.0,26.0,10.0,52.0,0.0,8.0,0.0,30.0,0.0,0.0,1.0
1981,25,42.0,143.0,70.0,102.0,23.0,88.0,66.0,37.0,27.0,116.0,0.0,73.0,104.0
1981,26,151.0,165.0,77.0,211.0,26.0,19.0,35.0,26.0,7.0,40.0,52.0,78.0,106.0
1981,27,147.0,158.0,141.0,402.0,127.0,81.0,147.0,106.0,193.0,15.0,13.0,169.0,334.0
1981,28,36.0,68.0,14.0,122.0,20.0,51.0,15.0,4.0,39.0,15.0,0.0,99.0,89.0
1981,29,187.0,119.0,170.0,275.0,92.0,85.0,178.0,288.0,182.0,70.0,0.0,202.0,310.0
1981,30,71.0,74.0,13.0,43.0,39.0,21.0,42.0,50.0,106.0,44.0,0.0,57.0,110.0
1981,31,141.0,191.0,55.0,171.0,97.0,191.0,133.0,250.0,80.0,139.0,0.0,68.0,374.0
1981,32,18.0,60.0,17.0,67.0,44.0,108.0,42.0,27.0,34.0,73.0,0.0,47.0,95.0
1981,33,56.0,72.0,20.0,191.0,70.0,289.0,9.0,74.0,16.0,25.0,0.0,100.0,73.0
1981,34,105.0,143.0,65.0,109.0,44.0,272.0,70.0,48.0,85.0,83.0,0.0,91.0,147.0
1981,35,23.0,73.0,154.0,62.0,17.0,69.0,70.0,104.0,166.0,245.0,0.0,27.0,299.0
1981,36,75.0,98.0,114.0,341.0,98.0,84.0,125.0,69.0,90.0,140.0,0.0,30.0,108.0
1981,37,53.0,103.0,117.0,81.0,165.0,49.0,197.0,181.0,244.0,153.0,0.0,46.0,332.0
1981,38,20.0,29.0,5.0,17.0,46.0,53.0,65.0,11.0,14.0,51.0,0.0,47.0,11.0
1981,39,23.0,20.0,3.0,9.0,5.0,9.0,18.0,0.0,13.0,14.0,0.0,141.0,0.0
1981,40,24.0,34.0,70.0,34.0,66.0,15.0,18.0,31.0,72.0,25.0,0.0,17.0,110.0
1981,41,0.0,0.0,0.0,5.0,0.0,19.0,0.0,0.0,0.0,0.0,0.0,0.0,1.0
1981,42,50.0,0.0,0.0,24.0,22.0,5.0,0.0,9.0,0.0,30.0,0.0,0.0,0.0
1981,43,0.0,0.0,0.0,0.0,0.0,0.0,0.0,0.0,0.0,0.0,0.0,0.0,0.0
1981,44,0.0,0.0,0.0,0.0,0.0,0.0,0.0,0.0,0.0,0.0,0.0,0.0,0.0
1981,45,0.0,0.0,0.0,0.0,9.0,0.0,0.0,0.0,3.0,0.0,0.0,0.0,0.0
1981,46,0.0,0.0,0.0,0.0,0.0,0.0,0.0,0.0,0.0,0.0,0.0,0.0,0.0
1981,47,0.0,0.0,0.0,5.0,0.0,0.0,0.0,0.0,0.0,24.0,0.0,0.0,0.0
1981,48,0.0,0.0,0.0,0.0,0.0,0.0,0.0,0.0,0.0,0.0,0.0,0.0,0.0
1981,49,0.0,0.0,0.0,0.0,0.0,0.0,0.0,0.0,0.0,0.0,0.0,0.0,0.0
1981,50,33.0,26.0,82.0,29.0,35.0,92.0,48.0,79.0,91.0,0.0,47.0,98.0,26.0
1981,51,0.0,0.0,0.0,0.0,0.0,0.0,0.0,0.0,0.0,0.0,0.0,0.0,0.0
1981,52,0.0,0.0,0.0,0.0,0.0,0.0,0.0,0.0,0.0,0.0,0.0,0.0,0.0
1981,53,0.0,0.0,0.0,0.0,0.0,0.0,0.0,0.0,0.0,0.0,0.0,0.0,0.0
1982,1,0.0,0.0,0.0,0.0,0.0,0.0,0.0,0.0,0.0,0.0,0.0,0.0,0.0
1982,2,0.0,0.0,0.0,0.0,0.0,0.0,0.0,0.0,0.0,0.0,0.0,0.0,0.0
1982,3,0.0,0.0,0.0,0.0,0.0,0.0,0.0,0.0,0.0,0.0,0.0,0.0,0.0
1982,4,0.0,0.0,0.0,0.0,0.0,0.0,0.0,0.0,0.0,0.0,0.0,0.0,0.0
1982,5,1.0,2.0,4.0,0.0,4.0,0.0,8.0,1.0,10.0,0.0,7.0,20.0,3.0
1982,6,53.0,12.0,0.0,8.0,6.0,24.0,0.0,0.0,0.0,0.0,0.0,16.0,2.0
1982,7,3.0,42.0,0.0,14.0,5.0,0.0,0.0,1.0,0.0,71.0,0.0,21.0,22.0
1982,8,0.0,0.0,0.0,0.0,0.0,0.0,0.0,0.0,0.0,0.0,0.0,3.0,0.0
1982,9,2.0,15.0,25.0,0.0,33.0,30.0,54.0,43.0,63.0,0.0,5.0,7.0,26.0
1982,10,15.0,0.0,0.0,13.0,0.0,0.0,5.0,0.0,0.0,0.0,0.0,12.0,0.0
1982,11,0.0,0.0,4.0,0.0,48.0,25.0,12.0,22.0,8.0,0.0,0.0,9.0,33.0
1982,12,0.0,1.0,3.0,0.0,0.0,8.0,10.0,0.0,9.0,0.0,0.0,3.0,0.0
1982,13,0.0,0.0,0.0,1.0,0.0,0.0,0.0,0.0,0.0,0.0,0.0,0.0,191.0
1982,14,0.0,0.0,0.0,0.0,15.0,16.0,28.0,0.0,23.0,0.0,0.0,15.0,166.0
1982,15,49.0,61.0,43.0,46.0,40.0,40.0,7.0,55.0,0.0,69.0,73.0,6.0,126.0
1982,16,70.0,61.0,4.0,61.0,19.0,16.0,44.0,13.0,80.0,14.0,19.0,80.0,90.0
1982,17,59.0,86.0,1.0,15.0,49.0,54.0,54.0,143.0,36.0,1.0,8.0,11.0,231.0
1982,18,10.0,5.0,0.0,10.0,12.0,26.0,0.0,12.0,0.0,0.0,0.0,0.0,145.0
1982,19,25.0,27.0,88.0,2.0,103.0,171.0,36.0,119.0,33.0,62.0,51.0,2.0,162.0
1982,20,0.0,0.0,0.0,0.0,0.0,0.0,55.0,42.0,5.0,0.0,0.0,77.0,0.0
1982,21,30.0,46.0,31.0,14.0,17.0,20.0,53.0,16.0,5.0,31.0,42.0,1.0,121.0
1982,22,28.0,122.0,57.0,49.0,46.0,16.0,4.0,36.0,2.0,35.0,126.0,26.0,65.0
1982,23,70.0,63.0,65.0,82.0,28.0,66.0,90.0,173.0,75.0,111.0,121.0,66.0,207.0
1982,24,202.0,172.0,60.0,356.0,182.0,68.0,46.0,193.0,52.0,122.0,261.0,94.0,294.0
1982,25,88.0,148.0,41.0,676.0,70.0,41.0,75.0,228.0,131.0,50.0,117.0,17.0,293.0
1982,26,101.0,30.0,31.0,79.0,210.0,53.0,22.0,150.0,19.0,24.0,61.0,20.0,204.0
1982,27,29.0,30.0,59.0,33.0,12.0,1.0,4.0,208.0,1.0,8.0,346.0,0.0,190.0
1982,28,42.0,9.0,19.0,31.0,21.0,38.0,48.0,26.0,20.0,57.0,41.0,64.0,183.0
1982,29,81.0,65.0,163.0,223.0,40.0,48.0,43.0,79.0,97.0,82.0,15.0,89.0,86.0
1982,30,54.0,152.0,101.0,537.0,65.0,90.0,104.0,182.0,60.0,58.0,40.0,38.0,185.0
1982,31,447.0,305.0,116.0,329.0,102.0,106.0,117.0,166.0,76.0,89.0,250.0,172.0,299.0
1982,32,44.0,110.0,23.0,207.0,117.0,48.0,6.0,48.0,12.0,59.0,7.0,37.0,54.0
1982,33,45.0,38.0,21.0,42.0,32.0,28.0,10.0,24.0,30.0,30.0,11.0,78.0,209.0
1982,34,38.0,84.0,46.0,201.0,51.0,56.0,34.0,36.0,28.0,106.0,59.0,73.0,91.0
1982,35,34.0,57.0,63.0,97.0,71.0,70.0,69.0,93.0,81.0,141.0,41.0,59.0,65.0
1982,36,58.0,94.0,74.0,88.0,65.0,44.0,52.0,53.0,16.0,18.0,97.0,89.0,122.0
1982,37,32.0,40.0,35.0,148.0,51.0,42.0,55.0,58.0,1.0,112.0,295.0,66.0,152.0
1982,38,1.0,0.0,4.0,87.0,1.0,0.0,7.0,97.0,0.0,0.0,42.0,0.0,140.0
1982,39,109.0,97.0,2.0,133.0,93.0,24.0,2.0,4.0,31.0,50.0,0.0,62.0,57.0
1982,40,0.0,8.0,0.0,3.0,1.0,0.0,0.0,0.0,0.0,45.0,0.0,0.0,3.0
1982,41,0.0,0.0,0.0,0.0,25.0,0.0,0.0,0.0,0.0,0.0,0.0,1.0,0.0
1982,42,3.0,3.0,28.0,0.0,120.0,25.0,31.0,24.0,38.0,0.0,54.0,5.0,11.0
1982,43,0.0,0.0,0.0,0.0,0.0,0.0,0.0,1.0,0.0,0.0,10.0,1.0,0.0
1982,44,0.0,0.0,0.0,0.0,1.0,0.0,0.0,0.0,0.0,0.0,0.0,0.0,0.0
1982,45,34.0,29.0,11.0,119.0,50.0,116.0,67.0,8.0,60.0,7.0,1.0,19.0,5.0
1982,46,0.0,0.0,0.0,0.0,0.0,0.0,0.0,0.0,0.0,0.0,0.0,0.0,0.0
1982,47,0.0,0.0,0.0,0.0,0.0,0.0,0.0,0.0,0.0,0.0,0.0,0.0,0.0
1982,48,0.0,0.0,0.0,0.0,0.0,0.0,0.0,0.0,0.0,0.0,0.0,0.0,0.0
1982,49,0.0,0.0,0.0,0.0,0.0,0.0,0.0,0.0,0.0,0.0,1.0,0.0,0.0
1982,50,0.0,0.0,0.0,0.0,0.0,0.0,0.0,0.0,0.0,0.0,0.0,0.0,0.0
1982,51,11.0,0.0,1.0,0.0,0.0,0.0,1.0,0.0,1.0,0.0,0.0,1.0,0.0
1982,52,0.0,0.0,0.0,0.0,0.0,0.0,0.0,0.0,0.0,0.0,0.0,0.0,0.0
1983,1,0.0,0.0,0.0,0.0,1.0,0.0,0.0,0.0,0.0,0.0,0.0,1.0,0.0
1983,2,5.0,6.0,0.0,0.0,7.0,0.0,0.0,0.0,0.0,0.0,0.0,4.0,1.0
1983,3,0.0,0.0,0.0,0.0,0.0,0.0,0.0,0.0,0.0,0.0,0.0,2.0,0.0
1983,4,0.0,0.0,7.0,0.0,6.0,3.0,15.0,9.0,1.0,0.0,6.0,0.0,0.0
1983,5,9.0,6.0,0.0,8.0,0.0,1.0,0.0,0.0,0.0,0.0,0.0,10.0,0.0
1983,6,2.0,0.0,0.0,1.0,0.0,0.0,0.0,0.0,0.0,0.0,0.0,5.0,0.0
1983,7,9.0,8.0,0.0,0.0,0.0,2.0,0.0,0.0,0.0,1.0,0.0,16.0,0.0
1983,8,22.0,23.0,3.0,46.0,61.0,48.0,45.0,3.0,2.0,38.0,0.0,37.0,41.0
1983,9,8.0,6.0,17.0,0.0,6.0,11.0,13.0,3.0,0.0,12.0,0.0,19.0,17.0
1983,10,10.0,10.0,0.0,7.0,0.0,0.0,0.0,1.0,0.0,0.0,0.0,0.0,0.0
1983,11,0.0,0.0,11.0,11.0,106.0,37.0,0.0,16.0,0.0,56.0,46.0,0.0,182.0
1983,12,0.0,0.0,3.0,1.0,26.0,35.0,39.0,46.0,1.0,33.0,0.0,3.0,165.0
1983,13,0.0,1.0,0.0,0.0,0.0,4.0,2.0,0.0,3.0,0.0,0.0,0.0,34.0
1983,14,20.0,32.0,0.0,16.0,16.0,4.0,2.0,0.0,0.0,73.0,0.0,63.0,24.0
1983,15,60.0,114.0,10.0,65.0,115.0,28.0,35.0,42.0,25.0,76.0,16.0,65.0,65.0
1983,16,9.0,6.0,2.0,17.0,11.0,0.0,5.0,1.0,9.0,16.0,5.0,0.0,69.0
1983,17,3.0,87.0,64.0,57.0,179.0,150.0,37.0,107.0,5.0,134.0,22.0,2.0,419.0
1983,18,139.0,210.0,40.0,114.0,195.0,223.0,96.0,200.0,24.0,168.0,82.0,39.0,144.0
1983,19,112.0,133.0,150.0,2.0,44.0,6.0,36.0,47.0,6.0,6.0,90.0,84.0,87.0
1983,20,44.0,49.0,87.0,29.0,87.0,64.0,123.0,195.0,7.0,24.0,69.0,26.0,152.0
1983,21,23.0,42.0,33.0,84.0,19.0,18.0,68.0,35.0,63.0,108.0,25.0,42.0,111.0
1983,22,17.0,133.0,0.0,166.0,5.0,0.0,45.0,27.0,16.0,31.0,22.0,59.0,50.0
1983,23,5.0,73.0,7.0,25.0,60.0,18.0,29.0,12.0,5.0,4.0,49.0,13.0,72.0
1983,24,131.0,232.0,17.0,326.0,202.0,45.0,33.0,26.0,15.0,143.0,93.0,28.0,307.0
1983,25,61.0,25.0,25.0,70.0,12.0,71.0,20.0,25.0,24.0,80.0,106.0,48.0,196.0
1983,26,131.0,179.0,100.0,388.0,31.0,102.0,112.0,90.0,26.0,81.0,155.0,71.0,75.0
1983,27,79.0,142.0,91.0,225.0,66.0,51.0,49.0,62.0,34.0,301.0,42.0,23.0,211.0
1983,28,0.0,68.0,0.0,27.0,0.0,6.0,22.0,0.0,1.0,51.0,15.0,15.0,53.0
1983,29,113.0,106.0,25.0,282.0,67.0,97.0,14.0,42.0,111.0,27.0,76.0,74.0,305.0
1983,30,154.0,141.0,85.0,239.0,36.0,109.0,170.0,241.0,215.0,70.0,413.0,76.0,350.0
1983,31,261.0,176.0,158.0,492.0,256.0,215.0,117.0,258.0,314.0,481.0,61.0,225.0,227.0
1983,32,91.0,69.0,8.0,62.0,7.0,16.0,19.0,5.0,6.0,31.0,0.0,83.0,33.0
1983,33,42.0,43.0,15.0,34.0,21.0,30.0,15.0,39.0,47.0,77.0,12.0,31.0,129.0
1983,34,177.0,187.0,66.0,272.0,137.0,283.0,115.0,548.0,133.0,158.0,246.0,62.0,437.0
1983,35,23.0,54.0,30.0,48.0,17.0,6.0,16.0,46.0,26.0,81.0,28.0,26.0,100.0
1983,36,82.0,136.0,35.0,131.0,165.0,62.0,30.0,62.0,63.0,57.0,43.0,94.0,199.0
1983,37,114.0,155.0,67.0,184.0,89.0,52.0,91.0,84.0,33.0,58.0,74.0,71.0,157.0
1983,38,88.0,23.0,194.0,12.0,52.0,42.0,62.0,30.0,21.0,4.0,132.0,52.0,23.0
1983,39,9.0,0.0,9.0,0.0,15.0,17.0,22.0,74.0,14.0,5.0,1.0,32.0,89.0
1983,40,47.0,86.0,12.0,229.0,74.0,131.0,26.0,151.0,94.0,53.0,10.0,87.0,64.0
1983,41,134.0,276.0,349.0,137.0,61.0,221.0,125.0,302.0,261.0,144.0,251.0,187.0,83.0
1983,42,11.0,0.0,9.0,13.0,116.0,17.0,0.0,0.0,0.0,78.0,20.0,2.0,120.0
1983,43,0.0,38.0,8.0,0.0,2.0,6.0,6.0,0.0,0.0,0.0,0.0,14.0,11.0
1983,44,0.0,0.0,0.0,0.0,0.0,0.0,0.0,0.0,0.0,0.0,0.0,0.0,0.0
1983,45,45.0,38.0,0.0,217.0,0.0,0.0,0.0,0.0,0.0,116.0,0.0,0.0,0.0
1983,46,0.0,0.0,0.0,72.0,0.0,0.0,0.0,0.0,0.0,48.0,0.0,0.0,0.0
1983,47,3.0,3.0,5.0,1.0,0.0,0.0,7.0,0.0,0.0,2.0,0.0,4.0,0.0
1983,48,0.0,0.0,0.0,0.0,0.0,0.0,0.0,0.0,0.0,0.0,0.0,0.0,0.0
1983,49,0.0,0.0,0.0,0.0,0.0,8.0,0.0,0.0,0.0,0.0,0.0,0.0,0.0
1983,50,0.0,16.0,0.0,0.0,0.0,0.0,0.0,0.0,0.0,0.0,0.0,0.0,0.0
1983,51,0.0,8.0,0.0,0.0,0.0,0.0,0.0,0.0,0.0,0.0,0.0,0.0,0.0
1983,52,19.0,8.0,26.0,44.0,18.0,12.0,22.0,11.0,24.0,37.0,28.0,5.0,20.0
1984,1,0.0,0.0,2.0,0.0,0.0,0.0,1.0,0.0,1.0,0.0,0.0,2.0,0.0
1984,2,0.0,0.0,0.0,0.0,0.0,0.0,0.0,0.0,0.0,0.0,6.0,1.0,0.0
1984,3,0.0,0.0,9.0,3.0,7.0,3.0,4.0,13.0,20.0,13.0,17.0,3.0,8.0
1984,4,16.0,9.0,0.0,0.0,6.0,2.0,6.0,0.0,10.0,0.0,5.0,35.0,0.0
1984,5,0.0,0.0,0.0,0.0,0.0,0.0,0.0,0.0,0.0,0.0,0.0,0.0,0.0
1984,6,0.0,0.0,0.0,0.0,1.0,0.0,0.0,0.0,0.0,0.0,0.0,1.0,4.0
1984,7,0.0,0.0,0.0,0.0,0.0,0.0,0.0,0.0,0.0,0.0,0.0,0.0,0.0
1984,8,0.0,0.0,16.0,0.0,0.0,0.0,0.0,0.0,1.0,0.0,4.0,0.0,0.0
1984,9,0.0,0.0,0.0,0.0,0.0,0.0,0.0,0.0,0.0,0.0,0.0,0.0,0.0
1984,10,0.0,0.0,0.0,0.0,0.0,0.0,0.0,0.0,0.0,0.0,0.0,0.0,0.0
1984,11,1.0,0.0,0.0,0.0,1.0,0.0,0.0,0.0,0.0,0.0,0.0,0.0,0.0
1984,12,0.0,0.0,0.0,0.0,0.0,0.0,0.0,0.0,0.0,0.0,0.0,0.0,0.0
1984,13,0.0,0.0,6.0,0.0,4.0,54.0,0.0,15.0,0.0,0.0,23.0,0.0,69.0
1984,14,4.0,3.0,1.0,0.0,71.0,3.0,23.0,0.0,3.0,0.0,0.0,25.0,31.0
1984,15,36.0,18.0,0.0,0.0,20.0,33.0,6.0,2.0,7.0,3.0,0.0,24.0,8.0
1984,16,0.0,0.0,0.0,0.0,2.0,0.0,60.0,7.0,0.0,0.0,48.0,0.0,150.0
1984,17,62.0,109.0,47.0,66.0,30.0,12.0,0.0,19.0,0.0,42.0,61.0,53.0,29.0
1984,18,45.0,60.0,72.0,57.0,75.0,83.0,33.0,12.0,7.0,114.0,102.0,13.0,126.0
1984,19,200.0,74.0,157.0,130.0,209.0,123.0,91.0,215.0,67.0,259.0,40.0,96.0,208.0
1984,20,17.0,81.0,71.0,128.0,173.0,227.0,44.0,112.0,0.0,188.0,212.0,1.0,249.0
1984,21,15.0,15.0,85.0,0.0,190.0,70.0,23.0,124.0,13.0,23.0,143.0,12.0,370.0
1984,22,16.0,2.0,3.0,204.0,66.0,14.0,12.0,13.0,7.0,78.0,49.0,10.0,10.0
1984,23,421.0,451.0,289.0,103.0,306.0,563.0,311.0,200.0,167.0,33.0,427.0,341.0,53.0
1984,24,176.0,224.0,154.0,162.0,110.0,44.0,101.0,156.0,64.0,159.0,465.0,164.0,155.0
1984,25,279.0,164.0,26.0,715.0,113.0,179.0,27.0,128.0,32.0,182.0,75.0,130.0,294.0
1984,26,145.0,91.0,71.0,111.0,107.0,23.0,11.0,30.0,65.0,38.0,29.0,28.0,98.0
1984,27,135.0,151.0,50.0,113.0,39.0,12.0,15.0,102.0,98.0,107.0,78.0,71.0,85.0
1984,28,94.0,154.0,214.0,369.0,269.0,87.0,52.0,254.0,92.0,172.0,200.0,98.0,323.0
1984,29,110.0,57.0,50.0,115.0,79.0,35.0,123.0,39.0,30.0,52.0,140.0,95.0,179.0
1984,30,101.0,70.0,108.0,98.0,222.0,133.0,121.0,268.0,68.0,13.0,384.0,45.0,229.0
1984,31,66.0,140.0,35.0,272.0,121.0,126.0,66.0,59.0,29.0,51.0,99.0,65.0,120.0
1984,32,59.0,37.0,2.0,177.0,78.0,41.0,40.0,26.0,49.0,136.0,35.0,67.0,17.0
1984,33,121.0,90.0,24.0,72.0,77.0,83.0,33.0,48.0,93.0,73.0,121.0,70.0,65.0
1984,34,90.0,116.0,102.0,250.0,67.0,80.0,104.0,99.0,82.0,37.0,76.0,105.0,67.0
1984,35,101.0,84.0,136.0,89.0,109.0,48.0,30.0,76.0,83.0,100.0,62.0,57.0,97.0
1984,36,130.0,173.0,114.0,192.0,183.0,87.0,199.0,158.0,192.0,160.0,233.0,85.0,296.0
1984,37,27.0,37.0,133.0,75.0,72.0,83.0,13.0,119.0,47.0,15.0,299.0,38.0,155.0
1984,38,63.0,84.0,138.0,0.0,163.0,122.0,45.0,158.0,46.0,0.0,138.0,45.0,320.0
1984,39,0.0,0.0,0.0,0.0,0.0,0.0,0.0,6.0,0.0,0.0,0.0,0.0,0.0
1984,40,30.0,62.0,137.0,25.0,9.0,5.0,67.0,130.0,132.0,66.0,85.0,22.0,135.0
1984,41,47.0,44.0,34.0,49.0,6.0,97.0,29.0,40.0,36.0,1.0,47.0,12.0,65.0
1984,42,38.0,18.0,15.0,50.0,20.0,1.0,8.0,45.0,34.0,15.0,40.0,3.0,74.0
1984,43,3.0,20.0,0.0,3.0,23.0,36.0,0.0,6.0,0.0,0.0,0.0,34.0,26.0
1984,44,0.0,0.0,0.0,0.0,0.0,0.0,0.0,0.0,0.0,0.0,0.0,1.0,0.0
1984,45,0.0,0.0,0.0,0.0,0.0,0.0,0.0,0.0,0.0,0.0,0.0,0.0,0.0
1984,46,0.0,0.0,0.0,0.0,0.0,35.0,0.0,0.0,0.0,0.0,0.0,0.0,0.0
1984,47,0.0,0.0,0.0,0.0,0.0,0.0,0.0,0.0,0.0,0.0,0.0,0.0,0.0
1984,48,0.0,0.0,0.0,0.0,0.0,0.0,0.0,0.0,0.0,0.0,0.0,0.0,23.0
1984,49,0.0,0.0,0.0,0.0,0.0,0.0,0.0,0.0,0.0,0.0,0.0,0.0,0.0
1984,50,1.0,0.0,2.0,4.0,0.0,0.0,0.0,0.0,0.0,1.0,5.0,1.0,48.0
1984,51,0.0,0.0,0.0,0.0,0.0,0.0,0.0,0.0,0.0,0.0,0.0,0.0,0.0
1984,52,0.0,0.0,0.0,0.0,0.0,0.0,0.0,0.0,0.0,0.0,0.0,0.0,0.0
1985,1,1.0,2.0,0.0,6.0,4.0,2.0,0.0,0.0,0.0,1.0,0.0,4.0,0.0
1985,2,0.0,0.0,0.0,0.0,4.0,0.0,2.0,2.0,4.0,0.0,0.0,6.0,0.0
1985,3,0.0,1.0,0.0,0.0,0.0,0.0,0.0,0.0,0.0,0.0,0.0,2.0,0.0
1985,4,0.0,0.0,0.0,0.0,0.0,0.0,0.0,0.0,0.0,0.0,0.0,0.0,0.0
1985,5,0.0,0.0,0.0,0.0,0.0,0.0,0.0,7.0,0.0,0.0,0.0,0.0,0.0
1985,6,0.0,0.0,0.0,1.0,0.0,2.0,0.0,35.0,0.0,0.0,8.0,0.0,24.0
1985,7,2.0,3.0,4.0,0.0,1.0,0.0,0.0,0.0,7.0,0.0,25.0,6.0,1.0
1985,8,0.0,0.0,0.0,0.0,0.0,0.0,0.0,0.0,0.0,0.0,0.0,0.0,0.0
1985,9,0.0,0.0,0.0,0.0,0.0,0.0,0.0,2.0,0.0,0.0,0.0,0.0,35.0
1985,10,0.0,0.0,0.0,0.0,0.0,0.0,0.0,0.0,0.0,0.0,0.0,0.0,16.0
1985,11,0.0,0.0,0.0,0.0,0.0,0.0,0.0,0.0,0.0,0.0,0.0,0.0,2.0
1985,12,0.0,0.0,0.0,0.0,49.0,5.0,0.0,0.0,0.0,0.0,6.0,0.0,34.0
1985,13,45.0,67.0,1.0,13.0,146.0,129.0,19.0,2.0,3.0,56.0,38.0,38.0,123.0
1985,14,0.0,0.0,0.0,0.0,1.0,96.0,1.0,0.0,0.0,0.0,0.0,0.0,9.0
1985,15,0.0,1.0,1.0,20.0,31.0,3.0,1.0,1.0,3.0,8.0,0.0,1.0,344.0
1985,16,54.0,44.0,0.0,32.0,79.0,52.0,0.0,80.0,0.0,18.0,108.0,19.0,74.0
1985,17,10.0,35.0,49.0,16.0,52.0,23.0,11.0,109.0,37.0,2.0,97.0,2.0,56.0
1985,18,47.0,65.0,43.0,156.0,68.0,89.0,52.0,18.0,64.0,71.0,80.0,127.0,135.0
1985,19,35.0,22.0,12.0,59.0,48.0,14.0,62.0,65.0,31.0,0.0,51.0,45.0,31.0
1985,20,44.0,50.0,161.0,53.0,102.0,48.0,22.0,75.0,51.0,11.0,68.0,1.0,78.0
1985,21,70.0,225.0,54.0,194.0,71.0,4.0,3.0,83.0,44.0,52.0,55.0,17.0,58.0
1985,22,42.0,80.0,99.0,23.0,44.0,70.0,43.0,25.0,44.0,56.0,320.0,16.0,223.0
1985,23,61.0,45.0,93.0,143.0,41.0,51.0,0.0,35.0,15.0,137.0,72.0,5.0,399.0
1985,24,49.0,132.0,42.0,167.0,94.0,64.0,128.0,7.0,97.0,113.0,96.0,176.0,113.0
1985,25,101.0,31.0,162.0,73.0,134.0,23.0,26.0,19.0,6.0,100.0,26.0,15.0,408.0
1985,26,99.0,114.0,69.0,258.0,110.0,65.0,53.0,27.0,101.0,63.0,185.0,88.0,64.0
1985,27,144.0,124.0,70.0,119.0,54.0,30.0,36.0,48.0,72.0,76.0,165.0,96.0,70.0
1985,28,66.0,46.0,50.0,495.0,54.0,75.0,58.0,123.0,36.0,329.0,111.0,43.0,161.0
1985,29,32.0,43.0,55.0,50.0,32.0,27.0,20.0,14.0,29.0,7.0,67.0,5.0,101.0
1985,30,39.0,45.0,45.0,130.0,117.0,61.0,73.0,48.0,114.0,94.0,425.0,56.0,310.0
1985,31,40.0,63.0,24.0,36.0,28.0,45.0,42.0,37.0,49.0,52.0,12.0,30.0,51.0
1985,32,103.0,65.0,16.0,110.0,48.0,51.0,14.0,19.0,20.0,185.0,46.0,104.0,56.0
1985,33,35.0,38.0,24.0,24.0,61.0,22.0,1.0,77.0,14.0,52.0,63.0,57.0,119.0
1985,34,59.0,120.0,111.0,302.0,162.0,70.0,112.0,91.0,35.0,95.0,212.0,118.0,126.0
1985,35,81.0,41.0,6.0,76.0,35.0,51.0,46.0,44.0,51.0,41.0,0.0,33.0,74.0
1985,36,35.0,42.0,99.0,154.0,136.0,171.0,137.0,31.0,121.0,43.0,247.0,109.0,82.0
1985,37,37.0,75.0,91.0,17.0,37.0,11.0,30.0,128.0,43.0,23.0,45.0,62.0,206.0
1985,38,23.0,58.0,31.0,5.0,72.0,8.0,24.0,63.0,65.0,14.0,2.0,33.0,56.0
1985,39,82.0,63.0,138.0,78.0,47.0,57.0,29.0,104.0,2.0,20.0,104.0,45.0,197.0
1985,40,3.0,0.0,7.0,0.0,7.0,25.0,37.0,81.0,19.0,0.0,0.0,10.0,43.0
1985,41,13.0,3.0,64.0,17.0,4.0,0.0,0.0,0.0,0.0,0.0,7.0,41.0,0.0
1985,42,185.0,49.0,68.0,32.0,70.0,38.0,96.0,54.0,60.0,34.0,115.0,94.0,108.0
1985,43,0.0,0.0,0.0,12.0,0.0,0.0,0.0,0.0,0.0,1.0,5.0,0.0,2.0
1985,44,0.0,0.0,0.0,0.0,0.0,0.0,0.0,0.0,0.0,0.0,0.0,0.0,0.0
1985,45,0.0,0.0,2.0,0.0,0.0,0.0,0.0,0.0,0.0,0.0,0.0,0.0,0.0
1985,46,0.0,4.0,0.0,0.0,0.0,0.0,0.0,0.0,3.0,0.0,0.0,0.0,0.0
1985,47,8.0,20.0,0.0,350.0,0.0,0.0,0.0,0.0,0.0,93.0,0.0,0.0,0.0
1985,48,0.0,0.0,0.0,0.0,0.0,0.0,0.0,0.0,0.0,0.0,0.0,0.0,0.0
1985,49,0.0,0.0,0.0,0.0,0.0,0.0,0.0,0.0,1.0,0.0,0.0,0.0,0.0
1985,50,0.0,0.0,0.0,0.0,0.0,0.0,0.0,0.0,11.0,0.0,0.0,0.0,0.0
1985,51,0.0,0.0,0.0,0.0,0.0,0.0,0.0,0.0,0.0,0.0,0.0,0.0,0.0
1985,52,0.0,0.0,2.0,0.0,10.0,0.0,0.0,5.0,0.0,6.0,21.0,0.0,22.0
1986,1,0.0,0.0,0.0,0.0,0.0,0.0,0.0,0.0,0.0,0.0,0.0,0.0,0.0
1986,2,0.0,0.0,0.0,0.0,0.0,0.0,0.0,0.0,0.0,0.0,0.0,0.0,0.0
1986,3,6.0,10.0,3.0,0.0,22.0,3.0,3.0,0.0,3.0,0.0,0.0,13.0,4.0
1986,4,0.0,0.0,0.0,0.0,0.0,0.0,0.0,0.0,0.0,0.0,0.0,0.0,0.0
1986,5,0.0,0.0,0.0,0.0,0.0,0.0,0.0,0.0,0.0,0.0,0.0,0.0,0.0
1986,6,0.0,0.0,0.0,0.0,0.0,0.0,0.0,0.0,1.0,0.0,0.0,0.0,0.0
1986,7,0.0,0.0,4.0,0.0,0.0,0.0,10.0,4.0,11.0,0.0,0.0,0.0,2.0
1986,8,0.0,0.0,0.0,0.0,0.0,0.0,0.0,0.0,0.0,0.0,0.0,0.0,0.0
1986,9,3.0,1.0,0.0,0.0,0.0,0.0,0.0,0.0,0.0,0.0,0.0,0.0,0.0
1986,10,4.0,0.0,0.0,0.0,9.0,0.0,0.0,0.0,14.0,0.0,2.0,0.0,0.0
1986,11,0.0,0.0,0.0,0.0,10.0,4.0,0.0,0.0,2.0,0.0,0.0,3.0,40.0
1986,12,0.0,0.0,0.0,0.0,0.0,0.0,0.0,0.0,0.0,0.0,0.0,0.0,0.0
1986,13,0.0,0.0,0.0,0.0,4.0,0.0,1.0,0.0,3.0,0.0,0.0,0.0,0.0
1986,14,0.0,3.0,33.0,2.0,66.0,54.0,26.0,59.0,39.0,1.0,10.0,7.0,49.0
1986,15,10.0,20.0,9.0,5.0,24.0,36.0,2.0,203.0,14.0,5.0,44.0,0.0,81.0
1986,16,6.0,0.0,0.0,9.0,35.0,46.0,1.0,33.0,4.0,107.0,0.0,1.0,197.0
1986,17,64.0,135.0,68.0,25.0,118.0,64.0,28.0,34.0,31.0,89.0,29.0,14.0,28.0
1986,18,35.0,62.0,117.0,10.0,23.0,36.0,18.0,130.0,24.0,51.0,59.0,22.0,98.0
1986,19,33.0,50.0,15.0,53.0,36.0,24.0,16.0,50.0,0.0,18.0,106.0,32.0,105.0
1986,20,100.0,119.0,68.0,47.0,54.0,51.0,35.0,46.0,38.0,19.0,97.0,41.0,30.0
1986,21,20.0,57.0,26.0,0.0,62.0,51.0,8.0,36.0,22.0,0.0,22.0,47.0,2.0
1986,22,15.0,64.0,2.0,48.0,20.0,47.0,1.0,6.0,2.0,11.0,4.0,52.0,16.0
1986,23,0.0,1.0,0.0,16.0,23.0,48.0,16.0,20.0,31.0,11.0,4.0,32.0,7.0
1986,24,51.0,9.0,60.0,38.0,61.0,14.0,45.0,123.0,33.0,49.0,126.0,23.0,186.0
1986,25,101.0,172.0,28.0,196.0,21.0,78.0,10.0,21.0,42.0,38.0,15.0,90.0,119.0
1986,26,81.0,79.0,70.0,608.0,78.0,34.0,27.0,63.0,62.0,94.0,237.0,33.0,114.0
1986,27,79.0,96.0,96.0,147.0,221.0,193.0,94.0,204.0,120.0,277.0,190.0,144.0,216.0
1986,28,99.0,134.0,119.0,298.0,30.0,76.0,126.0,127.0,24.0,115.0,22.0,143.0,115.0
1986,29,40.0,61.0,9.0,60.0,24.0,2.0,35.0,19.0,10.0,17.0,1.0,35.0,63.0
1986,30,151.0,171.0,215.0,334.0,247.0,134.0,142.0,341.0,101.0,386.0,227.0,113.0,222.0
1986,31,64.0,29.0,126.0,19.0,44.0,90.0,73.0,130.0,63.0,136.0,191.0,62.0,91.0
1986,32,127.0,107.0,42.0,21.0,56.0,38.0,72.0,40.0,56.0,84.0,3.0,25.0,8.0
1986,33,20.0,34.0,10.0,128.0,28.0,38.0,20.0,17.0,11.0,47.0,4.0,45.0,156.0
1986,34,26.0,64.0,51.0,86.0,44.0,39.0,45.0,46.0,88.0,26.0,38.0,58.0,194.0
1986,35,48.0,175.0,8.0,90.0,41.0,10.0,3.0,77.0,34.0,312.0,60.0,83.0,190.0
1986,36,5.0,38.0,65.0,116.0,43.0,90.0,2.0,70.0,18.0,135.0,119.0,32.0,129.0
1986,37,138.0,114.0,109.0,32.0,158.0,78.0,44.0,119.0,80.0,54.0,170.0,51.0,193.0
1986,38,21.0,89.0,67.0,62.0,8.0,83.0,6.0,230.0,41.0,40.0,141.0,27.0,96.0
1986,39,352.0,299.0,184.0,103.0,435.0,554.0,311.0,225.0,161.0,32.0,77.0,564.0,56.0
1986,40,61.0,29.0,64.0,27.0,109.0,57.0,76.0,51.0,132.0,53.0,41.0,50.0,67.0
1986,41,76.0,138.0,391.0,212.0,137.0,74.0,103.0,289.0,148.0,80.0,136.0,149.0,390.0
1986,42,8.0,15.0,49.0,3.0,34.0,22.0,61.0,58.0,16.0,4.0,30.0,21.0,16.0
1986,43,0.0,0.0,0.0,0.0,0.0,0.0,0.0,0.0,0.0,0.0,0.0,0.0,0.0
1986,44,7.0,0.0,0.0,0.0,0.0,0.0,0.0,0.0,0.0,0.0,0.0,0.0,1.0
1986,45,226.0,210.0,10.0,52.0,81.0,117.0,16.0,9.0,15.0,74.0,4.0,158.0,19.0
1986,46,41.0,26.0,9.0,62.0,91.0,32.0,13.0,77.0,12.0,71.0,23.0,23.0,87.0
1986,47,0.0,0.0,0.0,0.0,0.0,0.0,0.0,0.0,0.0,0.0,0.0,0.0,0.0
1986,48,0.0,0.0,0.0,0.0,0.0,0.0,0.0,0.0,0.0,0.0,0.0,0.0,0.0
1986,49,0.0,0.0,0.0,0.0,0.0,0.0,0.0,0.0,0.0,0.0,0.0,0.0,0.0
1986,50,0.0,0.0,13.0,0.0,0.0,0.0,0.0,5.0,4.0,0.0,1.0,0.0,0.0
1986,51,1.0,0.0,0.0,0.0,0.0,0.0,0.0,9.0,0.0,0.0,31.0,0.0,1.0
1986,52,0.0,0.0,0.0,0.0,0.0,0.0,0.0,0.0,0.0,0.0,0.0,0.0,0.0
1987,1,0.0,0.0,0.0,0.0,3.0,2.0,0.0,0.0,0.0,0.0,0.0,2.0,2.0
1987,2,0.0,0.0,0.0,1.0,0.0,0.0,0.0,0.0,0.0,3.0,0.0,0.0,0.0
1987,3,4.0,1.0,0.0,0.0,4.0,0.0,2.0,3.0,0.0,0.0,0.0,2.0,2.0
1987,4,0.0,0.0,0.0,0.0,0.0,0.0,0.0,0.0,0.0,0.0,0.0,0.0,0.0
1987,5,0.0,0.0,0.0,0.0,0.0,0.0,0.0,0.0,0.0,0.0,0.0,0.0,0.0
1987,6,0.0,0.0,0.0,60.0,0.0,3.0,0.0,0.0,0.0,36.0,20.0,0.0,2.0
1987,7,2.0,0.0,0.0,0.0,0.0,5.0,0.0,0.0,0.0,0.0,0.0,0.0,0.0
1987,8,0.0,0.0,0.0,0.0,0.0,0.0,0.0,0.0,0.0,0.0,0.0,0.0,27.0
1987,9,1.0,1.0,3.0,0.0,0.0,0.0,0.0,0.0,4.0,0.0,0.0,6.0,0.0
1987,10,0.0,0.0,0.0,0.0,15.0,8.0,0.0,1.0,3.0,0.0,0.0,1.0,14.0
1987,11,8.0,6.0,17.0,9.0,2.0,8.0,25.0,17.0,9.0,15.0,62.0,7.0,38.0
1987,12,0.0,7.0,0.0,0.0,16.0,22.0,0.0,2.0,0.0,81.0,0.0,6.0,92.0
1987,13,0.0,6.0,0.0,0.0,0.0,0.0,0.0,0.0,0.0,0.0,0.0,0.0,20.0
1987,14,0.0,0.0,0.0,0.0,0.0,7.0,0.0,0.0,0.0,0.0,24.0,0.0,128.0
1987,15,6.0,35.0,10.0,10.0,16.0,28.0,4.0,24.0,17.0,171.0,5.0,0.0,144.0
1987,16,11.0,1.0,6.0,44.0,85.0,3.0,3.0,0.0,3.0,121.0,0.0,3.0,7.0
1987,17,101.0,153.0,67.0,106.0,114.0,65.0,46.0,94.0,47.0,102.0,40.0,85.0,98.0
1987,18,85.0,101.0,189.0,49.0,82.0,112.0,83.0,101.0,51.0,9.0,67.0,63.0,81.0
1987,19,26.0,24.0,13.0,6.0,3.0,13.0,8.0,74.0,14.0,63.0,53.0,51.0,48.0
1987,20,2.0,2.0,0.0,0.0,1.0,6.0,0.0,4.0,0.0,0.0,0.0,2.0,44.0
1987,21,0.0,6.0,2.0,0.0,25.0,11.0,9.0,39.0,4.0,9.0,29.0,0.0,67.0
1987,22,15.0,31.0,23.0,29.0,13.0,17.0,41.0,58.0,42.0,18.0,16.0,12.0,27.0
1987,23,141.0,127.0,12.0,163.0,168.0,79.0,6.0,213.0,12.0,210.0,127.0,59.0,281.0
1987,24,33.0,21.0,172.0,177.0,16.0,23.0,62.0,79.0,99.0,117.0,142.0,50.0,305.0
1987,25,0.0,0.0,7.0,35.0,43.0,178.0,0.0,15.0,0.0,0.0,26.0,29.0,5.0
1987,26,11.0,20.0,79.0,107.0,89.0,104.0,16.0,71.0,49.0,3.0,155.0,17.0,205.0
1987,27,72.0,84.0,39.0,242.0,53.0,49.0,174.0,62.0,27.0,7.0,198.0,134.0,290.0
1987,28,118.0,221.0,109.0,525.0,123.0,103.0,97.0,56.0,119.0,70.0,214.0,111.0,97.0
1987,29,49.0,51.0,22.0,551.0,60.0,48.0,24.0,19.0,59.0,132.0,90.0,31.0,105.0
1987,30,153.0,168.0,263.0,328.0,184.0,124.0,54.0,141.0,58.0,121.0,477.0,82.0,241.0
1987,31,275.0,312.0,205.0,364.0,278.0,146.0,133.0,233.0,272.0,436.0,517.0,68.0,703.0
1987,32,71.0,61.0,81.0,70.0,3.0,6.0,28.0,63.0,70.0,19.0,36.0,29.0,215.0
1987,33,41.0,84.0,180.0,36.0,15.0,1.0,34.0,83.0,26.0,110.0,299.0,17.0,124.0
1987,34,73.0,129.0,179.0,282.0,79.0,103.0,191.0,108.0,91.0,119.0,47.0,160.0,84.0
1987,35,395.0,432.0,71.0,785.0,193.0,181.0,321.0,151.0,166.0,431.0,28.0,217.0,81.0
1987,36,107.0,36.0,34.0,59.0,46.0,25.0,127.0,19.0,46.0,23.0,73.0,91.0,94.0
1987,37,87.0,59.0,55.0,22.0,48.0,49.0,44.0,80.0,68.0,38.0,106.0,127.0,168.0
1987,38,55.0,35.0,3.0,6.0,25.0,4.0,0.0,49.0,0.0,64.0,28.0,20.0,22.0
1987,39,57.0,63.0,51.0,321.0,192.0,344.0,72.0,233.0,52.0,300.0,111.0,72.0,544.0
1987,40,4.0,0.0,7.0,7.0,52.0,34.0,3.0,10.0,34.0,12.0,53.0,19.0,125.0
1987,41,79.0,25.0,2.0,31.0,56.0,23.0,1.0,29.0,1.0,19.0,5.0,30.0,44.0
1987,42,6.0,0.0,0.0,8.0,0.0,6.0,5.0,3.0,10.0,0.0,23.0,0.0,21.0
1987,43,4.0,28.0,21.0,35.0,48.0,18.0,10.0,57.0,25.0,21.0,170.0,4.0,74.0
1987,44,0.0,0.0,3.0,10.0,0.0,0.0,0.0,0.0,0.0,0.0,1.0,0.0,0.0
1987,45,0.0,0.0,0.0,0.0,0.0,1.0,0.0,0.0,0.0,0.0,0.0,1.0,2.0
1987,46,13.0,5.0,19.0,54.0,0.0,2.0,0.0,4.0,4.0,22.0,2.0,5.0,0.0
1987,47,24.0,15.0,0.0,48.0,7.0,11.0,3.0,13.0,1.0,78.0,3.0,3.0,39.0
1987,48,0.0,0.0,0.0,0.0,0.0,0.0,0.0,0.0,0.0,0.0,0.0,0.0,0.0
1987,49,0.0,0.0,0.0,0.0,0.0,0.0,0.0,0.0,0.0,0.0,0.0,0.0,0.0
1987,50,0.0,0.0,1.0,6.0,2.0,6.0,6.0,1.0,4.0,0.0,0.0,0.0,0.0
1987,51,0.0,28.0,2.0,7.0,31.0,17.0,3.0,0.0,0.0,14.0,0.0,2.0,14.0
1987,52,0.0,0.0,0.0,0.0,0.0,0.0,0.0,0.0,0.0,0.0,0.0,0.0,0.0
1987,53,0.0,0.0,0.0,0.0,0.0,0.0,0.0,0.0,0.0,0.0,0.0,0.0,0.0
1988,1,0.0,0.0,0.0,0.0,0.0,0.0,0.0,0.0,0.0,0.0,0.0,0.0,0.0
1988,2,0.0,0.0,0.0,0.0,0.0,0.0,0.0,0.0,1.0,0.0,0.0,0.0,0.0
1988,3,0.0,0.0,0.0,0.0,0.0,0.0,0.0,0.0,0.0,0.0,0.0,0.0,0.0
1988,4,0.0,0.0,0.0,0.0,0.0,0.0,0.0,0.0,0.0,0.0,0.0,0.0,0.0
1988,5,0.0,0.0,0.0,0.0,0.0,0.0,0.0,0.0,0.0,0.0,0.0,0.0,0.0
1988,6,0.0,0.0,0.0,0.0,0.0,0.0,0.0,0.0,0.0,0.0,0.0,0.0,0.0
1988,7,0.0,3.0,3.0,0.0,6.0,0.0,0.0,5.0,7.0,0.0,2.0,7.0,11.0
1988,8,20.0,40.0,26.0,1.0,38.0,33.0,32.0,34.0,22.0,15.0,27.0,39.0,18.0
1988,9,15.0,23.0,0.0,0.0,38.0,10.0,6.0,21.0,1.0,14.0,6.0,7.0,45.0
1988,10,30.0,5.0,12.0,0.0,12.0,45.0,24.0,44.0,2.0,11.0,25.0,4.0,36.0
1988,11,22.0,37.0,51.0,1.0,24.0,44.0,28.0,56.0,33.0,38.0,8.0,34.0,46.0
1988,12,0.0,8.0,0.0,12.0,0.0,0.0,0.0,0.0,0.0,3.0,0.0,0.0,1.0
1988,13,0.0,0.0,0.0,0.0,0.0,0.0,7.0,0.0,1.0,13.0,2.0,0.0,5.0
1988,14,0.0,0.0,0.0,0.0,0.0,0.0,0.0,0.0,0.0,0.0,0.0,0.0,4.0
1988,15,39.0,47.0,0.0,158.0,152.0,15.0,9.0,19.0,43.0,139.0,0.0,1.0,103.0
1988,16,50.0,27.0,66.0,8.0,78.0,59.0,14.0,49.0,53.0,8.0,125.0,53.0,118.0
1988,17,9.0,1.0,21.0,41.0,52.0,59.0,7.0,26.0,11.0,25.0,40.0,15.0,107.0
1988,18,45.0,45.0,61.0,13.0,6.0,59.0,47.0,56.0,43.0,21.0,42.0,21.0,64.0
1988,19,170.0,33.0,14.0,20.0,63.0,45.0,92.0,133.0,31.0,71.0,92.0,47.0,243.0
1988,20,89.0,161.0,110.0,104.0,169.0,180.0,102.0,278.0,4.0,72.0,0.0,125.0,235.0
1988,21,40.0,19.0,98.0,47.0,187.0,19.0,52.0,218.0,35.0,123.0,114.0,1.0,472.0
1988,22,92.0,184.0,66.0,258.0,141.0,222.0,25.0,49.0,26.0,131.0,37.0,35.0,115.0
1988,23,72.0,63.0,45.0,181.0,131.0,57.0,27.0,46.0,46.0,58.0,17.0,200.0,96.0
1988,24,278.0,366.0,300.0,355.0,255.0,283.0,135.0,170.0,225.0,69.0,246.0,117.0,158.0
1988,25,101.0,66.0,401.0,245.0,96.0,90.0,112.0,357.0,81.0,348.0,106.0,72.0,638.0
1988,26,83.0,196.0,58.0,444.0,51.0,40.0,39.0,32.0,55.0,231.0,7.0,374.0,137.0
1988,27,202.0,106.0,277.0,334.0,139.0,109.0,145.0,369.0,212.0,356.0,219.0,95.0,484.0
1988,28,83.0,102.0,124.0,34.0,62.0,16.0,74.0,105.0,13.0,212.0,46.0,45.0,75.0
1988,29,88.0,82.0,32.0,158.0,22.0,43.0,43.0,46.0,22.0,70.0,93.0,35.0,70.0
1988,30,35.0,81.0,5.0,187.0,26.0,57.0,25.0,48.0,51.0,26.0,86.0,10.0,39.0
1988,31,202.0,176.0,5.0,467.0,16.0,49.0,52.0,24.0,23.0,58.0,12.0,69.0,71.0
1988,32,88.0,191.0,131.0,183.0,53.0,56.0,46.0,133.0,85.0,163.0,129.0,77.0,431.0
1988,33,80.0,33.0,12.0,119.0,10.0,54.0,27.0,24.0,58.0,282.0,36.0,45.0,402.0
1988,34,55.0,47.0,82.0,120.0,49.0,36.0,41.0,178.0,133.0,40.0,444.0,133.0,126.0
1988,35,91.0,73.0,23.0,180.0,72.0,48.0,28.0,107.0,63.0,42.0,175.0,9.0,225.0
1988,36,77.0,66.0,130.0,234.0,105.0,55.0,129.0,164.0,65.0,39.0,189.0,44.0,363.0
1988,37,55.0,70.0,110.0,46.0,25.0,56.0,17.0,88.0,9.0,37.0,25.0,108.0,54.0
1988,38,23.0,48.0,0.0,83.0,26.0,14.0,0.0,0.0,0.0,63.0,1.0,16.0,17.0
1988,39,17.0,18.0,56.0,16.0,15.0,11.0,12.0,20.0,69.0,82.0,118.0,5.0,253.0
1988,40,26.0,18.0,20.0,121.0,34.0,31.0,70.0,67.0,34.0,104.0,19.0,5.0,47.0
1988,41,6.0,16.0,0.0,12.0,9.0,24.0,0.0,1.0,0.0,87.0,0.0,4.0,2.0
1988,42,68.0,108.0,1.0,35.0,164.0,106.0,6.0,109.0,0.0,40.0,0.0,5.0,107.0
1988,43,0.0,0.0,0.0,0.0,0.0,0.0,0.0,0.0,0.0,0.0,0.0,0.0,0.0
1988,44,0.0,0.0,0.0,0.0,0.0,0.0,0.0,0.0,0.0,0.0,0.0,0.0,0.0
1988,45,0.0,0.0,6.0,0.0,0.0,0.0,0.0,0.0,0.0,0.0,0.0,0.0,0.0
1988,46,0.0,0.0,0.0,36.0,0.0,0.0,0.0,0.0,0.0,0.0,0.0,0.0,0.0
1988,47,0.0,0.0,0.0,0.0,1.0,0.0,0.0,0.0,0.0,0.0,0.0,0.0,0.0
1988,48,113.0,89.0,87.0,123.0,155.0,158.0,75.0,133.0,27.0,40.0,36.0,106.0,202.0
1988,49,0.0,0.0,0.0,1.0,0.0,0.0,0.0,0.0,0.0,0.0,0.0,0.0,0.0
1988,50,0.0,0.0,0.0,0.0,0.0,0.0,0.0,0.0,0.0,0.0,0.0,0.0,0.0
1988,51,0.0,0.0,0.0,0.0,0.0,0.0,0.0,0.0,0.0,0.0,0.0,0.0,0.0
1988,52,0.0,0.0,0.0,0.0,0.0,0.0,0.0,0.0,0.0,0.0,0.0,0.0,0.0
1989,1,0.0,0.0,0.0,0.0,0.0,0.0,0.0,6.0,4.0,0.0,1.0,1.0,6.0
1989,2,0.0,0.0,0.0,0.0,0.0,0.0,0.0,0.0,0.0,0.0,6.0,0.0,0.0
1989,3,0.0,0.0,0.0,0.0,0.0,0.0,0.0,0.0,0.0,0.0,0.0,0.0,0.0
1989,4,0.0,0.0,0.0,0.0,0.0,0.0,0.0,0.0,0.0,0.0,0.0,0.0,0.0
1989,5,0.0,0.0,0.0,0.0,0.0,0.0,0.0,0.0,0.0,0.0,0.0,0.0,0.0
1989,6,0.0,0.0,0.0,0.0,0.0,0.0,0.0,0.0,0.0,0.0,0.0,0.0,5.0
1989,7,4.0,10.0,16.0,0.0,31.0,2.0,41.0,1.0,8.0,1.0,14.0,0.0,0.0
1989,8,10.0,3.0,0.0,6.0,1.0,3.0,0.0,16.0,0.0,10.0,4.0,0.0,28.0
1989,9,0.0,0.0,0.0,0.0,0.0,0.0,0.0,0.0,0.0,0.0,0.0,0.0,0.0
1989,10,1.0,0.0,2.0,0.0,0.0,1.0,1.0,2.0,4.0,0.0,2.0,0.0,0.0
1989,11,0.0,0.0,0.0,0.0,0.0,2.0,0.0,0.0,0.0,0.0,0.0,0.0,3.0
1989,12,0.0,0.0,0.0,0.0,0.0,0.0,0.0,0.0,0.0,0.0,0.0,0.0,8.0
1989,13,1.0,33.0,0.0,0.0,0.0,2.0,0.0,0.0,1.0,0.0,0.0,3.0,21.0
1989,14,0.0,0.0,0.0,0.0,0.0,0.0,0.0,0.0,0.0,12.0,0.0,0.0,8.0
1989,15,0.0,0.0,0.0,0.0,6.0,0.0,0.0,0.0,0.0,0.0,0.0,0.0,11.0
1989,16,0.0,0.0,0.0,0.0,0.0,7.0,0.0,2.0,0.0,0.0,0.0,0.0,68.0
1989,17,88.0,34.0,0.0,160.0,79.0,117.0,0.0,21.0,2.0,228.0,0.0,52.0,204.0
1989,18,0.0,0.0,0.0,1.0,2.0,0.0,11.0,5.0,5.0,0.0,9.0,3.0,159.0
1989,19,37.0,4.0,4.0,0.0,28.0,0.0,29.0,55.0,18.0,2.0,35.0,25.0,75.0
1989,20,87.0,88.0,10.0,33.0,50.0,39.0,103.0,10.0,125.0,44.0,33.0,59.0,72.0
1989,21,40.0,36.0,72.0,49.0,88.0,164.0,69.0,173.0,62.0,117.0,219.0,139.0,64.0
1989,22,35.0,99.0,116.0,4.0,124.0,169.0,29.0,82.0,37.0,0.0,43.0,26.0,311.0
1989,23,0.0,8.0,68.0,37.0,113.0,1.0,13.0,120.0,21.0,22.0,70.0,0.0,98.0
1989,24,112.0,340.0,78.0,412.0,118.0,91.0,32.0,96.0,116.0,113.0,139.0,96.0,226.0
1989,25,31.0,75.0,31.0,255.0,11.0,25.0,12.0,32.0,29.0,31.0,5.0,115.0,157.0
1989,26,73.0,41.0,125.0,143.0,61.0,42.0,10.0,49.0,20.0,130.0,141.0,36.0,315.0
1989,27,123.0,144.0,272.0,207.0,63.0,52.0,150.0,199.0,140.0,183.0,263.0,82.0,265.0
1989,28,175.0,46.0,66.0,180.0,116.0,44.0,167.0,170.0,130.0,153.0,244.0,26.0,164.0
1989,29,49.0,31.0,24.0,28.0,26.0,14.0,176.0,120.0,15.0,39.0,61.0,26.0,316.0
1989,30,61.0,141.0,111.0,275.0,94.0,107.0,107.0,248.0,45.0,347.0,11.0,108.0,524.0
1989,31,85.0,24.0,9.0,150.0,3.0,27.0,50.0,23.0,31.0,74.0,18.0,36.0,139.0
1989,32,63.0,78.0,13.0,36.0,24.0,5.0,43.0,50.0,41.0,47.0,15.0,29.0,193.0
1989,33,3.0,32.0,7.0,50.0,1.0,19.0,3.0,31.0,20.0,33.0,13.0,24.0,77.0
1989,34,43.0,36.0,75.0,29.0,24.0,27.0,10.0,15.0,23.0,30.0,36.0,46.0,191.0
1989,35,55.0,30.0,9.0,68.0,9.0,34.0,18.0,86.0,12.0,41.0,28.0,45.0,205.0
1989,36,57.0,65.0,85.0,148.0,120.0,81.0,12.0,103.0,65.0,171.0,172.0,15.0,278.0
1989,37,98.0,172.0,67.0,73.0,55.0,26.0,33.0,74.0,82.0,118.0,52.0,45.0,212.0
1989,38,129.0,36.0,53.0,24.0,25.0,32.0,35.0,102.0,84.0,57.0,82.0,62.0,334.0
1989,39,83.0,85.0,67.0,154.0,103.0,123.0,80.0,95.0,99.0,30.0,128.0,77.0,193.0
1989,40,7.0,11.0,9.0,94.0,27.0,14.0,10.0,9.0,34.0,107.0,15.0,0.0,96.0
1989,41,139.0,98.0,0.0,172.0,61.0,65.0,17.0,75.0,36.0,282.0,13.0,104.0,181.0
1989,42,236.0,95.0,20.0,133.0,152.0,92.0,50.0,193.0,8.0,158.0,0.0,44.0,178.0
1989,43,68.0,47.0,0.0,117.0,0.0,2.0,8.0,5.0,0.0,15.0,0.0,46.0,2.0
1989,44,1.0,0.0,0.0,28.0,0.0,0.0,0.0,0.0,0.0,41.0,4.0,0.0,34.0
1989,45,0.0,0.0,0.0,0.0,0.0,0.0,0.0,0.0,0.0,0.0,0.0,0.0,0.0
1989,46,0.0,0.0,0.0,0.0,0.0,0.0,0.0,0.0,0.0,0.0,0.0,0.0,0.0
1989,47,0.0,0.0,0.0,0.0,0.0,0.0,0.0,0.0,0.0,0.0,0.0,0.0,0.0
1989,48,0.0,0.0,0.0,0.0,0.0,0.0,0.0,0.0,0.0,0.0,0.0,0.0,0.0
1989,49,0.0,0.0,0.0,0.0,0.0,0.0,0.0,0.0,0.0,0.0,0.0,0.0,0.0
1989,50,0.0,0.0,0.0,0.0,0.0,0.0,0.0,0.0,0.0,0.0,0.0,0.0,0.0
1989,51,0.0,0.0,0.0,0.0,0.0,0.0,0.0,3.0,0.0,0.0,0.0,0.0,0.0
1989,52,0.0,0.0,4.0,0.0,12.0,9.0,3.0,3.0,8.0,0.0,2.0,0.0,1.0
1990,1,0.0,0.0,0.0,0.0,0.0,0.0,0.0,0.0,0.0,0.0,0.0,0.0,0.0
1990,2,0.0,0.0,0.0,0.0,0.0,0.0,0.0,0.0,0.0,0.0,0.0,0.0,0.0
1990,3,0.0,0.0,0.0,0.0,0.0,0.0,0.0,0.0,0.0,0.0,0.0,0.0,0.0
1990,4,0.0,0.0,0.0,0.0,0.0,0.0,0.0,0.0,0.0,0.0,1.0,0.0,2.0
1990,5,4.0,0.0,0.0,0.0,0.0,0.0,11.0,0.0,0.0,0.0,0.0,0.0,0.0
1990,6,0.0,0.0,0.0,0.0,0.0,0.0,0.0,0.0,0.0,0.0,0.0,0.0,0.0
1990,7,8.0,5.0,9.0,3.0,8.0,7.0,17.0,31.0,7.0,0.0,24.0,17.0,7.0
1990,8,66.0,63.0,11.0,26.0,14.0,13.0,15.0,51.0,13.0,22.0,33.0,22.0,37.0
1990,9,27.0,39.0,9.0,123.0,20.0,36.0,36.0,12.0,22.0,39.0,0.0,66.0,24.0
1990,10,10.0,7.0,8.0,67.0,0.0,0.0,19.0,3.0,21.0,0.0,14.0,12.0,0.0
1990,11,14.0,3.0,1.0,13.0,4.0,13.0,29.0,18.0,5.0,7.0,6.0,0.0,3.0
1990,12,57.0,71.0,12.0,0.0,124.0,145.0,65.0,6.0,11.0,51.0,62.0,49.0,138.0
1990,13,90.0,74.0,1.0,11.0,50.0,62.0,17.0,30.0,21.0,20.0,6.0,33.0,37.0
1990,14,68.0,59.0,34.0,126.0,37.0,53.0,37.0,36.0,16.0,33.0,59.0,13.0,49.0
1990,15,0.0,11.0,1.0,0.0,17.0,25.0,0.0,0.0,0.0,176.0,3.0,0.0,173.0
1990,16,3.0,1.0,1.0,0.0,38.0,28.0,26.0,34.0,13.0,47.0,10.0,0.0,164.0
1990,17,53.0,23.0,5.0,9.0,29.0,37.0,83.0,44.0,48.0,78.0,56.0,10.0,163.0
1990,18,30.0,38.0,28.0,1.0,30.0,39.0,74.0,15.0,57.0,7.0,25.0,1.0,23.0
1990,19,10.0,0.0,63.0,0.0,17.0,30.0,34.0,18.0,24.0,0.0,49.0,15.0,23.0
1990,20,110.0,106.0,63.0,211.0,88.0,113.0,56.0,173.0,135.0,306.0,41.0,51.0,116.0
1990,21,123.0,75.0,124.0,11.0,58.0,97.0,42.0,106.0,82.0,17.0,140.0,108.0,133.0
1990,22,163.0,54.0,81.0,49.0,38.0,135.0,22.0,232.0,29.0,54.0,174.0,42.0,380.0
1990,23,70.0,51.0,172.0,227.0,96.0,79.0,130.0,168.0,93.0,61.0,182.0,78.0,190.0
1990,24,49.0,88.0,20.0,100.0,54.0,39.0,33.0,12.0,2.0,111.0,16.0,28.0,63.0
1990,25,87.0,88.0,94.0,422.0,48.0,25.0,66.0,161.0,103.0,61.0,101.0,42.0,130.0
1990,26,97.0,113.0,62.0,572.0,2.0,61.0,29.0,54.0,121.0,146.0,19.0,33.0,50.0
1990,27,141.0,85.0,131.0,365.0,211.0,214.0,102.0,129.0,168.0,207.0,148.0,128.0,134.0
1990,28,115.0,74.0,63.0,334.0,68.0,50.0,92.0,203.0,90.0,83.0,112.0,125.0,235.0
1990,29,57.0,86.0,140.0,249.0,99.0,37.0,116.0,48.0,68.0,50.0,8.0,202.0,87.0
1990,30,135.0,85.0,70.0,96.0,180.0,89.0,80.0,74.0,32.0,290.0,35.0,45.0,118.0
1990,31,47.0,83.0,138.0,92.0,62.0,49.0,98.0,64.0,104.0,121.0,10.0,90.0,69.0
1990,32,64.0,123.0,90.0,39.0,28.0,25.0,69.0,66.0,22.0,19.0,144.0,33.0,253.0
1990,33,20.0,89.0,15.0,45.0,37.0,21.0,44.0,35.0,35.0,29.0,74.0,62.0,146.0
1990,34,171.0,27.0,49.0,117.0,72.0,47.0,47.0,36.0,99.0,13.0,80.0,38.0,80.0
1990,35,39.0,51.0,114.0,97.0,44.0,6.0,24.0,69.0,7.0,75.0,105.0,175.0,49.0
1990,36,20.0,40.0,32.0,119.0,39.0,8.0,52.0,18.0,6.0,21.0,83.0,70.0,151.0
1990,37,35.0,26.0,19.0,19.0,125.0,66.0,101.0,33.0,32.0,23.0,8.0,42.0,140.0
1990,38,36.0,34.0,47.0,31.0,13.0,14.0,151.0,24.0,31.0,66.0,78.0,49.0,136.0
1990,39,65.0,48.0,139.0,26.0,63.0,102.0,160.0,215.0,106.0,25.0,256.0,30.0,592.0
1990,40,99.0,139.0,72.0,47.0,46.0,55.0,30.0,33.0,82.0,26.0,95.0,116.0,63.0
1990,41,95.0,183.0,139.0,247.0,135.0,109.0,58.0,180.0,37.0,102.0,202.0,43.0,125.0
1990,42,0.0,0.0,16.0,0.0,0.0,4.0,0.0,0.0,8.0,1.0,26.0,9.0,28.0
1990,43,0.0,0.0,0.0,0.0,0.0,0.0,0.0,0.0,0.0,0.0,2.0,0.0,0.0
1990,44,22.0,26.0,1.0,14.0,1.0,9.0,32.0,0.0,4.0,21.0,0.0,19.0,0.0
1990,45,47.0,57.0,3.0,241.0,35.0,16.0,2.0,7.0,13.0,69.0,0.0,25.0,40.0
1990,46,1.0,0.0,0.0,0.0,67.0,23.0,0.0,0.0,0.0,1.0,0.0,0.0,0.0
1990,47,0.0,0.0,0.0,0.0,0.0,0.0,0.0,0.0,0.0,0.0,0.0,0.0,0.0
1990,48,0.0,0.0,0.0,0.0,0.0,0.0,0.0,0.0,0.0,0.0,0.0,0.0,0.0
1990,49,0.0,0.0,0.0,0.0,0.0,0.0,0.0,0.0,0.0,0.0,0.0,0.0,0.0
1990,50,0.0,0.0,0.0,0.0,0.0,0.0,0.0,0.0,0.0,0.0,0.0,0.0,0.0
1990,51,30.0,35.0,0.0,19.0,6.0,4.0,0.0,1.0,0.0,54.0,0.0,7.0,3.0
1990,52,0.0,0.0,0.0,0.0,0.0,0.0,0.0,0.0,0.0,0.0,0.0,0.0,0.0
1991,1,10.0,17.0,3.0,4.0,26.0,24.0,1.0,2.0,4.0,9.0,38.0,33.0,10.0
1991,2,0.0,0.0,1.0,0.0,1.0,3.0,1.0,0.0,2.0,0.0,0.0,1.0,0.0
1991,3,0.0,0.0,0.0,0.0,0.0,0.0,0.0,0.0,0.0,0.0,0.0,0.0,0.0
1991,4,0.0,0.0,0.0,0.0,0.0,0.0,0.0,0.0,0.0,0.0,0.0,0.0,0.0
1991,5,7.0,18.0,0.0,0.0,0.0,0.0,0.0,6.0,0.0,0.0,0.0,13.0,29.0
1991,6,7.0,22.0,14.0,0.0,8.0,56.0,9.0,9.0,0.0,5.0,0.0,34.0,17.0
1991,7,0.0,0.0,0.0,0.0,0.0,0.0,0.0,0.0,0.0,0.0,0.0,0.0,1.0
1991,8,0.0,0.0,0.0,0.0,0.0,0.0,0.0,0.0,0.0,0.0,0.0,0.0,0.0
1991,9,0.0,0.0,1.0,0.0,12.0,16.0,4.0,2.0,9.0,0.0,1.0,14.0,15.0
1991,10,0.0,1.0,1.0,22.0,0.0,0.0,0.0,0.0,2.0,14.0,1.0,3.0,5.0
1991,11,20.0,31.0,0.0,0.0,14.0,24.0,8.0,9.0,0.0,5.0,0.0,33.0,26.0
1991,12,0.0,0.0,4.0,0.0,0.0,0.0,2.0,0.0,1.0,0.0,0.0,0.0,0.0
1991,13,18.0,5.0,2.0,0.0,20.0,21.0,14.0,33.0,7.0,0.0,0.0,0.0,22.0
1991,14,1.0,0.0,0.0,170.0,19.0,0.0,1.0,11.0,2.0,123.0,13.0,0.0,250.0
1991,15,52.0,42.0,4.0,0.0,17.0,40.0,27.0,35.0,19.0,3.0,9.0,34.0,33.0
1991,16,0.0,0.0,0.0,0.0,0.0,1.0,0.0,0.0,0.0,0.0,0.0,0.0,61.0
1991,17,0.0,0.0,36.0,2.0,3.0,56.0,14.0,30.0,4.0,0.0,19.0,2.0,50.0
1991,18,25.0,168.0,39.0,53.0,42.0,15.0,22.0,33.0,4.0,261.0,2.0,32.0,238.0
1991,19,6.0,13.0,12.0,69.0,157.0,5.0,5.0,133.0,22.0,198.0,25.0,8.0,438.0
1991,20,21.0,36.0,53.0,19.0,138.0,121.0,30.0,130.0,36.0,43.0,100.0,8.0,170.0
1991,21,62.0,27.0,131.0,69.0,60.0,47.0,49.0,240.0,55.0,99.0,57.0,4.0,66.0
1991,22,77.0,192.0,189.0,88.0,209.0,130.0,68.0,151.0,41.0,67.0,135.0,19.0,184.0
1991,23,151.0,177.0,42.0,301.0,47.0,74.0,129.0,315.0,31.0,145.0,100.0,91.0,533.0
1991,24,281.0,317.0,83.0,524.0,141.0,135.0,143.0,116.0,77.0,188.0,381.0,293.0,295.0
1991,25,58.0,87.0,44.0,270.0,55.0,76.0,84.0,77.0,68.0,223.0,67.0,33.0,206.0
1991,26,72.0,12.0,71.0,117.0,14.0,5.0,3.0,88.0,34.0,20.0,28.0,89.0,147.0
1991,27,49.0,98.0,108.0,323.0,127.0,108.0,83.0,105.0,115.0,192.0,57.0,33.0,122.0
1991,28,17.0,16.0,57.0,51.0,12.0,19.0,39.0,33.0,20.0,45.0,56.0,24.0,71.0
1991,29,133.0,154.0,139.0,345.0,98.0,72.0,68.0,84.0,76.0,111.0,22.0,213.0,82.0
1991,30,125.0,102.0,76.0,74.0,35.0,89.0,50.0,42.0,74.0,91.0,5.0,54.0,21.0
1991,31,95.0,62.0,112.0,353.0,140.0,66.0,43.0,72.0,7.0,278.0,49.0,105.0,208.0
1991,32,42.0,103.0,10.0,212.0,36.0,7.0,44.0,2.0,22.0,67.0,76.0,72.0,77.0
1991,33,70.0,71.0,28.0,108.0,43.0,43.0,48.0,26.0,27.0,10.0,101.0,25.0,118.0
1991,34,107.0,105.0,21.0,154.0,48.0,37.0,53.0,35.0,14.0,90.0,30.0,75.0,49.0
1991,35,89.0,125.0,74.0,60.0,134.0,59.0,16.0,182.0,30.0,208.0,34.0,75.0,91.0
1991,36,93.0,103.0,290.0,275.0,263.0,178.0,76.0,233.0,114.0,137.0,213.0,120.0,309.0
1991,37,26.0,52.0,78.0,14.0,191.0,52.0,37.0,28.0,70.0,66.0,358.0,48.0,157.0
1991,38,17.0,58.0,120.0,1.0,120.0,12.0,138.0,172.0,13.0,6.0,106.0,9.0,24.0
1991,39,94.0,98.0,231.0,187.0,105.0,96.0,146.0,281.0,284.0,114.0,45.0,25.0,240.0
1991,40,79.0,14.0,54.0,15.0,89.0,101.0,63.0,24.0,69.0,17.0,10.0,23.0,9.0
1991,41,152.0,193.0,8.0,28.0,116.0,133.0,59.0,4.0,42.0,7.0,92.0,43.0,46.0
1991,42,188.0,95.0,42.0,107.0,149.0,83.0,33.0,489.0,10.0,38.0,4.0,16.0,116.0
1991,43,4.0,0.0,0.0,0.0,10.0,0.0,0.0,1.0,0.0,0.0,0.0,0.0,0.0
1991,44,78.0,113.0,1.0,135.0,45.0,48.0,8.0,2.0,1.0,127.0,0.0,22.0,5.0
1991,45,0.0,0.0,0.0,14.0,0.0,0.0,0.0,0.0,0.0,2.0,2.0,5.0,0.0
1991,46,0.0,0.0,0.0,0.0,0.0,0.0,0.0,0.0,0.0,0.0,0.0,0.0,0.0
1991,47,50.0,0.0,0.0,0.0,0.0,0.0,0.0,0.0,0.0,0.0,0.0,0.0,0.0
1991,48,0.0,0.0,0.0,0.0,0.0,0.0,0.0,0.0,0.0,0.0,0.0,0.0,0.0
1991,49,0.0,0.0,0.0,0.0,0.0,0.0,0.0,0.0,0.0,0.0,0.0,0.0,0.0
1991,50,0.0,0.0,0.0,0.0,0.0,0.0,0.0,0.0,0.0,0.0,0.0,0.0,0.0
1991,51,0.0,0.0,0.0,0.0,0.0,0.0,0.0,0.0,0.0,0.0,0.0,0.0,0.0
1991,52,16.0,17.0,112.0,13.0,106.0,104.0,79.0,77.0,92.0,14.0,27.0,37.0,79.0
1992,1,0.0,0.0,0.0,1.0,1.0,0.0,0.0,0.0,1.0,0.0,0.0,0.0,0.0
1992,2,0.0,0.0,0.0,0.0,0.0,0.0,0.0,0.0,0.0,0.0,8.0,0.0,0.0
1992,3,0.0,0.0,0.0,0.0,0.0,0.0,0.0,0.0,0.0,0.0,5.0,0.0,0.0
1992,4,4.0,1.0,0.0,0.0,0.0,4.0,0.0,6.0,0.0,0.0,0.0,9.0,0.0
1992,5,0.0,3.0,7.0,0.0,17.0,9.0,5.0,27.0,3.0,1.0,8.0,14.0,21.0
1992,6,34.0,42.0,5.0,11.0,23.0,46.0,35.0,2.0,30.0,29.0,0.0,32.0,13.0
1992,7,3.0,14.0,0.0,3.0,0.0,0.0,0.0,0.0,0.0,13.0,0.0,0.0,1.0
1992,8,54.0,59.0,1.0,7.0,6.0,3.0,0.0,4.0,0.0,46.0,0.0,60.0,18.0
1992,9,7.0,8.0,1.0,24.0,1.0,3.0,0.0,3.0,0.0,8.0,2.0,9.0,2.0
1992,10,0.0,0.0,0.0,0.0,0.0,0.0,0.0,0.0,0.0,0.0,0.0,0.0,3.0
1992,11,0.0,0.0,0.0,0.0,0.0,0.0,0.0,0.0,0.0,0.0,0.0,0.0,18.0
1992,12,0.0,0.0,0.0,0.0,0.0,0.0,0.0,0.0,0.0,0.0,0.0,0.0,79.0
1992,13,0.0,0.0,0.0,0.0,0.0,0.0,0.0,0.0,0.0,0.0,0.0,0.0,72.0
1992,14,0.0,0.0,0.0,0.0,0.0,0.0,0.0,0.0,0.0,19.0,0.0,0.0,0.0
1992,15,0.0,0.0,0.0,0.0,0.0,0.0,0.0,0.0,0.0,0.0,0.0,0.0,43.0
1992,16,1.0,0.0,0.0,1.0,0.0,0.0,0.0,0.0,0.0,12.0,0.0,8.0,3.0
1992,17,0.0,0.0,0.0,0.0,0.0,5.0,3.0,11.0,0.0,0.0,8.0,0.0,64.0
1992,18,6.0,14.0,77.0,12.0,61.0,42.0,27.0,51.0,40.0,9.0,84.0,17.0,35.0
1992,19,24.0,26.0,41.0,0.0,5.0,1.0,0.0,51.0,0.0,3.0,75.0,22.0,127.0
1992,20,0.0,0.0,8.0,0.0,9.0,12.0,57.0,54.0,34.0,0.0,26.0,7.0,102.0
1992,21,60.0,58.0,24.0,82.0,35.0,36.0,18.0,7.0,41.0,70.0,124.0,58.0,252.0
1992,22,115.0,110.0,20.0,55.0,68.0,125.0,45.0,2.0,22.0,55.0,17.0,30.0,47.0
1992,23,0.0,0.0,54.0,1.0,0.0,0.0,0.0,31.0,0.0,0.0,4.0,0.0,19.0
1992,24,61.0,92.0,79.0,78.0,41.0,26.0,12.0,96.0,42.0,83.0,89.0,34.0,290.0
1992,25,18.0,15.0,16.0,41.0,38.0,27.0,8.0,26.0,25.0,39.0,9.0,39.0,76.0
1992,26,80.0,144.0,52.0,638.0,53.0,152.0,40.0,104.0,13.0,306.0,223.0,102.0,275.0
1992,27,49.0,71.0,19.0,300.0,50.0,148.0,20.0,96.0,38.0,120.0,26.0,62.0,295.0
1992,28,86.0,141.0,161.0,244.0,104.0,95.0,152.0,156.0,69.0,19.0,106.0,186.0,356.0
1992,29,65.0,58.0,68.0,80.0,82.0,28.0,19.0,50.0,97.0,101.0,104.0,8.0,100.0
1992,30,72.0,77.0,33.0,126.0,119.0,107.0,49.0,65.0,41.0,80.0,18.0,148.0,67.0
1992,31,121.0,63.0,13.0,91.0,52.0,63.0,35.0,33.0,9.0,27.0,25.0,43.0,131.0
1992,32,107.0,35.0,67.0,127.0,107.0,103.0,49.0,91.0,77.0,93.0,131.0,91.0,131.0
1992,33,87.0,57.0,8.0,37.0,5.0,9.0,17.0,2.0,6.0,17.0,17.0,81.0,40.0
1992,34,46.0,52.0,16.0,219.0,17.0,18.0,6.0,20.0,4.0,28.0,18.0,75.0,80.0
1992,35,23.0,44.0,64.0,60.0,32.0,58.0,125.0,14.0,93.0,38.0,193.0,30.0,81.0
1992,36,62.0,94.0,0.0,46.0,2.0,17.0,1.0,37.0,0.0,125.0,4.0,25.0,179.0
1992,37,93.0,56.0,35.0,173.0,83.0,27.0,79.0,36.0,47.0,54.0,82.0,55.0,121.0
1992,38,2.0,44.0,71.0,79.0,3.0,0.0,19.0,68.0,0.0,64.0,98.0,12.0,61.0
1992,39,29.0,47.0,201.0,26.0,14.0,27.0,95.0,108.0,63.0,56.0,19.0,5.0,50.0
1992,40,24.0,39.0,119.0,4.0,56.0,24.0,101.0,91.0,14.0,32.0,374.0,159.0,64.0
1992,41,0.0,7.0,4.0,9.0,11.0,47.0,27.0,1.0,13.0,6.0,0.0,6.0,0.0
1992,42,32.0,53.0,98.0,138.0,64.0,36.0,3.0,227.0,16.0,101.0,104.0,43.0,170.0
1992,43,66.0,84.0,4.0,90.0,8.0,38.0,8.0,12.0,0.0,47.0,0.0,37.0,17.0
1992,44,0.0,0.0,0.0,0.0,0.0,0.0,0.0,0.0,0.0,0.0,0.0,0.0,0.0
1992,45,6.0,0.0,0.0,0.0,0.0,0.0,0.0,0.0,0.0,11.0,0.0,0.0,0.0
1992,46,0.0,0.0,0.0,85.0,0.0,0.0,0.0,0.0,0.0,0.0,0.0,0.0,1.0
1992,47,0.0,0.0,0.0,6.0,0.0,0.0,0.0,0.0,0.0,1.0,0.0,0.0,0.0
1992,48,2.0,0.0,3.0,8.0,2.0,0.0,5.0,1.0,5.0,0.0,4.0,1.0,2.0
1992,49,0.0,1.0,0.0,6.0,0.0,0.0,3.0,1.0,0.0,15.0,2.0,0.0,0.0
1992,50,0.0,0.0,0.0,0.0,0.0,0.0,0.0,0.0,0.0,0.0,0.0,0.0,0.0
1992,51,0.0,0.0,0.0,0.0,0.0,0.0,0.0,0.0,0.0,0.0,0.0,0.0,0.0
1992,52,0.0,0.0,0.0,0.0,0.0,0.0,0.0,0.0,0.0,0.0,0.0,0.0,0.0
1992,53,0.0,0.0,0.0,0.0,0.0,0.0,0.0,0.0,0.0,0.0,0.0,0.0,0.0
1993,1,0.0,0.0,65.0,0.0,0.0,0.0,2.0,69.0,0.0,0.0,49.0,0.0,35.0
1993,2,1.0,0.0,0.0,34.0,0.0,0.0,0.0,0.0,0.0,0.0,0.0,17.0,0.0
1993,3,0.0,0.0,0.0,0.0,0.0,0.0,0.0,0.0,0.0,0.0,0.0,0.0,0.0
1993,4,0.0,0.0,0.0,0.0,0.0,0.0,0.0,0.0,0.0,0.0,0.0,0.0,0.0
1993,5,0.0,0.0,5.0,0.0,8.0,0.0,4.0,0.0,5.0,0.0,0.0,0.0,11.0
1993,6,0.0,0.0,0.0,0.0,0.0,0.0,0.0,0.0,0.0,0.0,0.0,0.0,11.0
1993,7,18.0,21.0,3.0,77.0,43.0,50.0,2.0,13.0,0.0,136.0,0.0,6.0,104.0
1993,8,17.0,23.0,0.0,9.0,1.0,7.0,0.0,0.0,0.0,15.0,0.0,51.0,23.0
1993,9,0.0,0.0,0.0,0.0,0.0,0.0,0.0,0.0,0.0,0.0,2.0,0.0,0.0
1993,10,0.0,0.0,0.0,0.0,0.0,0.0,0.0,0.0,0.0,0.0,0.0,0.0,0.0
1993,11,9.0,8.0,1.0,13.0,1.0,0.0,1.0,2.0,2.0,40.0,0.0,0.0,25.0
1993,12,226.0,228.0,13.0,85.0,87.0,48.0,52.0,42.0,53.0,161.0,28.0,57.0,71.0
1993,13,16.0,25.0,0.0,0.0,0.0,0.0,17.0,10.0,0.0,0.0,0.0,0.0,0.0
1993,14,6.0,9.0,0.0,0.0,21.0,23.0,13.0,12.0,6.0,0.0,0.0,10.0,53.0
1993,15,85.0,45.0,15.0,18.0,47.0,31.0,73.0,104.0,44.0,39.0,24.0,36.0,47.0
1993,16,17.0,7.0,36.0,0.0,26.0,59.0,12.0,43.0,2.0,2.0,16.0,0.0,75.0
1993,17,230.0,96.0,7.0,110.0,68.0,83.0,5.0,15.0,18.0,163.0,22.0,29.0,123.0
1993,18,79.0,139.0,74.0,140.0,191.0,35.0,51.0,59.0,19.0,211.0,18.0,73.0,229.0
1993,19,42.0,23.0,122.0,93.0,190.0,21.0,54.0,98.0,10.0,60.0,74.0,27.0,199.0
1993,20,53.0,42.0,54.0,9.0,105.0,78.0,27.0,188.0,33.0,92.0,93.0,43.0,79.0
1993,21,80.0,42.0,18.0,138.0,19.0,0.0,77.0,2.0,1.0,43.0,3.0,44.0,24.0
1993,22,30.0,184.0,19.0,201.0,50.0,115.0,37.0,164.0,12.0,111.0,139.0,25.0,234.0
1993,23,44.0,123.0,190.0,88.0,164.0,130.0,86.0,300.0,49.0,110.0,231.0,71.0,331.0
1993,24,215.0,229.0,119.0,357.0,230.0,141.0,112.0,167.0,194.0,476.0,131.0,92.0,305.0
1993,25,102.0,95.0,75.0,238.0,59.0,82.0,37.0,130.0,51.0,63.0,68.0,99.0,104.0
1993,26,40.0,98.0,126.0,162.0,76.0,73.0,83.0,168.0,197.0,79.0,237.0,19.0,193.0
1993,27,16.0,51.0,53.0,156.0,63.0,52.0,40.0,43.0,34.0,42.0,82.0,27.0,73.0
1993,28,95.0,88.0,86.0,121.0,68.0,39.0,64.0,119.0,46.0,32.0,40.0,56.0,211.0
1993,29,255.0,228.0,230.0,283.0,209.0,99.0,92.0,224.0,126.0,748.0,203.0,122.0,780.0
1993,30,7.0,17.0,0.0,9.0,8.0,14.0,0.0,10.0,19.0,99.0,3.0,68.0,62.0
1993,31,118.0,162.0,50.0,226.0,45.0,65.0,36.0,117.0,13.0,141.0,119.0,52.0,117.0
1993,32,158.0,23.0,9.0,152.0,61.0,24.0,37.0,77.0,28.0,115.0,43.0,36.0,99.0
1993,33,95.0,96.0,70.0,279.0,93.0,26.0,11.0,38.0,29.0,307.0,38.0,32.0,119.0
1993,34,112.0,185.0,88.0,65.0,233.0,232.0,87.0,181.0,17.0,76.0,176.0,68.0,114.0
1993,35,66.0,65.0,165.0,65.0,258.0,184.0,149.0,237.0,204.0,113.0,281.0,57.0,108.0
1993,36,46.0,42.0,9.0,80.0,5.0,14.0,19.0,51.0,12.0,38.0,3.0,66.0,59.0
1993,37,26.0,42.0,24.0,37.0,24.0,42.0,74.0,51.0,121.0,49.0,16.0,89.0,133.0
1993,38,56.0,49.0,37.0,13.0,54.0,106.0,35.0,42.0,13.0,146.0,74.0,161.0,78.0
1993,39,99.0,29.0,94.0,177.0,77.0,166.0,124.0,255.0,54.0,101.0,199.0,80.0,374.0
1993,40,9.0,20.0,20.0,2.0,56.0,57.0,0.0,31.0,0.0,29.0,35.0,25.0,23.0
1993,41,32.0,25.0,30.0,0.0,104.0,120.0,31.0,135.0,129.0,21.0,30.0,86.0,31.0
1993,42,45.0,1.0,5.0,33.0,55.0,40.0,46.0,16.0,28.0,11.0,7.0,47.0,0.0
1993,43,0.0,0.0,0.0,13.0,1.0,0.0,0.0,0.0,0.0,0.0,0.0,0.0,70.0
1993,44,21.0,33.0,2.0,39.0,18.0,0.0,22.0,0.0,51.0,9.0,16.0,29.0,2.0
1993,45,0.0,0.0,0.0,0.0,0.0,0.0,0.0,0.0,3.0,0.0,10.0,0.0,0.0
1993,46,0.0,0.0,0.0,0.0,1.0,0.0,0.0,0.0,0.0,0.0,0.0,0.0,0.0
1993,47,0.0,0.0,0.0,0.0,0.0,0.0,0.0,0.0,0.0,0.0,0.0,0.0,0.0
1993,48,0.0,0.0,0.0,0.0,0.0,0.0,0.0,0.0,0.0,0.0,0.0,0.0,0.0
1993,49,0.0,0.0,0.0,0.0,0.0,0.0,0.0,0.0,0.0,0.0,0.0,0.0,0.0
1993,50,0.0,0.0,0.0,0.0,0.0,0.0,0.0,0.0,0.0,0.0,0.0,0.0,0.0
1993,51,0.0,0.0,0.0,0.0,0.0,0.0,0.0,0.0,0.0,0.0,0.0,0.0,0.0
1993,52,0.0,0.0,0.0,0.0,0.0,0.0,0.0,0.0,0.0,0.0,0.0,0.0,0.0
1994,1,0.0,0.0,0.0,0.0,0.0,0.0,0.0,0.0,0.0,0.0,0.0,0.0,0.0
1994,2,0.0,0.0,6.0,0.0,0.0,1.0,3.0,1.0,10.0,0.0,12.0,0.0,2.0
1994,3,4.0,2.0,4.0,5.0,2.0,0.0,7.0,2.0,3.0,5.0,2.0,10.0,16.0
1994,4,0.0,0.0,0.0,0.0,0.0,0.0,0.0,0.0,0.0,0.0,0.0,0.0,0.0
1994,5,12.0,11.0,12.0,0.0,29.0,29.0,28.0,23.0,17.0,0.0,16.0,23.0,20.0
1994,6,1.0,2.0,4.0,6.0,1.0,0.0,2.0,5.0,2.0,4.0,15.0,5.0,5.0
1994,7,0.0,0.0,0.0,0.0,0.0,0.0,0.0,0.0,0.0,0.0,0.0,2.0,0.0
1994,8,0.0,0.0,14.0,12.0,35.0,12.0,29.0,36.0,22.0,2.0,0.0,0.0,23.0
1994,9,0.0,0.0,0.0,0.0,0.0,0.0,0.0,0.0,0.0,0.0,0.0,0.0,2.0
1994,10,0.0,0.0,0.0,0.0,0.0,0.0,0.0,0.0,0.0,0.0,0.0,0.0,0.0
1994,11,0.0,0.0,0.0,0.0,0.0,0.0,0.0,2.0,0.0,0.0,0.0,0.0,117.0
1994,12,1.0,5.0,1.0,24.0,0.0,0.0,0.0,115.0,5.0,40.0,18.0,5.0,311.0
1994,13,122.0,144.0,22.0,254.0,148.0,59.0,22.0,21.0,26.0,210.0,20.0,39.0,184.0
1994,14,2.0,3.0,0.0,5.0,0.0,2.0,0.0,4.0,0.0,8.0,23.0,20.0,40.0
1994,15,0.0,0.0,0.0,0.0,0.0,0.0,0.0,0.0,0.0,0.0,1.0,1.0,0.0
1994,16,67.0,17.0,8.0,193.0,159.0,117.0,12.0,24.0,5.0,102.0,0.0,113.0,93.0
1994,17,1.0,1.0,5.0,19.0,9.0,0.0,13.0,34.0,16.0,0.0,15.0,0.0,93.0
1994,18,0.0,0.0,0.0,200.0,7.0,29.0,0.0,15.0,0.0,16.0,0.0,0.0,109.0
1994,19,28.0,85.0,12.0,33.0,19.0,40.0,39.0,26.0,27.0,47.0,62.0,12.0,68.0
1994,20,65.0,82.0,24.0,26.0,169.0,74.0,76.0,50.0,56.0,24.0,38.0,77.0,56.0
1994,21,85.0,63.0,117.0,31.0,56.0,54.0,27.0,87.0,16.0,9.0,88.0,19.0,75.0
1994,22,6.0,41.0,20.0,6.0,9.0,24.0,28.0,52.0,8.0,28.0,102.0,0.0,262.0
1994,23,135.0,173.0,61.0,234.0,35.0,76.0,161.0,73.0,65.0,32.0,47.0,79.0,122.0
1994,24,173.0,157.0,155.0,644.0,61.0,47.0,62.0,35.0,70.0,114.0,199.0,57.0,93.0
1994,25,28.0,40.0,27.0,87.0,12.0,60.0,55.0,28.0,8.0,34.0,31.0,29.0,64.0
1994,26,238.0,155.0,77.0,73.0,162.0,54.0,43.0,100.0,160.0,101.0,111.0,148.0,92.0
1994,27,90.0,39.0,34.0,48.0,95.0,152.0,35.0,46.0,22.0,81.0,8.0,140.0,216.0
1994,28,43.0,83.0,4.0,80.0,36.0,28.0,0.0,11.0,0.0,40.0,5.0,41.0,54.0
1994,29,36.0,77.0,49.0,310.0,12.0,42.0,42.0,48.0,49.0,85.0,67.0,63.0,164.0
1994,30,24.0,122.0,46.0,308.0,0.0,21.0,21.0,109.0,26.0,44.0,83.0,169.0,308.0
1994,31,114.0,105.0,33.0,122.0,38.0,61.0,9.0,95.0,2.0,77.0,8.0,36.0,152.0
1994,32,159.0,109.0,69.0,105.0,101.0,63.0,26.0,35.0,17.0,98.0,11.0,44.0,287.0
1994,33,17.0,25.0,10.0,119.0,27.0,54.0,49.0,23.0,100.0,24.0,27.0,166.0,80.0
1994,34,80.0,62.0,61.0,168.0,64.0,70.0,63.0,166.0,87.0,42.0,51.0,52.0,49.0
1994,35,22.0,66.0,40.0,16.0,28.0,6.0,8.0,51.0,3.0,78.0,6.0,86.0,79.0
1994,36,89.0,33.0,102.0,149.0,132.0,23.0,22.0,55.0,54.0,29.0,14.0,65.0,65.0
1994,37,41.0,34.0,30.0,35.0,19.0,44.0,48.0,33.0,44.0,114.0,40.0,32.0,55.0
1994,38,0.0,8.0,131.0,70.0,6.0,34.0,24.0,67.0,70.0,2.0,75.0,9.0,33.0
1994,39,36.0,17.0,0.0,16.0,0.0,0.0,0.0,0.0,0.0,14.0,0.0,0.0,3.0
1994,40,32.0,22.0,153.0,53.0,51.0,62.0,43.0,63.0,92.0,40.0,83.0,69.0,81.0
1994,41,10.0,0.0,40.0,17.0,4.0,4.0,37.0,69.0,38.0,25.0,23.0,0.0,61.0
1994,42,5.0,1.0,0.0,3.0,0.0,0.0,0.0,0.0,0.0,27.0,0.0,0.0,0.0
1994,43,4.0,0.0,0.0,0.0,0.0,0.0,0.0,0.0,0.0,3.0,0.0,0.0,0.0
1994,44,5.0,2.0,6.0,0.0,14.0,0.0,0.0,0.0,0.0,0.0,0.0,2.0,0.0
1994,45,0.0,1.0,0.0,11.0,0.0,0.0,0.0,0.0,0.0,0.0,0.0,0.0,0.0
1994,46,0.0,0.0,1.0,0.0,0.0,0.0,0.0,0.0,21.0,0.0,0.0,0.0,0.0
1994,47,2.0,2.0,4.0,21.0,0.0,2.0,2.0,0.0,1.0,12.0,0.0,2.0,2.0
1994,48,0.0,0.0,0.0,0.0,0.0,0.0,0.0,0.0,0.0,0.0,0.0,0.0,2.0
1994,49,0.0,0.0,0.0,0.0,0.0,0.0,0.0,0.0,0.0,0.0,0.0,0.0,0.0
1994,50,0.0,0.0,0.0,0.0,0.0,0.0,0.0,0.0,0.0,0.0,0.0,0.0,0.0
1994,51,0.0,0.0,0.0,0.0,0.0,0.0,0.0,0.0,0.0,0.0,0.0,0.0,0.0
1994,52,0.0,0.0,0.0,0.0,0.0,0.0,0.0,0.0,0.0,0.0,0.0,0.0,0.0
1995,1,0.0,0.0,0.0,0.0,0.0,0.0,0.0,0.0,0.0,0.0,0.0,0.0,0.0
1995,2,0.0,0.0,16.0,0.0,6.0,5.0,7.0,8.0,17.0,1.0,3.0,11.0,4.0
1995,3,1.0,1.0,0.0,0.0,2.0,2.0,1.0,2.0,0.0,0.0,0.0,2.0,6.0
1995,4,0.0,0.0,0.0,0.0,0.0,0.0,0.0,0.0,0.0,0.0,0.0,0.0,0.0
1995,5,0.0,0.0,1.0,0.0,0.0,0.0,0.0,0.0,1.0,0.0,0.0,0.0,0.0
1995,6,17.0,0.0,2.0,0.0,0.0,0.0,3.0,1.0,1.0,0.0,2.0,0.0,0.0
1995,7,8.0,16.0,6.0,0.0,16.0,6.0,6.0,5.0,10.0,5.0,1.0,28.0,7.0
1995,8,30.0,26.0,9.0,3.0,15.0,2.0,15.0,13.0,19.0,1.0,0.0,2.0,22.0
1995,9,13.0,13.0,0.0,0.0,0.0,0.0,0.0,0.0,0.0,2.0,0.0,12.0,10.0
1995,10,0.0,0.0,0.0,0.0,0.0,0.0,0.0,0.0,0.0,0.0,1.0,0.0,0.0
1995,11,0.0,0.0,0.0,0.0,0.0,0.0,0.0,0.0,0.0,0.0,0.0,0.0,0.0
1995,12,0.0,0.0,0.0,0.0,0.0,0.0,0.0,0.0,0.0,0.0,0.0,0.0,0.0
1995,13,0.0,2.0,14.0,8.0,0.0,0.0,20.0,29.0,9.0,65.0,3.0,50.0,74.0
1995,14,0.0,43.0,0.0,21.0,45.0,0.0,0.0,0.0,0.0,5.0,0.0,0.0,25.0
1995,15,12.0,7.0,0.0,3.0,43.0,41.0,1.0,73.0,7.0,0.0,0.0,0.0,13.0
1995,16,0.0,0.0,0.0,0.0,0.0,0.0,0.0,0.0,0.0,0.0,0.0,1.0,15.0
1995,17,0.0,0.0,0.0,0.0,0.0,4.0,0.0,8.0,1.0,0.0,1.0,0.0,119.0
1995,18,5.0,30.0,1.0,0.0,3.0,25.0,0.0,7.0,0.0,19.0,0.0,1.0,139.0
1995,19,12.0,2.0,37.0,21.0,3.0,7.0,36.0,66.0,49.0,17.0,36.0,12.0,25.0
1995,20,127.0,141.0,51.0,300.0,230.0,243.0,24.0,157.0,42.0,444.0,122.0,69.0,124.0
1995,21,0.0,0.0,22.0,80.0,28.0,6.0,45.0,55.0,0.0,10.0,0.0,0.0,24.0
1995,22,69.0,16.0,0.0,104.0,0.0,7.0,0.0,11.0,0.0,9.0,0.0,0.0,190.0
1995,23,137.0,133.0,109.0,47.0,11.0,6.0,20.0,137.0,59.0,119.0,61.0,91.0,85.0
1995,24,257.0,192.0,88.0,141.0,145.0,242.0,65.0,179.0,28.0,90.0,96.0,130.0,371.0
1995,25,176.0,161.0,241.0,239.0,74.0,134.0,113.0,216.0,195.0,73.0,190.0,117.0,254.0
1995,26,86.0,165.0,31.0,130.0,7.0,60.0,24.0,101.0,9.0,126.0,58.0,44.0,84.0
1995,27,111.0,72.0,312.0,169.0,151.0,174.0,119.0,292.0,52.0,301.0,405.0,111.0,477.0
1995,28,73.0,53.0,96.0,163.0,38.0,102.0,14.0,63.0,50.0,92.0,39.0,81.0,166.0
1995,29,141.0,93.0,43.0,247.0,16.0,29.0,60.0,86.0,54.0,49.0,31.0,110.0,61.0
1995,30,113.0,43.0,61.0,88.0,124.0,123.0,22.0,150.0,98.0,79.0,38.0,68.0,91.0
1995,31,91.0,107.0,140.0,338.0,74.0,57.0,113.0,98.0,81.0,51.0,152.0,148.0,141.0
1995,32,109.0,59.0,111.0,88.0,94.0,144.0,104.0,111.0,63.0,144.0,59.0,7.0,201.0
1995,33,96.0,59.0,154.0,172.0,177.0,174.0,50.0,273.0,109.0,70.0,93.0,66.0,259.0
1995,34,57.0,19.0,7.0,174.0,21.0,16.0,40.0,54.0,48.0,83.0,13.0,31.0,192.0
1995,35,22.0,116.0,33.0,126.0,36.0,39.0,37.0,46.0,27.0,46.0,99.0,53.0,175.0
1995,36,89.0,47.0,63.0,210.0,34.0,17.0,58.0,38.0,50.0,43.0,9.0,28.0,73.0
1995,37,25.0,32.0,8.0,23.0,8.0,62.0,7.0,8.0,18.0,43.0,12.0,9.0,2.0
1995,38,42.0,106.0,199.0,52.0,87.0,23.0,101.0,97.0,96.0,21.0,467.0,75.0,177.0
1995,39,31.0,42.0,205.0,53.0,59.0,126.0,144.0,56.0,181.0,29.0,308.0,190.0,86.0
1995,40,62.0,20.0,3.0,0.0,4.0,2.0,0.0,55.0,0.0,76.0,12.0,6.0,59.0
1995,41,38.0,28.0,41.0,19.0,35.0,14.0,0.0,18.0,1.0,6.0,16.0,45.0,14.0
1995,42,55.0,12.0,73.0,27.0,49.0,9.0,8.0,31.0,12.0,63.0,22.0,1.0,4.0
1995,43,0.0,0.0,0.0,0.0,0.0,0.0,0.0,0.0,0.0,0.0,0.0,0.0,1.0
1995,44,2.0,1.0,1.0,41.0,5.0,6.0,5.0,5.0,0.0,70.0,0.0,5.0,10.0
1995,45,124.0,118.0,65.0,223.0,100.0,92.0,60.0,89.0,44.0,73.0,109.0,137.0,87.0
1995,46,1.0,16.0,0.0,25.0,0.0,1.0,1.0,0.0,0.0,13.0,0.0,20.0,0.0
1995,47,26.0,47.0,4.0,120.0,10.0,4.0,4.0,7.0,0.0,65.0,0.0,4.0,6.0
1995,48,0.0,0.0,0.0,0.0,0.0,0.0,0.0,0.0,0.0,0.0,0.0,0.0,0.0
1995,49,0.0,0.0,0.0,0.0,0.0,0.0,0.0,0.0,0.0,0.0,0.0,0.0,0.0
1995,50,0.0,0.0,0.0,0.0,0.0,0.0,0.0,0.0,0.0,0.0,0.0,0.0,0.0
1995,51,0.0,0.0,1.0,0.0,1.0,2.0,0.0,0.0,0.0,0.0,0.0,0.0,0.0
1995,52,0.0,0.0,0.0,0.0,0.0,0.0,3.0,0.0,1.0,0.0,3.0,0.0,0.0
1996,1,0.0,0.0,0.0,0.0,0.0,0.0,0.0,0.0,0.0,0.0,0.0,0.0,0.0
1996,2,0.0,0.0,0.0,0.0,0.0,0.0,0.0,0.0,0.0,10.0,0.0,4.0,0.0
1996,3,0.0,0.0,3.0,0.0,0.0,2.0,0.0,0.0,0.0,0.0,13.0,1.0,2.0
1996,4,0.0,0.0,0.0,0.0,0.0,0.0,0.0,0.0,0.0,0.0,0.0,0.0,0.0
1996,5,0.0,0.0,0.0,0.0,0.0,0.0,0.0,0.0,0.0,0.0,0.0,0.0,0.0
1996,6,0.0,0.0,0.0,0.0,0.0,0.0,0.0,0.0,0.0,0.0,0.0,0.0,0.0
1996,7,0.0,0.0,1.0,0.0,0.0,0.0,0.0,0.0,1.0,0.0,0.0,0.0,0.0
1996,8,14.0,4.0,14.0,81.0,5.0,0.0,12.0,8.0,11.0,15.0,0.0,14.0,24.0
1996,9,5.0,4.0,13.0,2.0,16.0,15.0,13.0,6.0,9.0,2.0,0.0,16.0,52.0
1996,10,0.0,0.0,0.0,0.0,0.0,0.0,0.0,0.0,0.0,0.0,0.0,0.0,9.0
1996,11,0.0,0.0,0.0,0.0,0.0,0.0,0.0,0.0,0.0,0.0,0.0,0.0,128.0
1996,12,0.0,0.0,3.0,0.0,8.0,21.0,14.0,0.0,3.0,0.0,0.0,3.0,21.0
1996,13,12.0,49.0,4.0,2.0,46.0,7.0,3.0,18.0,1.0,251.0,0.0,8.0,99.0
1996,14,0.0,5.0,0.0,2.0,1.0,0.0,0.0,0.0,0.0,16.0,0.0,0.0,115.0
1996,15,0.0,0.0,0.0,0.0,0.0,0.0,3.0,0.0,0.0,0.0,0.0,0.0,11.0
1996,16,0.0,4.0,0.0,0.0,50.0,0.0,0.0,0.0,0.0,10.0,4.0,0.0,26.0
1996,17,45.0,69.0,65.0,59.0,132.0,87.0,44.0,40.0,40.0,61.0,34.0,48.0,100.0
1996,18,111.0,70.0,69.0,31.0,28.0,110.0,75.0,30.0,52.0,2.0,91.0,86.0,119.0
1996,19,10.0,37.0,3.0,50.0,57.0,46.0,22.0,0.0,44.0,250.0,8.0,0.0,152.0
1996,20,21.0,24.0,41.0,64.0,52.0,78.0,8.0,36.0,0.0,106.0,21.0,57.0,149.0
1996,21,0.0,0.0,1.0,52.0,6.0,0.0,0.0,5.0,1.0,4.0,34.0,0.0,53.0
1996,22,42.0,57.0,123.0,98.0,101.0,171.0,35.0,142.0,36.0,87.0,113.0,31.0,387.0
1996,23,129.0,102.0,98.0,43.0,92.0,59.0,60.0,42.0,91.0,80.0,210.0,106.0,170.0
1996,24,14.0,13.0,12.0,9.0,80.0,24.0,2.0,6.0,6.0,18.0,0.0,1.0,22.0
1996,25,237.0,298.0,62.0,420.0,91.0,149.0,91.0,25.0,136.0,316.0,39.0,134.0,44.0
1996,26,66.0,133.0,97.0,199.0,60.0,57.0,140.0,97.0,46.0,32.0,113.0,116.0,181.0
1996,27,135.0,67.0,83.0,251.0,122.0,118.0,65.0,108.0,50.0,189.0,176.0,101.0,339.0
1996,28,47.0,14.0,81.0,0.0,2.0,8.0,35.0,109.0,18.0,42.0,196.0,2.0,202.0
1996,29,24.0,48.0,129.0,45.0,7.0,15.0,21.0,23.0,14.0,23.0,75.0,47.0,122.0
1996,30,78.0,148.0,36.0,571.0,76.0,53.0,30.0,42.0,22.0,180.0,17.0,0.0,16.0
1996,31,70.0,125.0,27.0,240.0,119.0,96.0,62.0,31.0,52.0,112.0,22.0,69.0,133.0
1996,32,93.0,92.0,23.0,259.0,68.0,43.0,31.0,43.0,102.0,210.0,3.0,34.0,128.0
1996,33,18.0,81.0,63.0,94.0,69.0,136.0,105.0,153.0,38.0,99.0,259.0,13.0,294.0
1996,34,122.0,65.0,49.0,164.0,99.0,187.0,54.0,35.0,65.0,50.0,49.0,65.0,80.0
1996,35,50.0,54.0,34.0,24.0,56.0,1.0,32.0,114.0,15.0,33.0,59.0,46.0,187.0
1996,36,40.0,49.0,89.0,62.0,63.0,48.0,41.0,116.0,92.0,129.0,41.0,33.0,134.0
1996,37,9.0,58.0,51.0,37.0,6.0,3.0,11.0,4.0,4.0,48.0,24.0,1.0,1.0
1996,38,106.0,15.0,39.0,394.0,99.0,31.0,47.0,10.0,17.0,117.0,41.0,100.0,209.0
1996,39,29.0,19.0,182.0,35.0,75.0,32.0,161.0,85.0,185.0,58.0,194.0,107.0,24.0
1996,40,33.0,13.0,44.0,165.0,143.0,30.0,70.0,99.0,29.0,46.0,118.0,53.0,74.0
1996,41,3.0,3.0,0.0,64.0,1.0,0.0,0.0,1.0,0.0,0.0,0.0,0.0,42.0
1996,42,0.0,0.0,0.0,0.0,0.0,0.0,0.0,0.0,0.0,0.0,0.0,0.0,0.0
1996,43,15.0,8.0,0.0,9.0,37.0,0.0,0.0,1.0,0.0,107.0,0.0,0.0,4.0
1996,44,236.0,145.0,135.0,208.0,177.0,183.0,113.0,191.0,89.0,98.0,50.0,279.0,161.0
1996,45,4.0,6.0,0.0,8.0,0.0,0.0,0.0,0.0,0.0,72.0,0.0,0.0,0.0
1996,46,0.0,0.0,0.0,0.0,0.0,0.0,0.0,0.0,0.0,0.0,0.0,0.0,0.0
1996,47,0.0,0.0,0.0,0.0,0.0,0.0,0.0,0.0,0.0,0.0,0.0,0.0,0.0
1996,48,0.0,0.0,0.0,0.0,0.0,0.0,0.0,0.0,0.0,0.0,0.0,0.0,0.0
1996,49,1.0,2.0,0.0,0.0,0.0,0.0,0.0,0.0,0.0,4.0,0.0,0.0,0.0
1996,50,0.0,0.0,0.0,0.0,0.0,0.0,0.0,0.0,0.0,0.0,0.0,0.0,0.0
1996,51,0.0,0.0,0.0,0.0,0.0,0.0,0.0,0.0,0.0,0.0,0.0,0.0,0.0
1996,52,0.0,0.0,0.0,0.0,0.0,0.0,0.0,0.0,0.0,0.0,0.0,0.0,0.0
1997,1,0.0,0.0,0.0,0.0,0.0,0.0,0.0,0.0,0.0,0.0,0.0,0.0,0.0
1997,2,0.0,0.0,0.0,0.0,0.0,0.0,0.0,0.0,0.0,0.0,0.0,0.0,0.0
1997,3,0.0,0.0,0.0,0.0,0.0,8.0,1.0,0.0,0.0,0.0,0.0,1.0,1.0
1997,4,1.0,1.0,10.0,2.0,2.0,3.0,3.0,1.0,8.0,1.0,19.0,18.0,0.0
1997,5,18.0,16.0,0.0,13.0,1.0,5.0,0.0,0.0,0.0,14.0,0.0,5.0,10.0
1997,6,10.0,13.0,0.0,7.0,0.0,1.0,1.0,0.0,1.0,0.0,1.0,22.0,13.0
1997,7,2.0,14.0,0.0,0.0,0.0,1.0,0.0,0.0,0.0,0.0,0.0,8.0,0.0
1997,8,0.0,0.0,5.0,0.0,6.0,18.0,6.0,9.0,8.0,0.0,0.0,0.0,3.0
1997,9,0.0,0.0,6.0,0.0,2.0,2.0,36.0,3.0,26.0,0.0,13.0,0.0,5.0
1997,10,0.0,0.0,0.0,0.0,0.0,0.0,0.0,0.0,0.0,0.0,0.0,0.0,1.0
1997,11,0.0,1.0,5.0,0.0,1.0,3.0,0.0,1.0,0.0,0.0,0.0,1.0,42.0
1997,12,45.0,47.0,1.0,9.0,3.0,2.0,23.0,0.0,4.0,227.0,0.0,52.0,38.0
1997,13,5.0,12.0,3.0,30.0,54.0,10.0,19.0,3.0,15.0,13.0,0.0,6.0,23.0
1997,14,76.0,78.0,3.0,1.0,27.0,48.0,12.0,85.0,3.0,14.0,35.0,95.0,33.0
1997,15,96.0,22.0,26.0,22.0,14.0,8.0,6.0,19.0,2.0,24.0,27.0,26.0,4.0
1997,16,18.0,51.0,21.0,5.0,38.0,14.0,19.0,46.0,13.0,5.0,19.0,40.0,89.0
1997,17,11.0,26.0,60.0,0.0,40.0,21.0,32.0,49.0,15.0,1.0,35.0,112.0,39.0
1997,18,31.0,25.0,31.0,1.0,50.0,71.0,42.0,0.0,25.0,10.0,25.0,5.0,43.0
1997,19,34.0,54.0,1.0,0.0,10.0,36.0,0.0,2.0,0.0,30.0,4.0,38.0,100.0
1997,20,0.0,0.0,7.0,0.0,0.0,3.0,24.0,17.0,14.0,2.0,12.0,2.0,57.0
1997,21,87.0,95.0,13.0,145.0,59.0,24.0,61.0,51.0,0.0,60.0,78.0,76.0,82.0
1997,22,114.0,110.0,80.0,138.0,68.0,72.0,46.0,65.0,37.0,107.0,126.0,127.0,178.0
1997,23,53.0,40.0,36.0,39.0,33.0,52.0,55.0,31.0,32.0,80.0,3.0,25.0,178.0
1997,24,34.0,13.0,48.0,152.0,41.0,65.0,39.0,110.0,80.0,69.0,46.0,80.0,78.0
1997,25,15.0,6.0,68.0,136.0,94.0,35.0,43.0,128.0,8.0,206.0,108.0,32.0,178.0
1997,26,68.0,48.0,32.0,46.0,79.0,91.0,51.0,107.0,105.0,91.0,57.0,64.0,172.0
1997,27,95.0,38.0,44.0,400.0,61.0,112.0,151.0,192.0,163.0,102.0,86.0,149.0,193.0
1997,28,79.0,195.0,186.0,343.0,247.0,149.0,231.0,145.0,424.0,425.0,401.0,117.0,403.0
1997,29,65.0,90.0,34.0,295.0,46.0,28.0,65.0,61.0,52.0,82.0,16.0,45.0,57.0
1997,30,124.0,154.0,35.0,154.0,94.0,49.0,37.0,125.0,87.0,50.0,22.0,67.0,63.0
1997,31,98.0,89.0,29.0,361.0,114.0,43.0,42.0,30.0,56.0,181.0,46.0,184.0,71.0
1997,32,33.0,55.0,35.0,37.0,76.0,49.0,29.0,78.0,124.0,73.0,44.0,30.0,70.0
1997,33,55.0,18.0,55.0,194.0,79.0,119.0,116.0,179.0,88.0,125.0,201.0,95.0,290.0
1997,34,31.0,88.0,11.0,5.0,14.0,18.0,40.0,17.0,87.0,76.0,1.0,106.0,40.0
1997,35,52.0,92.0,129.0,118.0,50.0,87.0,87.0,129.0,167.0,86.0,91.0,90.0,65.0
1997,36,49.0,79.0,94.0,190.0,85.0,57.0,103.0,129.0,58.0,165.0,24.0,41.0,162.0
1997,37,33.0,62.0,13.0,166.0,54.0,10.0,109.0,37.0,36.0,54.0,33.0,130.0,185.0
1997,38,46.0,8.0,80.0,95.0,33.0,19.0,114.0,236.0,152.0,26.0,153.0,86.0,420.0
1997,39,219.0,243.0,29.0,186.0,229.0,74.0,147.0,64.0,102.0,184.0,196.0,40.0,167.0
1997,40,38.0,49.0,25.0,54.0,41.0,22.0,26.0,20.0,3.0,86.0,19.0,39.0,15.0
1997,41,0.0,36.0,0.0,122.0,28.0,1.0,27.0,7.0,0.0,62.0,0.0,36.0,28.0
1997,42,0.0,0.0,8.0,0.0,0.0,47.0,0.0,0.0,0.0,0.0,0.0,0.0,0.0
1997,43,0.0,0.0,0.0,0.0,0.0,0.0,0.0,0.0,1.0,0.0,0.0,0.0,0.0
1997,44,0.0,0.0,0.0,0.0,0.0,0.0,0.0,0.0,0.0,0.0,1.0,0.0,0.0
1997,45,0.0,0.0,0.0,3.0,0.0,0.0,0.0,0.0,0.0,15.0,0.0,0.0,0.0
1997,46,11.0,0.0,2.0,34.0,1.0,53.0,15.0,4.0,44.0,4.0,2.0,4.0,23.0
1997,47,0.0,0.0,0.0,0.0,0.0,0.0,0.0,7.0,0.0,0.0,0.0,0.0,0.0
1997,48,0.0,0.0,0.0,0.0,0.0,0.0,0.0,0.0,0.0,0.0,0.0,0.0,0.0
1997,49,0.0,0.0,1.0,0.0,0.0,0.0,0.0,0.0,2.0,0.0,5.0,0.0,0.0
1997,50,9.0,7.0,23.0,26.0,22.0,18.0,20.0,21.0,20.0,11.0,22.0,10.0,18.0
1997,51,3.0,0.0,3.0,7.0,0.0,0.0,0.0,0.0,0.0,4.0,0.0,3.0,0.0
1997,52,0.0,0.0,0.0,0.0,0.0,0.0,0.0,0.0,0.0,0.0,0.0,0.0,0.0
1998,1,98.0,0.0,0.0,0.0,0.0,0.0,0.0,0.0,0.0,0.0,0.0,0.0,0.0
1998,2,0.0,0.0,0.0,0.0,0.0,0.0,0.0,0.0,0.0,0.0,0.0,0.0,0.0
1998,3,1.0,1.0,0.0,0.0,0.0,0.0,1.0,0.0,0.0,0.0,0.0,0.0,0.0
1998,4,49.0,53.0,3.0,15.0,48.0,46.0,9.0,9.0,5.0,21.0,0.0,53.0,7.0
1998,5,0.0,0.0,7.0,0.0,1.0,3.0,6.0,0.0,11.0,0.0,0.0,0.0,0.0
1998,6,4.0,0.0,0.0,0.0,0.0,3.0,0.0,0.0,0.0,0.0,0.0,27.0,0.0
1998,7,0.0,0.0,0.0,0.0,0.0,0.0,0.0,0.0,0.0,0.0,0.0,0.0,0.0
1998,8,7.0,3.0,0.0,15.0,1.0,9.0,3.0,0.0,0.0,47.0,0.0,28.0,1.0
1998,9,43.0,45.0,13.0,4.0,3.0,10.0,9.0,11.0,5.0,32.0,12.0,16.0,14.0
1998,10,31.0,23.0,2.0,4.0,30.0,26.0,13.0,8.0,6.0,1.0,4.0,16.0,9.0
1998,11,8.0,3.0,1.0,0.0,1.0,1.0,2.0,5.0,3.0,2.0,2.0,36.0,0.0
1998,12,0.0,0.0,1.0,0.0,0.0,0.0,0.0,0.0,1.0,0.0,0.0,0.0,0.0
1998,13,209.0,142.0,6.0,16.0,39.0,30.0,31.0,46.0,4.0,125.0,28.0,106.0,226.0
1998,14,25.0,25.0,16.0,0.0,13.0,12.0,22.0,9.0,38.0,9.0,18.0,6.0,4.0
1998,15,105.0,77.0,25.0,19.0,44.0,33.0,22.0,67.0,16.0,18.0,45.0,41.0,121.0
1998,16,15.0,3.0,0.0,0.0,10.0,14.0,2.0,0.0,0.0,0.0,3.0,1.0,325.0
1998,17,109.0,98.0,50.0,126.0,106.0,58.0,84.0,82.0,15.0,139.0,69.0,10.0,87.0
1998,18,22.0,9.0,12.0,3.0,34.0,49.0,24.0,84.0,4.0,0.0,66.0,88.0,48.0
1998,19,50.0,61.0,55.0,13.0,71.0,25.0,96.0,57.0,19.0,44.0,46.0,4.0,37.0
1998,20,6.0,12.0,4.0,0.0,5.0,34.0,11.0,0.0,23.0,2.0,12.0,34.0,92.0
1998,21,12.0,18.0,13.0,208.0,0.0,0.0,39.0,71.0,0.0,438.0,67.0,11.0,94.0
1998,22,111.0,173.0,68.0,160.0,313.0,114.0,100.0,99.0,85.0,174.0,65.0,66.0,110.0
1998,23,13.0,8.0,35.0,7.0,5.0,25.0,0.0,55.0,7.0,79.0,105.0,0.0,394.0
1998,24,11.0,0.0,25.0,129.0,25.0,32.0,12.0,30.0,29.0,113.0,83.0,23.0,230.0
1998,25,93.0,94.0,24.0,156.0,2.0,28.0,50.0,50.0,10.0,63.0,100.0,14.0,180.0
1998,26,85.0,145.0,272.0,73.0,50.0,106.0,20.0,29.0,46.0,34.0,36.0,74.0,53.0
1998,27,149.0,111.0,17.0,159.0,28.0,49.0,31.0,27.0,3.0,106.0,18.0,107.0,77.0
1998,28,219.0,144.0,354.0,549.0,52.0,65.0,117.0,80.0,88.0,196.0,95.0,62.0,81.0
1998,29,164.0,150.0,201.0,465.0,346.0,126.0,211.0,343.0,200.0,501.0,210.0,115.0,209.0
1998,30,79.0,74.0,162.0,35.0,90.0,113.0,66.0,316.0,107.0,224.0,154.0,19.0,771.0
1998,31,20.0,112.0,34.0,63.0,12.0,16.0,16.0,32.0,25.0,86.0,28.0,36.0,119.0
1998,32,194.0,60.0,128.0,167.0,64.0,71.0,31.0,94.0,96.0,105.0,133.0,55.0,99.0
1998,33,235.0,224.0,155.0,490.0,248.0,186.0,123.0,108.0,34.0,158.0,118.0,46.0,147.0
1998,34,47.0,32.0,92.0,63.0,136.0,44.0,24.0,138.0,34.0,62.0,59.0,12.0,175.0
1998,35,16.0,81.0,131.0,325.0,86.0,24.0,17.0,132.0,77.0,106.0,121.0,40.0,189.0
1998,36,52.0,62.0,199.0,256.0,70.0,40.0,49.0,99.0,81.0,106.0,202.0,60.0,172.0
1998,37,130.0,132.0,5.0,142.0,22.0,64.0,185.0,28.0,124.0,65.0,0.0,127.0,55.0
1998,38,12.0,31.0,67.0,0.0,92.0,90.0,55.0,128.0,63.0,85.0,2.0,2.0,41.0
1998,39,11.0,14.0,61.0,18.0,50.0,5.0,0.0,29.0,28.0,24.0,23.0,2.0,86.0
1998,40,83.0,55.0,88.0,4.0,76.0,111.0,30.0,3.0,108.0,40.0,33.0,115.0,25.0
1998,41,0.0,0.0,31.0,0.0,2.0,13.0,12.0,16.0,0.0,45.0,13.0,16.0,0.0
1998,42,38.0,71.0,16.0,82.0,29.0,22.0,17.0,6.0,8.0,12.0,13.0,57.0,21.0
1998,43,26.0,70.0,209.0,100.0,21.0,20.0,44.0,19.0,94.0,28.0,382.0,38.0,44.0
1998,44,6.0,2.0,12.0,0.0,2.0,6.0,12.0,13.0,12.0,3.0,0.0,29.0,11.0
1998,45,0.0,0.0,0.0,0.0,1.0,1.0,10.0,0.0,0.0,0.0,0.0,0.0,0.0
1998,46,0.0,0.0,4.0,0.0,0.0,5.0,7.0,0.0,26.0,0.0,0.0,7.0,0.0
1998,47,18.0,17.0,0.0,0.0,5.0,6.0,0.0,0.0,0.0,2.0,0.0,38.0,2.0
1998,48,252.0,107.0,3.0,87.0,77.0,83.0,23.0,24.0,5.0,17.0,0.0,90.0,32.0
1998,49,0.0,6.0,0.0,0.0,0.0,0.0,0.0,0.0,0.0,0.0,0.0,0.0,0.0
1998,50,0.0,0.0,0.0,0.0,0.0,0.0,0.0,0.0,0.0,0.0,0.0,0.0,0.0
1998,51,0.0,0.0,0.0,0.0,0.0,0.0,0.0,0.0,0.0,0.0,0.0,0.0,0.0
1998,52,0.0,0.0,0.0,0.0,0.0,0.0,0.0,0.0,0.0,0.0,0.0,0.0,0.0
1998,53,0.0,0.0,0.0,0.0,0.0,0.0,0.0,0.0,0.0,0.0,0.0,0.0,0.0
1999,1,0.0,0.0,0.0,0.0,0.0,0.0,0.0,0.0,0.0,0.0,0.0,0.0,0.0
1999,2,0.0,0.0,0.0,0.0,0.0,0.0,0.0,0.0,0.0,0.0,0.0,0.0,0.0
1999,3,0.0,0.0,0.0,0.0,0.0,0.0,0.0,0.0,0.0,0.0,0.0,0.0,0.0
1999,4,0.0,0.0,0.0,0.0,0.0,0.0,0.0,0.0,0.0,0.0,0.0,0.0,0.0
1999,5,0.0,0.0,0.0,0.0,0.0,0.0,0.0,0.0,0.0,0.0,0.0,0.0,0.0
1999,6,0.0,0.0,0.0,0.0,0.0,0.0,0.0,0.0,0.0,0.0,0.0,0.0,0.0
1999,7,0.0,0.0,0.0,0.0,0.0,0.0,0.0,0.0,0.0,0.0,0.0,0.0,0.0
1999,8,0.0,0.0,0.0,0.0,0.0,0.0,0.0,0.0,0.0,0.0,0.0,0.0,0.0
1999,9,0.0,0.0,0.0,0.0,0.0,0.0,0.0,0.0,0.0,0.0,0.0,0.0,0.0
1999,10,0.0,0.0,0.0,0.0,0.0,0.0,0.0,0.0,0.0,0.0,0.0,0.0,0.0
1999,11,0.0,0.0,0.0,0.0,0.0,0.0,0.0,0.0,0.0,2.0,0.0,0.0,21.0
1999,12,0.0,0.0,0.0,0.0,0.0,0.0,0.0,1.0,0.0,0.0,7.0,0.0,28.0
1999,13,0.0,0.0,0.0,0.0,0.0,0.0,0.0,0.0,0.0,1.0,45.0,0.0,39.0
1999,14,20.0,72.0,6.0,8.0,3.0,33.0,2.0,68.0,9.0,0.0,117.0,28.0,21.0
1999,15,0.0,0.0,3.0,0.0,0.0,0.0,0.0,3.0,0.0,0.0,63.0,0.0,65.0
1999,16,0.0,0.0,0.0,0.0,18.0,26.0,0.0,27.0,0.0,0.0,3.0,0.0,58.0
1999,17,0.0,0.0,16.0,0.0,0.0,0.0,0.0,52.0,0.0,0.0,22.0,0.0,45.0
1999,18,43.0,78.0,124.0,107.0,105.0,28.0,5.0,170.0,9.0,73.0,208.0,14.0,397.0
1999,19,80.0,95.0,57.0,21.0,211.0,75.0,47.0,92.0,61.0,35.0,28.0,60.0,73.0
1999,20,36.0,52.0,14.0,114.0,67.0,17.0,3.0,35.0,6.0,42.0,49.0,70.0,39.0
1999,21,53.0,94.0,50.0,333.0,45.0,88.0,148.0,76.0,68.0,224.0,29.0,128.0,123.0
1999,22,49.0,26.0,0.0,18.0,1.0,13.0,0.0,22.0,0.0,90.0,13.0,10.0,135.0
1999,23,49.0,47.0,72.0,163.0,49.0,47.0,49.0,50.0,23.0,142.0,73.0,38.0,43.0
1999,24,27.0,31.0,8.0,107.0,2.0,3.0,51.0,22.0,8.0,24.0,121.0,28.0,75.0
1999,25,96.0,187.0,182.0,468.0,258.0,212.0,230.0,81.0,289.0,783.0,204.0,88.0,142.0
1999,26,156.0,180.0,72.0,235.0,152.0,107.0,161.0,170.0,139.0,200.0,139.0,100.0,342.0
1999,27,102.0,102.0,22.0,74.0,130.0,129.0,42.0,66.0,56.0,95.0,164.0,23.0,192.0
1999,28,114.0,130.0,47.0,377.0,125.0,134.0,99.0,62.0,32.0,170.0,30.0,117.0,101.0
1999,29,123.0,173.0,183.0,255.0,121.0,88.0,112.0,95.0,104.0,148.0,132.0,53.0,167.0
1999,30,71.0,74.0,40.0,85.0,64.0,23.0,49.0,63.0,46.0,68.0,7.0,51.0,129.0
1999,31,112.0,123.0,18.0,353.0,11.0,58.0,3.0,27.0,34.0,58.0,60.0,106.0,70.0
1999,32,167.0,158.0,77.0,439.0,89.0,274.0,136.0,176.0,131.0,266.0,160.0,133.0,233.0
1999,33,46.0,56.0,67.0,106.0,52.0,55.0,20.0,26.0,60.0,60.0,45.0,41.0,73.0
1999,34,37.0,73.0,139.0,192.0,120.0,37.0,86.0,92.0,62.0,73.0,539.0,35.0,120.0
1999,35,70.0,29.0,105.0,48.0,33.0,32.0,13.0,19.0,79.0,18.0,33.0,35.0,36.0
1999,36,65.0,85.0,36.0,60.0,55.0,29.0,39.0,52.0,86.0,102.0,70.0,59.0,78.0
1999,37,67.0,156.0,44.0,116.0,55.0,29.0,53.0,51.0,75.0,20.0,43.0,102.0,84.0
1999,38,112.0,149.0,52.0,202.0,225.0,137.0,184.0,62.0,328.0,48.0,80.0,121.0,13.0
1999,39,39.0,2.0,21.0,2.0,12.0,15.0,24.0,72.0,15.0,59.0,179.0,80.0,48.0
1999,40,46.0,66.0,40.0,96.0,89.0,79.0,15.0,256.0,41.0,50.0,31.0,19.0,186.0
1999,41,16.0,66.0,11.0,10.0,50.0,9.0,58.0,7.0,22.0,17.0,11.0,22.0,37.0
1999,42,151.0,265.0,65.0,157.0,204.0,324.0,120.0,178.0,78.0,44.0,217.0,48.0,119.0
1999,43,5.0,37.0,0.0,14.0,15.0,0.0,0.0,0.0,0.0,1.0,1.0,3.0,2.0
1999,44,1.0,0.0,17.0,1.0,13.0,4.0,3.0,1.0,1.0,1.0,8.0,4.0,0.0
1999,45,0.0,0.0,0.0,0.0,0.0,0.0,0.0,0.0,0.0,2.0,0.0,0.0,0.0
1999,46,0.0,0.0,0.0,0.0,0.0,0.0,0.0,0.0,0.0,0.0,0.0,0.0,0.0
1999,47,0.0,0.0,0.0,0.0,0.0,0.0,0.0,0.0,0.0,0.0,0.0,0.0,0.0
1999,48,0.0,0.0,0.0,0.0,0.0,0.0,0.0,0.0,0.0,0.0,0.0,0.0,0.0
1999,49,2.0,8.0,0.0,81.0,0.0,0.0,0.0,0.0,0.0,115.0,0.0,0.0,0.0
1999,50,0.0,0.0,0.0,0.0,0.0,0.0,0.0,0.0,0.0,0.0,0.0,0.0,0.0
1999,51,0.0,0.0,0.0,5.0,0.0,0.0,0.0,0.0,0.0,0.0,0.0,0.0,0.0
1999,52,0.0,0.0,0.0,38.0,0.0,0.0,0.0,0.0,0.0,0.0,0.0,0.0,0.0
2000,1,0.0,0.0,0.0,0.0,0.0,0.0,0.0,0.0,0.0,0.0,0.0,0.0,0.0
2000,2,0.0,0.0,0.0,0.0,1.0,10.0,4.0,0.0,4.0,0.0,0.0,0.0,0.0
2000,3,0.0,8.0,0.0,1.0,2.0,0.0,0.0,0.0,0.0,5.0,0.0,7.0,0.0
2000,4,19.0,34.0,18.0,0.0,10.0,7.0,4.0,18.0,0.0,36.0,1.0,13.0,48.0
2000,5,7.0,3.0,20.0,0.0,39.0,51.0,42.0,7.0,42.0,0.0,14.0,20.0,1.0
2000,6,2.0,3.0,17.0,0.0,5.0,6.0,19.0,13.0,5.0,1.0,1.0,2.0,2.0
2000,7,7.0,2.0,0.0,1.0,0.0,0.0,0.0,0.0,0.0,0.0,0.0,10.0,0.0
2000,8,0.0,0.0,0.0,1.0,0.0,0.0,0.0,0.0,0.0,0.0,0.0,0.0,0.0
2000,9,0.0,0.0,1.0,0.0,2.0,0.0,0.0,0.0,2.0,7.0,2.0,0.0,31.0
2000,10,27.0,12.0,39.0,93.0,0.0,2.0,0.0,25.0,16.0,13.0,0.0,10.0,40.0
2000,11,23.0,49.0,36.0,3.0,170.0,13.0,18.0,48.0,7.0,92.0,0.0,0.0,48.0
2000,12,0.0,0.0,0.0,0.0,0.0,16.0,2.0,1.0,2.0,0.0,1.0,0.0,0.0
2000,13,0.0,0.0,0.0,0.0,0.0,0.0,0.0,0.0,0.0,0.0,0.0,0.0,7.0
2000,14,0.0,0.0,0.0,0.0,0.0,0.0,0.0,0.0,0.0,0.0,0.0,0.0,90.0
2000,15,24.0,17.0,31.0,4.0,46.0,51.0,54.0,40.0,41.0,43.0,85.0,62.0,26.0
2000,16,40.0,23.0,81.0,17.0,41.0,30.0,40.0,153.0,51.0,39.0,120.0,4.0,73.0
2000,17,71.0,86.0,46.0,44.0,102.0,88.0,112.0,125.0,44.0,128.0,78.0,114.0,304.0
2000,18,89.0,98.0,61.0,110.0,70.0,72.0,28.0,77.0,30.0,64.0,87.0,41.0,119.0
2000,19,2.0,0.0,2.0,41.0,0.0,22.0,33.0,0.0,4.0,3.0,8.0,6.0,5.0
2000,20,4.0,32.0,52.0,72.0,224.0,109.0,60.0,51.0,16.0,115.0,62.0,45.0,170.0
2000,21,25.0,120.0,62.0,338.0,243.0,112.0,102.0,218.0,137.0,471.0,121.0,43.0,289.0
2000,22,128.0,35.0,96.0,34.0,72.0,97.0,10.0,121.0,11.0,127.0,203.0,102.0,166.0
2000,23,66.0,223.0,102.0,210.0,57.0,29.0,66.0,149.0,76.0,71.0,80.0,84.0,88.0
2000,24,30.0,43.0,67.0,205.0,39.0,31.0,70.0,125.0,45.0,126.0,45.0,32.0,596.0
2000,25,143.0,89.0,55.0,403.0,57.0,40.0,47.0,84.0,65.0,205.0,221.0,42.0,191.0
2000,26,47.0,82.0,47.0,17.0,11.0,14.0,33.0,131.0,72.0,81.0,41.0,18.0,188.0
2000,27,55.0,18.0,0.0,72.0,34.0,20.0,3.0,24.0,1.0,20.0,1.0,3.0,57.0
2000,28,68.0,98.0,105.0,355.0,48.0,56.0,113.0,29.0,32.0,38.0,28.0,27.0,67.0
2000,29,197.0,219.0,24.0,632.0,93.0,59.0,77.0,38.0,27.0,111.0,3.0,284.0,93.0
2000,30,34.0,56.0,39.0,241.0,22.0,18.0,44.0,28.0,41.0,19.0,98.0,88.0,66.0
2000,31,98.0,63.0,184.0,223.0,278.0,125.0,44.0,130.0,100.0,214.0,124.0,77.0,329.0
2000,32,30.0,51.0,54.0,45.0,10.0,55.0,27.0,28.0,27.0,125.0,67.0,76.0,401.0
2000,33,63.0,63.0,39.0,295.0,51.0,65.0,25.0,64.0,51.0,99.0,30.0,71.0,218.0
2000,34,9.0,28.0,2.0,7.0,10.0,16.0,24.0,0.0,5.0,88.0,23.0,13.0,42.0
2000,35,125.0,61.0,68.0,417.0,84.0,134.0,151.0,82.0,149.0,65.0,48.0,138.0,32.0
2000,36,73.0,78.0,134.0,303.0,22.0,53.0,65.0,79.0,46.0,52.0,51.0,10.0,108.0
2000,37,8.0,13.0,26.0,13.0,35.0,76.0,31.0,59.0,39.0,49.0,34.0,74.0,354.0
2000,38,64.0,83.0,225.0,14.0,85.0,207.0,331.0,163.0,417.0,20.0,42.0,335.0,95.0
2000,39,24.0,13.0,26.0,86.0,5.0,18.0,0.0,38.0,0.0,16.0,7.0,9.0,173.0
2000,40,24.0,6.0,29.0,208.0,26.0,22.0,21.0,32.0,27.0,266.0,2.0,5.0,43.0
2000,41,0.0,0.0,0.0,3.0,23.0,47.0,7.0,2.0,0.0,16.0,12.0,0.0,16.0
2000,42,9.0,6.0,8.0,45.0,5.0,28.0,20.0,7.0,18.0,33.0,0.0,0.0,10.0
2000,43,125.0,127.0,44.0,138.0,218.0,151.0,81.0,128.0,40.0,31.0,5.0,137.0,106.0
2000,44,0.0,0.0,0.0,0.0,1.0,2.0,0.0,0.0,0.0,0.0,0.0,0.0,0.0
2000,45,0.0,0.0,0.0,0.0,0.0,0.0,0.0,0.0,0.0,0.0,0.0,0.0,0.0
2000,46,0.0,0.0,0.0,0.0,0.0,0.0,0.0,0.0,0.0,0.0,0.0,0.0,0.0
2000,47,0.0,0.0,0.0,0.0,0.0,0.0,0.0,0.0,0.0,0.0,0.0,0.0,0.0
2000,48,10.0,89.0,0.0,16.0,0.0,0.0,0.0,0.0,0.0,45.0,0.0,0.0,0.0
2000,49,0.0,0.0,0.0,0.0,0.0,0.0,0.0,0.0,0.0,0.0,0.0,0.0,0.0
2000,50,0.0,0.0,0.0,0.0,0.0,0.0,0.0,0.0,0.0,0.0,0.0,0.0,0.0
2000,51,0.0,0.0,0.0,0.0,0.0,0.0,0.0,0.0,0.0,0.0,0.0,0.0,0.0
2000,52,0.0,0.0,0.0,0.0,0.0,0.0,0.0,0.0,0.0,0.0,0.0,0.0,0.0
2001,1,0.0,0.0,0.0,0.0,0.0,0.0,0.0,0.0,0.0,0.0,0.0,0.0,0.0
2001,2,0.0,0.0,0.0,0.0,0.0,0.0,0.0,0.0,0.0,0.0,0.0,0.0,0.0
2001,3,0.0,0.0,0.0,0.0,0.0,0.0,0.0,0.0,0.0,0.0,0.0,0.0,0.0
2001,4,0.0,0.0,0.0,0.0,0.0,0.0,0.0,0.0,0.0,0.0,0.0,0.0,0.0
2001,5,0.0,0.0,0.0,0.0,0.0,0.0,0.0,0.0,0.0,0.0,0.0,0.0,0.0
2001,6,0.0,0.0,0.0,0.0,0.0,0.0,0.0,0.0,0.0,0.0,0.0,0.0,0.0
2001,7,0.0,0.0,0.0,0.0,0.0,0.0,0.0,0.0,0.0,0.0,0.0,0.0,0.0
2001,8,7.0,6.0,0.0,26.0,1.0,3.0,0.0,0.0,0.0,6.0,0.0,55.0,7.0
2001,9,10.0,4.0,0.0,0.0,1.0,18.0,0.0,11.0,0.0,3.0,1.0,5.0,136.0
2001,10,0.0,0.0,0.0,0.0,0.0,0.0,0.0,1.0,0.0,0.0,0.0,1.0,0.0
2001,11,0.0,0.0,0.0,0.0,7.0,0.0,5.0,0.0,0.0,0.0,0.0,6.0,0.0
2001,12,4.0,1.0,0.0,0.0,1.0,3.0,15.0,0.0,7.0,0.0,0.0,12.0,27.0
2001,13,0.0,3.0,0.0,0.0,24.0,0.0,0.0,15.0,2.0,20.0,23.0,14.0,15.0
2001,14,15.0,7.0,1.0,0.0,16.0,13.0,12.0,0.0,0.0,0.0,0.0,31.0,19.0
2001,15,0.0,0.0,21.0,0.0,0.0,0.0,3.0,118.0,10.0,2.0,33.0,0.0,39.0
2001,16,1.0,2.0,0.0,6.0,26.0,84.0,29.0,20.0,3.0,8.0,0.0,21.0,2.0
2001,17,0.0,1.0,0.0,0.0,4.0,0.0,7.0,9.0,0.0,3.0,5.0,1.0,70.0
2001,18,48.0,98.0,100.0,125.0,86.0,128.0,32.0,77.0,58.0,32.0,31.0,59.0,88.0
2001,19,196.0,230.0,42.0,180.0,163.0,115.0,69.0,120.0,64.0,219.0,73.0,76.0,215.0
2001,20,0.0,34.0,26.0,0.0,6.0,5.0,6.0,22.0,2.0,16.0,41.0,0.0,139.0
2001,21,37.0,87.0,44.0,69.0,97.0,59.0,139.0,23.0,71.0,16.0,77.0,17.0,70.0
2001,22,5.0,30.0,50.0,87.0,72.0,9.0,26.0,165.0,20.0,19.0,17.0,120.0,90.0
2001,23,171.0,254.0,86.0,363.0,137.0,58.0,71.0,187.0,79.0,276.0,410.0,44.0,411.0
2001,24,213.0,340.0,64.0,441.0,142.0,75.0,101.0,66.0,87.0,135.0,13.0,126.0,46.0
2001,25,167.0,168.0,90.0,378.0,63.0,161.0,206.0,102.0,146.0,117.0,52.0,133.0,175.0
2001,26,114.0,133.0,21.0,173.0,62.0,29.0,21.0,13.0,25.0,43.0,2.0,86.0,127.0
2001,27,61.0,43.0,9.0,171.0,2.0,42.0,27.0,22.0,6.0,63.0,6.0,23.0,69.0
2001,28,131.0,132.0,31.0,292.0,38.0,81.0,21.0,49.0,148.0,32.0,107.0,86.0,66.0
2001,29,42.0,18.0,45.0,133.0,27.0,26.0,39.0,31.0,93.0,51.0,4.0,29.0,135.0
2001,30,192.0,161.0,66.0,243.0,70.0,40.0,59.0,37.0,13.0,57.0,113.0,72.0,90.0
2001,31,147.0,87.0,34.0,157.0,95.0,106.0,63.0,56.0,153.0,242.0,183.0,86.0,346.0
2001,32,61.0,31.0,89.0,34.0,81.0,19.0,8.0,15.0,5.0,42.0,8.0,26.0,153.0
2001,33,35.0,46.0,6.0,225.0,19.0,77.0,7.0,13.0,43.0,70.0,6.0,22.0,79.0
2001,34,12.0,31.0,8.0,59.0,29.0,20.0,18.0,13.0,10.0,60.0,236.0,31.0,105.0
2001,35,43.0,34.0,30.0,59.0,25.0,55.0,92.0,178.0,67.0,70.0,93.0,97.0,94.0
2001,36,26.0,49.0,95.0,50.0,34.0,128.0,162.0,60.0,29.0,40.0,126.0,131.0,45.0
2001,37,65.0,65.0,151.0,107.0,47.0,13.0,99.0,64.0,41.0,6.0,125.0,27.0,91.0
2001,38,44.0,84.0,25.0,261.0,63.0,40.0,31.0,218.0,15.0,48.0,144.0,68.0,142.0
2001,39,9.0,9.0,54.0,8.0,46.0,19.0,27.0,10.0,0.0,88.0,86.0,4.0,49.0
2001,40,102.0,70.0,178.0,67.0,53.0,49.0,57.0,196.0,130.0,41.0,416.0,70.0,152.0
2001,41,60.0,25.0,16.0,32.0,25.0,4.0,4.0,20.0,4.0,10.0,26.0,7.0,73.0
2001,42,57.0,39.0,7.0,34.0,87.0,99.0,13.0,3.0,47.0,95.0,28.0,30.0,21.0
2001,43,1.0,51.0,0.0,48.0,1.0,0.0,0.0,0.0,0.0,30.0,0.0,0.0,0.0
2001,44,93.0,107.0,7.0,116.0,11.0,13.0,9.0,3.0,3.0,11.0,6.0,15.0,68.0
2001,45,10.0,14.0,0.0,39.0,5.0,2.0,0.0,2.0,1.0,43.0,1.0,10.0,19.0
2001,46,49.0,44.0,0.0,31.0,9.0,6.0,1.0,7.0,0.0,52.0,0.0,42.0,3.0
2001,47,0.0,0.0,3.0,0.0,4.0,35.0,0.0,2.0,0.0,0.0,0.0,0.0,0.0
2001,48,0.0,0.0,0.0,0.0,0.0,0.0,0.0,0.0,0.0,0.0,0.0,0.0,0.0
2001,49,0.0,0.0,0.0,0.0,0.0,0.0,0.0,0.0,0.0,0.0,0.0,0.0,0.0
2001,50,0.0,0.0,0.0,0.0,0.0,0.0,0.0,0.0,0.0,0.0,0.0,0.0,0.0
2001,51,0.0,0.0,0.0,0.0,0.0,0.0,0.0,0.0,0.0,0.0,0.0,0.0,0.0
2001,52,0.0,0.0,0.0,0.0,0.0,0.0,0.0,0.0,0.0,0.0,0.0,0.0,0.0
2002,1,0.0,0.0,0.0,0.0,0.0,0.0,0.0,0.0,0.0,0.0,0.0,0.0,0.0
2002,2,0.0,0.0,0.0,10.0,0.0,0.0,0.0,0.0,0.0,1.0,0.0,0.0,0.0
2002,3,0.0,0.0,0.0,0.0,0.0,0.0,0.0,0.0,0.0,0.0,5.0,0.0,1.0
2002,4,12.0,11.0,0.0,16.0,16.0,10.0,1.0,2.0,0.0,7.0,1.0,3.0,0.0
2002,5,7.0,11.0,7.0,0.0,6.0,9.0,14.0,4.0,10.0,1.0,2.0,11.0,1.0
2002,6,0.0,0.0,0.0,0.0,0.0,0.0,0.0,0.0,0.0,0.0,0.0,0.0,0.0
2002,7,0.0,0.0,0.0,0.0,0.0,0.0,0.0,0.0,0.0,0.0,0.0,0.0,0.0
2002,8,0.0,0.0,0.0,0.0,2.0,0.0,0.0,0.0,0.0,0.0,0.0,0.0,0.0
2002,9,0.0,0.0,2.0,0.0,3.0,0.0,14.0,0.0,6.0,0.0,6.0,0.0,2.0
2002,10,0.0,0.0,8.0,0.0,1.0,1.0,1.0,1.0,0.0,0.0,2.0,0.0,0.0
2002,11,0.0,0.0,0.0,0.0,0.0,0.0,0.0,12.0,0.0,0.0,0.0,1.0,24.0
2002,12,0.0,0.0,1.0,10.0,5.0,0.0,11.0,5.0,0.0,4.0,0.0,0.0,5.0
2002,13,36.0,24.0,2.0,33.0,44.0,55.0,38.0,23.0,15.0,38.0,36.0,5.0,49.0
2002,14,42.0,32.0,63.0,60.0,48.0,32.0,6.0,37.0,47.0,28.0,47.0,58.0,69.0
2002,15,37.0,19.0,27.0,28.0,17.0,25.0,8.0,53.0,17.0,7.0,71.0,3.0,52.0
2002,16,0.0,0.0,91.0,0.0,0.0,0.0,0.0,42.0,0.0,0.0,54.0,0.0,76.0
2002,17,21.0,13.0,86.0,4.0,21.0,30.0,46.0,110.0,26.0,31.0,69.0,30.0,182.0
2002,18,17.0,16.0,24.0,0.0,39.0,20.0,13.0,125.0,16.0,10.0,161.0,7.0,111.0
2002,19,172.0,150.0,54.0,218.0,119.0,88.0,74.0,138.0,52.0,252.0,15.0,4.0,110.0
2002,20,25.0,23.0,23.0,63.0,8.0,32.0,27.0,44.0,102.0,92.0,123.0,11.0,49.0
2002,21,54.0,63.0,26.0,80.0,27.0,67.0,7.0,61.0,7.0,97.0,123.0,59.0,298.0
2002,22,99.0,57.0,51.0,133.0,135.0,89.0,72.0,45.0,31.0,118.0,4.0,83.0,58.0
2002,23,81.0,99.0,30.0,134.0,89.0,99.0,28.0,81.0,28.0,32.0,176.0,75.0,268.0
2002,24,169.0,93.0,108.0,113.0,152.0,92.0,128.0,403.0,104.0,82.0,72.0,180.0,239.0
2002,25,152.0,148.0,45.0,70.0,73.0,110.0,85.0,90.0,49.0,19.0,618.0,189.0,81.0
2002,26,133.0,120.0,42.0,186.0,28.0,88.0,51.0,25.0,35.0,108.0,46.0,92.0,97.0
2002,27,413.0,304.0,105.0,532.0,214.0,203.0,122.0,135.0,159.0,311.0,124.0,200.0,228.0
2002,28,102.0,72.0,94.0,157.0,41.0,93.0,54.0,132.0,15.0,65.0,130.0,1.0,267.0
2002,29,74.0,86.0,120.0,130.0,59.0,169.0,27.0,76.0,57.0,197.0,64.0,128.0,78.0
2002,30,106.0,75.0,132.0,411.0,94.0,68.0,39.0,83.0,46.0,257.0,244.0,32.0,179.0
2002,31,84.0,147.0,42.0,24.0,80.0,197.0,30.0,39.0,73.0,83.0,25.0,89.0,193.0
2002,32,54.0,21.0,55.0,122.0,55.0,56.0,22.0,10.0,10.0,79.0,58.0,24.0,91.0
2002,33,92.0,189.0,176.0,434.0,99.0,128.0,97.0,53.0,153.0,114.0,112.0,207.0,104.0
2002,34,50.0,17.0,201.0,17.0,23.0,73.0,62.0,102.0,10.0,163.0,98.0,26.0,100.0
2002,35,14.0,86.0,47.0,67.0,53.0,19.0,27.0,14.0,31.0,55.0,14.0,31.0,70.0
2002,36,55.0,65.0,68.0,107.0,58.0,11.0,10.0,4.0,82.0,118.0,13.0,94.0,28.0
2002,37,160.0,149.0,14.0,82.0,4.0,68.0,25.0,2.0,44.0,80.0,11.0,80.0,2.0
2002,38,18.0,27.0,48.0,30.0,20.0,30.0,15.0,21.0,4.0,63.0,30.0,32.0,91.0
2002,39,113.0,79.0,168.0,97.0,73.0,48.0,184.0,228.0,147.0,91.0,462.0,36.0,166.0
2002,40,1.0,0.0,41.0,0.0,4.0,1.0,7.0,101.0,15.0,6.0,21.0,0.0,198.0
2002,41,10.0,12.0,6.0,3.0,12.0,10.0,22.0,5.0,3.0,13.0,36.0,1.0,0.0
2002,42,42.0,42.0,8.0,250.0,37.0,17.0,52.0,39.0,34.0,56.0,47.0,22.0,19.0
2002,43,0.0,0.0,0.0,77.0,0.0,11.0,0.0,0.0,0.0,5.0,0.0,0.0,0.0
2002,44,0.0,0.0,0.0,0.0,0.0,0.0,0.0,0.0,0.0,0.0,0.0,0.0,0.0
2002,45,0.0,0.0,0.0,13.0,0.0,17.0,0.0,0.0,0.0,4.0,0.0,1.0,0.0
2002,46,92.0,74.0,21.0,174.0,36.0,113.0,47.0,87.0,17.0,75.0,7.0,88.0,132.0
2002,47,0.0,0.0,0.0,0.0,0.0,0.0,0.0,0.0,0.0,0.0,0.0,0.0,0.0
2002,48,0.0,0.0,0.0,33.0,0.0,0.0,0.0,0.0,0.0,22.0,0.0,0.0,0.0
2002,49,0.0,0.0,0.0,0.0,0.0,0.0,0.0,0.0,0.0,0.0,0.0,0.0,0.0
2002,50,0.0,0.0,0.0,0.0,0.0,0.0,0.0,0.0,0.0,0.0,0.0,0.0,0.0
2002,51,0.0,0.0,0.0,0.0,0.0,0.0,0.0,0.0,0.0,0.0,0.0,0.0,14.0
2002,52,0.0,0.0,0.0,0.0,0.0,0.0,0.0,0.0,0.0,0.0,0.0,0.0,0.0
2003,1,0.0,0.0,3.0,0.0,0.0,0.0,0.0,0.0,2.0,0.0,1.0,0.0,0.0
2003,2,0.0,0.0,0.0,0.0,0.0,0.0,0.0,0.0,0.0,0.0,0.0,0.0,0.0
2003,3,0.0,0.0,0.0,0.0,0.0,0.0,0.0,0.0,0.0,0.0,0.0,0.0,0.0
2003,4,0.0,0.0,0.0,0.0,0.0,0.0,0.0,0.0,0.0,0.0,0.0,0.0,0.0
2003,5,0.0,0.0,12.0,0.0,0.0,0.0,1.0,2.0,1.0,0.0,9.0,0.0,0.0
2003,6,1.0,2.0,3.0,0.0,0.0,3.0,0.0,1.0,1.0,0.0,0.0,0.0,0.0
2003,7,3.0,2.0,31.0,4.0,24.0,100.0,13.0,24.0,6.0,1.0,11.0,0.0,0.0
2003,8,0.0,0.0,8.0,0.0,1.0,10.0,10.0,0.0,11.0,0.0,10.0,0.0,0.0
2003,9,0.0,0.0,0.0,0.0,0.0,0.0,0.0,0.0,0.0,0.0,0.0,0.0,3.0
2003,10,0.0,0.0,0.0,0.0,0.0,0.0,0.0,0.0,0.0,0.0,0.0,0.0,0.0
2003,11,55.0,27.0,13.0,12.0,23.0,22.0,41.0,19.0,38.0,14.0,34.0,67.0,52.0
2003,12,44.0,21.0,7.0,56.0,46.0,84.0,25.0,8.0,18.0,20.0,28.0,4.0,0.0
2003,13,9.0,0.0,36.0,0.0,12.0,1.0,5.0,2.0,7.0,0.0,38.0,30.0,74.0
2003,14,60.0,32.0,53.0,4.0,27.0,32.0,29.0,91.0,27.0,29.0,15.0,71.0,152.0
2003,15,0.0,0.0,0.0,0.0,0.0,0.0,0.0,0.0,0.0,0.0,0.0,0.0,43.0
2003,16,2.0,3.0,35.0,2.0,44.0,12.0,25.0,34.0,12.0,29.0,19.0,0.0,84.0
2003,17,46.0,51.0,7.0,4.0,35.0,57.0,28.0,42.0,3.0,22.0,84.0,1.0,26.0
2003,18,64.0,13.0,50.0,115.0,84.0,18.0,10.0,60.0,4.0,111.0,80.0,46.0,63.0
2003,19,2.0,0.0,8.0,1.0,37.0,46.0,25.0,8.0,29.0,11.0,10.0,31.0,124.0
2003,20,1.0,75.0,21.0,342.0,3.0,0.0,11.0,14.0,19.0,59.0,3.0,0.0,39.0
2003,21,18.0,13.0,151.0,92.0,40.0,36.0,21.0,106.0,34.0,76.0,63.0,97.0,97.0
2003,22,5.0,0.0,18.0,24.0,8.0,0.0,0.0,100.0,2.0,20.0,43.0,0.0,83.0
2003,23,26.0,18.0,51.0,197.0,144.0,55.0,95.0,52.0,13.0,228.0,106.0,36.0,260.0
2003,24,109.0,60.0,103.0,277.0,84.0,71.0,31.0,98.0,47.0,123.0,143.0,22.0,252.0
2003,25,185.0,184.0,65.0,443.0,104.0,77.0,104.0,80.0,44.0,246.0,33.0,84.0,79.0
2003,26,186.0,324.0,133.0,376.0,104.0,81.0,104.0,169.0,162.0,401.0,235.0,109.0,410.0
2003,27,22.0,37.0,50.0,143.0,79.0,58.0,52.0,29.0,76.0,135.0,170.0,48.0,115.0
2003,28,35.0,48.0,47.0,140.0,50.0,14.0,22.0,37.0,27.0,54.0,354.0,42.0,165.0
2003,29,13.0,82.0,26.0,55.0,5.0,50.0,23.0,77.0,48.0,71.0,60.0,36.0,56.0
2003,30,51.0,34.0,7.0,241.0,43.0,87.0,15.0,21.0,10.0,52.0,24.0,46.0,61.0
2003,31,152.0,65.0,128.0,459.0,58.0,78.0,47.0,86.0,112.0,35.0,83.0,87.0,145.0
2003,32,50.0,50.0,22.0,86.0,4.0,7.0,1.0,17.0,9.0,62.0,10.0,39.0,234.0
2003,33,57.0,95.0,87.0,306.0,123.0,59.0,22.0,35.0,27.0,71.0,8.0,119.0,42.0
2003,34,22.0,30.0,38.0,35.0,44.0,32.0,31.0,29.0,56.0,52.0,92.0,54.0,87.0
2003,35,42.0,90.0,46.0,142.0,24.0,21.0,27.0,27.0,7.0,30.0,66.0,21.0,67.0
2003,36,80.0,52.0,23.0,233.0,42.0,33.0,8.0,43.0,30.0,45.0,34.0,123.0,230.0
2003,37,53.0,94.0,12.0,68.0,63.0,6.0,62.0,45.0,22.0,117.0,12.0,42.0,99.0
2003,38,12.0,5.0,53.0,11.0,22.0,20.0,13.0,33.0,22.0,29.0,66.0,18.0,136.0
2003,39,60.0,19.0,49.0,30.0,132.0,11.0,50.0,39.0,167.0,165.0,78.0,19.0,28.0
2003,40,9.0,26.0,51.0,11.0,21.0,11.0,15.0,176.0,65.0,17.0,27.0,66.0,53.0
2003,41,209.0,223.0,148.0,189.0,88.0,95.0,104.0,131.0,121.0,85.0,274.0,193.0,159.0
2003,42,1.0,0.0,0.0,2.0,4.0,25.0,13.0,0.0,60.0,2.0,0.0,0.0,0.0
2003,43,52.0,10.0,25.0,10.0,1.0,10.0,3.0,9.0,8.0,3.0,25.0,82.0,1.0
2003,44,31.0,4.0,59.0,0.0,25.0,52.0,11.0,59.0,59.0,0.0,30.0,79.0,30.0
2003,45,0.0,0.0,0.0,0.0,0.0,0.0,0.0,0.0,0.0,0.0,0.0,0.0,0.0
2003,46,0.0,0.0,0.0,0.0,0.0,0.0,0.0,0.0,0.0,0.0,0.0,0.0,0.0
2003,47,0.0,0.0,0.0,0.0,0.0,0.0,0.0,0.0,0.0,0.0,0.0,0.0,0.0
2003,48,0.0,0.0,0.0,0.0,0.0,0.0,0.0,0.0,0.0,0.0,0.0,0.0,0.0
2003,49,0.0,0.0,0.0,0.0,0.0,0.0,0.0,0.0,0.0,9.0,0.0,0.0,0.0
2003,50,0.0,0.0,0.0,0.0,0.0,0.0,0.0,0.0,0.0,0.0,0.0,0.0,0.0
2003,51,27.0,27.0,3.0,3.0,41.0,26.0,0.0,6.0,0.0,50.0,1.0,20.0,4.0
2003,52,0.0,0.0,0.0,0.0,0.0,0.0,0.0,0.0,1.0,0.0,0.0,0.0,0.0
2004,1,1.0,3.0,10.0,0.0,4.0,0.0,5.0,4.0,5.0,0.0,24.0,5.0,3.0
2004,2,0.0,0.0,0.0,0.0,0.0,0.0,0.0,0.0,0.0,0.0,0.0,0.0,0.0
2004,3,0.0,0.0,0.0,0.0,0.0,0.0,0.0,0.0,0.0,0.0,0.0,0.0,0.0
2004,4,0.0,0.0,0.0,0.0,0.0,3.0,0.0,6.0,10.0,0.0,8.0,0.0,1.0
2004,5,0.0,0.0,0.0,0.0,0.0,0.0,0.0,0.0,0.0,0.0,0.0,0.0,0.0
2004,6,0.0,0.0,0.0,0.0,0.0,0.0,0.0,0.0,0.0,0.0,0.0,0.0,0.0
2004,7,0.0,0.0,0.0,0.0,0.0,0.0,0.0,0.0,0.0,0.0,0.0,0.0,0.0
2004,8,0.0,0.0,0.0,0.0,0.0,0.0,0.0,2.0,0.0,0.0,0.0,0.0,8.0
2004,9,0.0,0.0,0.0,0.0,0.0,0.0,0.0,0.0,0.0,0.0,0.0,0.0,0.0
2004,10,0.0,0.0,0.0,0.0,0.0,0.0,0.0,0.0,0.0,0.0,0.0,0.0,3.0
2004,11,11.0,11.0,0.0,1.0,9.0,6.0,0.0,1.0,0.0,6.0,1.0,1.0,2.0
2004,12,0.0,0.0,45.0,0.0,0.0,0.0,0.0,6.0,0.0,0.0,38.0,0.0,20.0
2004,13,0.0,0.0,0.0,0.0,0.0,0.0,0.0,0.0,0.0,0.0,0.0,0.0,0.0
2004,14,0.0,3.0,0.0,35.0,2.0,2.0,0.0,6.0,0.0,18.0,3.0,3.0,101.0
2004,15,43.0,104.0,43.0,101.0,77.0,35.0,37.0,111.0,23.0,60.0,52.0,47.0,150.0
2004,16,0.0,0.0,0.0,0.0,0.0,0.0,0.0,19.0,0.0,11.0,0.0,0.0,290.0
2004,17,38.0,22.0,37.0,68.0,84.0,15.0,33.0,65.0,22.0,83.0,74.0,66.0,95.0
2004,18,6.0,0.0,10.0,0.0,4.0,2.0,57.0,51.0,16.0,0.0,70.0,9.0,3.0
2004,19,0.0,0.0,2.0,0.0,0.0,0.0,0.0,0.0,0.0,0.0,0.0,0.0,41.0
2004,20,4.0,2.0,3.0,10.0,13.0,107.0,1.0,21.0,0.0,3.0,46.0,23.0,145.0
2004,21,108.0,92.0,81.0,102.0,103.0,50.0,71.0,41.0,63.0,73.0,141.0,59.0,95.0
2004,22,14.0,63.0,51.0,138.0,16.0,24.0,45.0,6.0,13.0,40.0,149.0,40.0,49.0
2004,23,59.0,63.0,147.0,45.0,58.0,77.0,21.0,155.0,21.0,38.0,87.0,90.0,175.0
2004,24,27.0,23.0,68.0,34.0,65.0,92.0,5.0,33.0,40.0,42.0,69.0,91.0,22.0
2004,25,121.0,255.0,115.0,458.0,177.0,107.0,148.0,81.0,123.0,87.0,40.0,138.0,140.0
2004,26,85.0,229.0,295.0,144.0,197.0,118.0,123.0,118.0,339.0,653.0,162.0,38.0,252.0
2004,27,52.0,22.0,23.0,49.0,33.0,53.0,49.0,42.0,3.0,34.0,4.0,50.0,30.0
2004,28,63.0,108.0,261.0,347.0,66.0,88.0,64.0,249.0,122.0,665.0,330.0,118.0,491.0
2004,29,34.0,101.0,56.0,212.0,74.0,34.0,42.0,113.0,56.0,104.0,177.0,51.0,220.0
2004,30,43.0,124.0,158.0,145.0,101.0,87.0,219.0,312.0,143.0,221.0,129.0,86.0,478.0
2004,31,73.0,122.0,59.0,22.0,33.0,24.0,36.0,63.0,15.0,85.0,15.0,46.0,179.0
2004,32,103.0,120.0,32.0,227.0,44.0,70.0,14.0,40.0,15.0,22.0,34.0,111.0,105.0
2004,33,148.0,116.0,70.0,298.0,51.0,37.0,68.0,24.0,118.0,65.0,4.0,216.0,99.0
2004,34,16.0,15.0,23.0,52.0,10.0,14.0,6.0,54.0,9.0,10.0,8.0,42.0,176.0
2004,35,131.0,194.0,85.0,86.0,82.0,33.0,40.0,114.0,131.0,71.0,62.0,51.0,130.0
2004,36,165.0,128.0,52.0,61.0,47.0,52.0,18.0,21.0,58.0,71.0,188.0,14.0,131.0
2004,37,181.0,111.0,18.0,143.0,74.0,130.0,40.0,103.0,13.0,94.0,132.0,150.0,148.0
2004,38,590.0,710.0,105.0,250.0,611.0,527.0,436.0,95.0,237.0,254.0,3.0,240.0,136.0
2004,39,166.0,51.0,48.0,7.0,64.0,12.0,4.0,15.0,18.0,120.0,82.0,1.0,82.0
2004,40,45.0,9.0,19.0,0.0,46.0,44.0,61.0,65.0,26.0,25.0,118.0,8.0,15.0
2004,41,173.0,257.0,211.0,182.0,186.0,97.0,144.0,382.0,152.0,128.0,445.0,237.0,212.0
2004,42,30.0,24.0,40.0,65.0,20.0,59.0,7.0,61.0,0.0,30.0,1.0,7.0,22.0
2004,43,0.0,0.0,0.0,0.0,0.0,0.0,0.0,0.0,0.0,0.0,0.0,0.0,0.0
2004,44,0.0,0.0,0.0,0.0,0.0,0.0,0.0,0.0,0.0,0.0,4.0,0.0,1.0
2004,45,0.0,0.0,0.0,0.0,0.0,0.0,0.0,0.0,0.0,0.0,0.0,0.0,0.0
2004,46,0.0,0.0,0.0,0.0,0.0,0.0,0.0,0.0,0.0,0.0,0.0,0.0,0.0
2004,47,0.0,0.0,0.0,0.0,0.0,0.0,0.0,0.0,0.0,0.0,0.0,0.0,0.0
2004,48,0.0,1.0,0.0,0.0,0.0,0.0,0.0,0.0,0.0,0.0,0.0,0.0,0.0
2004,49,0.0,0.0,0.0,0.0,0.0,0.0,0.0,0.0,0.0,0.0,0.0,0.0,5.0
2004,50,0.0,0.0,0.0,0.0,0.0,0.0,0.0,0.0,0.0,0.0,0.0,0.0,0.0
2004,51,0.0,0.0,0.0,0.0,0.0,0.0,0.0,0.0,0.0,0.0,0.0,0.0,0.0
2004,52,0.0,0.0,0.0,0.0,0.0,2.0,0.0,18.0,0.0,0.0,3.0,0.0,12.0
2004,53,0.0,0.0,0.0,0.0,0.0,0.0,0.0,0.0,0.0,0.0,0.0,0.0,0.0
2005,1,0.0,0.0,0.0,0.0,0.0,0.0,0.0,0.0,0.0,0.0,0.0,0.0,0.0
2005,2,11.0,7.0,0.0,6.0,0.0,6.0,0.0,1.0,1.0,2.0,0.0,6.0,0.0
2005,3,0.0,0.0,3.0,0.0,1.0,1.0,12.0,0.0,8.0,0.0,3.0,0.0,0.0
2005,4,0.0,0.0,2.0,0.0,0.0,1.0,2.0,2.0,5.0,0.0,8.0,0.0,0.0
2005,5,0.0,0.0,1.0,0.0,0.0,1.0,0.0,3.0,1.0,0.0,3.0,0.0,0.0
2005,6,0.0,0.0,0.0,0.0,0.0,0.0,0.0,0.0,0.0,0.0,0.0,0.0,0.0
2005,7,0.0,0.0,8.0,0.0,2.0,2.0,1.0,24.0,0.0,0.0,2.0,0.0,48.0
2005,8,0.0,0.0,0.0,0.0,1.0,4.0,2.0,0.0,0.0,0.0,4.0,0.0,0.0
2005,9,0.0,0.0,0.0,0.0,0.0,0.0,0.0,0.0,0.0,2.0,0.0,0.0,0.0
2005,10,23.0,11.0,4.0,0.0,0.0,0.0,3.0,2.0,3.0,0.0,4.0,15.0,59.0
2005,11,0.0,5.0,10.0,1.0,2.0,7.0,12.0,32.0,25.0,1.0,24.0,7.0,42.0
2005,12,114.0,90.0,43.0,26.0,61.0,94.0,28.0,36.0,23.0,71.0,33.0,86.0,212.0
2005,13,1.0,0.0,2.0,0.0,97.0,36.0,32.0,7.0,53.0,0.0,0.0,14.0,75.0
2005,14,0.0,0.0,4.0,5.0,3.0,3.0,5.0,19.0,8.0,0.0,42.0,0.0,63.0
2005,15,1.0,16.0,1.0,105.0,0.0,0.0,0.0,60.0,1.0,129.0,0.0,3.0,93.0
2005,16,0.0,0.0,47.0,3.0,1.0,1.0,0.0,38.0,0.0,0.0,41.0,1.0,32.0
2005,17,28.0,47.0,41.0,0.0,82.0,10.0,34.0,36.0,56.0,70.0,15.0,22.0,108.0
2005,18,14.0,2.0,58.0,26.0,22.0,5.0,31.0,103.0,36.0,26.0,89.0,73.0,106.0
2005,19,17.0,2.0,0.0,21.0,56.0,3.0,0.0,98.0,2.0,49.0,9.0,0.0,144.0
2005,20,51.0,48.0,33.0,6.0,139.0,58.0,32.0,121.0,32.0,93.0,86.0,7.0,421.0
2005,21,0.0,35.0,25.0,125.0,74.0,0.0,0.0,162.0,0.0,70.0,82.0,0.0,218.0
2005,22,10.0,0.0,1.0,115.0,2.0,5.0,24.0,42.0,24.0,22.0,64.0,3.0,34.0
2005,23,54.0,2.0,3.0,155.0,100.0,71.0,23.0,17.0,2.0,66.0,106.0,41.0,80.0
2005,24,24.0,33.0,56.0,16.0,87.0,49.0,45.0,11.0,3.0,33.0,97.0,65.0,117.0
2005,25,53.0,61.0,59.0,244.0,43.0,84.0,84.0,124.0,32.0,32.0,144.0,39.0,110.0
2005,26,330.0,210.0,19.0,486.0,187.0,41.0,168.0,69.0,111.0,90.0,51.0,131.0,90.0
2005,27,135.0,343.0,53.0,184.0,105.0,178.0,45.0,59.0,55.0,51.0,39.0,134.0,130.0
2005,28,136.0,256.0,248.0,60.0,202.0,147.0,161.0,228.0,239.0,65.0,532.0,233.0,217.0
2005,29,4.0,4.0,148.0,40.0,50.0,14.0,26.0,98.0,109.0,88.0,62.0,28.0,453.0
2005,30,43.0,132.0,14.0,156.0,25.0,28.0,1.0,12.0,9.0,12.0,4.0,84.0,107.0
2005,31,54.0,104.0,21.0,213.0,37.0,55.0,27.0,37.0,20.0,168.0,45.0,34.0,55.0
2005,32,73.0,101.0,170.0,174.0,217.0,112.0,82.0,202.0,47.0,98.0,59.0,68.0,62.0
2005,33,54.0,100.0,55.0,110.0,53.0,70.0,51.0,121.0,49.0,81.0,131.0,45.0,200.0
2005,34,83.0,110.0,81.0,383.0,54.0,39.0,85.0,127.0,42.0,295.0,97.0,11.0,295.0
2005,35,58.0,83.0,51.0,169.0,31.0,1.0,14.0,110.0,5.0,122.0,74.0,7.0,31.0
2005,36,28.0,74.0,191.0,43.0,122.0,57.0,36.0,75.0,43.0,50.0,71.0,56.0,23.0
2005,37,65.0,35.0,4.0,48.0,21.0,11.0,13.0,50.0,24.0,64.0,82.0,118.0,0.0
2005,38,55.0,22.0,111.0,154.0,269.0,58.0,35.0,120.0,62.0,81.0,95.0,40.0,187.0
2005,39,64.0,90.0,20.0,176.0,203.0,95.0,144.0,85.0,2.0,24.0,86.0,190.0,155.0
2005,40,135.0,75.0,240.0,0.0,73.0,53.0,236.0,117.0,94.0,0.0,429.0,87.0,13.0
2005,41,0.0,2.0,0.0,20.0,0.0,3.0,0.0,0.0,0.0,27.0,0.0,35.0,0.0
2005,42,190.0,213.0,260.0,18.0,141.0,183.0,308.0,207.0,175.0,36.0,140.0,249.0,139.0
2005,43,32.0,45.0,3.0,30.0,71.0,63.0,16.0,17.0,4.0,46.0,0.0,40.0,44.0
2005,44,0.0,0.0,0.0,37.0,0.0,0.0,0.0,0.0,0.0,0.0,0.0,0.0,0.0
2005,45,0.0,0.0,0.0,4.0,3.0,0.0,0.0,0.0,0.0,53.0,0.0,0.0,0.0
2005,46,0.0,0.0,0.0,0.0,0.0,0.0,0.0,0.0,0.0,0.0,0.0,0.0,0.0
2005,47,0.0,0.0,0.0,0.0,0.0,0.0,0.0,0.0,0.0,0.0,0.0,0.0,0.0
2005,48,0.0,0.0,0.0,0.0,0.0,0.0,0.0,0.0,0.0,0.0,0.0,0.0,0.0
2005,49,0.0,0.0,0.0,0.0,0.0,0.0,0.0,0.0,0.0,0.0,0.0,0.0,0.0
2005,50,0.0,0.0,0.0,0.0,0.0,0.0,0.0,0.0,0.0,0.0,0.0,0.0,0.0
2005,51,3.0,8.0,1.0,25.0,0.0,1.0,1.0,0.0,0.0,7.0,0.0,10.0,0.0
2005,52,0.0,0.0,0.0,0.0,0.0,0.0,0.0,0.0,0.0,0.0,0.0,0.0,0.0
2006,1,0.0,0.0,0.0,0.0,0.0,0.0,0.0,0.0,0.0,0.0,0.0,0.0,0.0
2006,2,0.0,0.0,0.0,0.0,0.0,0.0,0.0,0.0,0.0,0.0,0.0,0.0,0.0
2006,3,0.0,0.0,0.0,0.0,0.0,0.0,0.0,0.0,0.0,0.0,0.0,0.0,0.0
2006,4,0.0,0.0,0.0,0.0,0.0,0.0,0.0,0.0,0.0,0.0,0.0,0.0,0.0
2006,5,0.0,0.0,0.0,0.0,0.0,0.0,0.0,0.0,0.0,0.0,0.0,0.0,0.0
2006,6,0.0,0.0,0.0,0.0,0.0,0.0,0.0,0.0,0.0,0.0,0.0,0.0,0.0
2006,7,0.0,0.0,0.0,0.0,0.0,0.0,0.0,0.0,0.0,0.0,0.0,0.0,38.0
2006,8,0.0,0.0,0.0,0.0,0.0,0.0,0.0,0.0,0.0,0.0,1.0,0.0,24.0
2006,9,2.0,1.0,0.0,0.0,0.0,0.0,0.0,0.0,0.0,0.0,0.0,22.0,0.0
2006,10,2.0,6.0,12.0,0.0,0.0,0.0,2.0,2.0,6.0,0.0,2.0,1.0,0.0
2006,11,0.0,0.0,0.0,0.0,0.0,0.0,0.0,0.0,1.0,0.0,0.0,1.0,0.0
2006,12,0.0,0.0,0.0,0.0,0.0,0.0,0.0,0.0,0.0,0.0,0.0,0.0,16.0
2006,13,0.0,0.0,0.0,0.0,0.0,0.0,0.0,0.0,0.0,9.0,0.0,0.0,0.0
2006,14,22.0,1.0,16.0,0.0,144.0,79.0,25.0,46.0,2.0,1.0,12.0,0.0,144.0
2006,15,3.0,2.0,13.0,0.0,24.0,1.0,0.0,19.0,0.0,3.0,6.0,11.0,23.0
2006,16,1.0,4.0,94.0,71.0,13.0,35.0,48.0,51.0,34.0,1.0,20.0,47.0,155.0
2006,17,15.0,1.0,20.0,43.0,0.0,13.0,1.0,37.0,0.0,22.0,47.0,1.0,31.0
2006,18,37.0,21.0,12.0,53.0,10.0,31.0,59.0,44.0,41.0,24.0,27.0,0.0,99.0
2006,19,78.0,143.0,77.0,83.0,93.0,59.0,62.0,94.0,56.0,84.0,94.0,123.0,26.0
2006,20,22.0,29.0,6.0,76.0,0.0,18.0,0.0,14.0,0.0,57.0,12.0,5.0,46.0
2006,21,98.0,163.0,80.0,366.0,63.0,26.0,50.0,106.0,24.0,294.0,29.0,135.0,187.0
2006,22,46.0,74.0,116.0,244.0,116.0,96.0,139.0,212.0,162.0,273.0,361.0,33.0,293.0
2006,23,260.0,156.0,43.0,477.0,117.0,157.0,33.0,120.0,30.0,116.0,10.0,175.0,267.0
2006,24,37.0,26.0,15.0,136.0,77.0,19.0,32.0,114.0,44.0,31.0,86.0,36.0,453.0
2006,25,28.0,27.0,6.0,16.0,34.0,9.0,27.0,26.0,20.0,112.0,48.0,26.0,213.0
2006,26,23.0,72.0,26.0,19.0,4.0,32.0,17.0,26.0,2.0,30.0,195.0,20.0,276.0
2006,27,145.0,114.0,43.0,258.0,123.0,89.0,60.0,87.0,53.0,263.0,68.0,226.0,254.0
2006,28,119.0,78.0,84.0,327.0,121.0,177.0,68.0,84.0,39.0,49.0,60.0,126.0,74.0
2006,29,46.0,47.0,20.0,96.0,52.0,8.0,37.0,21.0,13.0,27.0,0.0,131.0,61.0
2006,30,69.0,112.0,40.0,113.0,27.0,60.0,61.0,76.0,20.0,130.0,120.0,56.0,47.0
2006,31,33.0,94.0,18.0,10.0,42.0,56.0,18.0,26.0,29.0,108.0,21.0,105.0,103.0
2006,32,128.0,160.0,74.0,92.0,37.0,56.0,86.0,193.0,67.0,47.0,23.0,102.0,106.0
2006,33,50.0,59.0,26.0,69.0,23.0,49.0,97.0,37.0,14.0,29.0,0.0,86.0,56.0
2006,34,130.0,121.0,18.0,168.0,52.0,19.0,32.0,58.0,65.0,114.0,19.0,35.0,154.0
2006,35,78.0,108.0,35.0,136.0,42.0,38.0,50.0,93.0,119.0,81.0,36.0,50.0,5.0
2006,36,0.0,18.0,4.0,30.0,35.0,103.0,36.0,3.0,4.0,1.0,38.0,13.0,40.0
2006,37,40.0,34.0,27.0,5.0,245.0,112.0,14.0,197.0,10.0,76.0,55.0,15.0,176.0
2006,38,399.0,458.0,106.0,528.0,344.0,214.0,159.0,148.0,127.0,157.0,134.0,312.0,59.0
2006,39,48.0,22.0,8.0,25.0,16.0,37.0,30.0,4.0,117.0,65.0,5.0,52.0,41.0
2006,40,25.0,4.0,18.0,16.0,22.0,9.0,0.0,19.0,3.0,10.0,44.0,10.0,44.0
2006,41,10.0,22.0,31.0,39.0,25.0,0.0,0.0,3.0,0.0,75.0,76.0,0.0,0.0
2006,42,2.0,12.0,17.0,21.0,13.0,46.0,3.0,1.0,33.0,8.0,0.0,46.0,0.0
2006,43,0.0,0.0,0.0,2.0,0.0,0.0,0.0,0.0,0.0,0.0,0.0,0.0,0.0
2006,44,0.0,0.0,0.0,0.0,2.0,1.0,0.0,0.0,0.0,0.0,0.0,0.0,0.0
2006,45,2.0,0.0,1.0,10.0,1.0,0.0,2.0,0.0,10.0,5.0,7.0,0.0,12.0
2006,46,0.0,0.0,0.0,0.0,0.0,0.0,0.0,0.0,0.0,0.0,0.0,0.0,0.0
2006,47,0.0,0.0,0.0,0.0,0.0,0.0,38.0,0.0,0.0,0.0,1.0,0.0,0.0
2006,48,0.0,0.0,0.0,0.0,2.0,0.0,0.0,0.0,0.0,14.0,0.0,0.0,0.0
2006,49,0.0,0.0,0.0,0.0,0.0,0.0,0.0,0.0,0.0,0.0,0.0,0.0,0.0
2006,50,0.0,0.0,0.0,0.0,0.0,0.0,0.0,0.0,0.0,0.0,25.0,0.0,3.0
2006,51,0.0,0.0,0.0,0.0,0.0,0.0,0.0,0.0,0.0,0.0,0.0,0.0,0.0
2006,52,0.0,0.0,0.0,0.0,0.0,0.0,0.0,0.0,0.0,0.0,0.0,0.0,0.0
2007,1,0.0,0.0,0.0,0.0,0.0,0.0,0.0,0.0,0.0,0.0,0.0,0.0,0.0
2007,2,0.0,0.0,0.0,0.0,0.0,0.0,0.0,0.0,0.0,0.0,0.0,0.0,0.0
2007,3,0.0,0.0,0.0,0.0,0.0,0.0,0.0,0.0,0.0,0.0,0.0,1.0,0.0
2007,4,0.0,0.0,0.0,0.0,0.0,0.0,0.0,0.0,0.0,0.0,0.0,0.0,0.0
2007,5,2.0,0.0,0.0,0.0,0.0,1.0,0.0,19.0,0.0,4.0,0.0,0.0,1.0
2007,6,53.0,53.0,6.0,15.0,17.0,33.0,15.0,1.0,0.0,31.0,1.0,100.0,21.0
2007,7,17.0,27.0,12.0,50.0,13.0,23.0,19.0,35.0,26.0,23.0,36.0,14.0,12.0
2007,8,0.0,0.0,0.0,0.0,0.0,0.0,0.0,0.0,0.0,0.0,0.0,0.0,0.0
2007,9,0.0,0.0,13.0,0.0,10.0,5.0,19.0,17.0,54.0,0.0,19.0,21.0,7.0
2007,10,0.0,0.0,0.0,0.0,0.0,0.0,0.0,0.0,0.0,0.0,3.0,0.0,0.0
2007,11,0.0,0.0,12.0,0.0,0.0,1.0,4.0,1.0,6.0,0.0,4.0,0.0,1.0
2007,12,33.0,27.0,0.0,0.0,1.0,0.0,0.0,0.0,0.0,32.0,0.0,0.0,33.0
2007,13,0.0,0.0,0.0,0.0,0.0,0.0,0.0,0.0,0.0,0.0,0.0,0.0,0.0
2007,14,0.0,0.0,10.0,0.0,0.0,0.0,13.0,114.0,0.0,0.0,0.0,0.0,192.0
2007,15,30.0,120.0,1.0,54.0,3.0,30.0,0.0,9.0,0.0,67.0,1.0,25.0,88.0
2007,16,5.0,4.0,15.0,4.0,35.0,3.0,16.0,3.0,11.0,3.0,25.0,20.0,58.0
2007,17,15.0,16.0,2.0,42.0,125.0,27.0,1.0,82.0,2.0,98.0,13.0,31.0,143.0
2007,18,3.0,8.0,0.0,12.0,0.0,0.0,2.0,0.0,12.0,23.0,0.0,0.0,0.0
2007,19,77.0,46.0,35.0,16.0,33.0,26.0,26.0,25.0,224.0,73.0,73.0,17.0,132.0
2007,20,18.0,22.0,29.0,191.0,69.0,21.0,4.0,43.0,8.0,116.0,47.0,2.0,131.0
2007,21,48.0,64.0,24.0,154.0,83.0,46.0,18.0,28.0,16.0,67.0,92.0,20.0,286.0
2007,22,0.0,0.0,14.0,0.0,20.0,1.0,0.0,41.0,0.0,2.0,29.0,2.0,152.0
2007,23,74.0,144.0,256.0,97.0,246.0,308.0,97.0,245.0,150.0,125.0,333.0,16.0,196.0
2007,24,250.0,184.0,388.0,381.0,283.0,158.0,126.0,396.0,125.0,345.0,130.0,191.0,352.0
2007,25,87.0,38.0,65.0,4.0,73.0,37.0,43.0,127.0,33.0,102.0,87.0,26.0,235.0
2007,26,79.0,81.0,13.0,346.0,6.0,49.0,8.0,71.0,6.0,26.0,10.0,28.0,60.0
2007,27,186.0,141.0,16.0,515.0,68.0,95.0,74.0,54.0,16.0,76.0,4.0,259.0,67.0
2007,28,27.0,42.0,0.0,50.0,45.0,10.0,2.0,30.0,18.0,41.0,211.0,12.0,78.0
2007,29,186.0,126.0,153.0,323.0,232.0,207.0,216.0,209.0,181.0,500.0,122.0,144.0,173.0
2007,30,141.0,137.0,142.0,195.0,404.0,336.0,200.0,413.0,143.0,87.0,148.0,44.0,333.0
2007,31,18.0,65.0,76.0,28.0,46.0,78.0,129.0,83.0,31.0,27.0,95.0,3.0,381.0
2007,32,104.0,86.0,15.0,122.0,42.0,47.0,32.0,11.0,12.0,27.0,18.0,32.0,34.0
2007,33,34.0,42.0,142.0,152.0,178.0,84.0,117.0,169.0,139.0,108.0,61.0,104.0,109.0
2007,34,52.0,58.0,15.0,112.0,160.0,10.0,0.0,44.0,41.0,49.0,29.0,28.0,47.0
2007,35,15.0,12.0,20.0,123.0,84.0,4.0,26.0,77.0,18.0,64.0,31.0,3.0,136.0
2007,36,150.0,270.0,219.0,271.0,89.0,70.0,102.0,92.0,213.0,324.0,177.0,122.0,294.0
2007,37,34.0,51.0,55.0,60.0,77.0,19.0,33.0,49.0,43.0,155.0,50.0,58.0,240.0
2007,38,71.0,28.0,5.0,27.0,5.0,9.0,26.0,3.0,3.0,12.0,31.0,23.0,4.0
2007,39,67.0,60.0,20.0,43.0,7.0,28.0,59.0,5.0,50.0,37.0,7.0,253.0,56.0
2007,40,7.0,29.0,3.0,48.0,13.0,7.0,0.0,22.0,0.0,88.0,19.0,33.0,18.0
2007,41,190.0,146.0,100.0,200.0,186.0,142.0,76.0,145.0,34.0,93.0,114.0,130.0,56.0
2007,42,160.0,102.0,28.0,244.0,121.0,31.0,55.0,52.0,42.0,170.0,5.0,12.0,68.0
2007,43,0.0,0.0,0.0,0.0,0.0,0.0,0.0,0.0,0.0,0.0,0.0,0.0,0.0
2007,44,1.0,0.0,0.0,21.0,3.0,25.0,0.0,0.0,0.0,26.0,0.0,19.0,0.0
2007,45,1.0,13.0,0.0,2.0,12.0,0.0,0.0,0.0,0.0,13.0,0.0,0.0,0.0
2007,46,93.0,86.0,15.0,104.0,96.0,69.0,15.0,67.0,1.0,42.0,12.0,79.0,144.0
2007,47,0.0,0.0,0.0,0.0,0.0,0.0,0.0,0.0,0.0,0.0,0.0,0.0,0.0
2007,48,0.0,0.0,0.0,0.0,0.0,0.0,0.0,0.0,0.0,0.0,0.0,0.0,0.0
2007,49,0.0,0.0,0.0,0.0,0.0,0.0,0.0,0.0,0.0,0.0,0.0,0.0,0.0
2007,50,0.0,0.0,0.0,0.0,0.0,0.0,0.0,0.0,0.0,0.0,0.0,0.0,0.0
2007,51,0.0,0.0,0.0,0.0,0.0,0.0,0.0,0.0,0.0,0.0,0.0,0.0,0.0
2007,52,0.0,0.0,0.0,0.0,0.0,0.0,0.0,0.0,0.0,0.0,0.0,0.0,0.0
2008,1,0.0,0.0,0.0,0.0,0.0,0.0,0.0,0.0,0.0,0.0,0.0,0.0,0.0
2008,2,0.0,0.0,0.0,0.0,0.0,0.0,0.0,0.0,0.0,0.0,0.0,0.0,0.0
2008,3,0.0,0.0,0.0,0.0,0.0,0.0,0.0,0.0,0.0,0.0,0.0,0.0,0.0
2008,4,38.0,23.0,13.0,12.0,23.0,32.0,13.0,14.0,12.0,46.0,22.0,66.0,13.0
2008,5,3.0,0.0,14.0,3.0,0.0,10.0,24.0,16.0,14.0,3.0,14.0,26.0,6.0
2008,6,13.0,7.0,0.0,40.0,2.0,0.0,2.0,1.0,0.0,3.0,0.0,2.0,3.0
2008,7,0.0,1.0,0.0,10.0,0.0,0.0,0.0,0.0,0.0,2.0,0.0,0.0,1.0
2008,8,11.0,7.0,0.0,0.0,54.0,45.0,0.0,4.0,0.0,1.0,1.0,37.0,30.0
2008,9,0.0,0.0,0.0,0.0,0.0,0.0,0.0,0.0,0.0,0.0,0.0,0.0,1.0
2008,10,9.0,2.0,22.0,0.0,20.0,11.0,6.0,24.0,0.0,0.0,26.0,0.0,31.0
2008,11,0.0,0.0,0.0,0.0,1.0,0.0,0.0,0.0,0.0,0.0,0.0,0.0,0.0
2008,12,13.0,2.0,0.0,4.0,12.0,10.0,6.0,72.0,0.0,4.0,16.0,14.0,62.0
2008,13,0.0,0.0,0.0,0.0,12.0,10.0,0.0,0.0,0.0,1.0,7.0,2.0,59.0
2008,14,15.0,16.0,8.0,0.0,58.0,27.0,13.0,4.0,7.0,0.0,40.0,63.0,54.0
2008,15,0.0,0.0,0.0,0.0,0.0,0.0,0.0,0.0,0.0,0.0,8.0,0.0,5.0
2008,16,1.0,0.0,12.0,0.0,33.0,4.0,22.0,21.0,23.0,0.0,0.0,17.0,113.0
2008,17,0.0,0.0,0.0,0.0,0.0,0.0,0.0,0.0,0.0,0.0,0.0,0.0,0.0
2008,18,6.0,22.0,6.0,15.0,27.0,8.0,12.0,21.0,8.0,3.0,85.0,13.0,23.0
2008,19,3.0,3.0,100.0,6.0,41.0,20.0,22.0,77.0,52.0,16.0,63.0,4.0,49.0
2008,20,6.0,10.0,15.0,36.0,9.0,2.0,2.0,18.0,19.0,23.0,17.0,14.0,10.0
2008,21,28.0,45.0,84.0,106.0,40.0,13.0,70.0,151.0,52.0,104.0,82.0,86.0,140.0
2008,22,21.0,91.0,8.0,81.0,88.0,15.0,39.0,16.0,13.0,42.0,63.0,17.0,370.0
2008,23,92.0,108.0,128.0,12.0,126.0,74.0,30.0,261.0,46.0,44.0,152.0,80.0,214.0
2008,24,74.0,47.0,79.0,388.0,55.0,53.0,13.0,31.0,91.0,44.0,108.0,34.0,85.0
2008,25,39.0,48.0,108.0,276.0,71.0,52.0,111.0,314.0,100.0,97.0,98.0,51.0,168.0
2008,26,31.0,89.0,54.0,455.0,117.0,38.0,10.0,25.0,7.0,57.0,63.0,11.0,63.0
2008,27,195.0,323.0,154.0,833.0,241.0,212.0,184.0,211.0,33.0,290.0,70.0,94.0,272.0
2008,28,182.0,219.0,38.0,210.0,163.0,40.0,22.0,32.0,29.0,40.0,23.0,73.0,91.0
2008,29,95.0,157.0,116.0,334.0,131.0,136.0,36.0,90.0,65.0,89.0,26.0,87.0,144.0
2008,30,71.0,22.0,181.0,19.0,62.0,46.0,74.0,127.0,225.0,31.0,115.0,19.0,112.0
2008,31,32.0,20.0,15.0,82.0,11.0,19.0,21.0,92.0,45.0,10.0,64.0,46.0,22.0
2008,32,57.0,30.0,23.0,84.0,39.0,38.0,34.0,74.0,84.0,44.0,58.0,38.0,248.0
2008,33,174.0,113.0,160.0,257.0,117.0,36.0,62.0,69.0,92.0,93.0,138.0,97.0,184.0
2008,34,67.0,52.0,45.0,183.0,98.0,49.0,44.0,75.0,14.0,89.0,53.0,54.0,98.0
2008,35,37.0,52.0,140.0,124.0,60.0,48.0,68.0,98.0,34.0,167.0,93.0,53.0,224.0
2008,36,22.0,10.0,37.0,56.0,9.0,0.0,5.0,48.0,2.0,88.0,150.0,25.0,123.0
2008,37,21.0,12.0,0.0,60.0,54.0,97.0,2.0,21.0,5.0,94.0,2.0,28.0,18.0
2008,38,83.0,58.0,22.0,79.0,86.0,36.0,18.0,9.0,6.0,45.0,0.0,41.0,47.0
2008,39,79.0,75.0,40.0,170.0,130.0,87.0,170.0,51.0,67.0,10.0,65.0,180.0,54.0
2008,40,62.0,53.0,37.0,55.0,34.0,34.0,70.0,13.0,58.0,9.0,145.0,6.0,50.0
2008,41,59.0,66.0,51.0,23.0,67.0,5.0,10.0,6.0,65.0,76.0,20.0,47.0,77.0
2008,42,0.0,0.0,0.0,0.0,0.0,0.0,0.0,0.0,0.0,0.0,0.0,0.0,0.0
2008,43,134.0,171.0,5.0,61.0,50.0,19.0,2.0,5.0,16.0,35.0,0.0,8.0,42.0
2008,44,91.0,58.0,76.0,67.0,76.0,117.0,87.0,148.0,31.0,55.0,20.0,110.0,45.0
2008,45,0.0,0.0,0.0,3.0,0.0,0.0,0.0,0.0,0.0,25.0,0.0,0.0,0.0
2008,46,0.0,0.0,0.0,0.0,0.0,0.0,0.0,0.0,0.0,0.0,0.0,0.0,0.0
2008,47,0.0,0.0,0.0,0.0,0.0,0.0,0.0,0.0,0.0,0.0,0.0,0.0,0.0
2008,48,0.0,0.0,0.0,0.0,0.0,0.0,0.0,0.0,0.0,0.0,0.0,0.0,0.0
2008,49,0.0,0.0,0.0,0.0,0.0,0.0,0.0,0.0,0.0,0.0,0.0,0.0,0.0
2008,50,0.0,0.0,0.0,0.0,0.0,0.0,0.0,0.0,0.0,0.0,0.0,0.0,0.0
2008,51,0.0,0.0,0.0,0.0,0.0,0.0,0.0,0.0,0.0,0.0,0.0,0.0,0.0
2008,52,0.0,0.0,0.0,0.0,0.0,0.0,0.0,0.0,0.0,0.0,0.0,0.0,0.0
2009,1,0.0,0.0,0.0,0.0,0.0,0.0,0.0,0.0,0.0,0.0,0.0,0.0,0.0
2009,2,0.0,0.0,0.0,0.0,0.0,0.0,0.0,0.0,1.0,0.0,0.0,0.0,0.0
2009,3,0.0,0.0,0.0,0.0,0.0,0.0,0.0,0.0,0.0,0.0,0.0,0.0,0.0
2009,4,0.0,0.0,0.0,0.0,0.0,0.0,0.0,0.0,0.0,0.0,0.0,0.0,0.0
2009,5,0.0,0.0,0.0,0.0,1.0,0.0,0.0,0.0,0.0,0.0,0.0,0.0,0.0
2009,6,0.0,0.0,0.0,0.0,0.0,0.0,0.0,0.0,0.0,0.0,0.0,0.0,0.0
2009,7,20.0,2.0,3.0,0.0,1.0,2.0,4.0,0.0,7.0,0.0,0.0,0.0,0.0
2009,8,0.0,0.0,0.0,0.0,0.0,0.0,0.0,0.0,0.0,0.0,0.0,0.0,0.0
2009,9,0.0,1.0,0.0,0.0,0.0,0.0,0.0,0.0,0.0,0.0,0.0,0.0,20.0
2009,10,0.0,0.0,0.0,0.0,0.0,0.0,0.0,0.0,0.0,0.0,0.0,0.0,49.0
2009,11,0.0,0.0,0.0,0.0,0.0,0.0,0.0,0.0,0.0,0.0,0.0,1.0,0.0
2009,12,0.0,0.0,0.0,0.0,0.0,0.0,1.0,1.0,17.0,0.0,1.0,0.0,0.0
2009,13,12.0,6.0,0.0,0.0,1.0,3.0,1.0,5.0,1.0,1.0,7.0,1.0,4.0
2009,14,61.0,36.0,21.0,3.0,48.0,43.0,69.0,47.0,10.0,26.0,22.0,12.0,104.0
2009,15,9.0,8.0,0.0,0.0,7.0,0.0,16.0,0.0,0.0,0.0,0.0,0.0,35.0
2009,16,43.0,73.0,16.0,127.0,0.0,0.0,0.0,18.0,0.0,35.0,27.0,1.0,7.0
2009,17,0.0,0.0,15.0,0.0,1.0,0.0,0.0,0.0,0.0,0.0,54.0,0.0,291.0
2009,18,1.0,11.0,41.0,0.0,17.0,4.0,18.0,174.0,15.0,25.0,129.0,0.0,86.0
2009,19,18.0,20.0,27.0,18.0,17.0,28.0,6.0,20.0,2.0,27.0,8.0,20.0,91.0
2009,20,24.0,49.0,20.0,24.0,32.0,36.0,35.0,47.0,21.0,6.0,51.0,57.0,77.0
2009,21,39.0,23.0,71.0,4.0,49.0,32.0,13.0,109.0,6.0,104.0,31.0,1.0,100.0
2009,22,51.0,141.0,46.0,195.0,53.0,66.0,62.0,61.0,87.0,102.0,107.0,101.0,222.0
2009,23,67.0,105.0,3.0,88.0,15.0,45.0,12.0,40.0,15.0,130.0,14.0,29.0,80.0
2009,24,41.0,31.0,34.0,18.0,104.0,63.0,31.0,49.0,19.0,102.0,238.0,0.0,100.0
2009,25,4.0,0.0,6.0,14.0,6.0,40.0,0.0,1.0,5.0,30.0,41.0,8.0,165.0
2009,26,4.0,22.0,0.0,52.0,4.0,0.0,3.0,18.0,1.0,12.0,24.0,12.0,70.0
2009,27,222.0,197.0,189.0,276.0,153.0,267.0,163.0,232.0,160.0,244.0,194.0,46.0,314.0
2009,28,85.0,78.0,11.0,358.0,31.0,36.0,22.0,7.0,31.0,55.0,4.0,51.0,45.0
2009,29,70.0,53.0,5.0,111.0,15.0,13.0,2.0,53.0,8.0,54.0,2.0,50.0,77.0
2009,30,58.0,41.0,41.0,111.0,19.0,69.0,18.0,8.0,12.0,20.0,9.0,42.0,61.0
2009,31,144.0,198.0,55.0,364.0,507.0,188.0,132.0,155.0,58.0,293.0,189.0,93.0,189.0
2009,32,97.0,70.0,97.0,197.0,110.0,192.0,49.0,88.0,96.0,27.0,167.0,221.0,160.0
2009,33,106.0,134.0,120.0,47.0,31.0,83.0,29.0,117.0,23.0,136.0,55.0,139.0,153.0
2009,34,58.0,61.0,314.0,464.0,143.0,78.0,79.0,111.0,53.0,256.0,525.0,20.0,254.0
2009,35,119.0,176.0,15.0,132.0,134.0,34.0,64.0,37.0,61.0,47.0,5.0,67.0,74.0
2009,36,179.0,94.0,16.0,47.0,76.0,47.0,92.0,26.0,45.0,37.0,7.0,130.0,116.0
2009,37,65.0,49.0,29.0,177.0,32.0,27.0,178.0,42.0,96.0,35.0,12.0,138.0,51.0
2009,38,15.0,9.0,16.0,159.0,87.0,16.0,0.0,76.0,89.0,140.0,43.0,57.0,94.0
2009,39,31.0,50.0,107.0,99.0,132.0,100.0,122.0,76.0,55.0,56.0,19.0,52.0,62.0
2009,40,44.0,31.0,7.0,69.0,35.0,3.0,8.0,23.0,18.0,94.0,73.0,14.0,0.0
2009,41,94.0,124.0,64.0,58.0,63.0,62.0,62.0,21.0,31.0,196.0,155.0,68.0,134.0
2009,42,26.0,9.0,21.0,13.0,1.0,4.0,1.0,0.0,0.0,56.0,4.0,0.0,2.0
2009,43,0.0,0.0,0.0,0.0,2.0,0.0,0.0,0.0,0.0,0.0,0.0,0.0,0.0
2009,44,0.0,0.0,0.0,0.0,0.0,0.0,0.0,0.0,0.0,0.0,0.0,0.0,0.0
2009,45,0.0,3.0,0.0,0.0,0.0,0.0,0.0,0.0,0.0,0.0,0.0,0.0,0.0
2009,46,0.0,0.0,0.0,0.0,0.0,0.0,0.0,0.0,0.0,0.0,0.0,0.0,0.0
2009,47,13.0,15.0,0.0,58.0,4.0,3.0,0.0,0.0,0.0,49.0,0.0,19.0,0.0
2009,48,0.0,0.0,0.0,0.0,0.0,0.0,0.0,0.0,0.0,0.0,0.0,0.0,0.0
2009,49,0.0,0.0,0.0,0.0,0.0,0.0,0.0,0.0,0.0,0.0,0.0,0.0,0.0
2009,50,0.0,0.0,0.0,0.0,0.0,0.0,0.0,0.0,0.0,0.0,0.0,0.0,0.0
2009,51,0.0,0.0,0.0,0.0,0.0,0.0,0.0,0.0,0.0,0.0,0.0,0.0,0.0
2009,52,0.0,0.0,0.0,0.0,0.0,0.0,0.0,0.0,0.0,0.0,0.0,0.0,0.0
2009,53,0.0,0.0,0.0,0.0,0.0,0.0,0.0,0.0,0.0,0.0,0.0,0.0,0.0
2010,1,0.0,0.0,0.0,0.0,0.0,0.0,0.0,0.0,0.0,0.0,0.0,0.0,0.0
2010,2,0.0,0.0,0.0,0.0,0.0,0.0,0.0,0.0,0.0,0.0,0.0,0.0,0.0
2010,3,0.0,0.0,0.0,0.0,0.0,0.0,0.0,0.0,0.0,0.0,0.0,0.0,0.0
2010,4,0.0,0.0,0.0,0.0,0.0,0.0,0.0,0.0,0.0,0.0,0.0,0.0,0.0
2010,5,0.0,0.0,0.0,0.0,0.0,0.0,0.0,0.0,0.0,0.0,0.0,0.0,0.0
2010,6,0.0,0.0,0.0,0.0,0.0,0.0,0.0,0.0,0.0,0.0,0.0,0.0,0.0
2010,7,1.0,0.0,0.0,0.0,0.0,0.0,3.0,0.0,2.0,1.0,0.0,3.0,0.0
2010,8,0.0,0.0,0.0,0.0,48.0,6.0,1.0,4.0,0.0,8.0,0.0,0.0,1.0
2010,9,0.0,1.0,0.0,0.0,0.0,0.0,0.0,0.0,0.0,0.0,0.0,0.0,5.0
2010,10,0.0,0.0,0.0,0.0,0.0,0.0,0.0,0.0,0.0,0.0,0.0,0.0,0.0
2010,11,0.0,0.0,0.0,0.0,22.0,0.0,0.0,6.0,2.0,0.0,0.0,0.0,11.0
2010,12,0.0,0.0,0.0,0.0,0.0,0.0,0.0,0.0,0.0,0.0,0.0,1.0,11.0
2010,13,1.0,0.0,0.0,26.0,0.0,0.0,2.0,10.0,0.0,177.0,0.0,0.0,265.0
2010,14,0.0,0.0,0.0,0.0,0.0,0.0,0.0,0.0,0.0,0.0,0.0,0.0,61.0
2010,15,0.0,0.0,25.0,0.0,14.0,5.0,10.0,102.0,20.0,0.0,108.0,0.0,190.0
2010,16,0.0,0.0,0.0,1.0,2.0,0.0,10.0,15.0,14.0,29.0,24.0,0.0,290.0
2010,17,16.0,38.0,21.0,0.0,21.0,32.0,24.0,7.0,3.0,27.0,73.0,25.0,127.0
2010,18,12.0,6.0,15.0,21.0,32.0,29.0,44.0,18.0,10.0,46.0,85.0,125.0,101.0
2010,19,6.0,1.0,15.0,5.0,29.0,25.0,14.0,2.0,6.0,55.0,0.0,24.0,172.0
2010,20,110.0,75.0,67.0,342.0,85.0,26.0,19.0,175.0,52.0,141.0,60.0,14.0,346.0
2010,21,78.0,83.0,52.0,338.0,31.0,37.0,22.0,117.0,7.0,141.0,42.0,51.0,99.0
2010,22,107.0,116.0,107.0,66.0,153.0,150.0,81.0,108.0,9.0,173.0,163.0,15.0,280.0
2010,23,68.0,75.0,58.0,133.0,3.0,4.0,0.0,50.0,1.0,118.0,65.0,68.0,234.0
2010,24,172.0,29.0,67.0,562.0,44.0,55.0,24.0,26.0,112.0,266.0,43.0,46.0,148.0
2010,25,69.0,113.0,35.0,140.0,35.0,95.0,41.0,108.0,60.0,87.0,300.0,27.0,70.0
2010,26,73.0,89.0,48.0,99.0,96.0,87.0,41.0,132.0,31.0,73.0,113.0,202.0,258.0
2010,27,11.0,14.0,50.0,151.0,36.0,56.0,69.0,181.0,17.0,68.0,145.0,29.0,48.0
2010,28,51.0,143.0,19.0,163.0,35.0,70.0,45.0,184.0,51.0,75.0,50.0,100.0,77.0
2010,29,98.0,110.0,4.0,112.0,24.0,45.0,19.0,22.0,7.0,87.0,106.0,28.0,161.0
2010,30,87.0,70.0,9.0,90.0,63.0,26.0,18.0,67.0,26.0,73.0,25.0,86.0,232.0
2010,31,20.0,10.0,9.0,17.0,56.0,7.0,29.0,10.0,7.0,132.0,1.0,41.0,157.0
2010,32,16.0,10.0,57.0,102.0,115.0,31.0,5.0,37.0,42.0,210.0,11.0,18.0,297.0
2010,33,67.0,49.0,104.0,64.0,85.0,152.0,5.0,141.0,14.0,52.0,203.0,48.0,88.0
2010,34,42.0,14.0,54.0,159.0,63.0,5.0,88.0,151.0,28.0,31.0,25.0,27.0,161.0
2010,35,26.0,8.0,2.0,155.0,13.0,14.0,0.0,55.0,2.0,117.0,17.0,20.0,178.0
2010,36,56.0,44.0,133.0,85.0,18.0,58.0,39.0,37.0,14.0,11.0,147.0,71.0,128.0
2010,37,83.0,88.0,27.0,95.0,68.0,82.0,39.0,68.0,51.0,45.0,60.0,39.0,171.0
2010,38,3.0,97.0,82.0,51.0,52.0,48.0,31.0,52.0,34.0,45.0,108.0,35.0,206.0
2010,39,24.0,0.0,25.0,3.0,30.0,1.0,0.0,16.0,1.0,26.0,0.0,44.0,80.0
2010,40,251.0,434.0,123.0,300.0,135.0,166.0,83.0,141.0,87.0,169.0,82.0,56.0,212.0
2010,41,11.0,6.0,1.0,57.0,31.0,10.0,9.0,2.0,37.0,64.0,39.0,18.0,0.0
2010,42,4.0,0.0,42.0,13.0,1.0,13.0,13.0,5.0,3.0,21.0,1.0,17.0,9.0
2010,43,8.0,2.0,0.0,5.0,2.0,0.0,0.0,0.0,0.0,15.0,0.0,1.0,10.0
2010,44,53.0,7.0,3.0,11.0,0.0,2.0,3.0,1.0,3.0,0.0,0.0,1.0,0.0
2010,45,0.0,0.0,0.0,0.0,0.0,0.0,0.0,0.0,0.0,0.0,0.0,0.0,0.0
2010,46,11.0,32.0,0.0,0.0,0.0,10.0,0.0,3.0,0.0,45.0,4.0,0.0,10.0
2010,47,0.0,0.0,0.0,4.0,0.0,0.0,0.0,0.0,0.0,0.0,0.0,0.0,0.0
2010,48,0.0,0.0,0.0,0.0,0.0,0.0,0.0,0.0,0.0,0.0,0.0,0.0,0.0
2010,49,27.0,8.0,20.0,68.0,81.0,62.0,63.0,42.0,39.0,17.0,2.0,15.0,45.0
2010,50,0.0,0.0,0.0,0.0,0.0,0.0,0.0,0.0,0.0,0.0,0.0,0.0,0.0
2010,51,0.0,0.0,0.0,0.0,0.0,0.0,0.0,0.0,0.0,0.0,0.0,0.0,0.0
2010,52,0.0,0.0,0.0,0.0,0.0,0.0,0.0,0.0,0.0,0.0,0.0,0.0,0.0
2011,1,0.0,0.0,0.0,0.0,0.0,0.0,0.0,0.0,0.0,0.0,0.0,0.0,0.0
2011,2,0.0,0.0,1.0,0.0,0.0,0.0,4.0,0.0,5.0,0.0,0.0,0.0,0.0
2011,3,0.0,0.0,0.0,11.0,0.0,0.0,0.0,1.0,0.0,1.0,0.0,0.0,0.0
2011,4,0.0,0.0,0.0,0.0,0.0,0.0,0.0,0.0,0.0,0.0,0.0,0.0,0.0
2011,5,0.0,0.0,0.0,0.0,0.0,0.0,0.0,0.0,1.0,0.0,0.0,0.0,0.0
2011,6,0.0,0.0,0.0,0.0,0.0,0.0,0.0,0.0,0.0,0.0,0.0,0.0,0.0
2011,7,0.0,0.0,0.0,0.0,0.0,0.0,0.0,12.0,0.0,1.0,20.0,1.0,3.0
2011,8,0.0,0.0,0.0,0.0,0.0,0.0,1.0,0.0,0.0,0.0,0.0,0.0,0.0
2011,9,0.0,0.0,0.0,0.0,0.0,0.0,0.0,0.0,0.0,0.0,0.0,0.0,0.0
2011,10,0.0,0.0,5.0,0.0,0.0,0.0,9.0,2.0,4.0,0.0,3.0,15.0,0.0
2011,11,4.0,0.0,0.0,0.0,0.0,0.0,0.0,2.0,0.0,11.0,0.0,0.0,18.0
2011,12,0.0,0.0,0.0,0.0,15.0,8.0,8.0,0.0,0.0,1.0,0.0,0.0,54.0
2011,13,41.0,32.0,2.0,25.0,65.0,10.0,22.0,28.0,6.0,44.0,14.0,43.0,68.0
2011,14,0.0,0.0,4.0,0.0,13.0,40.0,33.0,13.0,43.0,0.0,3.0,3.0,2.0
2011,15,0.0,0.0,84.0,0.0,18.0,10.0,21.0,24.0,36.0,2.0,1.0,0.0,7.0
2011,16,15.0,36.0,15.0,0.0,10.0,10.0,18.0,39.0,12.0,22.0,2.0,46.0,17.0
2011,17,79.0,34.0,42.0,102.0,22.0,48.0,15.0,4.0,3.0,47.0,18.0,9.0,11.0
2011,18,34.0,72.0,11.0,42.0,41.0,55.0,62.0,38.0,41.0,17.0,85.0,87.0,128.0
2011,19,24.0,44.0,70.0,32.0,76.0,28.0,49.0,66.0,55.0,38.0,80.0,27.0,74.0
2011,20,35.0,43.0,70.0,97.0,44.0,61.0,40.0,102.0,36.0,76.0,65.0,58.0,110.0
2011,21,60.0,143.0,40.0,62.0,57.0,19.0,2.0,27.0,33.0,32.0,19.0,45.0,84.0
2011,22,52.0,44.0,38.0,92.0,87.0,16.0,18.0,101.0,39.0,29.0,104.0,5.0,63.0
2011,23,63.0,28.0,1.0,140.0,49.0,15.0,1.0,86.0,2.0,83.0,1.0,2.0,184.0
2011,24,180.0,189.0,42.0,314.0,88.0,156.0,91.0,118.0,68.0,82.0,59.0,83.0,22.0
2011,25,53.0,80.0,53.0,173.0,20.0,62.0,59.0,73.0,137.0,193.0,74.0,265.0,238.0
2011,26,176.0,182.0,141.0,336.0,163.0,231.0,163.0,150.0,168.0,291.0,179.0,133.0,275.0
2011,27,20.0,44.0,2.0,64.0,42.0,36.0,11.0,67.0,24.0,23.0,8.0,84.0,224.0
2011,28,95.0,41.0,20.0,51.0,39.0,23.0,105.0,61.0,27.0,54.0,48.0,27.0,44.0
2011,29,156.0,198.0,71.0,684.0,199.0,97.0,92.0,73.0,42.0,62.0,127.0,280.0,133.0
2011,30,0.0,28.0,3.0,12.0,0.0,0.0,4.0,59.0,0.0,168.0,107.0,0.0,75.0
2011,31,58.0,94.0,194.0,414.0,62.0,69.0,230.0,95.0,107.0,242.0,81.0,198.0,117.0
2011,32,201.0,212.0,320.0,630.0,215.0,284.0,198.0,344.0,258.0,152.0,109.0,279.0,293.0
2011,33,128.0,48.0,75.0,78.0,66.0,75.0,192.0,194.0,86.0,38.0,336.0,92.0,182.0
2011,34,41.0,26.0,11.0,99.0,66.0,41.0,25.0,88.0,3.0,119.0,16.0,53.0,118.0
2011,35,45.0,64.0,6.0,39.0,15.0,3.0,6.0,23.0,12.0,57.0,0.0,31.0,54.0
2011,36,58.0,100.0,53.0,316.0,34.0,20.0,36.0,27.0,17.0,94.0,4.0,33.0,114.0
2011,37,124.0,137.0,216.0,300.0,73.0,45.0,103.0,124.0,67.0,220.0,167.0,85.0,225.0
2011,38,73.0,30.0,71.0,42.0,39.0,29.0,105.0,60.0,64.0,39.0,117.0,65.0,73.0
2011,39,37.0,36.0,49.0,43.0,86.0,17.0,11.0,29.0,49.0,61.0,78.0,19.0,58.0
2011,40,28.0,10.0,0.0,9.0,28.0,0.0,0.0,1.0,22.0,14.0,2.0,26.0,0.0
2011,41,0.0,0.0,0.0,0.0,18.0,0.0,0.0,1.0,4.0,0.0,0.0,0.0,0.0
2011,42,28.0,20.0,0.0,227.0,26.0,1.0,2.0,15.0,3.0,48.0,4.0,27.0,33.0
2011,43,0.0,0.0,0.0,1.0,0.0,0.0,0.0,0.0,0.0,0.0,0.0,0.0,0.0
2011,44,0.0,0.0,0.0,0.0,0.0,0.0,0.0,0.0,0.0,0.0,0.0,0.0,0.0
2011,45,1.0,0.0,0.0,0.0,0.0,0.0,0.0,0.0,0.0,0.0,1.0,0.0,0.0
2011,46,0.0,0.0,11.0,0.0,0.0,0.0,0.0,0.0,1.0,0.0,0.0,0.0,0.0
2011,47,0.0,0.0,0.0,0.0,0.0,0.0,0.0,0.0,0.0,0.0,0.0,0.0,0.0
2011,48,0.0,0.0,0.0,0.0,0.0,0.0,0.0,0.0,0.0,0.0,0.0,0.0,0.0
2011,49,0.0,0.0,0.0,0.0,0.0,0.0,0.0,0.0,0.0,0.0,0.0,0.0,0.0
2011,50,0.0,0.0,0.0,0.0,0.0,0.0,0.0,0.0,0.0,0.0,0.0,0.0,0.0
2011,51,0.0,0.0,0.0,0.0,0.0,0.0,0.0,0.0,0.0,0.0,0.0,0.0,0.0
2011,52,0.0,0.0,0.0,5.0,0.0,0.0,0.0,0.0,0.0,0.0,0.0,0.0,0.0
2012,1,14.0,3.0,1.0,0.0,2.0,11.0,2.0,5.0,2.0,0.0,4.0,19.0,2.0
2012,2,17.0,3.0,0.0,0.0,8.0,19.0,10.0,0.0,2.0,0.0,2.0,17.0,2.0
2012,3,0.0,0.0,18.0,0.0,0.0,0.0,0.0,13.0,2.0,0.0,1.0,0.0,6.0
2012,4,0.0,0.0,0.0,0.0,0.0,0.0,0.0,0.0,0.0,0.0,0.0,0.0,0.0
2012,5,0.0,0.0,0.0,0.0,0.0,0.0,0.0,0.0,0.0,0.0,0.0,0.0,0.0
2012,6,0.0,0.0,0.0,0.0,0.0,0.0,0.0,0.0,0.0,0.0,2.0,0.0,0.0
2012,7,2.0,1.0,0.0,0.0,0.0,0.0,0.0,0.0,0.0,0.0,0.0,13.0,0.0
2012,8,0.0,0.0,0.0,0.0,0.0,0.0,0.0,0.0,0.0,0.0,0.0,0.0,0.0
2012,9,3.0,8.0,0.0,109.0,2.0,1.0,0.0,0.0,0.0,82.0,0.0,1.0,21.0
2012,10,0.0,0.0,0.0,0.0,0.0,1.0,0.0,0.0,0.0,0.0,0.0,0.0,74.0
2012,11,2.0,0.0,0.0,0.0,36.0,2.0,5.0,1.0,6.0,0.0,2.0,0.0,6.0
2012,12,6.0,0.0,0.0,0.0,0.0,1.0,0.0,0.0,0.0,9.0,0.0,0.0,0.0
2012,13,0.0,0.0,0.0,0.0,0.0,0.0,1.0,0.0,53.0,0.0,0.0,0.0,0.0
2012,14,28.0,36.0,19.0,0.0,71.0,84.0,15.0,4.0,53.0,16.0,19.0,14.0,100.0
2012,15,157.0,107.0,13.0,104.0,67.0,60.0,33.0,71.0,17.0,178.0,153.0,46.0,149.0
2012,16,0.0,6.0,37.0,0.0,100.0,5.0,0.0,123.0,0.0,12.0,19.0,0.0,114.0
2012,17,36.0,28.0,5.0,22.0,31.0,19.0,2.0,4.0,0.0,73.0,0.0,34.0,191.0
2012,18,107.0,98.0,9.0,146.0,88.0,45.0,19.0,10.0,5.0,47.0,17.0,39.0,166.0
2012,19,0.0,0.0,53.0,15.0,1.0,22.0,3.0,24.0,0.0,31.0,40.0,0.0,60.0
2012,20,0.0,12.0,11.0,90.0,17.0,42.0,47.0,27.0,3.0,42.0,62.0,0.0,181.0
2012,21,0.0,0.0,18.0,0.0,5.0,0.0,0.0,24.0,7.0,13.0,45.0,1.0,104.0
2012,22,39.0,42.0,24.0,52.0,30.0,14.0,2.0,79.0,9.0,194.0,77.0,37.0,154.0
2012,23,0.0,14.0,37.0,18.0,66.0,54.0,98.0,2.0,64.0,120.0,38.0,0.0,230.0
2012,24,0.0,2.0,8.0,483.0,9.0,0.0,2.0,31.0,1.0,168.0,54.0,3.0,469.0
2012,25,85.0,102.0,60.0,180.0,75.0,37.0,41.0,58.0,22.0,138.0,159.0,87.0,135.0
2012,26,82.0,83.0,21.0,394.0,38.0,25.0,34.0,73.0,43.0,303.0,89.0,104.0,232.0
2012,27,48.0,66.0,66.0,109.0,62.0,58.0,74.0,113.0,91.0,81.0,152.0,58.0,24.0
2012,28,29.0,58.0,40.0,193.0,52.0,80.0,30.0,182.0,94.0,147.0,138.0,58.0,220.0
2012,29,114.0,71.0,60.0,301.0,61.0,64.0,46.0,58.0,90.0,133.0,75.0,71.0,295.0
2012,30,72.0,93.0,17.0,374.0,33.0,31.0,26.0,50.0,20.0,92.0,79.0,38.0,116.0
2012,31,32.0,43.0,53.0,281.0,23.0,22.0,46.0,10.0,21.0,75.0,1.0,38.0,52.0
2012,32,111.0,116.0,20.0,422.0,52.0,79.0,23.0,46.0,66.0,131.0,10.0,90.0,191.0
2012,33,69.0,59.0,71.0,121.0,77.0,63.0,16.0,91.0,62.0,38.0,29.0,50.0,86.0
2012,34,58.0,82.0,23.0,93.0,108.0,67.0,46.0,95.0,42.0,48.0,148.0,132.0,329.0
2012,35,45.0,11.0,0.0,66.0,23.0,8.0,5.0,0.0,7.0,13.0,0.0,23.0,94.0
2012,36,103.0,96.0,17.0,79.0,27.0,22.0,52.0,89.0,37.0,143.0,28.0,200.0,94.0
2012,37,157.0,59.0,150.0,150.0,29.0,92.0,101.0,83.0,79.0,13.0,145.0,34.0,59.0
2012,38,58.0,18.0,156.0,11.0,13.0,16.0,15.0,22.0,57.0,10.0,216.0,36.0,24.0
2012,39,29.0,17.0,22.0,33.0,12.0,34.0,10.0,27.0,5.0,100.0,16.0,7.0,80.0
2012,40,37.0,76.0,34.0,124.0,15.0,39.0,53.0,19.0,30.0,202.0,47.0,12.0,461.0
2012,41,33.0,34.0,39.0,139.0,23.0,34.0,70.0,26.0,72.0,142.0,6.0,83.0,39.0
2012,42,0.0,13.0,1.0,0.0,0.0,10.0,34.0,0.0,0.0,0.0,4.0,0.0,2.0
2012,43,0.0,0.0,0.0,0.0,0.0,0.0,0.0,0.0,0.0,0.0,0.0,0.0,0.0
2012,44,1.0,1.0,2.0,0.0,4.0,17.0,1.0,0.0,6.0,1.0,0.0,2.0,1.0
2012,45,43.0,34.0,34.0,6.0,64.0,94.0,85.0,19.0,95.0,19.0,0.0,102.0,47.0
2012,46,0.0,0.0,0.0,7.0,0.0,0.0,0.0,0.0,0.0,0.0,0.0,0.0,0.0
2012,47,0.0,0.0,0.0,1.0,0.0,0.0,0.0,0.0,0.0,3.0,0.0,1.0,0.0
2012,48,0.0,0.0,0.0,0.0,0.0,0.0,0.0,0.0,0.0,0.0,0.0,0.0,0.0
2012,49,0.0,0.0,0.0,0.0,0.0,0.0,0.0,0.0,0.0,0.0,0.0,0.0,0.0
2012,50,0.0,1.0,0.0,0.0,5.0,7.0,15.0,0.0,0.0,0.0,0.0,8.0,0.0
2012,51,0.0,0.0,0.0,0.0,0.0,0.0,0.0,0.0,0.0,0.0,0.0,0.0,0.0
2012,52,0.0,0.0,1.0,0.0,0.0,0.0,0.0,0.0,1.0,0.0,0.0,0.0,0.0
2013,1,0.0,0.0,0.0,0.0,0.0,0.0,1.0,0.0,0.0,0.0,0.0,5.0,0.0
2013,2,0.0,0.0,0.0,0.0,0.0,0.0,0.0,0.0,0.0,0.0,0.0,0.0,0.0
2013,3,0.0,0.0,0.0,0.0,0.0,0.0,0.0,0.0,0.0,0.0,0.0,0.0,0.0
2013,4,0.0,0.0,0.0,0.0,0.0,0.0,0.0,0.0,0.0,0.0,0.0,0.0,0.0
2013,5,0.0,0.0,0.0,0.0,0.0,0.0,0.0,0.0,0.0,0.0,0.0,0.0,0.0
2013,6,0.0,0.0,0.0,0.0,0.0,0.0,0.0,0.0,0.0,0.0,0.0,0.0,0.0
2013,7,0.0,0.0,0.0,0.0,0.0,1.0,1.0,0.0,1.0,0.0,9.0,0.0,0.0
2013,8,6.0,9.0,22.0,0.0,8.0,11.0,13.0,18.0,21.0,2.0,5.0,12.0,7.0
2013,9,0.0,0.0,0.0,0.0,0.0,0.0,0.0,0.0,0.0,0.0,0.0,0.0,0.0
2013,10,0.0,0.0,0.0,0.0,0.0,0.0,0.0,0.0,0.0,0.0,0.0,0.0,0.0
2013,11,0.0,0.0,0.0,0.0,8.0,0.0,0.0,21.0,0.0,0.0,0.0,4.0,1.0
2013,12,4.0,0.0,3.0,0.0,18.0,11.0,0.0,0.0,3.0,2.0,4.0,33.0,15.0
2013,13,1.0,0.0,0.0,0.0,0.0,1.0,0.0,0.0,9.0,0.0,0.0,0.0,0.0
2013,14,0.0,0.0,0.0,0.0,2.0,0.0,1.0,0.0,0.0,0.0,0.0,0.0,18.0
2013,15,0.0,0.0,0.0,0.0,0.0,0.0,0.0,0.0,0.0,0.0,10.0,0.0,15.0
2013,16,62.0,27.0,0.0,54.0,16.0,25.0,57.0,29.0,12.0,55.0,60.0,19.0,116.0
2013,17,2.0,1.0,0.0,0.0,14.0,21.0,11.0,21.0,39.0,14.0,45.0,10.0,50.0
2013,18,9.0,0.0,5.0,72.0,4.0,11.0,0.0,80.0,13.0,48.0,41.0,0.0,267.0
2013,19,104.0,169.0,43.0,171.0,84.0,71.0,26.0,154.0,3.0,258.0,18.0,62.0,332.0
2013,20,236.0,135.0,52.0,90.0,103.0,60.0,27.0,34.0,20.0,73.0,163.0,82.0,186.0
2013,21,229.0,276.0,1.0,265.0,166.0,183.0,90.0,15.0,103.0,50.0,111.0,72.0,127.0
2013,22,126.0,86.0,55.0,146.0,33.0,78.0,44.0,52.0,71.0,23.0,133.0,133.0,84.0
2013,23,76.0,53.0,63.0,152.0,58.0,61.0,27.0,41.0,34.0,67.0,87.0,0.0,380.0
2013,24,7.0,22.0,4.0,121.0,1.0,7.0,57.0,44.0,8.0,32.0,17.0,20.0,178.0
2013,25,20.0,12.0,11.0,13.0,54.0,4.0,11.0,26.0,76.0,56.0,15.0,106.0,40.0
2013,26,171.0,172.0,122.0,546.0,200.0,205.0,164.0,148.0,38.0,122.0,125.0,80.0,124.0
2013,27,49.0,31.0,143.0,62.0,33.0,50.0,21.0,188.0,43.0,78.0,209.0,30.0,130.0
2013,28,66.0,70.0,10.0,194.0,12.0,10.0,16.0,26.0,9.0,34.0,50.0,41.0,177.0
2013,29,42.0,35.0,22.0,106.0,59.0,55.0,18.0,35.0,22.0,28.0,7.0,26.0,115.0
2013,30,59.0,53.0,91.0,269.0,159.0,63.0,58.0,64.0,26.0,99.0,29.0,92.0,133.0
2013,31,208.0,152.0,18.0,221.0,66.0,48.0,22.0,35.0,4.0,50.0,5.0,87.0,108.0
2013,32,94.0,98.0,127.0,22.0,82.0,42.0,47.0,111.0,103.0,15.0,142.0,22.0,141.0
2013,33,72.0,108.0,55.0,470.0,48.0,95.0,60.0,35.0,19.0,89.0,51.0,51.0,144.0
2013,34,130.0,212.0,6.0,270.0,19.0,63.0,41.0,72.0,44.0,28.0,33.0,49.0,37.0
2013,35,55.0,45.0,67.0,162.0,36.0,39.0,82.0,96.0,85.0,101.0,40.0,86.0,119.0
2013,36,13.0,47.0,11.0,108.0,28.0,43.0,19.0,15.0,126.0,41.0,109.0,55.0,142.0
2013,37,88.0,70.0,5.0,22.0,41.0,38.0,23.0,24.0,47.0,87.0,11.0,60.0,106.0
2013,38,102.0,5.0,4.0,63.0,18.0,56.0,18.0,29.0,11.0,191.0,17.0,51.0,31.0
2013,39,64.0,65.0,49.0,34.0,49.0,11.0,22.0,48.0,28.0,81.0,83.0,56.0,46.0
2013,40,94.0,129.0,54.0,232.0,54.0,142.0,60.0,38.0,108.0,62.0,36.0,160.0,92.0
2013,41,28.0,44.0,5.0,34.0,8.0,19.0,16.0,112.0,46.0,3.0,0.0,25.0,248.0
2013,42,3.0,1.0,150.0,17.0,8.0,41.0,46.0,58.0,54.0,67.0,249.0,40.0,0.0
2013,43,101.0,67.0,21.0,142.0,63.0,74.0,30.0,70.0,22.0,81.0,2.0,93.0,115.0
2013,44,0.0,0.0,0.0,1.0,0.0,0.0,0.0,0.0,0.0,13.0,0.0,0.0,1.0
2013,45,0.0,0.0,0.0,0.0,0.0,0.0,0.0,0.0,0.0,0.0,0.0,0.0,0.0
2013,46,0.0,0.0,0.0,0.0,0.0,0.0,0.0,0.0,0.0,0.0,0.0,0.0,0.0
2013,47,0.0,0.0,0.0,0.0,0.0,0.0,0.0,0.0,0.0,0.0,0.0,0.0,0.0
2013,48,0.0,0.0,0.0,0.0,0.0,0.0,0.0,0.0,0.0,0.0,0.0,0.0,0.0
2013,49,0.0,0.0,0.0,0.0,0.0,0.0,0.0,0.0,0.0,0.0,0.0,0.0,0.0
2013,50,0.0,0.0,0.0,0.0,0.0,0.0,0.0,0.0,0.0,0.0,0.0,0.0,0.0
2013,51,0.0,0.0,0.0,0.0,4.0,0.0,0.0,0.0,0.0,0.0,0.0,0.0,0.0
2013,52,0.0,0.0,0.0,0.0,0.0,0.0,0.0,0.0,0.0,0.0,0.0,0.0,0.0
2014,1,0.0,0.0,0.0,0.0,0.0,0.0,0.0,0.0,0.0,0.0,0.0,0.0,0.0
2014,2,0.0,0.0,0.0,0.0,0.0,0.0,3.0,0.0,0.0,0.0,0.0,0.0,0.0
2014,3,0.0,0.0,0.0,0.0,0.0,0.0,0.0,0.0,0.0,0.0,0.0,0.0,0.0
2014,4,0.0,0.0,0.0,0.0,0.0,0.0,0.0,0.0,0.0,0.0,0.0,0.0,0.0
2014,5,0.0,0.0,0.0,0.0,0.0,0.0,0.0,0.0,0.0,0.0,0.0,0.0,0.0
2014,6,0.0,0.0,0.0,0.0,0.0,0.0,0.0,0.0,0.0,0.0,0.0,0.0,0.0
2014,7,0.0,0.0,36.0,0.0,1.0,1.0,12.0,27.0,19.0,0.0,23.0,9.0,15.0
2014,8,15.0,16.0,9.0,29.0,11.0,11.0,21.0,15.0,7.0,23.0,3.0,22.0,19.0
2014,9,0.0,0.0,9.0,0.0,0.0,0.0,2.0,1.0,9.0,0.0,1.0,0.0,0.0
2014,10,0.0,0.0,0.0,0.0,0.0,0.0,1.0,0.0,0.0,0.0,0.0,0.0,0.0
2014,11,0.0,0.0,0.0,0.0,0.0,0.0,0.0,0.0,0.0,0.0,0.0,0.0,0.0
2014,12,9.0,12.0,0.0,1.0,10.0,0.0,10.0,2.0,0.0,17.0,0.0,28.0,48.0
2014,13,4.0,2.0,0.0,0.0,0.0,0.0,19.0,21.0,4.0,0.0,0.0,8.0,30.0
2014,14,0.0,3.0,23.0,0.0,60.0,23.0,2.0,25.0,39.0,1.0,2.0,0.0,5.0
2014,15,0.0,3.0,0.0,4.0,1.0,1.0,8.0,19.0,8.0,0.0,1.0,0.0,69.0
2014,16,0.0,0.0,0.0,0.0,0.0,0.0,0.0,2.0,1.0,0.0,0.0,0.0,2.0
2014,17,0.0,2.0,0.0,0.0,1.0,0.0,0.0,1.0,0.0,0.0,0.0,0.0,5.0
2014,18,58.0,26.0,38.0,10.0,36.0,31.0,32.0,55.0,36.0,0.0,14.0,43.0,87.0
2014,19,0.0,1.0,1.0,12.0,23.0,27.0,2.0,27.0,0.0,145.0,21.0,5.0,256.0
2014,20,60.0,28.0,4.0,52.0,18.0,30.0,0.0,33.0,14.0,75.0,0.0,0.0,141.0
2014,21,10.0,16.0,95.0,25.0,34.0,0.0,0.0,19.0,0.0,49.0,62.0,0.0,12.0
2014,22,121.0,61.0,92.0,42.0,59.0,160.0,186.0,58.0,126.0,86.0,129.0,151.0,81.0
2014,23,23.0,31.0,36.0,43.0,91.0,97.0,2.0,5.0,0.0,41.0,29.0,11.0,84.0
2014,24,0.0,9.0,42.0,8.0,34.0,15.0,13.0,55.0,37.0,44.0,122.0,22.0,314.0
2014,25,173.0,268.0,191.0,234.0,106.0,201.0,357.0,173.0,106.0,288.0,66.0,149.0,180.0
2014,26,119.0,146.0,122.0,349.0,96.0,76.0,71.0,91.0,23.0,207.0,37.0,70.0,137.0
2014,27,102.0,168.0,243.0,159.0,89.0,65.0,110.0,59.0,96.0,41.0,25.0,127.0,65.0
2014,28,2.0,18.0,64.0,9.0,46.0,34.0,16.0,92.0,41.0,68.0,68.0,15.0,143.0
2014,29,67.0,59.0,40.0,286.0,23.0,50.0,30.0,39.0,72.0,24.0,12.0,54.0,45.0
2014,30,84.0,56.0,33.0,287.0,34.0,59.0,25.0,18.0,28.0,42.0,1.0,67.0,18.0
2014,31,39.0,43.0,15.0,49.0,32.0,49.0,5.0,120.0,6.0,9.0,8.0,22.0,134.0
2014,32,45.0,72.0,10.0,146.0,60.0,67.0,24.0,44.0,60.0,45.0,54.0,50.0,130.0
2014,33,85.0,246.0,121.0,258.0,120.0,209.0,111.0,152.0,86.0,215.0,55.0,67.0,123.0
2014,34,65.0,98.0,58.0,141.0,123.0,54.0,63.0,182.0,145.0,18.0,165.0,48.0,374.0
2014,35,53.0,58.0,33.0,34.0,86.0,45.0,47.0,173.0,67.0,7.0,85.0,9.0,90.0
2014,36,31.0,29.0,23.0,36.0,2.0,16.0,7.0,24.0,11.0,44.0,3.0,44.0,155.0
2014,37,17.0,89.0,30.0,15.0,1.0,1.0,8.0,0.0,3.0,31.0,198.0,47.0,52.0
2014,38,110.0,113.0,143.0,50.0,85.0,65.0,119.0,208.0,67.0,150.0,87.0,58.0,247.0
2014,39,96.0,38.0,130.0,163.0,67.0,83.0,45.0,175.0,72.0,91.0,282.0,93.0,277.0
2014,40,31.0,0.0,3.0,22.0,1.0,0.0,22.0,3.0,0.0,6.0,61.0,0.0,1.0
2014,41,8.0,24.0,0.0,16.0,40.0,64.0,4.0,2.0,3.0,111.0,12.0,71.0,0.0
2014,42,25.0,26.0,64.0,2.0,8.0,17.0,55.0,14.0,2.0,33.0,9.0,7.0,32.0
2014,43,0.0,0.0,0.0,0.0,1.0,0.0,0.0,0.0,0.0,0.0,0.0,0.0,0.0
2014,44,2.0,1.0,0.0,1.0,0.0,1.0,8.0,0.0,0.0,2.0,0.0,1.0,1.0
2014,45,0.0,0.0,0.0,0.0,0.0,0.0,0.0,0.0,0.0,10.0,0.0,0.0,0.0
2014,46,0.0,0.0,0.0,0.0,0.0,0.0,0.0,0.0,0.0,0.0,0.0,0.0,0.0
2014,47,0.0,0.0,0.0,0.0,0.0,0.0,0.0,0.0,0.0,0.0,0.0,0.0,0.0
2014,48,0.0,0.0,0.0,0.0,0.0,0.0,0.0,0.0,0.0,0.0,0.0,0.0,0.0
2014,49,0.0,0.0,0.0,0.0,0.0,0.0,0.0,0.0,0.0,0.0,0.0,0.0,0.0
2014,50,0.0,0.0,0.0,0.0,0.0,0.0,0.0,0.0,0.0,0.0,0.0,0.0,0.0
2014,51,0.0,0.0,0.0,0.0,0.0,0.0,0.0,0.0,0.0,0.0,0.0,0.0,0.0
2014,52,0.0,0.0,0.0,0.0,0.0,0.0,0.0,0.0,0.0,0.0,0.0,0.0,0.0
2015,1,3.0,1.0,0.0,5.0,1.0,4.0,0.0,0.0,6.0,0.0,22.0,59.0,0.0
2015,2,0.0,0.0,12.0,0.0,0.0,0.0,0.0,0.0,8.0,0.0,1.0,0.0,16.0
2015,3,0.0,0.0,0.0,5.0,2.0,2.0,0.0,15.0,0.0,0.0,0.0,0.0,0.0
2015,4,0.0,0.0,0.0,0.0,0.0,0.0,0.0,0.0,0.0,0.0,0.0,0.0,0.0
2015,5,0.0,0.0,0.0,0.0,0.0,0.0,0.0,0.0,0.0,0.0,2.0,0.0,0.0
2015,6,0.0,0.0,0.0,0.0,0.0,0.0,0.0,0.0,0.0,0.0,0.0,0.0,0.0
2015,7,0.0,0.0,0.0,0.0,4.0,0.0,0.0,1.0,0.0,0.0,0.0,0.0,0.0
2015,8,24.0,10.0,43.0,0.0,13.0,21.0,8.0,18.0,14.0,0.0,10.0,10.0,28.0
2015,9,0.0,0.0,29.0,0.0,0.0,0.0,0.0,0.0,0.0,0.0,14.0,0.0,12.0
2015,10,18.0,19.0,5.0,12.0,4.0,2.0,1.0,0.0,0.0,20.0,0.0,13.0,0.0
2015,11,0.0,0.0,0.0,0.0,0.0,0.0,0.0,0.0,0.0,0.0,0.0,0.0,0.0
2015,12,0.0,0.0,0.0,0.0,0.0,0.0,0.0,0.0,0.0,0.0,1.0,0.0,0.0
2015,13,0.0,19.0,0.0,4.0,0.0,0.0,0.0,0.0,0.0,32.0,3.0,0.0,2.0
2015,14,18.0,15.0,66.0,4.0,90.0,79.0,51.0,52.0,53.0,83.0,12.0,35.0,224.0
2015,15,54.0,49.0,10.0,0.0,38.0,35.0,42.0,8.0,45.0,39.0,1.0,114.0,93.0
2015,16,1.0,0.0,37.0,0.0,16.0,4.0,31.0,46.0,24.0,40.0,45.0,2.0,79.0
2015,17,40.0,28.0,105.0,68.0,22.0,20.0,11.0,96.0,52.0,76.0,46.0,31.0,139.0
2015,18,37.0,28.0,0.0,10.0,12.0,39.0,31.0,9.0,10.0,27.0,38.0,7.0,86.0
2015,19,5.0,18.0,50.0,0.0,8.0,1.0,2.0,15.0,20.0,0.0,21.0,3.0,43.0
2015,20,30.0,23.0,63.0,11.0,91.0,89.0,96.0,46.0,90.0,21.0,8.0,7.0,239.0
2015,21,2.0,3.0,13.0,9.0,23.0,0.0,0.0,70.0,0.0,69.0,84.0,1.0,64.0
2015,22,20.0,12.0,94.0,66.0,51.0,39.0,31.0,74.0,66.0,13.0,177.0,2.0,345.0
2015,23,0.0,5.0,0.0,23.0,20.0,1.0,13.0,11.0,16.0,2.0,4.0,0.0,123.0
2015,24,54.0,108.0,62.0,180.0,111.0,69.0,5.0,263.0,12.0,116.0,167.0,63.0,517.0
2015,25,36.0,38.0,51.0,105.0,34.0,26.0,35.0,64.0,34.0,39.0,185.0,34.0,112.0
2015,26,528.0,555.0,184.0,1265.0,210.0,213.0,269.0,111.0,222.0,364.0,163.0,99.0,96.0
2015,27,61.0,25.0,15.0,36.0,9.0,117.0,25.0,57.0,41.0,78.0,54.0,100.0,74.0
2015,28,305.0,342.0,115.0,164.0,144.0,206.0,168.0,64.0,143.0,183.0,9.0,232.0,108.0
2015,29,123.0,101.0,18.0,192.0,230.0,89.0,17.0,131.0,41.0,211.0,106.0,134.0,270.0
2015,30,109.0,95.0,55.0,468.0,168.0,121.0,160.0,130.0,56.0,289.0,70.0,115.0,196.0
2015,31,288.0,307.0,116.0,750.0,192.0,155.0,111.0,130.0,127.0,393.0,11.0,221.0,40.0
2015,32,13.0,33.0,61.0,38.0,33.0,24.0,52.0,17.0,14.0,18.0,10.0,24.0,117.0
2015,33,51.0,64.0,50.0,66.0,17.0,26.0,41.0,31.0,12.0,93.0,9.0,48.0,186.0
2015,34,83.0,145.0,62.0,221.0,168.0,127.0,66.0,70.0,28.0,415.0,526.0,48.0,217.0
2015,35,24.0,42.0,7.0,102.0,19.0,12.0,18.0,97.0,16.0,78.0,91.0,6.0,141.0
2015,36,131.0,72.0,108.0,414.0,173.0,100.0,74.0,121.0,71.0,164.0,277.0,98.0,508.0
2015,37,11.0,12.0,4.0,17.0,30.0,29.0,0.0,112.0,87.0,145.0,44.0,3.0,115.0
2015,38,76.0,119.0,3.0,133.0,42.0,33.0,23.0,29.0,31.0,33.0,3.0,66.0,126.0
2015,39,139.0,175.0,103.0,74.0,139.0,58.0,116.0,114.0,68.0,75.0,200.0,153.0,141.0
2015,40,0.0,0.0,0.0,16.0,2.0,4.0,4.0,0.0,2.0,61.0,0.0,2.0,26.0
2015,41,87.0,125.0,0.0,137.0,22.0,20.0,19.0,44.0,1.0,116.0,0.0,11.0,25.0
2015,42,41.0,53.0,25.0,14.0,27.0,56.0,47.0,32.0,4.0,22.0,2.0,32.0,2.0
2015,43,0.0,0.0,15.0,0.0,0.0,0.0,12.0,2.0,0.0,0.0,1.0,0.0,0.0
2015,44,11.0,6.0,0.0,55.0,0.0,0.0,0.0,0.0,5.0,16.0,0.0,12.0,4.0
2015,45,0.0,0.0,0.0,21.0,0.0,0.0,3.0,4.0,1.0,0.0,0.0,0.0,0.0
2015,46,0.0,0.0,0.0,0.0,0.0,0.0,0.0,0.0,0.0,1.0,0.0,0.0,0.0
2015,47,8.0,0.0,0.0,4.0,0.0,0.0,0.0,0.0,0.0,8.0,0.0,0.0,0.0
2015,48,0.0,0.0,0.0,0.0,0.0,0.0,0.0,0.0,0.0,0.0,0.0,0.0,0.0
2015,49,0.0,0.0,0.0,0.0,0.0,0.0,0.0,0.0,1.0,1.0,0.0,1.0,6.0
2015,50,0.0,0.0,0.0,0.0,0.0,0.0,0.0,0.0,0.0,0.0,0.0,0.0,0.0
2015,51,3.0,2.0,0.0,27.0,1.0,6.0,2.0,0.0,0.0,1.0,0.0,6.0,1.0
2015,52,0.0,0.0,0.0,0.0,0.0,0.0,0.0,0.0,0.0,0.0,0.0,0.0,0.0
2015,53,0.0,0.0,0.0,0.0,0.0,0.0,0.0,0.0,0.0,0.0,0.0,0.0,0.0
2016,1,0.0,0.0,0.0,0.0,0.0,0.0,0.0,0.0,0.0,0.0,0.0,0.0,0.0
2016,2,0.0,0.0,0.0,0.0,0.0,0.0,0.0,0.0,0.0,0.0,0.0,0.0,0.0
2016,3,1.0,2.0,15.0,0.0,3.0,2.0,30.0,19.0,42.0,3.0,12.0,3.0,11.0
2016,4,0.0,0.0,0.0,0.0,0.0,0.0,0.0,0.0,0.0,0.0,0.0,0.0,0.0
2016,5,0.0,0.0,0.0,0.0,0.0,0.0,0.0,0.0,0.0,0.0,0.0,0.0,0.0
2016,6,2.0,4.0,0.0,0.0,5.0,13.0,11.0,4.0,3.0,10.0,0.0,1.0,8.0
2016,7,0.0,0.0,0.0,0.0,0.0,0.0,0.0,0.0,0.0,0.0,0.0,0.0,0.0
2016,8,29.0,27.0,0.0,0.0,8.0,3.0,1.0,4.0,0.0,75.0,0.0,135.0,20.0
2016,9,0.0,0.0,0.0,0.0,0.0,0.0,0.0,0.0,0.0,0.0,0.0,0.0,0.0
2016,10,1.0,0.0,0.0,0.0,17.0,2.0,23.0,0.0,25.0,0.0,0.0,0.0,0.0
2016,11,1.0,0.0,0.0,0.0,21.0,0.0,0.0,0.0,0.0,0.0,0.0,7.0,22.0
2016,12,6.0,7.0,0.0,14.0,0.0,0.0,0.0,0.0,0.0,5.0,89.0,0.0,52.0
2016,13,51.0,50.0,25.0,26.0,47.0,71.0,121.0,105.0,131.0,21.0,63.0,14.0,66.0
2016,14,0.0,0.0,5.0,0.0,25.0,8.0,20.0,22.0,44.0,4.0,0.0,0.0,324.0
2016,15,0.0,0.0,0.0,0.0,0.0,0.0,0.0,3.0,0.0,0.0,0.0,0.0,240.0
2016,16,0.0,0.0,0.0,0.0,0.0,0.0,0.0,0.0,0.0,0.0,15.0,0.0,288.0
2016,17,0.0,1.0,0.0,7.0,0.0,0.0,0.0,28.0,0.0,10.0,5.0,0.0,178.0
2016,18,11.0,34.0,65.0,49.0,21.0,55.0,12.0,116.0,36.0,67.0,46.0,60.0,31.0
2016,19,24.0,36.0,51.0,7.0,50.0,13.0,38.0,67.0,86.0,9.0,68.0,41.0,54.0
2016,20,292.0,290.0,41.0,244.0,96.0,63.0,5.0,50.0,56.0,169.0,120.0,80.0,452.0
2016,21,102.0,100.0,83.0,57.0,45.0,91.0,122.0,35.0,21.0,26.0,79.0,54.0,129.0
2016,22,30.0,29.0,21.0,11.0,3.0,21.0,5.0,63.0,18.0,18.0,28.0,63.0,5.0
2016,23,187.0,170.0,8.0,396.0,168.0,187.0,5.0,103.0,0.0,279.0,42.0,16.0,199.0
2016,24,84.0,133.0,36.0,128.0,33.0,29.0,101.0,182.0,77.0,67.0,183.0,37.0,58.0
2016,25,14.0,5.0,28.0,1.0,6.0,31.0,23.0,68.0,26.0,92.0,127.0,4.0,288.0
2016,26,69.0,63.0,44.0,115.0,45.0,31.0,13.0,63.0,14.0,72.0,156.0,111.0,199.0
2016,27,134.0,132.0,103.0,473.0,153.0,180.0,66.0,160.0,148.0,263.0,142.0,96.0,211.0
2016,28,85.0,74.0,79.0,332.0,63.0,70.0,78.0,86.0,56.0,36.0,97.0,24.0,58.0
2016,29,167.0,60.0,79.0,95.0,72.0,149.0,44.0,161.0,135.0,50.0,276.0,30.0,137.0
2016,30,54.0,53.0,24.0,102.0,74.0,83.0,41.0,81.0,24.0,44.0,88.0,29.0,38.0
2016,31,84.0,118.0,34.0,119.0,16.0,44.0,23.0,58.0,15.0,32.0,23.0,65.0,114.0
2016,32,182.0,80.0,20.0,179.0,41.0,36.0,54.0,18.0,63.0,60.0,8.0,67.0,99.0
2016,33,74.0,164.0,34.0,64.0,43.0,79.0,41.0,17.0,19.0,62.0,9.0,23.0,57.0
2016,34,227.0,196.0,27.0,103.0,61.0,141.0,14.0,4.0,66.0,79.0,11.0,47.0,5.0
2016,35,40.0,21.0,31.0,131.0,18.0,13.0,14.0,152.0,6.0,107.0,117.0,17.0,261.0
2016,36,26.0,60.0,21.0,65.0,20.0,44.0,52.0,19.0,19.0,25.0,40.0,47.0,144.0
2016,37,41.0,68.0,18.0,20.0,53.0,12.0,138.0,71.0,43.0,36.0,40.0,7.0,71.0
2016,38,49.0,81.0,34.0,43.0,33.0,34.0,106.0,153.0,33.0,32.0,72.0,35.0,186.0
2016,39,138.0,57.0,48.0,57.0,24.0,27.0,71.0,23.0,74.0,30.0,83.0,27.0,20.0
2016,40,16.0,82.0,1.0,66.0,5.0,8.0,3.0,1.0,2.0,60.0,27.0,5.0,18.0
2016,41,29.0,87.0,97.0,313.0,7.0,19.0,8.0,23.0,70.0,41.0,93.0,10.0,133.0
2016,42,0.0,0.0,0.0,12.0,0.0,0.0,0.0,0.0,0.0,0.0,0.0,0.0,0.0
2016,43,9.0,3.0,9.0,27.0,63.0,62.0,23.0,8.0,19.0,28.0,0.0,150.0,7.0
2016,44,89.0,167.0,0.0,24.0,26.0,28.0,10.0,1.0,4.0,101.0,0.0,40.0,73.0
2016,45,3.0,6.0,0.0,17.0,0.0,0.0,0.0,0.0,0.0,19.0,0.0,0.0,35.0
2016,46,0.0,0.0,0.0,0.0,0.0,0.0,0.0,0.0,0.0,0.0,0.0,0.0,0.0
2016,47,0.0,0.0,0.0,0.0,0.0,0.0,0.0,0.0,0.0,0.0,0.0,0.0,0.0
2016,48,0.0,0.0,0.0,0.0,0.0,0.0,0.0,0.0,0.0,0.0,0.0,0.0,0.0
2016,49,0.0,0.0,0.0,0.0,0.0,0.0,0.0,0.0,0.0,0.0,0.0,0.0,0.0
2016,50,0.0,0.0,0.0,0.0,0.0,0.0,0.0,0.0,0.0,0.0,0.0,0.0,0.0
2016,51,0.0,0.0,0.0,0.0,0.0,0.0,0.0,0.0,0.0,0.0,0.0,0.0,0.0
2016,52,0.0,0.0,0.0,0.0,0.0,0.0,0.0,0.0,0.0,0.0,6.0,0.0,5.0
